Datetime,BLH
2024-01-01 00:00:00,39.382355
2024-01-01 01:00:00,47.93203
2024-01-01 02:00:00,57.352417
2024-01-01 03:00:00,62.579464
2024-01-01 04:00:00,135.56946
2024-01-01 05:00:00,261.07214
2024-01-01 06:00:00,465.09216
2024-01-01 07:00:00,561.07043
2024-01-01 08:00:00,611.7618
2024-01-01 09:00:00,648.036
2024-01-01 10:00:00,619.3996
2024-01-01 11:00:00,615.4544
2024-01-01 12:00:00,128.63931
2024-01-01 13:00:00,63.13541
2024-01-01 14:00:00,48.2746
2024-01-01 15:00:00,40.296524
2024-01-01 16:00:00,34.405712
2024-01-01 17:00:00,30.88625
2024-01-01 18:00:00,29.490923
2024-01-01 19:00:00,31.313597
2024-01-01 20:00:00,34.339832
2024-01-01 21:00:00,37.076256
2024-01-01 22:00:00,47.545177
2024-01-01 23:00:00,53.08327
2024-01-02 00:00:00,63.496506
2024-01-02 01:00:00,78.15359
2024-01-02 02:00:00,98.98061
2024-01-02 03:00:00,112.93847
2024-01-02 04:00:00,79.869675
2024-01-02 05:00:00,137.51617
2024-01-02 06:00:00,294.0963
2024-01-02 07:00:00,435.81915
2024-01-02 08:00:00,545.2559
2024-01-02 09:00:00,603.75653
2024-01-02 10:00:00,592.67365
2024-01-02 11:00:00,583.3274
2024-01-02 12:00:00,79.33188
2024-01-02 13:00:00,33.669937
2024-01-02 14:00:00,24.905458
2024-01-02 15:00:00,20.21768
2024-01-02 16:00:00,19.653072
2024-01-02 17:00:00,20.124443
2024-01-02 18:00:00,20.90598
2024-01-02 19:00:00,23.214426
2024-01-02 20:00:00,27.041119
2024-01-02 21:00:00,31.061216
2024-01-02 22:00:00,33.67269
2024-01-02 23:00:00,35.775467
2024-01-03 00:00:00,35.513187
2024-01-03 01:00:00,43.294327
2024-01-03 02:00:00,45.97783
2024-01-03 03:00:00,46.76672
2024-01-03 04:00:00,73.08355
2024-01-03 05:00:00,243.2724
2024-01-03 06:00:00,519.86206
2024-01-03 07:00:00,594.83734
2024-01-03 08:00:00,665.3705
2024-01-03 09:00:00,716.8437
2024-01-03 10:00:00,698.19165
2024-01-03 11:00:00,642.83154
2024-01-03 12:00:00,111.25276
2024-01-03 13:00:00,58.253677
2024-01-03 14:00:00,46.21581
2024-01-03 15:00:00,39.575756
2024-01-03 16:00:00,38.01916
2024-01-03 17:00:00,39.594986
2024-01-03 18:00:00,45.264236
2024-01-03 19:00:00,49.811802
2024-01-03 20:00:00,58.77619
2024-01-03 21:00:00,67.54892
2024-01-03 22:00:00,72.23652
2024-01-03 23:00:00,77.00349
2024-01-04 00:00:00,80.31464
2024-01-04 01:00:00,82.52427
2024-01-04 02:00:00,86.7769
2024-01-04 03:00:00,103.27948
2024-01-04 04:00:00,145.66107
2024-01-04 05:00:00,216.06764
2024-01-04 06:00:00,384.0331
2024-01-04 07:00:00,596.96796
2024-01-04 08:00:00,809.9811
2024-01-04 09:00:00,812.3528
2024-01-04 10:00:00,772.7683
2024-01-04 11:00:00,718.0195
2024-01-04 12:00:00,116.76338
2024-01-04 13:00:00,82.81341
2024-01-04 14:00:00,82.23463
2024-01-04 15:00:00,80.41478
2024-01-04 16:00:00,77.05679
2024-01-04 17:00:00,73.97643
2024-01-04 18:00:00,65.048454
2024-01-04 19:00:00,62.83586
2024-01-04 20:00:00,55.93345
2024-01-04 21:00:00,58.394867
2024-01-04 22:00:00,72.43409
2024-01-04 23:00:00,81.24499
2024-01-05 00:00:00,90.03801
2024-01-05 01:00:00,93.760895
2024-01-05 02:00:00,89.80496
2024-01-05 03:00:00,125.85976
2024-01-05 04:00:00,179.15594
2024-01-05 05:00:00,328.5578
2024-01-05 06:00:00,590.7032
2024-01-05 07:00:00,751.78204
2024-01-05 08:00:00,679.8297
2024-01-05 09:00:00,693.4255
2024-01-05 10:00:00,665.1467
2024-01-05 11:00:00,482.38837
2024-01-05 12:00:00,201.98256
2024-01-05 13:00:00,167.68817
2024-01-05 14:00:00,157.20544
2024-01-05 15:00:00,148.93176
2024-01-05 16:00:00,133.06322
2024-01-05 17:00:00,89.529915
2024-01-05 18:00:00,68.87939
2024-01-05 19:00:00,75.21206
2024-01-05 20:00:00,82.598526
2024-01-05 21:00:00,81.44835
2024-01-05 22:00:00,66.807045
2024-01-05 23:00:00,75.41482
2024-01-06 00:00:00,89.97908
2024-01-06 01:00:00,107.981544
2024-01-06 02:00:00,131.64676
2024-01-06 03:00:00,189.38329
2024-01-06 04:00:00,328.5582
2024-01-06 05:00:00,586.73975
2024-01-06 06:00:00,804.97186
2024-01-06 07:00:00,968.2068
2024-01-06 08:00:00,1034.9797
2024-01-06 09:00:00,1028.802
2024-01-06 10:00:00,979.20844
2024-01-06 11:00:00,923.731
2024-01-06 12:00:00,337.94638
2024-01-06 13:00:00,53.62746
2024-01-06 14:00:00,30.00699
2024-01-06 15:00:00,24.843086
2024-01-06 16:00:00,28.538965
2024-01-06 17:00:00,29.478548
2024-01-06 18:00:00,28.689238
2024-01-06 19:00:00,27.131844
2024-01-06 20:00:00,27.081554
2024-01-06 21:00:00,30.433578
2024-01-06 22:00:00,27.331507
2024-01-06 23:00:00,29.28079
2024-01-07 00:00:00,30.58662
2024-01-07 01:00:00,28.20201
2024-01-07 02:00:00,32.65624
2024-01-07 03:00:00,41.25188
2024-01-07 04:00:00,62.924824
2024-01-07 05:00:00,211.02785
2024-01-07 06:00:00,475.41086
2024-01-07 07:00:00,669.53766
2024-01-07 08:00:00,799.6179
2024-01-07 09:00:00,901.51526
2024-01-07 10:00:00,853.2302
2024-01-07 11:00:00,775.8512
2024-01-07 12:00:00,48.4306
2024-01-07 13:00:00,22.542524
2024-01-07 14:00:00,21.563932
2024-01-07 15:00:00,24.488195
2024-01-07 16:00:00,28.418869
2024-01-07 17:00:00,28.575579
2024-01-07 18:00:00,24.389576
2024-01-07 19:00:00,21.006174
2024-01-07 20:00:00,19.982395
2024-01-07 21:00:00,21.23965
2024-01-07 22:00:00,23.906448
2024-01-07 23:00:00,25.924267
2024-01-08 00:00:00,29.637695
2024-01-08 01:00:00,33.87682
2024-01-08 02:00:00,35.795784
2024-01-08 03:00:00,51.61168
2024-01-08 04:00:00,105.26525
2024-01-08 05:00:00,238.0069
2024-01-08 06:00:00,510.01962
2024-01-08 07:00:00,636.0606
2024-01-08 08:00:00,707.40704
2024-01-08 09:00:00,731.8895
2024-01-08 10:00:00,716.5092
2024-01-08 11:00:00,624.42706
2024-01-08 12:00:00,61.902035
2024-01-08 13:00:00,36.54719
2024-01-08 14:00:00,28.741022
2024-01-08 15:00:00,24.62037
2024-01-08 16:00:00,23.59683
2024-01-08 17:00:00,25.086245
2024-01-08 18:00:00,26.60562
2024-01-08 19:00:00,31.76387
2024-01-08 20:00:00,42.199482
2024-01-08 21:00:00,55.817947
2024-01-08 22:00:00,65.31328
2024-01-08 23:00:00,76.48168
2024-01-09 00:00:00,84.19318
2024-01-09 01:00:00,90.59335
2024-01-09 02:00:00,89.476715
2024-01-09 03:00:00,106.41416
2024-01-09 04:00:00,140.24893
2024-01-09 05:00:00,232.48291
2024-01-09 06:00:00,404.09366
2024-01-09 07:00:00,607.76715
2024-01-09 08:00:00,809.0875
2024-01-09 09:00:00,904.7321
2024-01-09 10:00:00,797.0143
2024-01-09 11:00:00,690.53046
2024-01-09 12:00:00,308.94208
2024-01-09 13:00:00,176.26051
2024-01-09 14:00:00,165.80115
2024-01-09 15:00:00,166.07954
2024-01-09 16:00:00,156.14055
2024-01-09 17:00:00,134.45969
2024-01-09 18:00:00,114.90848
2024-01-09 19:00:00,107.87494
2024-01-09 20:00:00,110.04569
2024-01-09 21:00:00,119.27772
2024-01-09 22:00:00,115.08079
2024-01-09 23:00:00,139.62445
2024-01-10 00:00:00,162.6341
2024-01-10 01:00:00,165.00577
2024-01-10 02:00:00,164.7875
2024-01-10 03:00:00,195.90543
2024-01-10 04:00:00,251.11934
2024-01-10 05:00:00,314.22784
2024-01-10 06:00:00,377.8804
2024-01-10 07:00:00,437.7682
2024-01-10 08:00:00,498.2906
2024-01-10 09:00:00,548.9582
2024-01-10 10:00:00,547.4181
2024-01-10 11:00:00,518.9576
2024-01-10 12:00:00,231.6475
2024-01-10 13:00:00,108.35575
2024-01-10 14:00:00,122.4042
2024-01-10 15:00:00,129.996
2024-01-10 16:00:00,114.40527
2024-01-10 17:00:00,94.65167
2024-01-10 18:00:00,79.91605
2024-01-10 19:00:00,72.975
2024-01-10 20:00:00,74.27978
2024-01-10 21:00:00,77.75882
2024-01-10 22:00:00,91.18826
2024-01-10 23:00:00,110.78288
2024-01-11 00:00:00,120.769295
2024-01-11 01:00:00,133.27222
2024-01-11 02:00:00,144.84146
2024-01-11 03:00:00,174.06844
2024-01-11 04:00:00,198.59312
2024-01-11 05:00:00,254.9788
2024-01-11 06:00:00,321.43307
2024-01-11 07:00:00,385.2564
2024-01-11 08:00:00,457.7186
2024-01-11 09:00:00,513.4835
2024-01-11 10:00:00,507.2672
2024-01-11 11:00:00,468.8297
2024-01-11 12:00:00,164.37505
2024-01-11 13:00:00,77.81999
2024-01-11 14:00:00,68.426025
2024-01-11 15:00:00,65.05728
2024-01-11 16:00:00,63.604218
2024-01-11 17:00:00,63.969444
2024-01-11 18:00:00,70.08895
2024-01-11 19:00:00,88.7598
2024-01-11 20:00:00,95.4459
2024-01-11 21:00:00,87.63045
2024-01-11 22:00:00,68.27673
2024-01-11 23:00:00,68.894905
2024-01-12 00:00:00,67.74236
2024-01-12 01:00:00,69.86488
2024-01-12 02:00:00,65.54367
2024-01-12 03:00:00,90.756546
2024-01-12 04:00:00,162.6644
2024-01-12 05:00:00,267.43674
2024-01-12 06:00:00,384.59882
2024-01-12 07:00:00,501.6432
2024-01-12 08:00:00,600.5416
2024-01-12 09:00:00,653.83026
2024-01-12 10:00:00,624.5063
2024-01-12 11:00:00,526.72504
2024-01-12 12:00:00,126.21555
2024-01-12 13:00:00,75.03511
2024-01-12 14:00:00,66.922195
2024-01-12 15:00:00,56.843506
2024-01-12 16:00:00,48.898663
2024-01-12 17:00:00,38.5185
2024-01-12 18:00:00,25.20089
2024-01-12 19:00:00,17.356417
2024-01-12 20:00:00,17.28101
2024-01-12 21:00:00,21.161654
2024-01-12 22:00:00,23.794218
2024-01-12 23:00:00,20.318146
2024-01-13 00:00:00,20.747368
2024-01-13 01:00:00,26.752216
2024-01-13 02:00:00,37.685524
2024-01-13 03:00:00,48.742958
2024-01-13 04:00:00,49.424706
2024-01-13 05:00:00,105.66049
2024-01-13 06:00:00,206.70123
2024-01-13 07:00:00,306.24106
2024-01-13 08:00:00,392.923
2024-01-13 09:00:00,452.1443
2024-01-13 10:00:00,429.17477
2024-01-13 11:00:00,366.54172
2024-01-13 12:00:00,80.24309
2024-01-13 13:00:00,46.705215
2024-01-13 14:00:00,36.031227
2024-01-13 15:00:00,27.473967
2024-01-13 16:00:00,21.289907
2024-01-13 17:00:00,17.949352
2024-01-13 18:00:00,16.494217
2024-01-13 19:00:00,16.4539
2024-01-13 20:00:00,17.904974
2024-01-13 21:00:00,21.327341
2024-01-13 22:00:00,23.198406
2024-01-13 23:00:00,27.028574
2024-01-14 00:00:00,31.624207
2024-01-14 01:00:00,38.90635
2024-01-14 02:00:00,45.662636
2024-01-14 03:00:00,60.71492
2024-01-14 04:00:00,83.86371
2024-01-14 05:00:00,131.19086
2024-01-14 06:00:00,208.18079
2024-01-14 07:00:00,332.94067
2024-01-14 08:00:00,468.3339
2024-01-14 09:00:00,584.41437
2024-01-14 10:00:00,597.30237
2024-01-14 11:00:00,525.6449
2024-01-14 12:00:00,95.82378
2024-01-14 13:00:00,54.438892
2024-01-14 14:00:00,48.42388
2024-01-14 15:00:00,47.48615
2024-01-14 16:00:00,47.12718
2024-01-14 17:00:00,45.144955
2024-01-14 18:00:00,44.805862
2024-01-14 19:00:00,44.769386
2024-01-14 20:00:00,46.02334
2024-01-14 21:00:00,48.244106
2024-01-14 22:00:00,53.187416
2024-01-14 23:00:00,67.03799
2024-01-15 00:00:00,84.79029
2024-01-15 01:00:00,105.03283
2024-01-15 02:00:00,114.05304
2024-01-15 03:00:00,132.07716
2024-01-15 04:00:00,131.02087
2024-01-15 05:00:00,153.31836
2024-01-15 06:00:00,248.86711
2024-01-15 07:00:00,334.5197
2024-01-15 08:00:00,425.49902
2024-01-15 09:00:00,502.4679
2024-01-15 10:00:00,522.69147
2024-01-15 11:00:00,490.26126
2024-01-15 12:00:00,62.172066
2024-01-15 13:00:00,36.485966
2024-01-15 14:00:00,32.34749
2024-01-15 15:00:00,29.829693
2024-01-15 16:00:00,26.458471
2024-01-15 17:00:00,23.337934
2024-01-15 18:00:00,21.610266
2024-01-15 19:00:00,21.086262
2024-01-15 20:00:00,19.689064
2024-01-15 21:00:00,18.063704
2024-01-15 22:00:00,15.906411
2024-01-15 23:00:00,15.339282
2024-01-16 00:00:00,17.145298
2024-01-16 01:00:00,22.065483
2024-01-16 02:00:00,30.985292
2024-01-16 03:00:00,24.27396
2024-01-16 04:00:00,58.964645
2024-01-16 05:00:00,134.76344
2024-01-16 06:00:00,289.19052
2024-01-16 07:00:00,471.74954
2024-01-16 08:00:00,614.5603
2024-01-16 09:00:00,715.9763
2024-01-16 10:00:00,702.11017
2024-01-16 11:00:00,666.5968
2024-01-16 12:00:00,117.48627
2024-01-16 13:00:00,70.535835
2024-01-16 14:00:00,71.58947
2024-01-16 15:00:00,73.62304
2024-01-16 16:00:00,74.41458
2024-01-16 17:00:00,71.8029
2024-01-16 18:00:00,69.5485
2024-01-16 19:00:00,66.41152
2024-01-16 20:00:00,62.404922
2024-01-16 21:00:00,57.698586
2024-01-16 22:00:00,39.018677
2024-01-16 23:00:00,36.115192
2024-01-17 00:00:00,32.91879
2024-01-17 01:00:00,32.458237
2024-01-17 02:00:00,32.842377
2024-01-17 03:00:00,58.301254
2024-01-17 04:00:00,98.41574
2024-01-17 05:00:00,222.5581
2024-01-17 06:00:00,423.96
2024-01-17 07:00:00,554.5277
2024-01-17 08:00:00,662.67505
2024-01-17 09:00:00,740.08923
2024-01-17 10:00:00,697.68164
2024-01-17 11:00:00,651.6746
2024-01-17 12:00:00,111.82595
2024-01-17 13:00:00,53.863804
2024-01-17 14:00:00,45.30562
2024-01-17 15:00:00,41.373585
2024-01-17 16:00:00,41.153664
2024-01-17 17:00:00,42.599354
2024-01-17 18:00:00,43.74962
2024-01-17 19:00:00,42.911415
2024-01-17 20:00:00,40.17133
2024-01-17 21:00:00,36.348755
2024-01-17 22:00:00,29.87336
2024-01-17 23:00:00,27.266655
2024-01-18 00:00:00,20.49178
2024-01-18 01:00:00,17.09013
2024-01-18 02:00:00,25.13494
2024-01-18 03:00:00,23.95533
2024-01-18 04:00:00,63.97084
2024-01-18 05:00:00,175.67245
2024-01-18 06:00:00,351.10193
2024-01-18 07:00:00,567.0114
2024-01-18 08:00:00,721.4702
2024-01-18 09:00:00,782.24963
2024-01-18 10:00:00,713.0293
2024-01-18 11:00:00,671.7715
2024-01-18 12:00:00,61.722324
2024-01-18 13:00:00,27.525862
2024-01-18 14:00:00,24.650785
2024-01-18 15:00:00,24.734531
2024-01-18 16:00:00,24.85896
2024-01-18 17:00:00,24.735865
2024-01-18 18:00:00,25.027245
2024-01-18 19:00:00,25.0448
2024-01-18 20:00:00,24.886686
2024-01-18 21:00:00,26.66762
2024-01-18 22:00:00,31.25102
2024-01-18 23:00:00,32.54295
2024-01-19 00:00:00,37.146088
2024-01-19 01:00:00,44.801212
2024-01-19 02:00:00,53.94353
2024-01-19 03:00:00,64.38095
2024-01-19 04:00:00,70.928856
2024-01-19 05:00:00,125.25328
2024-01-19 06:00:00,297.32196
2024-01-19 07:00:00,532.77045
2024-01-19 08:00:00,698.5295
2024-01-19 09:00:00,782.07275
2024-01-19 10:00:00,755.3269
2024-01-19 11:00:00,762.04126
2024-01-19 12:00:00,230.63469
2024-01-19 13:00:00,79.55464
2024-01-19 14:00:00,63.731583
2024-01-19 15:00:00,57.930138
2024-01-19 16:00:00,51.599766
2024-01-19 17:00:00,47.087433
2024-01-19 18:00:00,47.46836
2024-01-19 19:00:00,46.87196
2024-01-19 20:00:00,47.696533
2024-01-19 21:00:00,47.679253
2024-01-19 22:00:00,34.7585
2024-01-19 23:00:00,30.576103
2024-01-20 00:00:00,33.644222
2024-01-20 01:00:00,39.49856
2024-01-20 02:00:00,55.990223
2024-01-20 03:00:00,56.886063
2024-01-20 04:00:00,98.865524
2024-01-20 05:00:00,179.04059
2024-01-20 06:00:00,570.8875
2024-01-20 07:00:00,659.20294
2024-01-20 08:00:00,705.20026
2024-01-20 09:00:00,740.0405
2024-01-20 10:00:00,692.5539
2024-01-20 11:00:00,651.9661
2024-01-20 12:00:00,84.963684
2024-01-20 13:00:00,36.249985
2024-01-20 14:00:00,33.755054
2024-01-20 15:00:00,35.298046
2024-01-20 16:00:00,39.0879
2024-01-20 17:00:00,42.004494
2024-01-20 18:00:00,43.23241
2024-01-20 19:00:00,42.306396
2024-01-20 20:00:00,44.118774
2024-01-20 21:00:00,45.166306
2024-01-20 22:00:00,41.811817
2024-01-20 23:00:00,45.466007
2024-01-21 00:00:00,52.11222
2024-01-21 01:00:00,52.969852
2024-01-21 02:00:00,65.24135
2024-01-21 03:00:00,102.62403
2024-01-21 04:00:00,176.30411
2024-01-21 05:00:00,334.31265
2024-01-21 06:00:00,512.7869
2024-01-21 07:00:00,619.2341
2024-01-21 08:00:00,667.0789
2024-01-21 09:00:00,692.4347
2024-01-21 10:00:00,648.6163
2024-01-21 11:00:00,623.0243
2024-01-21 12:00:00,237.18706
2024-01-21 13:00:00,90.43974
2024-01-21 14:00:00,74.026634
2024-01-21 15:00:00,60.395523
2024-01-21 16:00:00,48.276825
2024-01-21 17:00:00,38.964336
2024-01-21 18:00:00,34.266365
2024-01-21 19:00:00,32.951733
2024-01-21 20:00:00,33.540592
2024-01-21 21:00:00,31.374563
2024-01-21 22:00:00,27.991282
2024-01-21 23:00:00,25.40327
2024-01-22 00:00:00,25.164986
2024-01-22 01:00:00,23.70344
2024-01-22 02:00:00,22.945642
2024-01-22 03:00:00,32.21121
2024-01-22 04:00:00,94.52544
2024-01-22 05:00:00,299.06168
2024-01-22 06:00:00,464.73413
2024-01-22 07:00:00,572.4559
2024-01-22 08:00:00,658.1962
2024-01-22 09:00:00,721.2273
2024-01-22 10:00:00,716.3709
2024-01-22 11:00:00,673.4972
2024-01-22 12:00:00,65.12306
2024-01-22 13:00:00,45.647438
2024-01-22 14:00:00,51.272182
2024-01-22 15:00:00,54.426224
2024-01-22 16:00:00,54.635788
2024-01-22 17:00:00,50.56255
2024-01-22 18:00:00,44.175465
2024-01-22 19:00:00,39.72171
2024-01-22 20:00:00,37.855743
2024-01-22 21:00:00,37.144543
2024-01-22 22:00:00,40.70475
2024-01-22 23:00:00,37.991684
2024-01-23 00:00:00,30.824953
2024-01-23 01:00:00,28.473717
2024-01-23 02:00:00,28.901115
2024-01-23 03:00:00,49.906498
2024-01-23 04:00:00,87.242256
2024-01-23 05:00:00,156.96327
2024-01-23 06:00:00,300.80832
2024-01-23 07:00:00,459.2611
2024-01-23 08:00:00,615.2518
2024-01-23 09:00:00,745.9003
2024-01-23 10:00:00,663.8484
2024-01-23 11:00:00,581.5388
2024-01-23 12:00:00,93.75329
2024-01-23 13:00:00,48.51601
2024-01-23 14:00:00,40.170727
2024-01-23 15:00:00,40.4182
2024-01-23 16:00:00,38.50648
2024-01-23 17:00:00,37.521854
2024-01-23 18:00:00,35.292408
2024-01-23 19:00:00,32.13474
2024-01-23 20:00:00,27.938967
2024-01-23 21:00:00,24.257849
2024-01-23 22:00:00,25.184673
2024-01-23 23:00:00,23.657246
2024-01-24 00:00:00,21.057594
2024-01-24 01:00:00,20.130356
2024-01-24 02:00:00,25.067772
2024-01-24 03:00:00,45.1586
2024-01-24 04:00:00,97.10977
2024-01-24 05:00:00,276.38095
2024-01-24 06:00:00,495.0565
2024-01-24 07:00:00,701.84515
2024-01-24 08:00:00,852.5061
2024-01-24 09:00:00,942.8617
2024-01-24 10:00:00,880.016
2024-01-24 11:00:00,845.22906
2024-01-24 12:00:00,131.48427
2024-01-24 13:00:00,62.743298
2024-01-24 14:00:00,60.57588
2024-01-24 15:00:00,61.301224
2024-01-24 16:00:00,59.23828
2024-01-24 17:00:00,51.602993
2024-01-24 18:00:00,45.8531
2024-01-24 19:00:00,43.690918
2024-01-24 20:00:00,42.278934
2024-01-24 21:00:00,38.99036
2024-01-24 22:00:00,39.862595
2024-01-24 23:00:00,37.492416
2024-01-25 00:00:00,38.144882
2024-01-25 01:00:00,38.58274
2024-01-25 02:00:00,41.435005
2024-01-25 03:00:00,50.960278
2024-01-25 04:00:00,50.02729
2024-01-25 05:00:00,144.3292
2024-01-25 06:00:00,294.07202
2024-01-25 07:00:00,479.41956
2024-01-25 08:00:00,685.80853
2024-01-25 09:00:00,811.97943
2024-01-25 10:00:00,767.39844
2024-01-25 11:00:00,766.52893
2024-01-25 12:00:00,71.83633
2024-01-25 13:00:00,39.65616
2024-01-25 14:00:00,35.314144
2024-01-25 15:00:00,33.7677
2024-01-25 16:00:00,38.909378
2024-01-25 17:00:00,37.44154
2024-01-25 18:00:00,29.983618
2024-01-25 19:00:00,23.251236
2024-01-25 20:00:00,19.471342
2024-01-25 21:00:00,18.0774
2024-01-25 22:00:00,16.549368
2024-01-25 23:00:00,16.87229
2024-01-26 00:00:00,22.894043
2024-01-26 01:00:00,26.037752
2024-01-26 02:00:00,27.218803
2024-01-26 03:00:00,45.84462
2024-01-26 04:00:00,93.458
2024-01-26 05:00:00,211.08115
2024-01-26 06:00:00,415.07132
2024-01-26 07:00:00,639.681
2024-01-26 08:00:00,798.00146
2024-01-26 09:00:00,884.36554
2024-01-26 10:00:00,863.2703
2024-01-26 11:00:00,746.0696
2024-01-26 12:00:00,59.115833
2024-01-26 13:00:00,25.674253
2024-01-26 14:00:00,23.278458
2024-01-26 15:00:00,25.875032
2024-01-26 16:00:00,27.92321
2024-01-26 17:00:00,29.826744
2024-01-26 18:00:00,31.175117
2024-01-26 19:00:00,31.488249
2024-01-26 20:00:00,29.815535
2024-01-26 21:00:00,29.383862
2024-01-26 22:00:00,41.17709
2024-01-26 23:00:00,43.47458
2024-01-27 00:00:00,50.830025
2024-01-27 01:00:00,59.614414
2024-01-27 02:00:00,71.045616
2024-01-27 03:00:00,108.48521
2024-01-27 04:00:00,188.81355
2024-01-27 05:00:00,307.21497
2024-01-27 06:00:00,461.38235
2024-01-27 07:00:00,624.3272
2024-01-27 08:00:00,746.2841
2024-01-27 09:00:00,810.979
2024-01-27 10:00:00,791.9524
2024-01-27 11:00:00,720.50104
2024-01-27 12:00:00,157.96706
2024-01-27 13:00:00,64.64953
2024-01-27 14:00:00,53.423794
2024-01-27 15:00:00,45.291428
2024-01-27 16:00:00,39.44979
2024-01-27 17:00:00,32.01375
2024-01-27 18:00:00,25.778498
2024-01-27 19:00:00,19.695219
2024-01-27 20:00:00,17.179668
2024-01-27 21:00:00,16.808704
2024-01-27 22:00:00,18.230818
2024-01-27 23:00:00,18.577326
2024-01-28 00:00:00,16.060314
2024-01-28 01:00:00,13.693285
2024-01-28 02:00:00,15.0644865
2024-01-28 03:00:00,23.354866
2024-01-28 04:00:00,90.307236
2024-01-28 05:00:00,197.16473
2024-01-28 06:00:00,323.20554
2024-01-28 07:00:00,454.06415
2024-01-28 08:00:00,565.448
2024-01-28 09:00:00,649.4197
2024-01-28 10:00:00,630.06885
2024-01-28 11:00:00,421.8958
2024-01-28 12:00:00,184.94029
2024-01-28 13:00:00,149.16258
2024-01-28 14:00:00,160.4281
2024-01-28 15:00:00,151.85594
2024-01-28 16:00:00,145.79369
2024-01-28 17:00:00,136.12056
2024-01-28 18:00:00,132.43663
2024-01-28 19:00:00,130.41548
2024-01-28 20:00:00,123.91925
2024-01-28 21:00:00,110.0518
2024-01-28 22:00:00,92.4141
2024-01-28 23:00:00,94.91702
2024-01-29 00:00:00,99.72462
2024-01-29 01:00:00,93.46042
2024-01-29 02:00:00,86.43938
2024-01-29 03:00:00,132.04137
2024-01-29 04:00:00,208.17996
2024-01-29 05:00:00,301.74377
2024-01-29 06:00:00,416.03143
2024-01-29 07:00:00,547.95526
2024-01-29 08:00:00,690.64594
2024-01-29 09:00:00,814.5443
2024-01-29 10:00:00,831.728
2024-01-29 11:00:00,800.7866
2024-01-29 12:00:00,58.651974
2024-01-29 13:00:00,23.9906
2024-01-29 14:00:00,19.60946
2024-01-29 15:00:00,19.89155
2024-01-29 16:00:00,21.908571
2024-01-29 17:00:00,26.141743
2024-01-29 18:00:00,31.6444
2024-01-29 19:00:00,34.41881
2024-01-29 20:00:00,34.67376
2024-01-29 21:00:00,34.72071
2024-01-29 22:00:00,30.71941
2024-01-29 23:00:00,28.774185
2024-01-30 00:00:00,29.488554
2024-01-30 01:00:00,28.012459
2024-01-30 02:00:00,28.453543
2024-01-30 03:00:00,48.79642
2024-01-30 04:00:00,87.42484
2024-01-30 05:00:00,170.901
2024-01-30 06:00:00,385.87546
2024-01-30 07:00:00,567.45154
2024-01-30 08:00:00,716.1454
2024-01-30 09:00:00,842.01404
2024-01-30 10:00:00,849.49695
2024-01-30 11:00:00,832.18054
2024-01-30 12:00:00,36.21085
2024-01-30 13:00:00,18.930185
2024-01-30 14:00:00,17.559393
2024-01-30 15:00:00,16.996326
2024-01-30 16:00:00,17.794594
2024-01-30 17:00:00,18.315973
2024-01-30 18:00:00,18.772362
2024-01-30 19:00:00,19.320704
2024-01-30 20:00:00,22.847603
2024-01-30 21:00:00,27.576973
2024-01-30 22:00:00,45.704803
2024-01-30 23:00:00,48.625904
2024-01-31 00:00:00,46.8862
2024-01-31 01:00:00,48.091835
2024-01-31 02:00:00,57.10114
2024-01-31 03:00:00,87.50238
2024-01-31 04:00:00,142.0516
2024-01-31 05:00:00,302.8779
2024-01-31 06:00:00,518.5261
2024-01-31 07:00:00,707.47266
2024-01-31 08:00:00,864.1078
2024-01-31 09:00:00,679.3967
2024-01-31 10:00:00,352.21805
2024-01-31 11:00:00,281.07047
2024-01-31 12:00:00,243.33359
2024-01-31 13:00:00,176.37582
2024-01-31 14:00:00,144.9989
2024-01-31 15:00:00,129.93721
2024-01-31 16:00:00,133.34213
2024-01-31 17:00:00,140.72894
2024-01-31 18:00:00,165.40555
2024-01-31 19:00:00,184.00278
2024-01-31 20:00:00,199.79163
2024-01-31 21:00:00,218.9446
2024-01-31 22:00:00,190.75964
2024-01-31 23:00:00,221.39996
2024-02-01 00:00:00,269.0227
2024-02-01 01:00:00,293.90137
2024-02-01 02:00:00,321.69113
2024-02-01 03:00:00,396.29282
2024-02-01 04:00:00,487.20273
2024-02-01 05:00:00,592.45667
2024-02-01 06:00:00,723.5284
2024-02-01 07:00:00,890.6908
2024-02-01 08:00:00,991.97186
2024-02-01 09:00:00,1083.3414
2024-02-01 10:00:00,855.0707
2024-02-01 11:00:00,805.9391
2024-02-01 12:00:00,259.7217
2024-02-01 13:00:00,197.86145
2024-02-01 14:00:00,202.30904
2024-02-01 15:00:00,207.47432
2024-02-01 16:00:00,201.62723
2024-02-01 17:00:00,186.2039
2024-02-01 18:00:00,156.69446
2024-02-01 19:00:00,124.66001
2024-02-01 20:00:00,87.73251
2024-02-01 21:00:00,59.294632
2024-02-01 22:00:00,48.33416
2024-02-01 23:00:00,44.520382
2024-02-02 00:00:00,49.91875
2024-02-02 01:00:00,57.811867
2024-02-02 02:00:00,66.284775
2024-02-02 03:00:00,93.92403
2024-02-02 04:00:00,124.18576
2024-02-02 05:00:00,194.77887
2024-02-02 06:00:00,406.41266
2024-02-02 07:00:00,546.12823
2024-02-02 08:00:00,693.7883
2024-02-02 09:00:00,794.85583
2024-02-02 10:00:00,779.54083
2024-02-02 11:00:00,744.16095
2024-02-02 12:00:00,399.96133
2024-02-02 13:00:00,153.31769
2024-02-02 14:00:00,134.26877
2024-02-02 15:00:00,121.50952
2024-02-02 16:00:00,140.24248
2024-02-02 17:00:00,157.16641
2024-02-02 18:00:00,166.26555
2024-02-02 19:00:00,171.42458
2024-02-02 20:00:00,156.8963
2024-02-02 21:00:00,128.38107
2024-02-02 22:00:00,98.72712
2024-02-02 23:00:00,94.56145
2024-02-03 00:00:00,92.64041
2024-02-03 01:00:00,72.114555
2024-02-03 02:00:00,46.833363
2024-02-03 03:00:00,87.11036
2024-02-03 04:00:00,164.30255
2024-02-03 05:00:00,246.49774
2024-02-03 06:00:00,344.1279
2024-02-03 07:00:00,419.98022
2024-02-03 08:00:00,486.7019
2024-02-03 09:00:00,579.3978
2024-02-03 10:00:00,588.4511
2024-02-03 11:00:00,433.06848
2024-02-03 12:00:00,66.02583
2024-02-03 13:00:00,35.01359
2024-02-03 14:00:00,28.499878
2024-02-03 15:00:00,28.304546
2024-02-03 16:00:00,24.920425
2024-02-03 17:00:00,26.354193
2024-02-03 18:00:00,27.319307
2024-02-03 19:00:00,27.80925
2024-02-03 20:00:00,28.605396
2024-02-03 21:00:00,36.215714
2024-02-03 22:00:00,70.97022
2024-02-03 23:00:00,81.05489
2024-02-04 00:00:00,68.03041
2024-02-04 01:00:00,58.75583
2024-02-04 02:00:00,44.68466
2024-02-04 03:00:00,61.808487
2024-02-04 04:00:00,116.591934
2024-02-04 05:00:00,231.84787
2024-02-04 06:00:00,402.62427
2024-02-04 07:00:00,491.5399
2024-02-04 08:00:00,653.2536
2024-02-04 09:00:00,647.1859
2024-02-04 10:00:00,517.1209
2024-02-04 11:00:00,527.21075
2024-02-04 12:00:00,284.90134
2024-02-04 13:00:00,131.89545
2024-02-04 14:00:00,150.76935
2024-02-04 15:00:00,166.59029
2024-02-04 16:00:00,183.52554
2024-02-04 17:00:00,188.84724
2024-02-04 18:00:00,172.0708
2024-02-04 19:00:00,137.72197
2024-02-04 20:00:00,107.373535
2024-02-04 21:00:00,83.19516
2024-02-04 22:00:00,61.559906
2024-02-04 23:00:00,75.24352
2024-02-05 00:00:00,114.106964
2024-02-05 01:00:00,160.94324
2024-02-05 02:00:00,182.91685
2024-02-05 03:00:00,236.36682
2024-02-05 04:00:00,351.74542
2024-02-05 05:00:00,482.08298
2024-02-05 06:00:00,843.8933
2024-02-05 07:00:00,983.0704
2024-02-05 08:00:00,1037.7504
2024-02-05 09:00:00,1059.0636
2024-02-05 10:00:00,1002.0167
2024-02-05 11:00:00,955.951
2024-02-05 12:00:00,307.60413
2024-02-05 13:00:00,99.647675
2024-02-05 14:00:00,79.221344
2024-02-05 15:00:00,76.24037
2024-02-05 16:00:00,76.17525
2024-02-05 17:00:00,76.84997
2024-02-05 18:00:00,79.97558
2024-02-05 19:00:00,82.712166
2024-02-05 20:00:00,85.68143
2024-02-05 21:00:00,86.620056
2024-02-05 22:00:00,73.59395
2024-02-05 23:00:00,75.92382
2024-02-06 00:00:00,84.278366
2024-02-06 01:00:00,81.01162
2024-02-06 02:00:00,72.493904
2024-02-06 03:00:00,118.60275
2024-02-06 04:00:00,228.64702
2024-02-06 05:00:00,409.9674
2024-02-06 06:00:00,695.2979
2024-02-06 07:00:00,988.36127
2024-02-06 08:00:00,1133.8671
2024-02-06 09:00:00,1214.504
2024-02-06 10:00:00,1170.7484
2024-02-06 11:00:00,1125.1886
2024-02-06 12:00:00,292.8386
2024-02-06 13:00:00,75.52341
2024-02-06 14:00:00,50.82854
2024-02-06 15:00:00,47.29687
2024-02-06 16:00:00,48.25375
2024-02-06 17:00:00,50.077587
2024-02-06 18:00:00,52.659542
2024-02-06 19:00:00,57.98164
2024-02-06 20:00:00,67.248
2024-02-06 21:00:00,78.482956
2024-02-06 22:00:00,89.16637
2024-02-06 23:00:00,99.28942
2024-02-07 00:00:00,101.3622
2024-02-07 01:00:00,77.42642
2024-02-07 02:00:00,64.23977
2024-02-07 03:00:00,124.02852
2024-02-07 04:00:00,304.3203
2024-02-07 05:00:00,501.32
2024-02-07 06:00:00,654.3782
2024-02-07 07:00:00,802.63354
2024-02-07 08:00:00,951.95386
2024-02-07 09:00:00,1076.3842
2024-02-07 10:00:00,1063.2156
2024-02-07 11:00:00,1032.508
2024-02-07 12:00:00,751.2692
2024-02-07 13:00:00,275.95554
2024-02-07 14:00:00,220.35764
2024-02-07 15:00:00,199.87062
2024-02-07 16:00:00,202.0745
2024-02-07 17:00:00,204.10645
2024-02-07 18:00:00,205.38687
2024-02-07 19:00:00,202.0355
2024-02-07 20:00:00,203.41043
2024-02-07 21:00:00,213.77554
2024-02-07 22:00:00,272.53525
2024-02-07 23:00:00,285.94443
2024-02-08 00:00:00,309.10712
2024-02-08 01:00:00,330.40384
2024-02-08 02:00:00,349.83987
2024-02-08 03:00:00,446.5879
2024-02-08 04:00:00,586.3937
2024-02-08 05:00:00,764.7007
2024-02-08 06:00:00,905.4034
2024-02-08 07:00:00,976.4855
2024-02-08 08:00:00,1019.9673
2024-02-08 09:00:00,1049.9636
2024-02-08 10:00:00,1052.7155
2024-02-08 11:00:00,989.80835
2024-02-08 12:00:00,656.56464
2024-02-08 13:00:00,244.06078
2024-02-08 14:00:00,183.10358
2024-02-08 15:00:00,172.26414
2024-02-08 16:00:00,171.99646
2024-02-08 17:00:00,162.56029
2024-02-08 18:00:00,152.35753
2024-02-08 19:00:00,146.81625
2024-02-08 20:00:00,146.55165
2024-02-08 21:00:00,146.87344
2024-02-08 22:00:00,140.6924
2024-02-08 23:00:00,121.039085
2024-02-09 00:00:00,108.86384
2024-02-09 01:00:00,96.87848
2024-02-09 02:00:00,90.43091
2024-02-09 03:00:00,133.60304
2024-02-09 04:00:00,221.49728
2024-02-09 05:00:00,359.27655
2024-02-09 06:00:00,569.23663
2024-02-09 07:00:00,810.1004
2024-02-09 08:00:00,979.79175
2024-02-09 09:00:00,1070.1167
2024-02-09 10:00:00,1209.0236
2024-02-09 11:00:00,1183.2239
2024-02-09 12:00:00,51.26112
2024-02-09 13:00:00,21.392141
2024-02-09 14:00:00,18.481993
2024-02-09 15:00:00,18.423525
2024-02-09 16:00:00,18.01988
2024-02-09 17:00:00,18.453766
2024-02-09 18:00:00,19.586088
2024-02-09 19:00:00,21.242168
2024-02-09 20:00:00,21.695541
2024-02-09 21:00:00,20.930103
2024-02-09 22:00:00,24.599543
2024-02-09 23:00:00,25.255566
2024-02-10 00:00:00,24.118938
2024-02-10 01:00:00,20.659517
2024-02-10 02:00:00,17.862625
2024-02-10 03:00:00,28.46399
2024-02-10 04:00:00,89.59641
2024-02-10 05:00:00,362.91492
2024-02-10 06:00:00,810.5941
2024-02-10 07:00:00,935.0742
2024-02-10 08:00:00,1025.0593
2024-02-10 09:00:00,1087.2214
2024-02-10 10:00:00,1144.6647
2024-02-10 11:00:00,1116.1831
2024-02-10 12:00:00,118.05921
2024-02-10 13:00:00,45.422897
2024-02-10 14:00:00,38.090427
2024-02-10 15:00:00,39.96425
2024-02-10 16:00:00,44.28519
2024-02-10 17:00:00,49.202217
2024-02-10 18:00:00,51.28386
2024-02-10 19:00:00,51.787235
2024-02-10 20:00:00,48.102535
2024-02-10 21:00:00,43.81362
2024-02-10 22:00:00,36.65781
2024-02-10 23:00:00,36.00492
2024-02-11 00:00:00,37.896473
2024-02-11 01:00:00,40.137646
2024-02-11 02:00:00,41.60493
2024-02-11 03:00:00,68.582085
2024-02-11 04:00:00,139.22964
2024-02-11 05:00:00,369.4904
2024-02-11 06:00:00,642.19476
2024-02-11 07:00:00,805.3628
2024-02-11 08:00:00,939.86884
2024-02-11 09:00:00,1027.402
2024-02-11 10:00:00,1080.3164
2024-02-11 11:00:00,1042.388
2024-02-11 12:00:00,102.65924
2024-02-11 13:00:00,40.64395
2024-02-11 14:00:00,32.588436
2024-02-11 15:00:00,28.59737
2024-02-11 16:00:00,25.743774
2024-02-11 17:00:00,25.128838
2024-02-11 18:00:00,28.59272
2024-02-11 19:00:00,32.44072
2024-02-11 20:00:00,33.94876
2024-02-11 21:00:00,35.67411
2024-02-11 22:00:00,36.320133
2024-02-11 23:00:00,33.239513
2024-02-12 00:00:00,33.806797
2024-02-12 01:00:00,27.94344
2024-02-12 02:00:00,26.193472
2024-02-12 03:00:00,47.838593
2024-02-12 04:00:00,103.685646
2024-02-12 05:00:00,237.04324
2024-02-12 06:00:00,823.1326
2024-02-12 07:00:00,1013.1908
2024-02-12 08:00:00,1130.9025
2024-02-12 09:00:00,1147.5255
2024-02-12 10:00:00,1132.2122
2024-02-12 11:00:00,1063.6439
2024-02-12 12:00:00,80.47354
2024-02-12 13:00:00,35.200268
2024-02-12 14:00:00,23.668001
2024-02-12 15:00:00,21.602589
2024-02-12 16:00:00,19.450722
2024-02-12 17:00:00,17.449944
2024-02-12 18:00:00,20.450373
2024-02-12 19:00:00,22.668598
2024-02-12 20:00:00,24.174528
2024-02-12 21:00:00,26.735743
2024-02-12 22:00:00,38.278877
2024-02-12 23:00:00,32.284073
2024-02-13 00:00:00,27.900606
2024-02-13 01:00:00,24.156347
2024-02-13 02:00:00,21.487898
2024-02-13 03:00:00,37.71961
2024-02-13 04:00:00,105.11999
2024-02-13 05:00:00,303.63306
2024-02-13 06:00:00,885.2696
2024-02-13 07:00:00,1082.475
2024-02-13 08:00:00,1180.4569
2024-02-13 09:00:00,1245.4102
2024-02-13 10:00:00,1288.9968
2024-02-13 11:00:00,1121.4524
2024-02-13 12:00:00,100.75871
2024-02-13 13:00:00,41.895714
2024-02-13 14:00:00,32.33532
2024-02-13 15:00:00,29.711576
2024-02-13 16:00:00,29.541975
2024-02-13 17:00:00,33.936913
2024-02-13 18:00:00,39.37239
2024-02-13 19:00:00,47.475887
2024-02-13 20:00:00,56.86401
2024-02-13 21:00:00,65.61677
2024-02-13 22:00:00,61.46931
2024-02-13 23:00:00,54.911358
2024-02-14 00:00:00,48.866505
2024-02-14 01:00:00,44.775856
2024-02-14 02:00:00,47.343327
2024-02-14 03:00:00,79.631386
2024-02-14 04:00:00,149.0888
2024-02-14 05:00:00,350.3861
2024-02-14 06:00:00,850.7058
2024-02-14 07:00:00,1075.392
2024-02-14 08:00:00,1184.9717
2024-02-14 09:00:00,1233.6056
2024-02-14 10:00:00,1221.898
2024-02-14 11:00:00,1153.7208
2024-02-14 12:00:00,185.20087
2024-02-14 13:00:00,64.95456
2024-02-14 14:00:00,50.462666
2024-02-14 15:00:00,47.135937
2024-02-14 16:00:00,47.038418
2024-02-14 17:00:00,44.472633
2024-02-14 18:00:00,42.795498
2024-02-14 19:00:00,44.20412
2024-02-14 20:00:00,45.537895
2024-02-14 21:00:00,45.41718
2024-02-14 22:00:00,48.72021
2024-02-14 23:00:00,45.088463
2024-02-15 00:00:00,46.63016
2024-02-15 01:00:00,49.594696
2024-02-15 02:00:00,52.364502
2024-02-15 03:00:00,85.36916
2024-02-15 04:00:00,162.58127
2024-02-15 05:00:00,341.48007
2024-02-15 06:00:00,573.6361
2024-02-15 07:00:00,719.97
2024-02-15 08:00:00,833.41705
2024-02-15 09:00:00,915.4243
2024-02-15 10:00:00,956.1644
2024-02-15 11:00:00,912.93896
2024-02-15 12:00:00,188.85347
2024-02-15 13:00:00,63.02388
2024-02-15 14:00:00,44.83791
2024-02-15 15:00:00,37.35697
2024-02-15 16:00:00,33.733833
2024-02-15 17:00:00,33.265724
2024-02-15 18:00:00,31.764687
2024-02-15 19:00:00,31.120024
2024-02-15 20:00:00,29.538347
2024-02-15 21:00:00,30.638111
2024-02-15 22:00:00,31.647034
2024-02-15 23:00:00,25.883936
2024-02-16 00:00:00,24.617842
2024-02-16 01:00:00,25.981176
2024-02-16 02:00:00,27.506418
2024-02-16 03:00:00,46.47805
2024-02-16 04:00:00,112.19943
2024-02-16 05:00:00,294.53625
2024-02-16 06:00:00,542.4819
2024-02-16 07:00:00,732.02844
2024-02-16 08:00:00,917.3759
2024-02-16 09:00:00,1055.6167
2024-02-16 10:00:00,1140.5707
2024-02-16 11:00:00,1050.4712
2024-02-16 12:00:00,139.98314
2024-02-16 13:00:00,46.69166
2024-02-16 14:00:00,36.809357
2024-02-16 15:00:00,37.40179
2024-02-16 16:00:00,34.177578
2024-02-16 17:00:00,33.319305
2024-02-16 18:00:00,34.61903
2024-02-16 19:00:00,35.052372
2024-02-16 20:00:00,33.146523
2024-02-16 21:00:00,27.000168
2024-02-16 22:00:00,29.194633
2024-02-16 23:00:00,32.986908
2024-02-17 00:00:00,36.31832
2024-02-17 01:00:00,39.79524
2024-02-17 02:00:00,42.670635
2024-02-17 03:00:00,66.061386
2024-02-17 04:00:00,135.81137
2024-02-17 05:00:00,353.48846
2024-02-17 06:00:00,738.18085
2024-02-17 07:00:00,937.49524
2024-02-17 08:00:00,1061.013
2024-02-17 09:00:00,1144.9725
2024-02-17 10:00:00,1144.6919
2024-02-17 11:00:00,1011.2584
2024-02-17 12:00:00,148.80003
2024-02-17 13:00:00,53.892933
2024-02-17 14:00:00,35.8303
2024-02-17 15:00:00,29.028502
2024-02-17 16:00:00,23.02936
2024-02-17 17:00:00,19.852232
2024-02-17 18:00:00,19.479927
2024-02-17 19:00:00,19.103922
2024-02-17 20:00:00,18.891464
2024-02-17 21:00:00,17.360825
2024-02-17 22:00:00,16.032555
2024-02-17 23:00:00,15.867945
2024-02-18 00:00:00,17.47285
2024-02-18 01:00:00,23.862871
2024-02-18 02:00:00,31.613863
2024-02-18 03:00:00,62.053642
2024-02-18 04:00:00,152.7555
2024-02-18 05:00:00,306.80005
2024-02-18 06:00:00,474.28964
2024-02-18 07:00:00,642.2527
2024-02-18 08:00:00,848.0538
2024-02-18 09:00:00,1034.771
2024-02-18 10:00:00,961.90045
2024-02-18 11:00:00,689.89545
2024-02-18 12:00:00,163.05774
2024-02-18 13:00:00,93.76336
2024-02-18 14:00:00,99.049675
2024-02-18 15:00:00,120.4623
2024-02-18 16:00:00,141.64107
2024-02-18 17:00:00,160.45761
2024-02-18 18:00:00,167.82124
2024-02-18 19:00:00,177.27567
2024-02-18 20:00:00,182.51225
2024-02-18 21:00:00,183.75334
2024-02-18 22:00:00,221.59418
2024-02-18 23:00:00,215.88098
2024-02-19 00:00:00,212.0033
2024-02-19 01:00:00,229.06146
2024-02-19 02:00:00,277.20844
2024-02-19 03:00:00,372.56604
2024-02-19 04:00:00,473.57544
2024-02-19 05:00:00,570.5327
2024-02-19 06:00:00,659.2162
2024-02-19 07:00:00,769.42487
2024-02-19 08:00:00,923.6357
2024-02-19 09:00:00,1112.5833
2024-02-19 10:00:00,1223.4083
2024-02-19 11:00:00,1125.6113
2024-02-19 12:00:00,451.9647
2024-02-19 13:00:00,243.18408
2024-02-19 14:00:00,236.3356
2024-02-19 15:00:00,242.39777
2024-02-19 16:00:00,236.09363
2024-02-19 17:00:00,203.9632
2024-02-19 18:00:00,185.20563
2024-02-19 19:00:00,172.4085
2024-02-19 20:00:00,153.21628
2024-02-19 21:00:00,135.45001
2024-02-19 22:00:00,121.36778
2024-02-19 23:00:00,130.45819
2024-02-20 00:00:00,135.23625
2024-02-20 01:00:00,131.07166
2024-02-20 02:00:00,122.463425
2024-02-20 03:00:00,140.0785
2024-02-20 04:00:00,219.00244
2024-02-20 05:00:00,391.18112
2024-02-20 06:00:00,656.34406
2024-02-20 07:00:00,954.2798
2024-02-20 08:00:00,1349.8365
2024-02-20 09:00:00,1641.3434
2024-02-20 10:00:00,1903.6642
2024-02-20 11:00:00,1344.8057
2024-02-20 12:00:00,39.802227
2024-02-20 13:00:00,39.300907
2024-02-20 14:00:00,41.866264
2024-02-20 15:00:00,47.822277
2024-02-20 16:00:00,56.061295
2024-02-20 17:00:00,65.562096
2024-02-20 18:00:00,89.66879
2024-02-20 19:00:00,103.20707
2024-02-20 20:00:00,103.817406
2024-02-20 21:00:00,95.96405
2024-02-20 22:00:00,66.96109
2024-02-20 23:00:00,44.163017
2024-02-21 00:00:00,32.91183
2024-02-21 01:00:00,30.616758
2024-02-21 02:00:00,40.802933
2024-02-21 03:00:00,86.03112
2024-02-21 04:00:00,182.07434
2024-02-21 05:00:00,348.22693
2024-02-21 06:00:00,560.2985
2024-02-21 07:00:00,899.76404
2024-02-21 08:00:00,1251.8024
2024-02-21 09:00:00,1792.1915
2024-02-21 10:00:00,1836.3405
2024-02-21 11:00:00,1713.0698
2024-02-21 12:00:00,179.56758
2024-02-21 13:00:00,105.4618
2024-02-21 14:00:00,106.589386
2024-02-21 15:00:00,137.28426
2024-02-21 16:00:00,190.3199
2024-02-21 17:00:00,230.44594
2024-02-21 18:00:00,221.8917
2024-02-21 19:00:00,163.94362
2024-02-21 20:00:00,98.36899
2024-02-21 21:00:00,64.55285
2024-02-21 22:00:00,41.14584
2024-02-21 23:00:00,33.66783
2024-02-22 00:00:00,30.168518
2024-02-22 01:00:00,31.878471
2024-02-22 02:00:00,34.38958
2024-02-22 03:00:00,73.11094
2024-02-22 04:00:00,183.0604
2024-02-22 05:00:00,439.39062
2024-02-22 06:00:00,1154.2085
2024-02-22 07:00:00,2129.5671
2024-02-22 08:00:00,2372.8123
2024-02-22 09:00:00,2329.4587
2024-02-22 10:00:00,1478.104
2024-02-22 11:00:00,1378.2689
2024-02-22 12:00:00,354.89984
2024-02-22 13:00:00,98.30379
2024-02-22 14:00:00,76.60648
2024-02-22 15:00:00,77.37118
2024-02-22 16:00:00,86.499275
2024-02-22 17:00:00,94.07972
2024-02-22 18:00:00,100.34604
2024-02-22 19:00:00,99.52369
2024-02-22 20:00:00,92.18775
2024-02-22 21:00:00,81.59483
2024-02-22 22:00:00,87.78718
2024-02-22 23:00:00,69.41375
2024-02-23 00:00:00,49.55007
2024-02-23 01:00:00,36.0468
2024-02-23 02:00:00,32.966934
2024-02-23 03:00:00,78.25913
2024-02-23 04:00:00,196.3467
2024-02-23 05:00:00,392.53162
2024-02-23 06:00:00,863.09424
2024-02-23 07:00:00,1336.4264
2024-02-23 08:00:00,1782.8578
2024-02-23 09:00:00,1947.8093
2024-02-23 10:00:00,2044.0337
2024-02-23 11:00:00,1959.433
2024-02-23 12:00:00,265.46768
2024-02-23 13:00:00,69.414635
2024-02-23 14:00:00,47.165802
2024-02-23 15:00:00,43.825497
2024-02-23 16:00:00,47.207565
2024-02-23 17:00:00,51.314407
2024-02-23 18:00:00,52.35106
2024-02-23 19:00:00,53.51669
2024-02-23 20:00:00,54.362885
2024-02-23 21:00:00,52.280445
2024-02-23 22:00:00,62.10312
2024-02-23 23:00:00,42.145103
2024-02-24 00:00:00,25.565527
2024-02-24 01:00:00,24.903006
2024-02-24 02:00:00,25.505718
2024-02-24 03:00:00,45.21999
2024-02-24 04:00:00,129.23032
2024-02-24 05:00:00,357.2478
2024-02-24 06:00:00,661.4191
2024-02-24 07:00:00,1388.1003
2024-02-24 08:00:00,2311.7798
2024-02-24 09:00:00,2438.7498
2024-02-24 10:00:00,2054.172
2024-02-24 11:00:00,1780.4508
2024-02-24 12:00:00,83.13798
2024-02-24 13:00:00,32.52216
2024-02-24 14:00:00,31.754
2024-02-24 15:00:00,36.856636
2024-02-24 16:00:00,43.750507
2024-02-24 17:00:00,51.07087
2024-02-24 18:00:00,59.95307
2024-02-24 19:00:00,63.091637
2024-02-24 20:00:00,59.272552
2024-02-24 21:00:00,54.30941
2024-02-24 22:00:00,46.63036
2024-02-24 23:00:00,44.60358
2024-02-25 00:00:00,46.14917
2024-02-25 01:00:00,42.85317
2024-02-25 02:00:00,41.56287
2024-02-25 03:00:00,74.42255
2024-02-25 04:00:00,151.87933
2024-02-25 05:00:00,336.07217
2024-02-25 06:00:00,1022.8499
2024-02-25 07:00:00,1867.908
2024-02-25 08:00:00,2650.4333
2024-02-25 09:00:00,2836.6816
2024-02-25 10:00:00,2268.9355
2024-02-25 11:00:00,2089.2693
2024-02-25 12:00:00,198.53389
2024-02-25 13:00:00,70.47542
2024-02-25 14:00:00,55.023712
2024-02-25 15:00:00,56.31877
2024-02-25 16:00:00,56.635975
2024-02-25 17:00:00,64.20738
2024-02-25 18:00:00,80.32095
2024-02-25 19:00:00,98.06137
2024-02-25 20:00:00,114.97197
2024-02-25 21:00:00,121.925
2024-02-25 22:00:00,119.78424
2024-02-25 23:00:00,93.4789
2024-02-26 00:00:00,58.019154
2024-02-26 01:00:00,36.204052
2024-02-26 02:00:00,26.282349
2024-02-26 03:00:00,50.51427
2024-02-26 04:00:00,131.22867
2024-02-26 05:00:00,261.1885
2024-02-26 06:00:00,555.9338
2024-02-26 07:00:00,831.4508
2024-02-26 08:00:00,1099.7144
2024-02-26 09:00:00,1315.1268
2024-02-26 10:00:00,1110.9011
2024-02-26 11:00:00,962.60297
2024-02-26 12:00:00,93.2763
2024-02-26 13:00:00,33.8464
2024-02-26 14:00:00,35.026424
2024-02-26 15:00:00,34.115772
2024-02-26 16:00:00,30.989704
2024-02-26 17:00:00,27.368681
2024-02-26 18:00:00,24.326033
2024-02-26 19:00:00,25.816147
2024-02-26 20:00:00,35.718243
2024-02-26 21:00:00,59.499462
2024-02-26 22:00:00,66.02504
2024-02-26 23:00:00,96.44589
2024-02-27 00:00:00,139.95468
2024-02-27 01:00:00,156.56656
2024-02-27 02:00:00,154.82497
2024-02-27 03:00:00,213.31573
2024-02-27 04:00:00,284.8881
2024-02-27 05:00:00,488.788
2024-02-27 06:00:00,793.72217
2024-02-27 07:00:00,1074.8065
2024-02-27 08:00:00,1312.2656
2024-02-27 09:00:00,1439.7985
2024-02-27 10:00:00,1405.6868
2024-02-27 11:00:00,1347.403
2024-02-27 12:00:00,569.7857
2024-02-27 13:00:00,102.29024
2024-02-27 14:00:00,58.398663
2024-02-27 15:00:00,51.421993
2024-02-27 16:00:00,53.771652
2024-02-27 17:00:00,58.274208
2024-02-27 18:00:00,67.7395
2024-02-27 19:00:00,79.47927
2024-02-27 20:00:00,90.81299
2024-02-27 21:00:00,100.68536
2024-02-27 22:00:00,107.75173
2024-02-27 23:00:00,99.93957
2024-02-28 00:00:00,86.6365
2024-02-28 01:00:00,79.11778
2024-02-28 02:00:00,93.76147
2024-02-28 03:00:00,173.72145
2024-02-28 04:00:00,281.41077
2024-02-28 05:00:00,524.2414
2024-02-28 06:00:00,1053.1001
2024-02-28 07:00:00,1326.5624
2024-02-28 08:00:00,1408.0236
2024-02-28 09:00:00,1457.6617
2024-02-28 10:00:00,1459.8593
2024-02-28 11:00:00,1445.7256
2024-02-28 12:00:00,866.78296
2024-02-28 13:00:00,138.80513
2024-02-28 14:00:00,92.164665
2024-02-28 15:00:00,80.07732
2024-02-28 16:00:00,74.18548
2024-02-28 17:00:00,73.14663
2024-02-28 18:00:00,74.11704
2024-02-28 19:00:00,75.59678
2024-02-28 20:00:00,78.860214
2024-02-28 21:00:00,89.086876
2024-02-28 22:00:00,97.9642
2024-02-28 23:00:00,102.34685
2024-02-29 00:00:00,99.42168
2024-02-29 01:00:00,93.57363
2024-02-29 02:00:00,94.13847
2024-02-29 03:00:00,148.23083
2024-02-29 04:00:00,273.81522
2024-02-29 05:00:00,549.5575
2024-02-29 06:00:00,718.4129
2024-02-29 07:00:00,881.03174
2024-02-29 08:00:00,1072.5583
2024-02-29 09:00:00,1263.9493
2024-02-29 10:00:00,1425.9126
2024-02-29 11:00:00,1419.8243
2024-02-29 12:00:00,223.43896
2024-02-29 13:00:00,66.40597
2024-02-29 14:00:00,44.317326
2024-02-29 15:00:00,37.49895
2024-02-29 16:00:00,32.486015
2024-02-29 17:00:00,26.228008
2024-02-29 18:00:00,22.177794
2024-02-29 19:00:00,25.442705
2024-02-29 20:00:00,25.73088
2024-02-29 21:00:00,25.788443
2024-02-29 22:00:00,28.579659
2024-02-29 23:00:00,27.07217
2024-03-01 00:00:00,27.889843
2024-03-01 01:00:00,30.297047
2024-03-01 02:00:00,32.156525
2024-03-01 03:00:00,66.21508
2024-03-01 04:00:00,162.59872
2024-03-01 05:00:00,347.91113
2024-03-01 06:00:00,565.93884
2024-03-01 07:00:00,730.8359
2024-03-01 08:00:00,852.79065
2024-03-01 09:00:00,921.34357
2024-03-01 10:00:00,761.0071
2024-03-01 11:00:00,697.7678
2024-03-01 12:00:00,499.8938
2024-03-01 13:00:00,274.9752
2024-03-01 14:00:00,148.38571
2024-03-01 15:00:00,257.17316
2024-03-01 16:00:00,329.04758
2024-03-01 17:00:00,342.20554
2024-03-01 18:00:00,354.14813
2024-03-01 19:00:00,370.96286
2024-03-01 20:00:00,376.9559
2024-03-01 21:00:00,345.15387
2024-03-01 22:00:00,282.3639
2024-03-01 23:00:00,197.48068
2024-03-02 00:00:00,162.47377
2024-03-02 01:00:00,175.67627
2024-03-02 02:00:00,224.18
2024-03-02 03:00:00,352.8945
2024-03-02 04:00:00,366.87012
2024-03-02 05:00:00,387.27
2024-03-02 06:00:00,593.2307
2024-03-02 07:00:00,818.14923
2024-03-02 08:00:00,982.04456
2024-03-02 09:00:00,1059.8282
2024-03-02 10:00:00,1141.3226
2024-03-02 11:00:00,1117.4465
2024-03-02 12:00:00,1056.3411
2024-03-02 13:00:00,878.73206
2024-03-02 14:00:00,737.8322
2024-03-02 15:00:00,691.08344
2024-03-02 16:00:00,669.8108
2024-03-02 17:00:00,642.0289
2024-03-02 18:00:00,587.44165
2024-03-02 19:00:00,509.0053
2024-03-02 20:00:00,487.53806
2024-03-02 21:00:00,384.49292
2024-03-02 22:00:00,178.53384
2024-03-02 23:00:00,100.41262
2024-03-03 00:00:00,114.249664
2024-03-03 01:00:00,112.463356
2024-03-03 02:00:00,146.79794
2024-03-03 03:00:00,251.51788
2024-03-03 04:00:00,416.05627
2024-03-03 05:00:00,571.58795
2024-03-03 06:00:00,694.5849
2024-03-03 07:00:00,820.9009
2024-03-03 08:00:00,1167.6418
2024-03-03 09:00:00,1350.7113
2024-03-03 10:00:00,1659.0392
2024-03-03 11:00:00,1606.2823
2024-03-03 12:00:00,336.06046
2024-03-03 13:00:00,102.58408
2024-03-03 14:00:00,90.878654
2024-03-03 15:00:00,97.34968
2024-03-03 16:00:00,104.53213
2024-03-03 17:00:00,102.838554
2024-03-03 18:00:00,86.39957
2024-03-03 19:00:00,74.525276
2024-03-03 20:00:00,66.85697
2024-03-03 21:00:00,63.697227
2024-03-03 22:00:00,94.24978
2024-03-03 23:00:00,91.75077
2024-03-04 00:00:00,93.03473
2024-03-04 01:00:00,86.38239
2024-03-04 02:00:00,80.16647
2024-03-04 03:00:00,122.86943
2024-03-04 04:00:00,233.60631
2024-03-04 05:00:00,1081.2
2024-03-04 06:00:00,1570.8667
2024-03-04 07:00:00,1660.2601
2024-03-04 08:00:00,1707.8733
2024-03-04 09:00:00,1730.1947
2024-03-04 10:00:00,1835.0776
2024-03-04 11:00:00,1823.5314
2024-03-04 12:00:00,387.92114
2024-03-04 13:00:00,130.2235
2024-03-04 14:00:00,109.60791
2024-03-04 15:00:00,111.7581
2024-03-04 16:00:00,122.253456
2024-03-04 17:00:00,128.6211
2024-03-04 18:00:00,138.47363
2024-03-04 19:00:00,150.64203
2024-03-04 20:00:00,154.78746
2024-03-04 21:00:00,150.98466
2024-03-04 22:00:00,117.669876
2024-03-04 23:00:00,101.43716
2024-03-05 00:00:00,91.81094
2024-03-05 01:00:00,84.1463
2024-03-05 02:00:00,105.839355
2024-03-05 03:00:00,184.33824
2024-03-05 04:00:00,315.66626
2024-03-05 05:00:00,562.1512
2024-03-05 06:00:00,798.0079
2024-03-05 07:00:00,978.9164
2024-03-05 08:00:00,1095.7506
2024-03-05 09:00:00,1169.6962
2024-03-05 10:00:00,1209.2153
2024-03-05 11:00:00,1183.2786
2024-03-05 12:00:00,809.34326
2024-03-05 13:00:00,149.17213
2024-03-05 14:00:00,89.108894
2024-03-05 15:00:00,110.62307
2024-03-05 16:00:00,115.90283
2024-03-05 17:00:00,108.308
2024-03-05 18:00:00,97.95484
2024-03-05 19:00:00,112.38191
2024-03-05 20:00:00,125.51105
2024-03-05 21:00:00,123.65037
2024-03-05 22:00:00,110.68792
2024-03-05 23:00:00,100.5828
2024-03-06 00:00:00,97.37825
2024-03-06 01:00:00,95.49252
2024-03-06 02:00:00,104.43172
2024-03-06 03:00:00,175.54697
2024-03-06 04:00:00,329.22284
2024-03-06 05:00:00,610.0723
2024-03-06 06:00:00,725.0222
2024-03-06 07:00:00,806.9587
2024-03-06 08:00:00,896.70337
2024-03-06 09:00:00,988.465
2024-03-06 10:00:00,1044.1417
2024-03-06 11:00:00,1030.9923
2024-03-06 12:00:00,560.2608
2024-03-06 13:00:00,68.516556
2024-03-06 14:00:00,36.338455
2024-03-06 15:00:00,27.147469
2024-03-06 16:00:00,20.336357
2024-03-06 17:00:00,17.240168
2024-03-06 18:00:00,17.731506
2024-03-06 19:00:00,19.716274
2024-03-06 20:00:00,20.4456
2024-03-06 21:00:00,23.535345
2024-03-06 22:00:00,29.691605
2024-03-06 23:00:00,35.29443
2024-03-07 00:00:00,39.538467
2024-03-07 01:00:00,39.79359
2024-03-07 02:00:00,42.39652
2024-03-07 03:00:00,84.801
2024-03-07 04:00:00,217.96461
2024-03-07 05:00:00,475.71344
2024-03-07 06:00:00,723.9139
2024-03-07 07:00:00,945.90125
2024-03-07 08:00:00,1117.6234
2024-03-07 09:00:00,1287.6455
2024-03-07 10:00:00,1438.0116
2024-03-07 11:00:00,1394.1606
2024-03-07 12:00:00,334.47238
2024-03-07 13:00:00,95.48624
2024-03-07 14:00:00,78.64592
2024-03-07 15:00:00,99.7969
2024-03-07 16:00:00,115.38816
2024-03-07 17:00:00,111.91201
2024-03-07 18:00:00,105.901474
2024-03-07 19:00:00,98.64742
2024-03-07 20:00:00,87.8812
2024-03-07 21:00:00,76.07934
2024-03-07 22:00:00,88.5527
2024-03-07 23:00:00,64.6707
2024-03-08 00:00:00,52.71873
2024-03-08 01:00:00,49.277363
2024-03-08 02:00:00,59.78211
2024-03-08 03:00:00,124.50042
2024-03-08 04:00:00,214.67934
2024-03-08 05:00:00,368.226
2024-03-08 06:00:00,940.1143
2024-03-08 07:00:00,1562.0797
2024-03-08 08:00:00,2004.1416
2024-03-08 09:00:00,2082.7847
2024-03-08 10:00:00,2122.2263
2024-03-08 11:00:00,2045.6284
2024-03-08 12:00:00,410.24695
2024-03-08 13:00:00,111.64667
2024-03-08 14:00:00,83.14614
2024-03-08 15:00:00,81.88512
2024-03-08 16:00:00,82.07928
2024-03-08 17:00:00,82.54148
2024-03-08 18:00:00,81.48288
2024-03-08 19:00:00,83.23622
2024-03-08 20:00:00,87.07114
2024-03-08 21:00:00,94.4599
2024-03-08 22:00:00,121.217926
2024-03-08 23:00:00,106.05926
2024-03-09 00:00:00,97.58144
2024-03-09 01:00:00,96.14606
2024-03-09 02:00:00,116.866425
2024-03-09 03:00:00,209.19078
2024-03-09 04:00:00,402.09952
2024-03-09 05:00:00,853.86346
2024-03-09 06:00:00,1099.0436
2024-03-09 07:00:00,1227.5603
2024-03-09 08:00:00,1314.8533
2024-03-09 09:00:00,1371.9764
2024-03-09 10:00:00,1398.179
2024-03-09 11:00:00,1335.3453
2024-03-09 12:00:00,364.39716
2024-03-09 13:00:00,66.10112
2024-03-09 14:00:00,34.437656
2024-03-09 15:00:00,27.068575
2024-03-09 16:00:00,23.683647
2024-03-09 17:00:00,25.2982
2024-03-09 18:00:00,32.06077
2024-03-09 19:00:00,37.47941
2024-03-09 20:00:00,44.480137
2024-03-09 21:00:00,53.238243
2024-03-09 22:00:00,69.495476
2024-03-09 23:00:00,68.113556
2024-03-10 00:00:00,61.754093
2024-03-10 01:00:00,56.291294
2024-03-10 02:00:00,64.33309
2024-03-10 03:00:00,112.23588
2024-03-10 04:00:00,195.18564
2024-03-10 05:00:00,446.30664
2024-03-10 06:00:00,803.09546
2024-03-10 07:00:00,967.13666
2024-03-10 08:00:00,1092.001
2024-03-10 09:00:00,1214.8071
2024-03-10 10:00:00,1290.9124
2024-03-10 11:00:00,1206.0256
2024-03-10 12:00:00,82.346825
2024-03-10 13:00:00,41.341705
2024-03-10 14:00:00,39.958153
2024-03-10 15:00:00,45.765854
2024-03-10 16:00:00,49.34255
2024-03-10 17:00:00,46.3163
2024-03-10 18:00:00,43.686893
2024-03-10 19:00:00,36.222397
2024-03-10 20:00:00,32.128773
2024-03-10 21:00:00,38.6942
2024-03-10 22:00:00,105.291565
2024-03-10 23:00:00,88.02992
2024-03-11 00:00:00,59.71105
2024-03-11 01:00:00,44.000866
2024-03-11 02:00:00,34.092766
2024-03-11 03:00:00,85.52974
2024-03-11 04:00:00,214.12415
2024-03-11 05:00:00,447.30148
2024-03-11 06:00:00,710.8373
2024-03-11 07:00:00,988.0814
2024-03-11 08:00:00,1331.851
2024-03-11 09:00:00,1710.9736
2024-03-11 10:00:00,2272.2595
2024-03-11 11:00:00,2104.7695
2024-03-11 12:00:00,81.90388
2024-03-11 13:00:00,67.50572
2024-03-11 14:00:00,91.685
2024-03-11 15:00:00,132.58281
2024-03-11 16:00:00,151.34412
2024-03-11 17:00:00,151.71307
2024-03-11 18:00:00,147.41852
2024-03-11 19:00:00,129.70213
2024-03-11 20:00:00,103.055084
2024-03-11 21:00:00,78.598076
2024-03-11 22:00:00,51.099014
2024-03-11 23:00:00,51.463146
2024-03-12 00:00:00,58.80753
2024-03-12 01:00:00,63.708115
2024-03-12 02:00:00,74.94504
2024-03-12 03:00:00,127.10809
2024-03-12 04:00:00,217.82442
2024-03-12 05:00:00,388.8664
2024-03-12 06:00:00,697.668
2024-03-12 07:00:00,1124.6855
2024-03-12 08:00:00,1535.0125
2024-03-12 09:00:00,1664.583
2024-03-12 10:00:00,1882.5194
2024-03-12 11:00:00,1744.7864
2024-03-12 12:00:00,370.4611
2024-03-12 13:00:00,100.7894
2024-03-12 14:00:00,74.031586
2024-03-12 15:00:00,72.951065
2024-03-12 16:00:00,71.41741
2024-03-12 17:00:00,62.134003
2024-03-12 18:00:00,52.01894
2024-03-12 19:00:00,44.115555
2024-03-12 20:00:00,38.276234
2024-03-12 21:00:00,34.355553
2024-03-12 22:00:00,41.617645
2024-03-12 23:00:00,39.372597
2024-03-13 00:00:00,32.953896
2024-03-13 01:00:00,27.615948
2024-03-13 02:00:00,28.570976
2024-03-13 03:00:00,69.453156
2024-03-13 04:00:00,180.36462
2024-03-13 05:00:00,393.78506
2024-03-13 06:00:00,987.42096
2024-03-13 07:00:00,2123.7375
2024-03-13 08:00:00,2639.1313
2024-03-13 09:00:00,2796.3765
2024-03-13 10:00:00,2462.9854
2024-03-13 11:00:00,1076.1127
2024-03-13 12:00:00,302.6159
2024-03-13 13:00:00,264.27823
2024-03-13 14:00:00,234.08296
2024-03-13 15:00:00,213.59988
2024-03-13 16:00:00,195.80867
2024-03-13 17:00:00,171.83707
2024-03-13 18:00:00,154.2157
2024-03-13 19:00:00,133.89127
2024-03-13 20:00:00,113.49941
2024-03-13 21:00:00,90.9942
2024-03-13 22:00:00,22.49776
2024-03-13 23:00:00,16.136162
2024-03-14 00:00:00,17.601896
2024-03-14 01:00:00,23.72216
2024-03-14 02:00:00,38.136593
2024-03-14 03:00:00,100.23556
2024-03-14 04:00:00,225.02869
2024-03-14 05:00:00,415.92798
2024-03-14 06:00:00,1061.5479
2024-03-14 07:00:00,2277.2805
2024-03-14 08:00:00,2335.9412
2024-03-14 09:00:00,2341.1653
2024-03-14 10:00:00,2464.6904
2024-03-14 11:00:00,2342.1152
2024-03-14 12:00:00,628.46326
2024-03-14 13:00:00,182.06276
2024-03-14 14:00:00,160.40962
2024-03-14 15:00:00,178.50264
2024-03-14 16:00:00,208.66327
2024-03-14 17:00:00,228.878
2024-03-14 18:00:00,223.5353
2024-03-14 19:00:00,209.62488
2024-03-14 20:00:00,198.34341
2024-03-14 21:00:00,182.91512
2024-03-14 22:00:00,196.72253
2024-03-14 23:00:00,159.81042
2024-03-15 00:00:00,139.85095
2024-03-15 01:00:00,122.80525
2024-03-15 02:00:00,141.27446
2024-03-15 03:00:00,215.87447
2024-03-15 04:00:00,322.69897
2024-03-15 05:00:00,612.4737
2024-03-15 06:00:00,1034.9631
2024-03-15 07:00:00,1332.6106
2024-03-15 08:00:00,1508.9954
2024-03-15 09:00:00,1599.4155
2024-03-15 10:00:00,1596.6718
2024-03-15 11:00:00,1541.0654
2024-03-15 12:00:00,517.3703
2024-03-15 13:00:00,94.16423
2024-03-15 14:00:00,57.04429
2024-03-15 15:00:00,49.697166
2024-03-15 16:00:00,43.96988
2024-03-15 17:00:00,38.91423
2024-03-15 18:00:00,35.482426
2024-03-15 19:00:00,36.837685
2024-03-15 20:00:00,39.806297
2024-03-15 21:00:00,45.73617
2024-03-15 22:00:00,68.90034
2024-03-15 23:00:00,66.20828
2024-03-16 00:00:00,66.04733
2024-03-16 01:00:00,61.986183
2024-03-16 02:00:00,67.36107
2024-03-16 03:00:00,111.613014
2024-03-16 04:00:00,218.38908
2024-03-16 05:00:00,472.1981
2024-03-16 06:00:00,799.97266
2024-03-16 07:00:00,1134.2222
2024-03-16 08:00:00,1316.5658
2024-03-16 09:00:00,1369.437
2024-03-16 10:00:00,1453.2247
2024-03-16 11:00:00,1444.2249
2024-03-16 12:00:00,259.35574
2024-03-16 13:00:00,73.45557
2024-03-16 14:00:00,48.983692
2024-03-16 15:00:00,39.235584
2024-03-16 16:00:00,36.378944
2024-03-16 17:00:00,38.530167
2024-03-16 18:00:00,43.624443
2024-03-16 19:00:00,48.6136
2024-03-16 20:00:00,52.51623
2024-03-16 21:00:00,56.301937
2024-03-16 22:00:00,58.61485
2024-03-16 23:00:00,51.161423
2024-03-17 00:00:00,46.042248
2024-03-17 01:00:00,41.62512
2024-03-17 02:00:00,51.71545
2024-03-17 03:00:00,95.742775
2024-03-17 04:00:00,175.89894
2024-03-17 05:00:00,440.25177
2024-03-17 06:00:00,922.7103
2024-03-17 07:00:00,1184.9429
2024-03-17 08:00:00,1346.7021
2024-03-17 09:00:00,1486.0073
2024-03-17 10:00:00,1540.1753
2024-03-17 11:00:00,1506.1044
2024-03-17 12:00:00,407.45645
2024-03-17 13:00:00,76.428
2024-03-17 14:00:00,46.625244
2024-03-17 15:00:00,37.53022
2024-03-17 16:00:00,31.295063
2024-03-17 17:00:00,30.066145
2024-03-17 18:00:00,31.457188
2024-03-17 19:00:00,36.11351
2024-03-17 20:00:00,40.87323
2024-03-17 21:00:00,46.980297
2024-03-17 22:00:00,73.20633
2024-03-17 23:00:00,61.84871
2024-03-18 00:00:00,53.797592
2024-03-18 01:00:00,49.494247
2024-03-18 02:00:00,59.131054
2024-03-18 03:00:00,113.372406
2024-03-18 04:00:00,220.04198
2024-03-18 05:00:00,517.1688
2024-03-18 06:00:00,1122.6027
2024-03-18 07:00:00,1363.9996
2024-03-18 08:00:00,1526.1069
2024-03-18 09:00:00,1658.3733
2024-03-18 10:00:00,1743.0056
2024-03-18 11:00:00,1711.6609
2024-03-18 12:00:00,646.5174
2024-03-18 13:00:00,83.93053
2024-03-18 14:00:00,43.54714
2024-03-18 15:00:00,31.592651
2024-03-18 16:00:00,26.818327
2024-03-18 17:00:00,23.413036
2024-03-18 18:00:00,23.850422
2024-03-18 19:00:00,29.004091
2024-03-18 20:00:00,31.394829
2024-03-18 21:00:00,32.237103
2024-03-18 22:00:00,28.721807
2024-03-18 23:00:00,30.673555
2024-03-19 00:00:00,35.701622
2024-03-19 01:00:00,38.54622
2024-03-19 02:00:00,43.93645
2024-03-19 03:00:00,85.98186
2024-03-19 04:00:00,207.1531
2024-03-19 05:00:00,569.72437
2024-03-19 06:00:00,1162.96
2024-03-19 07:00:00,1572.5454
2024-03-19 08:00:00,2149.0596
2024-03-19 09:00:00,2446.2644
2024-03-19 10:00:00,2122.507
2024-03-19 11:00:00,2029.4419
2024-03-19 12:00:00,437.621
2024-03-19 13:00:00,107.02435
2024-03-19 14:00:00,80.905014
2024-03-19 15:00:00,63.33091
2024-03-19 16:00:00,44.669975
2024-03-19 17:00:00,35.286617
2024-03-19 18:00:00,31.020718
2024-03-19 19:00:00,33.076714
2024-03-19 20:00:00,38.567917
2024-03-19 21:00:00,43.262554
2024-03-19 22:00:00,50.770607
2024-03-19 23:00:00,50.94254
2024-03-20 00:00:00,43.832035
2024-03-20 01:00:00,40.045708
2024-03-20 02:00:00,54.51535
2024-03-20 03:00:00,105.18366
2024-03-20 04:00:00,197.27618
2024-03-20 05:00:00,525.52563
2024-03-20 06:00:00,1133.7422
2024-03-20 07:00:00,1558.1527
2024-03-20 08:00:00,1712.2834
2024-03-20 09:00:00,1789.8616
2024-03-20 10:00:00,2020.5652
2024-03-20 11:00:00,1956.2747
2024-03-20 12:00:00,267.46753
2024-03-20 13:00:00,72.245575
2024-03-20 14:00:00,43.020145
2024-03-20 15:00:00,40.464725
2024-03-20 16:00:00,40.982094
2024-03-20 17:00:00,45.262657
2024-03-20 18:00:00,49.80863
2024-03-20 19:00:00,52.106014
2024-03-20 20:00:00,52.315453
2024-03-20 21:00:00,64.18198
2024-03-20 22:00:00,126.3395
2024-03-20 23:00:00,185.59384
2024-03-21 00:00:00,233.12688
2024-03-21 01:00:00,263.203
2024-03-21 02:00:00,316.43094
2024-03-21 03:00:00,372.96606
2024-03-21 04:00:00,463.67953
2024-03-21 05:00:00,567.96094
2024-03-21 06:00:00,700.2463
2024-03-21 07:00:00,900.88
2024-03-21 08:00:00,1191.5063
2024-03-21 09:00:00,1461.6222
2024-03-21 10:00:00,1397.5149
2024-03-21 11:00:00,1324.1997
2024-03-21 12:00:00,579.82983
2024-03-21 13:00:00,113.8301
2024-03-21 14:00:00,105.17557
2024-03-21 15:00:00,121.37771
2024-03-21 16:00:00,130.82668
2024-03-21 17:00:00,138.52423
2024-03-21 18:00:00,144.0439
2024-03-21 19:00:00,134.91913
2024-03-21 20:00:00,125.87002
2024-03-21 21:00:00,125.77122
2024-03-21 22:00:00,190.65305
2024-03-21 23:00:00,173.44623
2024-03-22 00:00:00,154.12758
2024-03-22 01:00:00,135.42143
2024-03-22 02:00:00,182.4027
2024-03-22 03:00:00,276.48712
2024-03-22 04:00:00,372.591
2024-03-22 05:00:00,512.3106
2024-03-22 06:00:00,730.2824
2024-03-22 07:00:00,984.0277
2024-03-22 08:00:00,1213.7125
2024-03-22 09:00:00,1426.8
2024-03-22 10:00:00,1964.605
2024-03-22 11:00:00,1772.2429
2024-03-22 12:00:00,196.01593
2024-03-22 13:00:00,85.6517
2024-03-22 14:00:00,66.604225
2024-03-22 15:00:00,60.413464
2024-03-22 16:00:00,51.276215
2024-03-22 17:00:00,44.110664
2024-03-22 18:00:00,42.226967
2024-03-22 19:00:00,44.63114
2024-03-22 20:00:00,50.626724
2024-03-22 21:00:00,55.005558
2024-03-22 22:00:00,85.98222
2024-03-22 23:00:00,69.56275
2024-03-23 00:00:00,56.782127
2024-03-23 01:00:00,51.33357
2024-03-23 02:00:00,69.30319
2024-03-23 03:00:00,144.344
2024-03-23 04:00:00,262.4731
2024-03-23 05:00:00,543.40814
2024-03-23 06:00:00,1019.58673
2024-03-23 07:00:00,1469.6892
2024-03-23 08:00:00,1832.9109
2024-03-23 09:00:00,2067.9412
2024-03-23 10:00:00,2461.0342
2024-03-23 11:00:00,2207.2498
2024-03-23 12:00:00,526.06396
2024-03-23 13:00:00,116.04748
2024-03-23 14:00:00,68.77936
2024-03-23 15:00:00,59.942974
2024-03-23 16:00:00,54.599586
2024-03-23 17:00:00,50.792503
2024-03-23 18:00:00,49.462208
2024-03-23 19:00:00,48.12532
2024-03-23 20:00:00,44.71122
2024-03-23 21:00:00,41.757347
2024-03-23 22:00:00,28.57818
2024-03-23 23:00:00,22.851835
2024-03-24 00:00:00,27.54874
2024-03-24 01:00:00,39.755062
2024-03-24 02:00:00,64.88381
2024-03-24 03:00:00,121.64966
2024-03-24 04:00:00,274.1032
2024-03-24 05:00:00,721.8811
2024-03-24 06:00:00,1047.9335
2024-03-24 07:00:00,1210.7317
2024-03-24 08:00:00,1300.5784
2024-03-24 09:00:00,1295.5476
2024-03-24 10:00:00,1185.8269
2024-03-24 11:00:00,835.7868
2024-03-24 12:00:00,569.95264
2024-03-24 13:00:00,226.26276
2024-03-24 14:00:00,71.40882
2024-03-24 15:00:00,43.388393
2024-03-24 16:00:00,31.890406
2024-03-24 17:00:00,25.916094
2024-03-24 18:00:00,22.070036
2024-03-24 19:00:00,17.111021
2024-03-24 20:00:00,15.598255
2024-03-24 21:00:00,18.317713
2024-03-24 22:00:00,36.09398
2024-03-24 23:00:00,48.332485
2024-03-25 00:00:00,57.177948
2024-03-25 01:00:00,66.56431
2024-03-25 02:00:00,97.36626
2024-03-25 03:00:00,176.70634
2024-03-25 04:00:00,352.16476
2024-03-25 05:00:00,848.8739
2024-03-25 06:00:00,1172.7888
2024-03-25 07:00:00,1372.2853
2024-03-25 08:00:00,1800.6501
2024-03-25 09:00:00,1997.7954
2024-03-25 10:00:00,2538.7498
2024-03-25 11:00:00,2414.089
2024-03-25 12:00:00,979.1094
2024-03-25 13:00:00,138.92558
2024-03-25 14:00:00,102.668274
2024-03-25 15:00:00,97.29457
2024-03-25 16:00:00,94.64493
2024-03-25 17:00:00,96.55942
2024-03-25 18:00:00,104.59476
2024-03-25 19:00:00,104.80686
2024-03-25 20:00:00,96.238144
2024-03-25 21:00:00,84.20801
2024-03-25 22:00:00,88.79014
2024-03-25 23:00:00,80.33338
2024-03-26 00:00:00,71.68504
2024-03-26 01:00:00,77.17731
2024-03-26 02:00:00,103.957794
2024-03-26 03:00:00,157.35599
2024-03-26 04:00:00,266.08655
2024-03-26 05:00:00,517.8961
2024-03-26 06:00:00,967.19617
2024-03-26 07:00:00,1442.2323
2024-03-26 08:00:00,1736.0359
2024-03-26 09:00:00,1971.1791
2024-03-26 10:00:00,2065.1775
2024-03-26 11:00:00,1964.4337
2024-03-26 12:00:00,441.02118
2024-03-26 13:00:00,109.844406
2024-03-26 14:00:00,73.90448
2024-03-26 15:00:00,63.369354
2024-03-26 16:00:00,61.368046
2024-03-26 17:00:00,58.476254
2024-03-26 18:00:00,48.011944
2024-03-26 19:00:00,33.954765
2024-03-26 20:00:00,26.116322
2024-03-26 21:00:00,25.591282
2024-03-26 22:00:00,36.877323
2024-03-26 23:00:00,36.47759
2024-03-27 00:00:00,50.6245
2024-03-27 01:00:00,63.126408
2024-03-27 02:00:00,63.203163
2024-03-27 03:00:00,122.510506
2024-03-27 04:00:00,241.57652
2024-03-27 05:00:00,442.32712
2024-03-27 06:00:00,711.8976
2024-03-27 07:00:00,1035.7834
2024-03-27 08:00:00,1301.2633
2024-03-27 09:00:00,1448.6903
2024-03-27 10:00:00,2781.7642
2024-03-27 11:00:00,2476.0444
2024-03-27 12:00:00,734.2446
2024-03-27 13:00:00,178.73967
2024-03-27 14:00:00,144.79463
2024-03-27 15:00:00,166.07135
2024-03-27 16:00:00,192.74866
2024-03-27 17:00:00,180.83769
2024-03-27 18:00:00,121.86257
2024-03-27 19:00:00,69.428185
2024-03-27 20:00:00,54.750683
2024-03-27 21:00:00,53.37073
2024-03-27 22:00:00,81.10051
2024-03-27 23:00:00,98.35945
2024-03-28 00:00:00,93.081474
2024-03-28 01:00:00,80.87833
2024-03-28 02:00:00,104.996445
2024-03-28 03:00:00,155.8197
2024-03-28 04:00:00,226.47075
2024-03-28 05:00:00,329.66193
2024-03-28 06:00:00,484.2268
2024-03-28 07:00:00,761.59875
2024-03-28 08:00:00,1121.7612
2024-03-28 09:00:00,1390.3839
2024-03-28 10:00:00,1529.9089
2024-03-28 11:00:00,1189.13
2024-03-28 12:00:00,296.59824
2024-03-28 13:00:00,182.76414
2024-03-28 14:00:00,214.1706
2024-03-28 15:00:00,272.90958
2024-03-28 16:00:00,278.0954
2024-03-28 17:00:00,205.5799
2024-03-28 18:00:00,108.05912
2024-03-28 19:00:00,62.611343
2024-03-28 20:00:00,49.97948
2024-03-28 21:00:00,49.922684
2024-03-28 22:00:00,51.802086
2024-03-28 23:00:00,53.198097
2024-03-29 00:00:00,53.01821
2024-03-29 01:00:00,50.350876
2024-03-29 02:00:00,72.03236
2024-03-29 03:00:00,127.28166
2024-03-29 04:00:00,234.03746
2024-03-29 05:00:00,392.0501
2024-03-29 06:00:00,585.0269
2024-03-29 07:00:00,829.12213
2024-03-29 08:00:00,1089.6047
2024-03-29 09:00:00,1323.4341
2024-03-29 10:00:00,1402.2946
2024-03-29 11:00:00,814.7049
2024-03-29 12:00:00,305.6235
2024-03-29 13:00:00,132.15762
2024-03-29 14:00:00,117.73618
2024-03-29 15:00:00,101.6937
2024-03-29 16:00:00,75.13831
2024-03-29 17:00:00,62.21742
2024-03-29 18:00:00,68.50317
2024-03-29 19:00:00,90.247795
2024-03-29 20:00:00,116.49625
2024-03-29 21:00:00,117.079094
2024-03-29 22:00:00,296.14276
2024-03-29 23:00:00,243.94852
2024-03-30 00:00:00,208.22571
2024-03-30 01:00:00,225.73979
2024-03-30 02:00:00,299.1651
2024-03-30 03:00:00,438.86658
2024-03-30 04:00:00,570.57104
2024-03-30 05:00:00,712.34656
2024-03-30 06:00:00,934.14026
2024-03-30 07:00:00,1305.981
2024-03-30 08:00:00,1686.2538
2024-03-30 09:00:00,2065.75
2024-03-30 10:00:00,2594.416
2024-03-30 11:00:00,1065.3206
2024-03-30 12:00:00,396.31583
2024-03-30 13:00:00,98.041504
2024-03-30 14:00:00,155.87941
2024-03-30 15:00:00,188.63171
2024-03-30 16:00:00,169.49467
2024-03-30 17:00:00,113.31621
2024-03-30 18:00:00,68.06201
2024-03-30 19:00:00,46.9078
2024-03-30 20:00:00,43.049908
2024-03-30 21:00:00,44.3513
2024-03-30 22:00:00,29.932093
2024-03-30 23:00:00,34.473915
2024-03-31 00:00:00,54.065273
2024-03-31 01:00:00,77.37228
2024-03-31 02:00:00,132.43602
2024-03-31 03:00:00,223.87222
2024-03-31 04:00:00,343.6251
2024-03-31 05:00:00,525.1182
2024-03-31 06:00:00,1651.0046
2024-03-31 07:00:00,2566.5781
2024-03-31 08:00:00,2676.568
2024-03-31 09:00:00,2759.628
2024-03-31 10:00:00,3018.3506
2024-03-31 11:00:00,2784.2
2024-03-31 12:00:00,1309.8785
2024-03-31 13:00:00,257.69495
2024-03-31 14:00:00,211.90749
2024-03-31 15:00:00,248.18732
2024-03-31 16:00:00,286.64
2024-03-31 17:00:00,304.14987
2024-03-31 18:00:00,298.43698
2024-03-31 19:00:00,277.0102
2024-03-31 20:00:00,244.68626
2024-03-31 21:00:00,215.09732
2024-03-31 22:00:00,176.60477
2024-03-31 23:00:00,145.18494
2024-04-01 00:00:00,126.25901
2024-04-01 01:00:00,132.06036
2024-04-01 02:00:00,197.03815
2024-04-01 03:00:00,281.52765
2024-04-01 04:00:00,412.41684
2024-04-01 05:00:00,881.3059
2024-04-01 06:00:00,1385.7041
2024-04-01 07:00:00,1549.2686
2024-04-01 08:00:00,1695.6825
2024-04-01 09:00:00,1827.6211
2024-04-01 10:00:00,2065.8677
2024-04-01 11:00:00,1991.6752
2024-04-01 12:00:00,1573.814
2024-04-01 13:00:00,186.7355
2024-04-01 14:00:00,89.117424
2024-04-01 15:00:00,73.39433
2024-04-01 16:00:00,77.30315
2024-04-01 17:00:00,83.36192
2024-04-01 18:00:00,90.67206
2024-04-01 19:00:00,97.048645
2024-04-01 20:00:00,101.26035
2024-04-01 21:00:00,97.53498
2024-04-01 22:00:00,88.44163
2024-04-01 23:00:00,78.59944
2024-04-02 00:00:00,77.53688
2024-04-02 01:00:00,77.586784
2024-04-02 02:00:00,121.795265
2024-04-02 03:00:00,231.14413
2024-04-02 04:00:00,481.19598
2024-04-02 05:00:00,732.2689
2024-04-02 06:00:00,1196.0999
2024-04-02 07:00:00,1744.2649
2024-04-02 08:00:00,2002.2908
2024-04-02 09:00:00,2117.1914
2024-04-02 10:00:00,2430.9397
2024-04-02 11:00:00,2345.5027
2024-04-02 12:00:00,950.67596
2024-04-02 13:00:00,134.95953
2024-04-02 14:00:00,82.24184
2024-04-02 15:00:00,77.40108
2024-04-02 16:00:00,75.35972
2024-04-02 17:00:00,72.99764
2024-04-02 18:00:00,68.891975
2024-04-02 19:00:00,64.291565
2024-04-02 20:00:00,58.344654
2024-04-02 21:00:00,54.84501
2024-04-02 22:00:00,50.88178
2024-04-02 23:00:00,32.677402
2024-04-03 00:00:00,23.065283
2024-04-03 01:00:00,23.937176
2024-04-03 02:00:00,39.02391
2024-04-03 03:00:00,92.08287
2024-04-03 04:00:00,177.1587
2024-04-03 05:00:00,285.97968
2024-04-03 06:00:00,509.8608
2024-04-03 07:00:00,849.36096
2024-04-03 08:00:00,1387.5004
2024-04-03 09:00:00,1725.6832
2024-04-03 10:00:00,2991.144
2024-04-03 11:00:00,2332.8062
2024-04-03 12:00:00,255.75517
2024-04-03 13:00:00,126.73016
2024-04-03 14:00:00,133.43639
2024-04-03 15:00:00,136.27023
2024-04-03 16:00:00,136.1816
2024-04-03 17:00:00,151.95032
2024-04-03 18:00:00,154.48795
2024-04-03 19:00:00,131.64897
2024-04-03 20:00:00,94.72734
2024-04-03 21:00:00,71.314064
2024-04-03 22:00:00,74.91778
2024-04-03 23:00:00,67.92861
2024-04-04 00:00:00,59.465668
2024-04-04 01:00:00,44.39225
2024-04-04 02:00:00,45.07631
2024-04-04 03:00:00,113.39382
2024-04-04 04:00:00,234.7802
2024-04-04 05:00:00,758.28326
2024-04-04 06:00:00,2382.743
2024-04-04 07:00:00,2938.4834
2024-04-04 08:00:00,3216.1382
2024-04-04 09:00:00,3229.6206
2024-04-04 10:00:00,3497.7434
2024-04-04 11:00:00,3332.8447
2024-04-04 12:00:00,335.67886
2024-04-04 13:00:00,75.10767
2024-04-04 14:00:00,52.377724
2024-04-04 15:00:00,63.9662
2024-04-04 16:00:00,89.84595
2024-04-04 17:00:00,123.96658
2024-04-04 18:00:00,145.27618
2024-04-04 19:00:00,137.16568
2024-04-04 20:00:00,110.41597
2024-04-04 21:00:00,100.35239
2024-04-04 22:00:00,62.61079
2024-04-04 23:00:00,60.516953
2024-04-05 00:00:00,64.35088
2024-04-05 01:00:00,60.744125
2024-04-05 02:00:00,90.666756
2024-04-05 03:00:00,167.80307
2024-04-05 04:00:00,441.6527
2024-04-05 05:00:00,1376.0884
2024-04-05 06:00:00,1995.7375
2024-04-05 07:00:00,2723.6064
2024-04-05 08:00:00,3190.6082
2024-04-05 09:00:00,3032.52
2024-04-05 10:00:00,3153.0938
2024-04-05 11:00:00,2923.507
2024-04-05 12:00:00,1251.7002
2024-04-05 13:00:00,193.1255
2024-04-05 14:00:00,107.329895
2024-04-05 15:00:00,84.73747
2024-04-05 16:00:00,80.45507
2024-04-05 17:00:00,87.50673
2024-04-05 18:00:00,100.9412
2024-04-05 19:00:00,114.32568
2024-04-05 20:00:00,115.88508
2024-04-05 21:00:00,112.56258
2024-04-05 22:00:00,56.199116
2024-04-05 23:00:00,53.180965
2024-04-06 00:00:00,54.58787
2024-04-06 01:00:00,58.80326
2024-04-06 02:00:00,92.67886
2024-04-06 03:00:00,188.25037
2024-04-06 04:00:00,352.3214
2024-04-06 05:00:00,692.9905
2024-04-06 06:00:00,1693.2484
2024-04-06 07:00:00,2820.7778
2024-04-06 08:00:00,3039.9524
2024-04-06 09:00:00,3027.1284
2024-04-06 10:00:00,3187.2615
2024-04-06 11:00:00,3103.8284
2024-04-06 12:00:00,1606.5374
2024-04-06 13:00:00,174.21793
2024-04-06 14:00:00,107.26116
2024-04-06 15:00:00,91.812965
2024-04-06 16:00:00,80.085815
2024-04-06 17:00:00,67.65267
2024-04-06 18:00:00,62.368282
2024-04-06 19:00:00,63.11
2024-04-06 20:00:00,62.87014
2024-04-06 21:00:00,58.212154
2024-04-06 22:00:00,45.84745
2024-04-06 23:00:00,39.88097
2024-04-07 00:00:00,37.765137
2024-04-07 01:00:00,36.178806
2024-04-07 02:00:00,50.902832
2024-04-07 03:00:00,115.128815
2024-04-07 04:00:00,309.47263
2024-04-07 05:00:00,1630.1891
2024-04-07 06:00:00,2296.37
2024-04-07 07:00:00,2490.085
2024-04-07 08:00:00,2656.992
2024-04-07 09:00:00,2782.8613
2024-04-07 10:00:00,3269.6362
2024-04-07 11:00:00,3155.6045
2024-04-07 12:00:00,897.40436
2024-04-07 13:00:00,73.875824
2024-04-07 14:00:00,45.120277
2024-04-07 15:00:00,49.657627
2024-04-07 16:00:00,58.138073
2024-04-07 17:00:00,60.508778
2024-04-07 18:00:00,53.9272
2024-04-07 19:00:00,41.458427
2024-04-07 20:00:00,26.993147
2024-04-07 21:00:00,21.766521
2024-04-07 22:00:00,21.027458
2024-04-07 23:00:00,22.372608
2024-04-08 00:00:00,26.128592
2024-04-08 01:00:00,30.06189
2024-04-08 02:00:00,48.551598
2024-04-08 03:00:00,107.39761
2024-04-08 04:00:00,239.8879
2024-04-08 05:00:00,592.5365
2024-04-08 06:00:00,2220.8833
2024-04-08 07:00:00,3261.3013
2024-04-08 08:00:00,3651.116
2024-04-08 09:00:00,3796.9275
2024-04-08 10:00:00,4086.6045
2024-04-08 11:00:00,3757.5054
2024-04-08 12:00:00,736.9761
2024-04-08 13:00:00,164.04242
2024-04-08 14:00:00,133.99805
2024-04-08 15:00:00,141.2088
2024-04-08 16:00:00,131.75134
2024-04-08 17:00:00,96.67061
2024-04-08 18:00:00,62.071945
2024-04-08 19:00:00,40.779316
2024-04-08 20:00:00,26.124384
2024-04-08 21:00:00,17.001558
2024-04-08 22:00:00,20.125612
2024-04-08 23:00:00,15.51338
2024-04-09 00:00:00,19.061312
2024-04-09 01:00:00,21.866661
2024-04-09 02:00:00,30.295639
2024-04-09 03:00:00,87.27057
2024-04-09 04:00:00,192.71706
2024-04-09 05:00:00,367.43048
2024-04-09 06:00:00,795.8828
2024-04-09 07:00:00,1648.2892
2024-04-09 08:00:00,2548.5835
2024-04-09 09:00:00,3356.539
2024-04-09 10:00:00,4581.6587
2024-04-09 11:00:00,4122.743
2024-04-09 12:00:00,514.2391
2024-04-09 13:00:00,147.6081
2024-04-09 14:00:00,103.68471
2024-04-09 15:00:00,97.74878
2024-04-09 16:00:00,88.46446
2024-04-09 17:00:00,75.94545
2024-04-09 18:00:00,65.02589
2024-04-09 19:00:00,53.21251
2024-04-09 20:00:00,41.415073
2024-04-09 21:00:00,30.057663
2024-04-09 22:00:00,33.49897
2024-04-09 23:00:00,32.6424
2024-04-10 00:00:00,30.26292
2024-04-10 01:00:00,32.192368
2024-04-10 02:00:00,37.733353
2024-04-10 03:00:00,106.12722
2024-04-10 04:00:00,235.01184
2024-04-10 05:00:00,419.40518
2024-04-10 06:00:00,690.57947
2024-04-10 07:00:00,1788.5259
2024-04-10 08:00:00,2986.93
2024-04-10 09:00:00,3556.2476
2024-04-10 10:00:00,3226.6062
2024-04-10 11:00:00,1432.6637
2024-04-10 12:00:00,263.13574
2024-04-10 13:00:00,87.70617
2024-04-10 14:00:00,62.40959
2024-04-10 15:00:00,62.24527
2024-04-10 16:00:00,57.068325
2024-04-10 17:00:00,52.443382
2024-04-10 18:00:00,40.821747
2024-04-10 19:00:00,30.480093
2024-04-10 20:00:00,32.570786
2024-04-10 21:00:00,36.17575
2024-04-10 22:00:00,26.822271
2024-04-10 23:00:00,35.395863
2024-04-11 00:00:00,43.198273
2024-04-11 01:00:00,51.109352
2024-04-11 02:00:00,70.60569
2024-04-11 03:00:00,151.37086
2024-04-11 04:00:00,323.36676
2024-04-11 05:00:00,551.00024
2024-04-11 06:00:00,877.6758
2024-04-11 07:00:00,1710.4336
2024-04-11 08:00:00,3480.1924
2024-04-11 09:00:00,3729.2158
2024-04-11 10:00:00,3871.0825
2024-04-11 11:00:00,2750.2712
2024-04-11 12:00:00,692.86255
2024-04-11 13:00:00,129.24165
2024-04-11 14:00:00,108.66884
2024-04-11 15:00:00,87.52385
2024-04-11 16:00:00,60.59193
2024-04-11 17:00:00,50.109432
2024-04-11 18:00:00,45.69895
2024-04-11 19:00:00,48.873104
2024-04-11 20:00:00,47.177425
2024-04-11 21:00:00,43.06498
2024-04-11 22:00:00,35.53091
2024-04-11 23:00:00,49.31961
2024-04-12 00:00:00,58.858566
2024-04-12 01:00:00,65.028496
2024-04-12 02:00:00,99.24926
2024-04-12 03:00:00,189.10068
2024-04-12 04:00:00,338.8368
2024-04-12 05:00:00,625.2189
2024-04-12 06:00:00,1607.7749
2024-04-12 07:00:00,3335.423
2024-04-12 08:00:00,3624.5535
2024-04-12 09:00:00,3700.6045
2024-04-12 10:00:00,3914.5967
2024-04-12 11:00:00,3503.3926
2024-04-12 12:00:00,1032.7537
2024-04-12 13:00:00,160.1964
2024-04-12 14:00:00,136.68564
2024-04-12 15:00:00,135.29613
2024-04-12 16:00:00,102.4641
2024-04-12 17:00:00,76.69989
2024-04-12 18:00:00,61.359745
2024-04-12 19:00:00,55.4254
2024-04-12 20:00:00,58.466362
2024-04-12 21:00:00,59.107975
2024-04-12 22:00:00,131.7888
2024-04-12 23:00:00,124.75488
2024-04-13 00:00:00,112.09022
2024-04-13 01:00:00,99.92564
2024-04-13 02:00:00,145.86804
2024-04-13 03:00:00,246.83273
2024-04-13 04:00:00,391.9928
2024-04-13 05:00:00,719.89124
2024-04-13 06:00:00,1532.7784
2024-04-13 07:00:00,2570.3792
2024-04-13 08:00:00,2391.1152
2024-04-13 09:00:00,2186.9617
2024-04-13 10:00:00,1291.4606
2024-04-13 11:00:00,1215.0216
2024-04-13 12:00:00,332.1112
2024-04-13 13:00:00,197.459
2024-04-13 14:00:00,139.71971
2024-04-13 15:00:00,106.03117
2024-04-13 16:00:00,96.991905
2024-04-13 17:00:00,118.05933
2024-04-13 18:00:00,164.07137
2024-04-13 19:00:00,212.82098
2024-04-13 20:00:00,253.72235
2024-04-13 21:00:00,259.8355
2024-04-13 22:00:00,206.98547
2024-04-13 23:00:00,130.95314
2024-04-14 00:00:00,133.99486
2024-04-14 01:00:00,154.78793
2024-04-14 02:00:00,214.02489
2024-04-14 03:00:00,250.34319
2024-04-14 04:00:00,302.8888
2024-04-14 05:00:00,446.496
2024-04-14 06:00:00,764.8907
2024-04-14 07:00:00,1075.2688
2024-04-14 08:00:00,1375.5175
2024-04-14 09:00:00,1644.8605
2024-04-14 10:00:00,1213.663
2024-04-14 11:00:00,938.00354
2024-04-14 12:00:00,802.81604
2024-04-14 13:00:00,477.5889
2024-04-14 14:00:00,178.77959
2024-04-14 15:00:00,134.13396
2024-04-14 16:00:00,95.30751
2024-04-14 17:00:00,80.37942
2024-04-14 18:00:00,72.89557
2024-04-14 19:00:00,68.12063
2024-04-14 20:00:00,61.145977
2024-04-14 21:00:00,60.251167
2024-04-14 22:00:00,50.15259
2024-04-14 23:00:00,65.78031
2024-04-15 00:00:00,64.35484
2024-04-15 01:00:00,56.681347
2024-04-15 02:00:00,74.345245
2024-04-15 03:00:00,159.8732
2024-04-15 04:00:00,501.19363
2024-04-15 05:00:00,1244.7267
2024-04-15 06:00:00,1901.3824
2024-04-15 07:00:00,2364.3066
2024-04-15 08:00:00,2578.0986
2024-04-15 09:00:00,2550.172
2024-04-15 10:00:00,2479.103
2024-04-15 11:00:00,2233.3223
2024-04-15 12:00:00,1170.8391
2024-04-15 13:00:00,180.81822
2024-04-15 14:00:00,75.60279
2024-04-15 15:00:00,54.959663
2024-04-15 16:00:00,40.55274
2024-04-15 17:00:00,36.979015
2024-04-15 18:00:00,43.2027
2024-04-15 19:00:00,63.20122
2024-04-15 20:00:00,95.92092
2024-04-15 21:00:00,120.29275
2024-04-15 22:00:00,107.831856
2024-04-15 23:00:00,117.90751
2024-04-16 00:00:00,127.391785
2024-04-16 01:00:00,142.33658
2024-04-16 02:00:00,181.16484
2024-04-16 03:00:00,280.48685
2024-04-16 04:00:00,829.5895
2024-04-16 05:00:00,1819.1664
2024-04-16 06:00:00,2154.8076
2024-04-16 07:00:00,2286.212
2024-04-16 08:00:00,2355.3516
2024-04-16 09:00:00,2402.6326
2024-04-16 10:00:00,2569.1453
2024-04-16 11:00:00,2546.8003
2024-04-16 12:00:00,2358.2869
2024-04-16 13:00:00,452.6207
2024-04-16 14:00:00,237.3835
2024-04-16 15:00:00,227.15492
2024-04-16 16:00:00,270.3916
2024-04-16 17:00:00,325.96698
2024-04-16 18:00:00,350.08606
2024-04-16 19:00:00,344.7057
2024-04-16 20:00:00,327.00513
2024-04-16 21:00:00,295.04056
2024-04-16 22:00:00,304.38086
2024-04-16 23:00:00,279.95282
2024-04-17 00:00:00,262.07343
2024-04-17 01:00:00,245.69928
2024-04-17 02:00:00,339.39023
2024-04-17 03:00:00,634.6156
2024-04-17 04:00:00,932.2547
2024-04-17 05:00:00,1145.6357
2024-04-17 06:00:00,1402.658
2024-04-17 07:00:00,1666.838
2024-04-17 08:00:00,1866.404
2024-04-17 09:00:00,2008.8063
2024-04-17 10:00:00,2104.1973
2024-04-17 11:00:00,2072.9668
2024-04-17 12:00:00,1956.5948
2024-04-17 13:00:00,841.26135
2024-04-17 14:00:00,485.16724
2024-04-17 15:00:00,344.78845
2024-04-17 16:00:00,220.7795
2024-04-17 17:00:00,204.34053
2024-04-17 18:00:00,182.5438
2024-04-17 19:00:00,173.38559
2024-04-17 20:00:00,168.5159
2024-04-17 21:00:00,155.08215
2024-04-17 22:00:00,140.33931
2024-04-17 23:00:00,110.451584
2024-04-18 00:00:00,90.58349
2024-04-18 01:00:00,85.69576
2024-04-18 02:00:00,145.79112
2024-04-18 03:00:00,297.4898
2024-04-18 04:00:00,623.1227
2024-04-18 05:00:00,1290.7125
2024-04-18 06:00:00,1917.2769
2024-04-18 07:00:00,2344.2139
2024-04-18 08:00:00,2452.1882
2024-04-18 09:00:00,2613.9907
2024-04-18 10:00:00,3328.8818
2024-04-18 11:00:00,3418.7686
2024-04-18 12:00:00,1903.8254
2024-04-18 13:00:00,190.23904
2024-04-18 14:00:00,199.42564
2024-04-18 15:00:00,242.9036
2024-04-18 16:00:00,306.0615
2024-04-18 17:00:00,444.12
2024-04-18 18:00:00,360.89465
2024-04-18 19:00:00,162.92603
2024-04-18 20:00:00,85.72925
2024-04-18 21:00:00,91.30263
2024-04-18 22:00:00,146.98303
2024-04-18 23:00:00,203.98836
2024-04-19 00:00:00,210.20596
2024-04-19 01:00:00,208.8975
2024-04-19 02:00:00,302.65994
2024-04-19 03:00:00,436.77264
2024-04-19 04:00:00,700.0882
2024-04-19 05:00:00,1734.2482
2024-04-19 06:00:00,2283.894
2024-04-19 07:00:00,2449.5808
2024-04-19 08:00:00,2722.5444
2024-04-19 09:00:00,3097.0032
2024-04-19 10:00:00,3820.8892
2024-04-19 11:00:00,3697.4639
2024-04-19 12:00:00,1208.5919
2024-04-19 13:00:00,243.94121
2024-04-19 14:00:00,90.14349
2024-04-19 15:00:00,75.04845
2024-04-19 16:00:00,93.53161
2024-04-19 17:00:00,122.345695
2024-04-19 18:00:00,138.59137
2024-04-19 19:00:00,142.15479
2024-04-19 20:00:00,134.49951
2024-04-19 21:00:00,105.213776
2024-04-19 22:00:00,88.07812
2024-04-19 23:00:00,50.094746
2024-04-20 00:00:00,43.03181
2024-04-20 01:00:00,55.838932
2024-04-20 02:00:00,113.280106
2024-04-20 03:00:00,220.85701
2024-04-20 04:00:00,1101.3553
2024-04-20 05:00:00,2796.536
2024-04-20 06:00:00,2979.485
2024-04-20 07:00:00,3124.8843
2024-04-20 08:00:00,3288.4275
2024-04-20 09:00:00,3422.7966
2024-04-20 10:00:00,3476.9026
2024-04-20 11:00:00,3243.193
2024-04-20 12:00:00,2469.494
2024-04-20 13:00:00,397.9798
2024-04-20 14:00:00,218.73813
2024-04-20 15:00:00,278.04797
2024-04-20 16:00:00,386.16
2024-04-20 17:00:00,427.37277
2024-04-20 18:00:00,352.70126
2024-04-20 19:00:00,292.05396
2024-04-20 20:00:00,241.35713
2024-04-20 21:00:00,231.0532
2024-04-20 22:00:00,199.7586
2024-04-20 23:00:00,179.11789
2024-04-21 00:00:00,185.1242
2024-04-21 01:00:00,212.04066
2024-04-21 02:00:00,306.79407
2024-04-21 03:00:00,445.61835
2024-04-21 04:00:00,780.368
2024-04-21 05:00:00,2088.0913
2024-04-21 06:00:00,2683.1064
2024-04-21 07:00:00,2802.5576
2024-04-21 08:00:00,3035.106
2024-04-21 09:00:00,3211.2742
2024-04-21 10:00:00,3198.5981
2024-04-21 11:00:00,3148.999
2024-04-21 12:00:00,2828.5337
2024-04-21 13:00:00,387.0326
2024-04-21 14:00:00,167.6125
2024-04-21 15:00:00,131.0841
2024-04-21 16:00:00,109.82972
2024-04-21 17:00:00,102.83872
2024-04-21 18:00:00,119.16677
2024-04-21 19:00:00,133.67804
2024-04-21 20:00:00,123.47991
2024-04-21 21:00:00,105.2837
2024-04-21 22:00:00,165.18057
2024-04-21 23:00:00,196.40494
2024-04-22 00:00:00,173.73463
2024-04-22 01:00:00,122.21645
2024-04-22 02:00:00,128.2195
2024-04-22 03:00:00,240.88419
2024-04-22 04:00:00,867.4749
2024-04-22 05:00:00,1670.8146
2024-04-22 06:00:00,3122.3325
2024-04-22 07:00:00,3349.2737
2024-04-22 08:00:00,3478.2744
2024-04-22 09:00:00,3548.6965
2024-04-22 10:00:00,3996.8535
2024-04-22 11:00:00,3820.7124
2024-04-22 12:00:00,2500.604
2024-04-22 13:00:00,203.79097
2024-04-22 14:00:00,82.77081
2024-04-22 15:00:00,67.02163
2024-04-22 16:00:00,65.1757
2024-04-22 17:00:00,64.107506
2024-04-22 18:00:00,60.70912
2024-04-22 19:00:00,63.01114
2024-04-22 20:00:00,64.845345
2024-04-22 21:00:00,64.20359
2024-04-22 22:00:00,41.197422
2024-04-22 23:00:00,45.889584
2024-04-23 00:00:00,53.574184
2024-04-23 01:00:00,66.96941
2024-04-23 02:00:00,122.17072
2024-04-23 03:00:00,222.75156
2024-04-23 04:00:00,394.0018
2024-04-23 05:00:00,825.4803
2024-04-23 06:00:00,3260.745
2024-04-23 07:00:00,3672.8284
2024-04-23 08:00:00,3882.565
2024-04-23 09:00:00,4008.1284
2024-04-23 10:00:00,3158.5613
2024-04-23 11:00:00,1855.7937
2024-04-23 12:00:00,1317.8215
2024-04-23 13:00:00,449.1084
2024-04-23 14:00:00,207.65024
2024-04-23 15:00:00,109.48597
2024-04-23 16:00:00,66.891205
2024-04-23 17:00:00,43.743027
2024-04-23 18:00:00,35.363266
2024-04-23 19:00:00,36.67569
2024-04-23 20:00:00,38.65234
2024-04-23 21:00:00,38.107227
2024-04-23 22:00:00,32.167015
2024-04-23 23:00:00,32.022873
2024-04-24 00:00:00,33.993004
2024-04-24 01:00:00,37.34645
2024-04-24 02:00:00,74.87189
2024-04-24 03:00:00,195.58957
2024-04-24 04:00:00,547.1731
2024-04-24 05:00:00,1377.5359
2024-04-24 06:00:00,2747.7278
2024-04-24 07:00:00,3193.8223
2024-04-24 08:00:00,3388.042
2024-04-24 09:00:00,3438.0046
2024-04-24 10:00:00,3605.9722
2024-04-24 11:00:00,3493.8865
2024-04-24 12:00:00,2926.1743
2024-04-24 13:00:00,233.20428
2024-04-24 14:00:00,86.25889
2024-04-24 15:00:00,73.92522
2024-04-24 16:00:00,77.00484
2024-04-24 17:00:00,81.83896
2024-04-24 18:00:00,78.12191
2024-04-24 19:00:00,63.825527
2024-04-24 20:00:00,47.716908
2024-04-24 21:00:00,38.25212
2024-04-24 22:00:00,54.39629
2024-04-24 23:00:00,45.657394
2024-04-25 00:00:00,42.72238
2024-04-25 01:00:00,44.64286
2024-04-25 02:00:00,80.72248
2024-04-25 03:00:00,158.53406
2024-04-25 04:00:00,383.32272
2024-04-25 05:00:00,905.1063
2024-04-25 06:00:00,1997.8577
2024-04-25 07:00:00,2793.7688
2024-04-25 08:00:00,3336.0078
2024-04-25 09:00:00,3560.3076
2024-04-25 10:00:00,3816.7778
2024-04-25 11:00:00,3639.5696
2024-04-25 12:00:00,2869.8394
2024-04-25 13:00:00,139.396
2024-04-25 14:00:00,54.6437
2024-04-25 15:00:00,44.726055
2024-04-25 16:00:00,48.270355
2024-04-25 17:00:00,56.820473
2024-04-25 18:00:00,73.99225
2024-04-25 19:00:00,86.01764
2024-04-25 20:00:00,89.32638
2024-04-25 21:00:00,79.35344
2024-04-25 22:00:00,110.90504
2024-04-25 23:00:00,63.29036
2024-04-26 00:00:00,23.23777
2024-04-26 01:00:00,27.928095
2024-04-26 02:00:00,68.24808
2024-04-26 03:00:00,154.2315
2024-04-26 04:00:00,301.67438
2024-04-26 05:00:00,809.6922
2024-04-26 06:00:00,1753.0077
2024-04-26 07:00:00,2916.7585
2024-04-26 08:00:00,3660.7634
2024-04-26 09:00:00,3647.9824
2024-04-26 10:00:00,2755.5852
2024-04-26 11:00:00,2211.8857
2024-04-26 12:00:00,643.37164
2024-04-26 13:00:00,263.64713
2024-04-26 14:00:00,124.024475
2024-04-26 15:00:00,114.42788
2024-04-26 16:00:00,163.29707
2024-04-26 17:00:00,227.67924
2024-04-26 18:00:00,282.76883
2024-04-26 19:00:00,322.6125
2024-04-26 20:00:00,339.92764
2024-04-26 21:00:00,325.47208
2024-04-26 22:00:00,213.99902
2024-04-26 23:00:00,235.2136
2024-04-27 00:00:00,229.89804
2024-04-27 01:00:00,247.7188
2024-04-27 02:00:00,334.9914
2024-04-27 03:00:00,407.615
2024-04-27 04:00:00,530.58307
2024-04-27 05:00:00,1007.8251
2024-04-27 06:00:00,3070.4634
2024-04-27 07:00:00,3500.8289
2024-04-27 08:00:00,3520.6829
2024-04-27 09:00:00,3645.57
2024-04-27 10:00:00,3456.936
2024-04-27 11:00:00,2998.5857
2024-04-27 12:00:00,2326.22
2024-04-27 13:00:00,380.14124
2024-04-27 14:00:00,198.57526
2024-04-27 15:00:00,201.15875
2024-04-27 16:00:00,223.18439
2024-04-27 17:00:00,233.86697
2024-04-27 18:00:00,213.3681
2024-04-27 19:00:00,164.56914
2024-04-27 20:00:00,118.8133
2024-04-27 21:00:00,86.02695
2024-04-27 22:00:00,75.524765
2024-04-27 23:00:00,57.008766
2024-04-28 00:00:00,54.291
2024-04-28 01:00:00,57.007416
2024-04-28 02:00:00,96.95731
2024-04-28 03:00:00,173.32794
2024-04-28 04:00:00,325.49405
2024-04-28 05:00:00,2791.9194
2024-04-28 06:00:00,3271.7563
2024-04-28 07:00:00,3375.7268
2024-04-28 08:00:00,3495.7493
2024-04-28 09:00:00,3593.529
2024-04-28 10:00:00,3911.3447
2024-04-28 11:00:00,3351.797
2024-04-28 12:00:00,2972.5068
2024-04-28 13:00:00,81.189255
2024-04-28 14:00:00,35.284435
2024-04-28 15:00:00,34.869278
2024-04-28 16:00:00,38.569454
2024-04-28 17:00:00,46.010098
2024-04-28 18:00:00,62.761585
2024-04-28 19:00:00,76.6375
2024-04-28 20:00:00,77.919586
2024-04-28 21:00:00,67.960304
2024-04-28 22:00:00,48.555634
2024-04-28 23:00:00,28.777199
2024-04-29 00:00:00,32.701717
2024-04-29 01:00:00,53.68808
2024-04-29 02:00:00,121.32707
2024-04-29 03:00:00,250.14455
2024-04-29 04:00:00,516.1115
2024-04-29 05:00:00,983.55133
2024-04-29 06:00:00,1915.0775
2024-04-29 07:00:00,2990.4524
2024-04-29 08:00:00,3219.27
2024-04-29 09:00:00,3218.633
2024-04-29 10:00:00,3247.6704
2024-04-29 11:00:00,2771.5269
2024-04-29 12:00:00,1443.6572
2024-04-29 13:00:00,593.839
2024-04-29 14:00:00,376.23328
2024-04-29 15:00:00,284.69556
2024-04-29 16:00:00,224.8863
2024-04-29 17:00:00,191.82088
2024-04-29 18:00:00,195.32556
2024-04-29 19:00:00,222.85773
2024-04-29 20:00:00,238.4871
2024-04-29 21:00:00,234.85503
2024-04-29 22:00:00,260.9271
2024-04-29 23:00:00,228.2023
2024-04-30 00:00:00,197.61824
2024-04-30 01:00:00,183.80927
2024-04-30 02:00:00,228.92508
2024-04-30 03:00:00,481.9146
2024-04-30 04:00:00,1272.575
2024-04-30 05:00:00,1501.2761
2024-04-30 06:00:00,1701.684
2024-04-30 07:00:00,1926.0898
2024-04-30 08:00:00,2124.893
2024-04-30 09:00:00,2294.3079
2024-04-30 10:00:00,2277.2512
2024-04-30 11:00:00,2277.4082
2024-04-30 12:00:00,2163.867
2024-04-30 13:00:00,306.75107
2024-04-30 14:00:00,102.42875
2024-04-30 15:00:00,56.18184
2024-04-30 16:00:00,39.94633
2024-04-30 17:00:00,35.03749
2024-04-30 18:00:00,75.6428
2024-04-30 19:00:00,189.90738
2024-04-30 20:00:00,250.05289
2024-04-30 21:00:00,263.31158
2024-04-30 22:00:00,280.95972
2024-04-30 23:00:00,260.20944
2024-05-01 00:00:00,244.6262
2024-05-01 01:00:00,250.61287
2024-05-01 02:00:00,296.5695
2024-05-01 03:00:00,466.40265
2024-05-01 04:00:00,988.8894
2024-05-01 05:00:00,1683.8782
2024-05-01 06:00:00,2137.8545
2024-05-01 07:00:00,2406.853
2024-05-01 08:00:00,2586.0818
2024-05-01 09:00:00,2712.9211
2024-05-01 10:00:00,2933.3525
2024-05-01 11:00:00,2950.7263
2024-05-01 12:00:00,2902.6843
2024-05-01 13:00:00,878.4155
2024-05-01 14:00:00,374.21194
2024-05-01 15:00:00,322.1086
2024-05-01 16:00:00,274.48862
2024-05-01 17:00:00,218.14078
2024-05-01 18:00:00,180.23003
2024-05-01 19:00:00,158.92503
2024-05-01 20:00:00,153.59483
2024-05-01 21:00:00,149.33867
2024-05-01 22:00:00,141.78159
2024-05-01 23:00:00,129.09805
2024-05-02 00:00:00,108.33829
2024-05-02 01:00:00,115.10911
2024-05-02 02:00:00,208.72156
2024-05-02 03:00:00,563.2366
2024-05-02 04:00:00,1022.6884
2024-05-02 05:00:00,1209.7281
2024-05-02 06:00:00,1410.9628
2024-05-02 07:00:00,1688.1566
2024-05-02 08:00:00,1962.9443
2024-05-02 09:00:00,2146.7634
2024-05-02 10:00:00,2286.7568
2024-05-02 11:00:00,2327.6624
2024-05-02 12:00:00,2286.6213
2024-05-02 13:00:00,229.82109
2024-05-02 14:00:00,97.3563
2024-05-02 15:00:00,66.83319
2024-05-02 16:00:00,65.93948
2024-05-02 17:00:00,68.52365
2024-05-02 18:00:00,73.874054
2024-05-02 19:00:00,84.44928
2024-05-02 20:00:00,90.60918
2024-05-02 21:00:00,91.7412
2024-05-02 22:00:00,85.51429
2024-05-02 23:00:00,84.89504
2024-05-03 00:00:00,67.88726
2024-05-03 01:00:00,64.48058
2024-05-03 02:00:00,111.57081
2024-05-03 03:00:00,232.83253
2024-05-03 04:00:00,765.94116
2024-05-03 05:00:00,1871.846
2024-05-03 06:00:00,2105.6477
2024-05-03 07:00:00,2244.1729
2024-05-03 08:00:00,2317.9077
2024-05-03 09:00:00,2332.938
2024-05-03 10:00:00,2326.4744
2024-05-03 11:00:00,2256.0505
2024-05-03 12:00:00,1461.5322
2024-05-03 13:00:00,167.13329
2024-05-03 14:00:00,105.58509
2024-05-03 15:00:00,88.74518
2024-05-03 16:00:00,87.53211
2024-05-03 17:00:00,82.51642
2024-05-03 18:00:00,73.13759
2024-05-03 19:00:00,62.37461
2024-05-03 20:00:00,54.034454
2024-05-03 21:00:00,43.29812
2024-05-03 22:00:00,37.544094
2024-05-03 23:00:00,32.708805
2024-05-04 00:00:00,40.015762
2024-05-04 01:00:00,66.54429
2024-05-04 02:00:00,104.450226
2024-05-04 03:00:00,181.1105
2024-05-04 04:00:00,287.39868
2024-05-04 05:00:00,725.2657
2024-05-04 06:00:00,1791.6757
2024-05-04 07:00:00,2610.5876
2024-05-04 08:00:00,2911.885
2024-05-04 09:00:00,3122.833
2024-05-04 10:00:00,3552.8232
2024-05-04 11:00:00,3492.1526
2024-05-04 12:00:00,1238.962
2024-05-04 13:00:00,76.48023
2024-05-04 14:00:00,36.448082
2024-05-04 15:00:00,29.800081
2024-05-04 16:00:00,29.469482
2024-05-04 17:00:00,42.393986
2024-05-04 18:00:00,59.383705
2024-05-04 19:00:00,74.33856
2024-05-04 20:00:00,91.655594
2024-05-04 21:00:00,101.634285
2024-05-04 22:00:00,158.58133
2024-05-04 23:00:00,126.47399
2024-05-05 00:00:00,109.68925
2024-05-05 01:00:00,112.58984
2024-05-05 02:00:00,162.70227
2024-05-05 03:00:00,274.77454
2024-05-05 04:00:00,467.19562
2024-05-05 05:00:00,1009.87976
2024-05-05 06:00:00,2611.1118
2024-05-05 07:00:00,3536.743
2024-05-05 08:00:00,3603.5103
2024-05-05 09:00:00,3659.5945
2024-05-05 10:00:00,3748.921
2024-05-05 11:00:00,3635.8892
2024-05-05 12:00:00,3163.194
2024-05-05 13:00:00,268.25278
2024-05-05 14:00:00,117.440765
2024-05-05 15:00:00,89.85833
2024-05-05 16:00:00,88.66191
2024-05-05 17:00:00,104.63571
2024-05-05 18:00:00,139.65393
2024-05-05 19:00:00,170.18643
2024-05-05 20:00:00,163.8616
2024-05-05 21:00:00,128.20108
2024-05-05 22:00:00,95.53746
2024-05-05 23:00:00,68.375496
2024-05-06 00:00:00,60.576916
2024-05-06 01:00:00,68.86919
2024-05-06 02:00:00,129.24928
2024-05-06 03:00:00,258.63257
2024-05-06 04:00:00,728.94037
2024-05-06 05:00:00,2019.0961
2024-05-06 06:00:00,2942.2258
2024-05-06 07:00:00,3359.9211
2024-05-06 08:00:00,3534.8506
2024-05-06 09:00:00,3672.224
2024-05-06 10:00:00,3901.1128
2024-05-06 11:00:00,3865.377
2024-05-06 12:00:00,3147.077
2024-05-06 13:00:00,336.53674
2024-05-06 14:00:00,101.97406
2024-05-06 15:00:00,76.01477
2024-05-06 16:00:00,71.081795
2024-05-06 17:00:00,73.20624
2024-05-06 18:00:00,72.784035
2024-05-06 19:00:00,65.97844
2024-05-06 20:00:00,54.026337
2024-05-06 21:00:00,41.47676
2024-05-06 22:00:00,51.945717
2024-05-06 23:00:00,32.51445
2024-05-07 00:00:00,21.613655
2024-05-07 01:00:00,20.498396
2024-05-07 02:00:00,61.161285
2024-05-07 03:00:00,173.83928
2024-05-07 04:00:00,348.3011
2024-05-07 05:00:00,1276.7094
2024-05-07 06:00:00,2767.0366
2024-05-07 07:00:00,3166.365
2024-05-07 08:00:00,3606.383
2024-05-07 09:00:00,3773.9026
2024-05-07 10:00:00,4069.517
2024-05-07 11:00:00,3297.265
2024-05-07 12:00:00,1600.109
2024-05-07 13:00:00,297.45105
2024-05-07 14:00:00,220.7207
2024-05-07 15:00:00,206.37074
2024-05-07 16:00:00,164.15323
2024-05-07 17:00:00,121.193825
2024-05-07 18:00:00,93.219864
2024-05-07 19:00:00,91.02535
2024-05-07 20:00:00,117.74299
2024-05-07 21:00:00,165.94055
2024-05-07 22:00:00,233.50284
2024-05-07 23:00:00,243.50558
2024-05-08 00:00:00,254.87466
2024-05-08 01:00:00,306.8128
2024-05-08 02:00:00,414.82477
2024-05-08 03:00:00,543.85333
2024-05-08 04:00:00,707.2489
2024-05-08 05:00:00,915.11334
2024-05-08 06:00:00,1169.2822
2024-05-08 07:00:00,1881.7288
2024-05-08 08:00:00,2393.0461
2024-05-08 09:00:00,2677.2722
2024-05-08 10:00:00,2593.2998
2024-05-08 11:00:00,2329.965
2024-05-08 12:00:00,1599.2004
2024-05-08 13:00:00,573.46826
2024-05-08 14:00:00,464.9921
2024-05-08 15:00:00,462.02164
2024-05-08 16:00:00,423.57022
2024-05-08 17:00:00,407.80774
2024-05-08 18:00:00,424.7429
2024-05-08 19:00:00,466.0858
2024-05-08 20:00:00,499.73242
2024-05-08 21:00:00,506.71722
2024-05-08 22:00:00,514.9058
2024-05-08 23:00:00,461.77332
2024-05-09 00:00:00,433.74304
2024-05-09 01:00:00,466.8192
2024-05-09 02:00:00,558.817
2024-05-09 03:00:00,709.66846
2024-05-09 04:00:00,903.59766
2024-05-09 05:00:00,1051.3542
2024-05-09 06:00:00,1164.4541
2024-05-09 07:00:00,1331.8375
2024-05-09 08:00:00,1627.6964
2024-05-09 09:00:00,2209.5596
2024-05-09 10:00:00,2175.821
2024-05-09 11:00:00,1955.6266
2024-05-09 12:00:00,1064.8647
2024-05-09 13:00:00,265.82315
2024-05-09 14:00:00,202.5432
2024-05-09 15:00:00,219.50476
2024-05-09 16:00:00,231.62544
2024-05-09 17:00:00,244.47644
2024-05-09 18:00:00,255.02182
2024-05-09 19:00:00,273.98547
2024-05-09 20:00:00,294.5988
2024-05-09 21:00:00,302.60812
2024-05-09 22:00:00,246.90793
2024-05-09 23:00:00,236.42862
2024-05-10 00:00:00,269.39792
2024-05-10 01:00:00,375.8857
2024-05-10 02:00:00,578.0048
2024-05-10 03:00:00,743.411
2024-05-10 04:00:00,888.1813
2024-05-10 05:00:00,1043.2749
2024-05-10 06:00:00,1290.052
2024-05-10 07:00:00,1586.9315
2024-05-10 08:00:00,1911.0496
2024-05-10 09:00:00,2365.3418
2024-05-10 10:00:00,2893.1592
2024-05-10 11:00:00,2139.04
2024-05-10 12:00:00,582.675
2024-05-10 13:00:00,306.81152
2024-05-10 14:00:00,245.36494
2024-05-10 15:00:00,186.4717
2024-05-10 16:00:00,131.00156
2024-05-10 17:00:00,108.84661
2024-05-10 18:00:00,109.78034
2024-05-10 19:00:00,96.11551
2024-05-10 20:00:00,98.716835
2024-05-10 21:00:00,99.589714
2024-05-10 22:00:00,246.78796
2024-05-10 23:00:00,296.59686
2024-05-11 00:00:00,222.69978
2024-05-11 01:00:00,168.752
2024-05-11 02:00:00,303.08145
2024-05-11 03:00:00,500.07495
2024-05-11 04:00:00,747.0707
2024-05-11 05:00:00,1113.8235
2024-05-11 06:00:00,1495.4064
2024-05-11 07:00:00,1880.1831
2024-05-11 08:00:00,2291.344
2024-05-11 09:00:00,2614.9011
2024-05-11 10:00:00,2574.2598
2024-05-11 11:00:00,2088.111
2024-05-11 12:00:00,1220.6249
2024-05-11 13:00:00,372.6758
2024-05-11 14:00:00,218.51375
2024-05-11 15:00:00,157.45671
2024-05-11 16:00:00,122.69947
2024-05-11 17:00:00,93.01253
2024-05-11 18:00:00,85.12644
2024-05-11 19:00:00,77.83992
2024-05-11 20:00:00,61.277428
2024-05-11 21:00:00,44.988876
2024-05-11 22:00:00,115.92122
2024-05-11 23:00:00,147.28183
2024-05-12 00:00:00,136.18213
2024-05-12 01:00:00,105.67211
2024-05-12 02:00:00,132.35097
2024-05-12 03:00:00,332.07114
2024-05-12 04:00:00,925.9532
2024-05-12 05:00:00,1439.4636
2024-05-12 06:00:00,2003.7383
2024-05-12 07:00:00,1711.8564
2024-05-12 08:00:00,2262.6064
2024-05-12 09:00:00,2274.5718
2024-05-12 10:00:00,2063.4082
2024-05-12 11:00:00,1283.8019
2024-05-12 12:00:00,509.3165
2024-05-12 13:00:00,179.95255
2024-05-12 14:00:00,90.16708
2024-05-12 15:00:00,92.99219
2024-05-12 16:00:00,118.22999
2024-05-12 17:00:00,134.42169
2024-05-12 18:00:00,97.790436
2024-05-12 19:00:00,59.05371
2024-05-12 20:00:00,47.52788
2024-05-12 21:00:00,44.797985
2024-05-12 22:00:00,51.14793
2024-05-12 23:00:00,48.274414
2024-05-13 00:00:00,44.038208
2024-05-13 01:00:00,52.471832
2024-05-13 02:00:00,132.07661
2024-05-13 03:00:00,299.14505
2024-05-13 04:00:00,576.06635
2024-05-13 05:00:00,1541.6173
2024-05-13 06:00:00,2509.1096
2024-05-13 07:00:00,2813.983
2024-05-13 08:00:00,2971.6677
2024-05-13 09:00:00,3244.3162
2024-05-13 10:00:00,3992.1453
2024-05-13 11:00:00,2424.205
2024-05-13 12:00:00,1121.9385
2024-05-13 13:00:00,125.99602
2024-05-13 14:00:00,54.975204
2024-05-13 15:00:00,43.140453
2024-05-13 16:00:00,37.440205
2024-05-13 17:00:00,36.234493
2024-05-13 18:00:00,46.52119
2024-05-13 19:00:00,63.912495
2024-05-13 20:00:00,73.47968
2024-05-13 21:00:00,68.458435
2024-05-13 22:00:00,60.472347
2024-05-13 23:00:00,50.558887
2024-05-14 00:00:00,49.843388
2024-05-14 01:00:00,49.52902
2024-05-14 02:00:00,84.930916
2024-05-14 03:00:00,214.34238
2024-05-14 04:00:00,486.17883
2024-05-14 05:00:00,1092.2675
2024-05-14 06:00:00,2323.9568
2024-05-14 07:00:00,3249.1616
2024-05-14 08:00:00,3455.4475
2024-05-14 09:00:00,3563.6821
2024-05-14 10:00:00,3474.6182
2024-05-14 11:00:00,3399.2153
2024-05-14 12:00:00,2690.9954
2024-05-14 13:00:00,333.57352
2024-05-14 14:00:00,112.541115
2024-05-14 15:00:00,85.83776
2024-05-14 16:00:00,84.126526
2024-05-14 17:00:00,81.624794
2024-05-14 18:00:00,75.702
2024-05-14 19:00:00,71.102036
2024-05-14 20:00:00,64.548454
2024-05-14 21:00:00,56.077797
2024-05-14 22:00:00,35.98217
2024-05-14 23:00:00,35.255413
2024-05-15 00:00:00,36.031227
2024-05-15 01:00:00,38.87901
2024-05-15 02:00:00,77.77201
2024-05-15 03:00:00,175.45955
2024-05-15 04:00:00,370.93167
2024-05-15 05:00:00,921.60187
2024-05-15 06:00:00,2857.3547
2024-05-15 07:00:00,3398.0889
2024-05-15 08:00:00,3491.0325
2024-05-15 09:00:00,3542.8306
2024-05-15 10:00:00,3924.8352
2024-05-15 11:00:00,3810.336
2024-05-15 12:00:00,2408.386
2024-05-15 13:00:00,227.10687
2024-05-15 14:00:00,81.26244
2024-05-15 15:00:00,64.11193
2024-05-15 16:00:00,54.6283
2024-05-15 17:00:00,44.842113
2024-05-15 18:00:00,35.879528
2024-05-15 19:00:00,33.562645
2024-05-15 20:00:00,35.88634
2024-05-15 21:00:00,34.71226
2024-05-15 22:00:00,68.14206
2024-05-15 23:00:00,68.21279
2024-05-16 00:00:00,56.934505
2024-05-16 01:00:00,45.51851
2024-05-16 02:00:00,84.53174
2024-05-16 03:00:00,164.47482
2024-05-16 04:00:00,307.34534
2024-05-16 05:00:00,1132.463
2024-05-16 06:00:00,2419.6018
2024-05-16 07:00:00,3650.9
2024-05-16 08:00:00,3870.33
2024-05-16 09:00:00,3828.5137
2024-05-16 10:00:00,4110.8677
2024-05-16 11:00:00,3585.4153
2024-05-16 12:00:00,1441.6516
2024-05-16 13:00:00,110.85658
2024-05-16 14:00:00,70.754776
2024-05-16 15:00:00,69.027596
2024-05-16 16:00:00,60.400257
2024-05-16 17:00:00,43.617294
2024-05-16 18:00:00,32.905956
2024-05-16 19:00:00,28.143747
2024-05-16 20:00:00,26.916754
2024-05-16 21:00:00,28.246126
2024-05-16 22:00:00,32.820343
2024-05-16 23:00:00,34.80045
2024-05-17 00:00:00,36.732388
2024-05-17 01:00:00,39.764996
2024-05-17 02:00:00,74.04202
2024-05-17 03:00:00,157.15253
2024-05-17 04:00:00,291.0291
2024-05-17 05:00:00,726.6066
2024-05-17 06:00:00,3121.0334
2024-05-17 07:00:00,3782.7876
2024-05-17 08:00:00,3960.7703
2024-05-17 09:00:00,4104.452
2024-05-17 10:00:00,4627.4395
2024-05-17 11:00:00,4332.575
2024-05-17 12:00:00,1199.7896
2024-05-17 13:00:00,69.51123
2024-05-17 14:00:00,59.702465
2024-05-17 15:00:00,122.86488
2024-05-17 16:00:00,183.44003
2024-05-17 17:00:00,172.70113
2024-05-17 18:00:00,121.86124
2024-05-17 19:00:00,86.21815
2024-05-17 20:00:00,61.883007
2024-05-17 21:00:00,49.9131
2024-05-17 22:00:00,59.81776
2024-05-17 23:00:00,56.948288
2024-05-18 00:00:00,56.70519
2024-05-18 01:00:00,66.23806
2024-05-18 02:00:00,122.44114
2024-05-18 03:00:00,233.24806
2024-05-18 04:00:00,372.0105
2024-05-18 05:00:00,650.84937
2024-05-18 06:00:00,3034.6375
2024-05-18 07:00:00,3960.3022
2024-05-18 08:00:00,4094.5125
2024-05-18 09:00:00,4124.953
2024-05-18 10:00:00,4335.4146
2024-05-18 11:00:00,4337.114
2024-05-18 12:00:00,2630.9854
2024-05-18 13:00:00,565.1965
2024-05-18 14:00:00,323.5424
2024-05-18 15:00:00,228.9035
2024-05-18 16:00:00,162.4998
2024-05-18 17:00:00,144.96022
2024-05-18 18:00:00,157.49231
2024-05-18 19:00:00,162.43776
2024-05-18 20:00:00,139.39264
2024-05-18 21:00:00,103.186554
2024-05-18 22:00:00,79.71843
2024-05-18 23:00:00,60.439407
2024-05-19 00:00:00,47.326885
2024-05-19 01:00:00,52.19026
2024-05-19 02:00:00,114.06723
2024-05-19 03:00:00,233.94359
2024-05-19 04:00:00,378.46893
2024-05-19 05:00:00,766.92194
2024-05-19 06:00:00,3383.434
2024-05-19 07:00:00,4358.599
2024-05-19 08:00:00,4448.4106
2024-05-19 09:00:00,4491.8374
2024-05-19 10:00:00,4480.2476
2024-05-19 11:00:00,4106.5376
2024-05-19 12:00:00,2357.2898
2024-05-19 13:00:00,580.2751
2024-05-19 14:00:00,459.24426
2024-05-19 15:00:00,375.43768
2024-05-19 16:00:00,264.91116
2024-05-19 17:00:00,189.80858
2024-05-19 18:00:00,136.5027
2024-05-19 19:00:00,96.86636
2024-05-19 20:00:00,68.12207
2024-05-19 21:00:00,59.291153
2024-05-19 22:00:00,52.892227
2024-05-19 23:00:00,67.27754
2024-05-20 00:00:00,98.45689
2024-05-20 01:00:00,140.83893
2024-05-20 02:00:00,191.93317
2024-05-20 03:00:00,290.71124
2024-05-20 04:00:00,664.6382
2024-05-20 05:00:00,1510.0223
2024-05-20 06:00:00,2744.767
2024-05-20 07:00:00,3545.6238
2024-05-20 08:00:00,3968.327
2024-05-20 09:00:00,4105.055
2024-05-20 10:00:00,4913.835
2024-05-20 11:00:00,4191.9385
2024-05-20 12:00:00,3142.5554
2024-05-20 13:00:00,498.52988
2024-05-20 14:00:00,109.13601
2024-05-20 15:00:00,66.41086
2024-05-20 16:00:00,73.91249
2024-05-20 17:00:00,86.80154
2024-05-20 18:00:00,78.93871
2024-05-20 19:00:00,68.10042
2024-05-20 20:00:00,57.137135
2024-05-20 21:00:00,57.326183
2024-05-20 22:00:00,95.05791
2024-05-20 23:00:00,164.01172
2024-05-21 00:00:00,224.12396
2024-05-21 01:00:00,256.63138
2024-05-21 02:00:00,341.53253
2024-05-21 03:00:00,485.80896
2024-05-21 04:00:00,682.0012
2024-05-21 05:00:00,886.24445
2024-05-21 06:00:00,1101.3888
2024-05-21 07:00:00,1465.3248
2024-05-21 08:00:00,2361.5315
2024-05-21 09:00:00,2866.6306
2024-05-21 10:00:00,3237.8665
2024-05-21 11:00:00,3126.0625
2024-05-21 12:00:00,1884.4728
2024-05-21 13:00:00,298.16006
2024-05-21 14:00:00,186.23285
2024-05-21 15:00:00,157.65842
2024-05-21 16:00:00,114.04688
2024-05-21 17:00:00,91.27044
2024-05-21 18:00:00,99.64618
2024-05-21 19:00:00,108.15903
2024-05-21 20:00:00,94.45092
2024-05-21 21:00:00,82.74282
2024-05-21 22:00:00,128.85298
2024-05-21 23:00:00,170.62445
2024-05-22 00:00:00,214.67831
2024-05-22 01:00:00,278.0437
2024-05-22 02:00:00,386.13733
2024-05-22 03:00:00,504.9366
2024-05-22 04:00:00,692.1333
2024-05-22 05:00:00,968.98334
2024-05-22 06:00:00,1346.2928
2024-05-22 07:00:00,2216.9773
2024-05-22 08:00:00,2749.2021
2024-05-22 09:00:00,3141.6226
2024-05-22 10:00:00,3307.6582
2024-05-22 11:00:00,2599.6921
2024-05-22 12:00:00,1197.7402
2024-05-22 13:00:00,556.0252
2024-05-22 14:00:00,415.4868
2024-05-22 15:00:00,352.7983
2024-05-22 16:00:00,341.93872
2024-05-22 17:00:00,365.7773
2024-05-22 18:00:00,395.70105
2024-05-22 19:00:00,435.47028
2024-05-22 20:00:00,465.93118
2024-05-22 21:00:00,473.8818
2024-05-22 22:00:00,491.1318
2024-05-22 23:00:00,451.2557
2024-05-23 00:00:00,424.25937
2024-05-23 01:00:00,482.54385
2024-05-23 02:00:00,630.6278
2024-05-23 03:00:00,771.5722
2024-05-23 04:00:00,936.2254
2024-05-23 05:00:00,1167.4739
2024-05-23 06:00:00,1446.9648
2024-05-23 07:00:00,1701.5074
2024-05-23 08:00:00,1957.2015
2024-05-23 09:00:00,2279.5366
2024-05-23 10:00:00,1179.6206
2024-05-23 11:00:00,1277.4586
2024-05-23 12:00:00,1230.8293
2024-05-23 13:00:00,806.6004
2024-05-23 14:00:00,378.7588
2024-05-23 15:00:00,338.4418
2024-05-23 16:00:00,350.9661
2024-05-23 17:00:00,382.36
2024-05-23 18:00:00,416.50543
2024-05-23 19:00:00,439.09384
2024-05-23 20:00:00,449.1652
2024-05-23 21:00:00,453.55487
2024-05-23 22:00:00,325.55402
2024-05-23 23:00:00,323.74237
2024-05-24 00:00:00,352.33798
2024-05-24 01:00:00,474.48077
2024-05-24 02:00:00,627.78394
2024-05-24 03:00:00,817.6256
2024-05-24 04:00:00,1038.7704
2024-05-24 05:00:00,1283.5709
2024-05-24 06:00:00,1545.4537
2024-05-24 07:00:00,1901.3158
2024-05-24 08:00:00,2154.12
2024-05-24 09:00:00,2306.8484
2024-05-24 10:00:00,2376.7122
2024-05-24 11:00:00,2305.3213
2024-05-24 12:00:00,2016.2205
2024-05-24 13:00:00,401.30194
2024-05-24 14:00:00,128.27301
2024-05-24 15:00:00,126.72272
2024-05-24 16:00:00,122.04748
2024-05-24 17:00:00,112.20905
2024-05-24 18:00:00,104.57411
2024-05-24 19:00:00,102.954315
2024-05-24 20:00:00,95.31927
2024-05-24 21:00:00,86.80194
2024-05-24 22:00:00,60.662148
2024-05-24 23:00:00,60.248013
2024-05-25 00:00:00,64.87892
2024-05-25 01:00:00,92.144455
2024-05-25 02:00:00,206.58554
2024-05-25 03:00:00,427.46716
2024-05-25 04:00:00,798.6878
2024-05-25 05:00:00,1680.1659
2024-05-25 06:00:00,2581.1423
2024-05-25 07:00:00,2844.5635
2024-05-25 08:00:00,3029.4856
2024-05-25 09:00:00,3155.4014
2024-05-25 10:00:00,3759.123
2024-05-25 11:00:00,3515.911
2024-05-25 12:00:00,3183.4956
2024-05-25 13:00:00,808.6261
2024-05-25 14:00:00,165.28018
2024-05-25 15:00:00,116.39084
2024-05-25 16:00:00,103.69207
2024-05-25 17:00:00,96.83078
2024-05-25 18:00:00,87.9404
2024-05-25 19:00:00,76.02482
2024-05-25 20:00:00,61.717567
2024-05-25 21:00:00,52.826237
2024-05-25 22:00:00,49.545597
2024-05-25 23:00:00,54.69183
2024-05-26 00:00:00,58.30336
2024-05-26 01:00:00,66.1267
2024-05-26 02:00:00,127.89824
2024-05-26 03:00:00,267.32013
2024-05-26 04:00:00,563.454
2024-05-26 05:00:00,1514.713
2024-05-26 06:00:00,2081.4668
2024-05-26 07:00:00,2407.8574
2024-05-26 08:00:00,2787.8918
2024-05-26 09:00:00,3152.5234
2024-05-26 10:00:00,4191.7695
2024-05-26 11:00:00,4095.36
2024-05-26 12:00:00,3222.758
2024-05-26 13:00:00,235.23366
2024-05-26 14:00:00,92.19528
2024-05-26 15:00:00,105.20184
2024-05-26 16:00:00,128.29803
2024-05-26 17:00:00,138.26303
2024-05-26 18:00:00,111.64255
2024-05-26 19:00:00,80.771774
2024-05-26 20:00:00,59.970116
2024-05-26 21:00:00,45.218338
2024-05-26 22:00:00,34.696938
2024-05-26 23:00:00,26.84634
2024-05-27 00:00:00,32.245953
2024-05-27 01:00:00,55.0888
2024-05-27 02:00:00,127.956566
2024-05-27 03:00:00,265.99774
2024-05-27 04:00:00,566.8247
2024-05-27 05:00:00,1302.2593
2024-05-27 06:00:00,2435.0654
2024-05-27 07:00:00,2979.3274
2024-05-27 08:00:00,3254.2798
2024-05-27 09:00:00,3275.0298
2024-05-27 10:00:00,3604.6372
2024-05-27 11:00:00,3595.4087
2024-05-27 12:00:00,2498.2622
2024-05-27 13:00:00,203.327
2024-05-27 14:00:00,75.239914
2024-05-27 15:00:00,58.33144
2024-05-27 16:00:00,52.012283
2024-05-27 17:00:00,47.85557
2024-05-27 18:00:00,44.142635
2024-05-27 19:00:00,40.483574
2024-05-27 20:00:00,32.076103
2024-05-27 21:00:00,25.200916
2024-05-27 22:00:00,25.800121
2024-05-27 23:00:00,28.714344
2024-05-28 00:00:00,27.345528
2024-05-28 01:00:00,44.096664
2024-05-28 02:00:00,93.89412
2024-05-28 03:00:00,176.86838
2024-05-28 04:00:00,352.16486
2024-05-28 05:00:00,1431.175
2024-05-28 06:00:00,2709.031
2024-05-28 07:00:00,3314.6455
2024-05-28 08:00:00,3635.6013
2024-05-28 09:00:00,3801.2175
2024-05-28 10:00:00,4574.2954
2024-05-28 11:00:00,4459.3164
2024-05-28 12:00:00,2060.9133
2024-05-28 13:00:00,82.679
2024-05-28 14:00:00,33.22279
2024-05-28 15:00:00,30.444641
2024-05-28 16:00:00,40.29369
2024-05-28 17:00:00,73.58707
2024-05-28 18:00:00,114.30954
2024-05-28 19:00:00,144.94646
2024-05-28 20:00:00,178.27399
2024-05-28 21:00:00,193.6452
2024-05-28 22:00:00,216.08264
2024-05-28 23:00:00,218.37642
2024-05-29 00:00:00,224.32608
2024-05-29 01:00:00,239.17719
2024-05-29 02:00:00,344.05087
2024-05-29 03:00:00,460.641
2024-05-29 04:00:00,672.1247
2024-05-29 05:00:00,1291.8224
2024-05-29 06:00:00,2409.782
2024-05-29 07:00:00,3269.5613
2024-05-29 08:00:00,3881.219
2024-05-29 09:00:00,4238.3745
2024-05-29 10:00:00,3733.4993
2024-05-29 11:00:00,3930.3965
2024-05-29 12:00:00,2378.3645
2024-05-29 13:00:00,100.488
2024-05-29 14:00:00,96.64571
2024-05-29 15:00:00,148.1439
2024-05-29 16:00:00,198.50975
2024-05-29 17:00:00,211.29239
2024-05-29 18:00:00,181.58595
2024-05-29 19:00:00,153.15564
2024-05-29 20:00:00,120.97237
2024-05-29 21:00:00,100.00265
2024-05-29 22:00:00,156.2061
2024-05-29 23:00:00,191.5768
2024-05-30 00:00:00,203.57217
2024-05-30 01:00:00,248.27534
2024-05-30 02:00:00,384.56702
2024-05-30 03:00:00,621.89087
2024-05-30 04:00:00,935.14966
2024-05-30 05:00:00,1693.0839
2024-05-30 06:00:00,2840.68
2024-05-30 07:00:00,3699.13
2024-05-30 08:00:00,4277.144
2024-05-30 09:00:00,4521.4736
2024-05-30 10:00:00,5054.6445
2024-05-30 11:00:00,4929.207
2024-05-30 12:00:00,3141.8525
2024-05-30 13:00:00,157.71489
2024-05-30 14:00:00,53.402603
2024-05-30 15:00:00,51.12847
2024-05-30 16:00:00,74.425476
2024-05-30 17:00:00,104.4631
2024-05-30 18:00:00,135.2208
2024-05-30 19:00:00,138.16594
2024-05-30 20:00:00,155.58553
2024-05-30 21:00:00,187.25616
2024-05-30 22:00:00,130.26314
2024-05-30 23:00:00,162.25249
2024-05-31 00:00:00,266.17407
2024-05-31 01:00:00,426.32922
2024-05-31 02:00:00,544.5116
2024-05-31 03:00:00,677.7475
2024-05-31 04:00:00,887.5849
2024-05-31 05:00:00,1145.8868
2024-05-31 06:00:00,1934.3157
2024-05-31 07:00:00,3312.7195
2024-05-31 08:00:00,3958.8826
2024-05-31 09:00:00,4250.658
2024-05-31 10:00:00,4215.5273
2024-05-31 11:00:00,4249.134
2024-05-31 12:00:00,3183.7861
2024-05-31 13:00:00,183.91428
2024-05-31 14:00:00,60.980885
2024-05-31 15:00:00,46.407047
2024-05-31 16:00:00,43.982353
2024-05-31 17:00:00,44.054344
2024-05-31 18:00:00,47.304337
2024-05-31 19:00:00,56.22068
2024-05-31 20:00:00,75.717476
2024-05-31 21:00:00,101.45572
2024-05-31 22:00:00,93.85118
2024-05-31 23:00:00,147.79065
2024-06-01 00:00:00,188.16022
2024-06-01 01:00:00,212.05809
2024-06-01 02:00:00,334.07477
2024-06-01 03:00:00,583.8525
2024-06-01 04:00:00,913.42847
2024-06-01 05:00:00,1311.7688
2024-06-01 06:00:00,2341.025
2024-06-01 07:00:00,3801.718
2024-06-01 08:00:00,4105.7056
2024-06-01 09:00:00,4055.9026
2024-06-01 10:00:00,2587.6418
2024-06-01 11:00:00,1838.6304
2024-06-01 12:00:00,1450.2433
2024-06-01 13:00:00,1023.1184
2024-06-01 14:00:00,626.9934
2024-06-01 15:00:00,373.38058
2024-06-01 16:00:00,214.10532
2024-06-01 17:00:00,130.8096
2024-06-01 18:00:00,95.23849
2024-06-01 19:00:00,81.45763
2024-06-01 20:00:00,62.989033
2024-06-01 21:00:00,52.052578
2024-06-01 22:00:00,107.94635
2024-06-01 23:00:00,85.79634
2024-06-02 00:00:00,48.153805
2024-06-02 01:00:00,49.029373
2024-06-02 02:00:00,120.37189
2024-06-02 03:00:00,318.3593
2024-06-02 04:00:00,705.9766
2024-06-02 05:00:00,1304.171
2024-06-02 06:00:00,1903.4073
2024-06-02 07:00:00,2400.0867
2024-06-02 08:00:00,2770.7139
2024-06-02 09:00:00,2988.336
2024-06-02 10:00:00,1804.0742
2024-06-02 11:00:00,1691.9878
2024-06-02 12:00:00,1488.2574
2024-06-02 13:00:00,276.19708
2024-06-02 14:00:00,193.05473
2024-06-02 15:00:00,205.18478
2024-06-02 16:00:00,232.9075
2024-06-02 17:00:00,265.8589
2024-06-02 18:00:00,277.22922
2024-06-02 19:00:00,282.16644
2024-06-02 20:00:00,280.67273
2024-06-02 21:00:00,271.11282
2024-06-02 22:00:00,155.29138
2024-06-02 23:00:00,133.92305
2024-06-03 00:00:00,141.07535
2024-06-03 01:00:00,198.36041
2024-06-03 02:00:00,350.62552
2024-06-03 03:00:00,576.92773
2024-06-03 04:00:00,849.8022
2024-06-03 05:00:00,1208.0483
2024-06-03 06:00:00,1882.0436
2024-06-03 07:00:00,3010.0222
2024-06-03 08:00:00,3467.7888
2024-06-03 09:00:00,3701.9282
2024-06-03 10:00:00,3818.8914
2024-06-03 11:00:00,3566.9685
2024-06-03 12:00:00,2999.464
2024-06-03 13:00:00,428.21005
2024-06-03 14:00:00,101.93043
2024-06-03 15:00:00,92.79521
2024-06-03 16:00:00,117.41553
2024-06-03 17:00:00,152.54622
2024-06-03 18:00:00,167.20033
2024-06-03 19:00:00,140.82219
2024-06-03 20:00:00,104.36191
2024-06-03 21:00:00,83.81457
2024-06-03 22:00:00,40.86459
2024-06-03 23:00:00,34.9037
2024-06-04 00:00:00,30.11411
2024-06-04 01:00:00,28.356863
2024-06-04 02:00:00,100.48206
2024-06-04 03:00:00,292.7816
2024-06-04 04:00:00,683.2307
2024-06-04 05:00:00,1417.9542
2024-06-04 06:00:00,2601.3035
2024-06-04 07:00:00,3442.8804
2024-06-04 08:00:00,3843.278
2024-06-04 09:00:00,3920.96
2024-06-04 10:00:00,3865.2324
2024-06-04 11:00:00,3594.894
2024-06-04 12:00:00,2843.821
2024-06-04 13:00:00,253.01588
2024-06-04 14:00:00,35.13103
2024-06-04 15:00:00,24.362812
2024-06-04 16:00:00,24.646883
2024-06-04 17:00:00,28.329739
2024-06-04 18:00:00,38.30156
2024-06-04 19:00:00,66.71533
2024-06-04 20:00:00,105.08188
2024-06-04 21:00:00,143.34357
2024-06-04 22:00:00,161.01631
2024-06-04 23:00:00,180.60057
2024-06-05 00:00:00,209.71043
2024-06-05 01:00:00,292.07758
2024-06-05 02:00:00,469.985
2024-06-05 03:00:00,708.9486
2024-06-05 04:00:00,969.47125
2024-06-05 05:00:00,1406.6759
2024-06-05 06:00:00,2059.8193
2024-06-05 07:00:00,2990.731
2024-06-05 08:00:00,3512.0518
2024-06-05 09:00:00,3728.6626
2024-06-05 10:00:00,3785.4854
2024-06-05 11:00:00,3131.3608
2024-06-05 12:00:00,2668.6697
2024-06-05 13:00:00,865.6931
2024-06-05 14:00:00,332.61035
2024-06-05 15:00:00,199.82599
2024-06-05 16:00:00,156.13135
2024-06-05 17:00:00,120.10025
2024-06-05 18:00:00,88.42359
2024-06-05 19:00:00,57.985615
2024-06-05 20:00:00,56.80688
2024-06-05 21:00:00,61.22511
2024-06-05 22:00:00,88.009
2024-06-05 23:00:00,79.57887
2024-06-06 00:00:00,66.05191
2024-06-06 01:00:00,106.438034
2024-06-06 02:00:00,209.18047
2024-06-06 03:00:00,422.35727
2024-06-06 04:00:00,816.21576
2024-06-06 05:00:00,1237.988
2024-06-06 06:00:00,1551.7864
2024-06-06 07:00:00,1816.5277
2024-06-06 08:00:00,2144.4255
2024-06-06 09:00:00,2466.6323
2024-06-06 10:00:00,2466.1365
2024-06-06 11:00:00,2119.2969
2024-06-06 12:00:00,1659.1853
2024-06-06 13:00:00,273.6001
2024-06-06 14:00:00,102.42792
2024-06-06 15:00:00,91.147644
2024-06-06 16:00:00,109.09194
2024-06-06 17:00:00,132.05286
2024-06-06 18:00:00,148.26118
2024-06-06 19:00:00,152.80373
2024-06-06 20:00:00,141.58133
2024-06-06 21:00:00,126.768906
2024-06-06 22:00:00,137.48311
2024-06-06 23:00:00,103.21438
2024-06-07 00:00:00,69.207275
2024-06-07 01:00:00,94.09259
2024-06-07 02:00:00,234.1174
2024-06-07 03:00:00,493.0998
2024-06-07 04:00:00,743.74
2024-06-07 05:00:00,1178.8423
2024-06-07 06:00:00,1703.0696
2024-06-07 07:00:00,2267.4058
2024-06-07 08:00:00,2759.9639
2024-06-07 09:00:00,2939.5315
2024-06-07 10:00:00,2838.441
2024-06-07 11:00:00,2682.2336
2024-06-07 12:00:00,2355.8213
2024-06-07 13:00:00,708.695
2024-06-07 14:00:00,145.1828
2024-06-07 15:00:00,105.20476
2024-06-07 16:00:00,99.00206
2024-06-07 17:00:00,97.02353
2024-06-07 18:00:00,109.852425
2024-06-07 19:00:00,145.53848
2024-06-07 20:00:00,166.01372
2024-06-07 21:00:00,158.08456
2024-06-07 22:00:00,204.32387
2024-06-07 23:00:00,201.12941
2024-06-08 00:00:00,183.68013
2024-06-08 01:00:00,201.04347
2024-06-08 02:00:00,300.12668
2024-06-08 03:00:00,564.18896
2024-06-08 04:00:00,1049.6362
2024-06-08 05:00:00,1407.4738
2024-06-08 06:00:00,1618.2222
2024-06-08 07:00:00,1811.5055
2024-06-08 08:00:00,2240.587
2024-06-08 09:00:00,2608.565
2024-06-08 10:00:00,3229.423
2024-06-08 11:00:00,2825.262
2024-06-08 12:00:00,2519.7085
2024-06-08 13:00:00,301.81644
2024-06-08 14:00:00,101.40509
2024-06-08 15:00:00,89.20837
2024-06-08 16:00:00,100.630684
2024-06-08 17:00:00,113.82339
2024-06-08 18:00:00,118.62065
2024-06-08 19:00:00,117.905
2024-06-08 20:00:00,115.83936
2024-06-08 21:00:00,107.51587
2024-06-08 22:00:00,96.66555
2024-06-08 23:00:00,94.61642
2024-06-09 00:00:00,96.125305
2024-06-09 01:00:00,116.40411
2024-06-09 02:00:00,200.51591
2024-06-09 03:00:00,435.28818
2024-06-09 04:00:00,712.29407
2024-06-09 05:00:00,1051.9606
2024-06-09 06:00:00,1765.1989
2024-06-09 07:00:00,2630.5674
2024-06-09 08:00:00,3137.3367
2024-06-09 09:00:00,3216.1677
2024-06-09 10:00:00,3708.981
2024-06-09 11:00:00,3614.72
2024-06-09 12:00:00,2838.2253
2024-06-09 13:00:00,266.0635
2024-06-09 14:00:00,97.79886
2024-06-09 15:00:00,68.78368
2024-06-09 16:00:00,61.185806
2024-06-09 17:00:00,62.644485
2024-06-09 18:00:00,71.996574
2024-06-09 19:00:00,87.91557
2024-06-09 20:00:00,98.61129
2024-06-09 21:00:00,102.41504
2024-06-09 22:00:00,131.11295
2024-06-09 23:00:00,115.81971
2024-06-10 00:00:00,104.23482
2024-06-10 01:00:00,106.59867
2024-06-10 02:00:00,162.33449
2024-06-10 03:00:00,257.10922
2024-06-10 04:00:00,459.43304
2024-06-10 05:00:00,1199.369
2024-06-10 06:00:00,1961.6865
2024-06-10 07:00:00,2667.3025
2024-06-10 08:00:00,3132.5044
2024-06-10 09:00:00,3401.3728
2024-06-10 10:00:00,3570.3423
2024-06-10 11:00:00,3620.8623
2024-06-10 12:00:00,2903.0383
2024-06-10 13:00:00,400.86346
2024-06-10 14:00:00,138.12311
2024-06-10 15:00:00,101.29157
2024-06-10 16:00:00,90.089905
2024-06-10 17:00:00,89.81879
2024-06-10 18:00:00,97.95693
2024-06-10 19:00:00,107.31907
2024-06-10 20:00:00,111.735085
2024-06-10 21:00:00,103.685684
2024-06-10 22:00:00,106.0211
2024-06-10 23:00:00,93.79627
2024-06-11 00:00:00,90.869316
2024-06-11 01:00:00,109.79862
2024-06-11 02:00:00,163.03502
2024-06-11 03:00:00,257.1286
2024-06-11 04:00:00,425.99405
2024-06-11 05:00:00,828.45807
2024-06-11 06:00:00,1558.1577
2024-06-11 07:00:00,3071.8992
2024-06-11 08:00:00,3571.9465
2024-06-11 09:00:00,3744.713
2024-06-11 10:00:00,3205.261
2024-06-11 11:00:00,3663.0466
2024-06-11 12:00:00,2736.3557
2024-06-11 13:00:00,185.708
2024-06-11 14:00:00,58.35379
2024-06-11 15:00:00,43.385963
2024-06-11 16:00:00,46.27788
2024-06-11 17:00:00,53.59351
2024-06-11 18:00:00,54.609657
2024-06-11 19:00:00,49.73699
2024-06-11 20:00:00,39.549057
2024-06-11 21:00:00,27.417604
2024-06-11 22:00:00,35.30847
2024-06-11 23:00:00,62.72815
2024-06-12 00:00:00,96.91501
2024-06-12 01:00:00,133.71933
2024-06-12 02:00:00,207.50015
2024-06-12 03:00:00,355.67035
2024-06-12 04:00:00,640.098
2024-06-12 05:00:00,1142.4608
2024-06-12 06:00:00,2280.5264
2024-06-12 07:00:00,3597.2642
2024-06-12 08:00:00,3767.3765
2024-06-12 09:00:00,3733.8171
2024-06-12 10:00:00,3840.1326
2024-06-12 11:00:00,3754.9148
2024-06-12 12:00:00,3280.3562
2024-06-12 13:00:00,153.00793
2024-06-12 14:00:00,50.59983
2024-06-12 15:00:00,41.402813
2024-06-12 16:00:00,46.525177
2024-06-12 17:00:00,60.46308
2024-06-12 18:00:00,86.69715
2024-06-12 19:00:00,122.23775
2024-06-12 20:00:00,150.59265
2024-06-12 21:00:00,172.889
2024-06-12 22:00:00,269.43817
2024-06-12 23:00:00,375.41113
2024-06-13 00:00:00,442.28473
2024-06-13 01:00:00,512.8246
2024-06-13 02:00:00,636.5924
2024-06-13 03:00:00,785.16876
2024-06-13 04:00:00,984.5276
2024-06-13 05:00:00,1399.7017
2024-06-13 06:00:00,2266.287
2024-06-13 07:00:00,3346.2656
2024-06-13 08:00:00,3698.3865
2024-06-13 09:00:00,3829.5908
2024-06-13 10:00:00,2448.4082
2024-06-13 11:00:00,2961.2285
2024-06-13 12:00:00,2167.8342
2024-06-13 13:00:00,414.01535
2024-06-13 14:00:00,220.23805
2024-06-13 15:00:00,247.29568
2024-06-13 16:00:00,276.75452
2024-06-13 17:00:00,289.8809
2024-06-13 18:00:00,300.05676
2024-06-13 19:00:00,335.08508
2024-06-13 20:00:00,411.73755
2024-06-13 21:00:00,489.56876
2024-06-13 22:00:00,579.32446
2024-06-13 23:00:00,605.9853
2024-06-14 00:00:00,578.1096
2024-06-14 01:00:00,585.05
2024-06-14 02:00:00,686.13336
2024-06-14 03:00:00,840.4899
2024-06-14 04:00:00,1073.2007
2024-06-14 05:00:00,1425.8986
2024-06-14 06:00:00,2025.2699
2024-06-14 07:00:00,2823.9197
2024-06-14 08:00:00,3491.5315
2024-06-14 09:00:00,3562.9587
2024-06-14 10:00:00,2191.2922
2024-06-14 11:00:00,2611.4207
2024-06-14 12:00:00,2355.8787
2024-06-14 13:00:00,995.7824
2024-06-14 14:00:00,518.8627
2024-06-14 15:00:00,475.41757
2024-06-14 16:00:00,472.0205
2024-06-14 17:00:00,419.34525
2024-06-14 18:00:00,382.76892
2024-06-14 19:00:00,382.24118
2024-06-14 20:00:00,407.0953
2024-06-14 21:00:00,416.5586
2024-06-14 22:00:00,517.97217
2024-06-14 23:00:00,547.68304
2024-06-15 00:00:00,551.38556
2024-06-15 01:00:00,578.62616
2024-06-15 02:00:00,682.875
2024-06-15 03:00:00,860.01514
2024-06-15 04:00:00,1108.554
2024-06-15 05:00:00,1406.2924
2024-06-15 06:00:00,1933.5426
2024-06-15 07:00:00,2991.6843
2024-06-15 08:00:00,3358.8472
2024-06-15 09:00:00,3480.9077
2024-06-15 10:00:00,3614.113
2024-06-15 11:00:00,3494.0422
2024-06-15 12:00:00,3114.0845
2024-06-15 13:00:00,859.48627
2024-06-15 14:00:00,247.6778
2024-06-15 15:00:00,200.58875
2024-06-15 16:00:00,195.83408
2024-06-15 17:00:00,210.84283
2024-06-15 18:00:00,224.56938
2024-06-15 19:00:00,213.11696
2024-06-15 20:00:00,204.61508
2024-06-15 21:00:00,218.97348
2024-06-15 22:00:00,301.6689
2024-06-15 23:00:00,299.18933
2024-06-16 00:00:00,316.9915
2024-06-16 01:00:00,400.99844
2024-06-16 02:00:00,585.56604
2024-06-16 03:00:00,966.5089
2024-06-16 04:00:00,1394.1301
2024-06-16 05:00:00,1797.0453
2024-06-16 06:00:00,2325.2312
2024-06-16 07:00:00,2928.6716
2024-06-16 08:00:00,3121.223
2024-06-16 09:00:00,3184.9038
2024-06-16 10:00:00,3435.1096
2024-06-16 11:00:00,3616.7983
2024-06-16 12:00:00,3484.4685
2024-06-16 13:00:00,934.6722
2024-06-16 14:00:00,278.1576
2024-06-16 15:00:00,227.20956
2024-06-16 16:00:00,262.04565
2024-06-16 17:00:00,317.60495
2024-06-16 18:00:00,336.1572
2024-06-16 19:00:00,302.8965
2024-06-16 20:00:00,248.33647
2024-06-16 21:00:00,220.8544
2024-06-16 22:00:00,210.37758
2024-06-16 23:00:00,272.82352
2024-06-17 00:00:00,353.35007
2024-06-17 01:00:00,475.2292
2024-06-17 02:00:00,649.16174
2024-06-17 03:00:00,867.1869
2024-06-17 04:00:00,1186.3895
2024-06-17 05:00:00,1663.271
2024-06-17 06:00:00,2177.9915
2024-06-17 07:00:00,2799.5283
2024-06-17 08:00:00,2882.5752
2024-06-17 09:00:00,2987.27
2024-06-17 10:00:00,3299.8982
2024-06-17 11:00:00,3379.904
2024-06-17 12:00:00,3192.6313
2024-06-17 13:00:00,1780.0348
2024-06-17 14:00:00,374.3733
2024-06-17 15:00:00,335.25177
2024-06-17 16:00:00,406.19574
2024-06-17 17:00:00,450.95535
2024-06-17 18:00:00,433.82712
2024-06-17 19:00:00,379.34042
2024-06-17 20:00:00,321.70258
2024-06-17 21:00:00,288.23923
2024-06-17 22:00:00,151.54037
2024-06-17 23:00:00,232.73927
2024-06-18 00:00:00,376.41864
2024-06-18 01:00:00,578.64417
2024-06-18 02:00:00,816.0415
2024-06-18 03:00:00,1088.4437
2024-06-18 04:00:00,1503.8696
2024-06-18 05:00:00,1817.1028
2024-06-18 06:00:00,2226.7932
2024-06-18 07:00:00,2652.7053
2024-06-18 08:00:00,2867.645
2024-06-18 09:00:00,2975.1826
2024-06-18 10:00:00,1590.0166
2024-06-18 11:00:00,2366.0947
2024-06-18 12:00:00,2485.6982
2024-06-18 13:00:00,1625.7305
2024-06-18 14:00:00,385.6613
2024-06-18 15:00:00,345.45755
2024-06-18 16:00:00,353.68964
2024-06-18 17:00:00,339.21277
2024-06-18 18:00:00,371.531
2024-06-18 19:00:00,488.95184
2024-06-18 20:00:00,634.14716
2024-06-18 21:00:00,744.4814
2024-06-18 22:00:00,750.44885
2024-06-18 23:00:00,866.46185
2024-06-19 00:00:00,892.17065
2024-06-19 01:00:00,948.65045
2024-06-19 02:00:00,1109.3022
2024-06-19 03:00:00,1201.6726
2024-06-19 04:00:00,1330.4432
2024-06-19 05:00:00,1565.853
2024-06-19 06:00:00,1984.1946
2024-06-19 07:00:00,2276.9417
2024-06-19 08:00:00,2568.5767
2024-06-19 09:00:00,2705.205
2024-06-19 10:00:00,2898.7537
2024-06-19 11:00:00,2912.2378
2024-06-19 12:00:00,3001.2053
2024-06-19 13:00:00,2395.5947
2024-06-19 14:00:00,483.24487
2024-06-19 15:00:00,228.95464
2024-06-19 16:00:00,166.54373
2024-06-19 17:00:00,144.26189
2024-06-19 18:00:00,113.574905
2024-06-19 19:00:00,94.55212
2024-06-19 20:00:00,103.23797
2024-06-19 21:00:00,141.12831
2024-06-19 22:00:00,143.577
2024-06-19 23:00:00,155.97302
2024-06-20 00:00:00,141.31204
2024-06-20 01:00:00,212.72061
2024-06-20 02:00:00,478.9545
2024-06-20 03:00:00,620.8533
2024-06-20 04:00:00,750.1381
2024-06-20 05:00:00,948.23596
2024-06-20 06:00:00,1155.8816
2024-06-20 07:00:00,1396.203
2024-06-20 08:00:00,1637.0732
2024-06-20 09:00:00,1888.4404
2024-06-20 10:00:00,1262.8949
2024-06-20 11:00:00,1442.9025
2024-06-20 12:00:00,1395.8169
2024-06-20 13:00:00,1311.1093
2024-06-20 14:00:00,307.5361
2024-06-20 15:00:00,153.89177
2024-06-20 16:00:00,138.62129
2024-06-20 17:00:00,152.92415
2024-06-20 18:00:00,186.43944
2024-06-20 19:00:00,189.92906
2024-06-20 20:00:00,153.65472
2024-06-20 21:00:00,151.79976
2024-06-20 22:00:00,337.2832
2024-06-20 23:00:00,281.02106
2024-06-21 00:00:00,270.35175
2024-06-21 01:00:00,248.80879
2024-06-21 02:00:00,284.6993
2024-06-21 03:00:00,414.13452
2024-06-21 04:00:00,661.36304
2024-06-21 05:00:00,935.03925
2024-06-21 06:00:00,1149.7834
2024-06-21 07:00:00,1354.8662
2024-06-21 08:00:00,1632.1294
2024-06-21 09:00:00,1692.8661
2024-06-21 10:00:00,1310.0546
2024-06-21 11:00:00,1375.1422
2024-06-21 12:00:00,1407.9248
2024-06-21 13:00:00,1271.3328
2024-06-21 14:00:00,374.86835
2024-06-21 15:00:00,112.131805
2024-06-21 16:00:00,97.009384
2024-06-21 17:00:00,108.508865
2024-06-21 18:00:00,133.97633
2024-06-21 19:00:00,140.29112
2024-06-21 20:00:00,152.13716
2024-06-21 21:00:00,204.47878
2024-06-21 22:00:00,186.95879
2024-06-21 23:00:00,210.732
2024-06-22 00:00:00,189.28816
2024-06-22 01:00:00,218.62717
2024-06-22 02:00:00,328.12473
2024-06-22 03:00:00,545.47797
2024-06-22 04:00:00,835.8869
2024-06-22 05:00:00,1219.7225
2024-06-22 06:00:00,1504.2488
2024-06-22 07:00:00,1671.366
2024-06-22 08:00:00,1807.1664
2024-06-22 09:00:00,1925.3542
2024-06-22 10:00:00,1311.1561
2024-06-22 11:00:00,1216.2007
2024-06-22 12:00:00,1022.76385
2024-06-22 13:00:00,701.0772
2024-06-22 14:00:00,202.67758
2024-06-22 15:00:00,145.43643
2024-06-22 16:00:00,138.1312
2024-06-22 17:00:00,144.55634
2024-06-22 18:00:00,157.00299
2024-06-22 19:00:00,173.37798
2024-06-22 20:00:00,184.45091
2024-06-22 21:00:00,201.66496
2024-06-22 22:00:00,211.34216
2024-06-22 23:00:00,267.7663
2024-06-23 00:00:00,247.59576
2024-06-23 01:00:00,273.95056
2024-06-23 02:00:00,368.47275
2024-06-23 03:00:00,638.09204
2024-06-23 04:00:00,973.8273
2024-06-23 05:00:00,1294.7378
2024-06-23 06:00:00,1606.7535
2024-06-23 07:00:00,1706.9587
2024-06-23 08:00:00,1830.7788
2024-06-23 09:00:00,1963.1395
2024-06-23 10:00:00,1569.0006
2024-06-23 11:00:00,1292.8556
2024-06-23 12:00:00,832.72345
2024-06-23 13:00:00,640.90326
2024-06-23 14:00:00,336.71707
2024-06-23 15:00:00,227.31807
2024-06-23 16:00:00,181.10114
2024-06-23 17:00:00,111.305595
2024-06-23 18:00:00,67.968575
2024-06-23 19:00:00,78.69893
2024-06-23 20:00:00,97.9736
2024-06-23 21:00:00,123.29068
2024-06-23 22:00:00,154.43663
2024-06-23 23:00:00,178.43631
2024-06-24 00:00:00,158.53745
2024-06-24 01:00:00,171.54884
2024-06-24 02:00:00,332.74118
2024-06-24 03:00:00,631.7488
2024-06-24 04:00:00,1088.443
2024-06-24 05:00:00,1537.4926
2024-06-24 06:00:00,1718.9625
2024-06-24 07:00:00,1877.7343
2024-06-24 08:00:00,1930.3522
2024-06-24 09:00:00,1976.0112
2024-06-24 10:00:00,1070.8794
2024-06-24 11:00:00,961.6119
2024-06-24 12:00:00,864.0865
2024-06-24 13:00:00,760.616
2024-06-24 14:00:00,646.41406
2024-06-24 15:00:00,502.62363
2024-06-24 16:00:00,433.95142
2024-06-24 17:00:00,399.8712
2024-06-24 18:00:00,353.16766
2024-06-24 19:00:00,321.83994
2024-06-24 20:00:00,290.8774
2024-06-24 21:00:00,272.598
2024-06-24 22:00:00,318.9233
2024-06-24 23:00:00,294.32834
2024-06-25 00:00:00,255.20241
2024-06-25 01:00:00,289.8648
2024-06-25 02:00:00,436.38495
2024-06-25 03:00:00,676.8308
2024-06-25 04:00:00,942.91156
2024-06-25 05:00:00,1190.7329
2024-06-25 06:00:00,1287.1979
2024-06-25 07:00:00,1275.3097
2024-06-25 08:00:00,1404.2166
2024-06-25 09:00:00,1467.2054
2024-06-25 10:00:00,1510.5933
2024-06-25 11:00:00,1597.2361
2024-06-25 12:00:00,1563.8821
2024-06-25 13:00:00,1055.471
2024-06-25 14:00:00,348.25604
2024-06-25 15:00:00,246.5484
2024-06-25 16:00:00,220.29987
2024-06-25 17:00:00,273.3512
2024-06-25 18:00:00,293.99426
2024-06-25 19:00:00,295.01785
2024-06-25 20:00:00,284.1803
2024-06-25 21:00:00,271.43118
2024-06-25 22:00:00,230.69989
2024-06-25 23:00:00,235.93166
2024-06-26 00:00:00,175.82608
2024-06-26 01:00:00,243.61433
2024-06-26 02:00:00,352.76358
2024-06-26 03:00:00,469.42218
2024-06-26 04:00:00,588.401
2024-06-26 05:00:00,833.6206
2024-06-26 06:00:00,990.4189
2024-06-26 07:00:00,1106.6094
2024-06-26 08:00:00,1266.6599
2024-06-26 09:00:00,1429.4957
2024-06-26 10:00:00,1226.6921
2024-06-26 11:00:00,1191.8923
2024-06-26 12:00:00,1011.8
2024-06-26 13:00:00,908.3904
2024-06-26 14:00:00,690.14044
2024-06-26 15:00:00,496.07947
2024-06-26 16:00:00,440.36453
2024-06-26 17:00:00,401.08142
2024-06-26 18:00:00,352.83566
2024-06-26 19:00:00,310.31427
2024-06-26 20:00:00,357.28793
2024-06-26 21:00:00,439.06085
2024-06-26 22:00:00,407.5075
2024-06-26 23:00:00,468.49048
2024-06-27 00:00:00,510.8484
2024-06-27 01:00:00,538.47833
2024-06-27 02:00:00,568.1633
2024-06-27 03:00:00,649.3063
2024-06-27 04:00:00,733.5854
2024-06-27 05:00:00,722.12756
2024-06-27 06:00:00,747.26373
2024-06-27 07:00:00,718.0386
2024-06-27 08:00:00,718.9023
2024-06-27 09:00:00,751.1179
2024-06-27 10:00:00,740.9676
2024-06-27 11:00:00,812.6763
2024-06-27 12:00:00,827.8462
2024-06-27 13:00:00,772.8981
2024-06-27 14:00:00,666.89825
2024-06-27 15:00:00,603.73157
2024-06-27 16:00:00,519.0329
2024-06-27 17:00:00,390.94214
2024-06-27 18:00:00,292.9884
2024-06-27 19:00:00,226.62144
2024-06-27 20:00:00,206.10168
2024-06-27 21:00:00,205.58742
2024-06-27 22:00:00,200.2429
2024-06-27 23:00:00,235.3257
2024-06-28 00:00:00,273.8567
2024-06-28 01:00:00,273.81668
2024-06-28 02:00:00,281.33572
2024-06-28 03:00:00,283.44067
2024-06-28 04:00:00,299.8153
2024-06-28 05:00:00,357.89017
2024-06-28 06:00:00,399.35294
2024-06-28 07:00:00,480.25867
2024-06-28 08:00:00,520.2827
2024-06-28 09:00:00,521.41876
2024-06-28 10:00:00,617.29565
2024-06-28 11:00:00,617.5248
2024-06-28 12:00:00,624.7573
2024-06-28 13:00:00,540.93805
2024-06-28 14:00:00,286.9666
2024-06-28 15:00:00,185.86937
2024-06-28 16:00:00,147.40968
2024-06-28 17:00:00,123.810104
2024-06-28 18:00:00,119.6016
2024-06-28 19:00:00,115.541466
2024-06-28 20:00:00,107.93255
2024-06-28 21:00:00,110.04814
2024-06-28 22:00:00,147.66826
2024-06-28 23:00:00,156.09258
2024-06-29 00:00:00,174.13033
2024-06-29 01:00:00,220.50243
2024-06-29 02:00:00,281.09766
2024-06-29 03:00:00,385.78656
2024-06-29 04:00:00,564.99805
2024-06-29 05:00:00,821.3781
2024-06-29 06:00:00,939.29596
2024-06-29 07:00:00,712.7184
2024-06-29 08:00:00,894.4132
2024-06-29 09:00:00,734.79877
2024-06-29 10:00:00,705.4882
2024-06-29 11:00:00,672.87573
2024-06-29 12:00:00,608.7866
2024-06-29 13:00:00,354.94653
2024-06-29 14:00:00,86.573555
2024-06-29 15:00:00,125.64984
2024-06-29 16:00:00,177.96532
2024-06-29 17:00:00,210.92235
2024-06-29 18:00:00,230.05153
2024-06-29 19:00:00,249.62732
2024-06-29 20:00:00,267.8966
2024-06-29 21:00:00,231.51361
2024-06-29 22:00:00,225.74281
2024-06-29 23:00:00,250.31627
2024-06-30 00:00:00,242.59474
2024-06-30 01:00:00,269.8936
2024-06-30 02:00:00,420.48108
2024-06-30 03:00:00,604.5626
2024-06-30 04:00:00,751.5375
2024-06-30 05:00:00,828.6892
2024-06-30 06:00:00,976.985
2024-06-30 07:00:00,1135.2786
2024-06-30 08:00:00,1201.7535
2024-06-30 09:00:00,1254.8458
2024-06-30 10:00:00,1059.6808
2024-06-30 11:00:00,920.25806
2024-06-30 12:00:00,764.79614
2024-06-30 13:00:00,160.27744
2024-06-30 14:00:00,114.827995
2024-06-30 15:00:00,155.37079
2024-06-30 16:00:00,171.136
2024-06-30 17:00:00,166.08983
2024-06-30 18:00:00,126.5975
2024-06-30 19:00:00,104.76905
2024-06-30 20:00:00,108.957756
2024-06-30 21:00:00,115.98398
2024-06-30 22:00:00,127.08447
2024-06-30 23:00:00,73.23212
2024-07-01 00:00:00,86.45752
2024-07-01 01:00:00,119.73406
2024-07-01 02:00:00,243.95663
2024-07-01 03:00:00,422.57547
2024-07-01 04:00:00,611.5346
2024-07-01 05:00:00,708.9916
2024-07-01 06:00:00,809.448
2024-07-01 07:00:00,864.783
2024-07-01 08:00:00,949.1979
2024-07-01 09:00:00,1027.3579
2024-07-01 10:00:00,844.96826
2024-07-01 11:00:00,873.38165
2024-07-01 12:00:00,780.6183
2024-07-01 13:00:00,608.40424
2024-07-01 14:00:00,159.5314
2024-07-01 15:00:00,36.74175
2024-07-01 16:00:00,63.14699
2024-07-01 17:00:00,99.806946
2024-07-01 18:00:00,128.84843
2024-07-01 19:00:00,148.3996
2024-07-01 20:00:00,156.96873
2024-07-01 21:00:00,137.9664
2024-07-01 22:00:00,131.44708
2024-07-01 23:00:00,162.31488
2024-07-02 00:00:00,178.05196
2024-07-02 01:00:00,223.76543
2024-07-02 02:00:00,342.96307
2024-07-02 03:00:00,416.27536
2024-07-02 04:00:00,478.5738
2024-07-02 05:00:00,607.93384
2024-07-02 06:00:00,778.9573
2024-07-02 07:00:00,932.99884
2024-07-02 08:00:00,975.0842
2024-07-02 09:00:00,1090.0361
2024-07-02 10:00:00,688.145
2024-07-02 11:00:00,652.8737
2024-07-02 12:00:00,591.3518
2024-07-02 13:00:00,364.19055
2024-07-02 14:00:00,164.27527
2024-07-02 15:00:00,158.34366
2024-07-02 16:00:00,181.0078
2024-07-02 17:00:00,184.51959
2024-07-02 18:00:00,197.81628
2024-07-02 19:00:00,210.51201
2024-07-02 20:00:00,210.86873
2024-07-02 21:00:00,208.51395
2024-07-02 22:00:00,281.3701
2024-07-02 23:00:00,339.5042
2024-07-03 00:00:00,383.5643
2024-07-03 01:00:00,410.9399
2024-07-03 02:00:00,465.8429
2024-07-03 03:00:00,572.7593
2024-07-03 04:00:00,641.7498
2024-07-03 05:00:00,750.7377
2024-07-03 06:00:00,892.1193
2024-07-03 07:00:00,983.19257
2024-07-03 08:00:00,1016.5482
2024-07-03 09:00:00,752.18384
2024-07-03 10:00:00,461.4984
2024-07-03 11:00:00,402.55078
2024-07-03 12:00:00,338.43564
2024-07-03 13:00:00,310.29602
2024-07-03 14:00:00,291.85208
2024-07-03 15:00:00,301.9313
2024-07-03 16:00:00,291.13168
2024-07-03 17:00:00,253.2528
2024-07-03 18:00:00,213.82214
2024-07-03 19:00:00,186.9352
2024-07-03 20:00:00,169.77519
2024-07-03 21:00:00,139.94768
2024-07-03 22:00:00,298.95224
2024-07-03 23:00:00,259.35345
2024-07-04 00:00:00,222.04352
2024-07-04 01:00:00,186.31982
2024-07-04 02:00:00,205.16087
2024-07-04 03:00:00,226.87291
2024-07-04 04:00:00,264.54938
2024-07-04 05:00:00,320.31924
2024-07-04 06:00:00,377.21878
2024-07-04 07:00:00,438.109
2024-07-04 08:00:00,598.95294
2024-07-04 09:00:00,593.5732
2024-07-04 10:00:00,466.7744
2024-07-04 11:00:00,442.60056
2024-07-04 12:00:00,593.0647
2024-07-04 13:00:00,477.5572
2024-07-04 14:00:00,129.35797
2024-07-04 15:00:00,93.208534
2024-07-04 16:00:00,84.24229
2024-07-04 17:00:00,67.27274
2024-07-04 18:00:00,70.53655
2024-07-04 19:00:00,81.2447
2024-07-04 20:00:00,110.59609
2024-07-04 21:00:00,166.44463
2024-07-04 22:00:00,302.07678
2024-07-04 23:00:00,258.4226
2024-07-05 00:00:00,204.94202
2024-07-05 01:00:00,243.14252
2024-07-05 02:00:00,276.76422
2024-07-05 03:00:00,341.15485
2024-07-05 04:00:00,398.3376
2024-07-05 05:00:00,428.13394
2024-07-05 06:00:00,508.1671
2024-07-05 07:00:00,578.1594
2024-07-05 08:00:00,647.0422
2024-07-05 09:00:00,721.23456
2024-07-05 10:00:00,740.5385
2024-07-05 11:00:00,531.22156
2024-07-05 12:00:00,471.5377
2024-07-05 13:00:00,392.26746
2024-07-05 14:00:00,367.83188
2024-07-05 15:00:00,381.64658
2024-07-05 16:00:00,406.29352
2024-07-05 17:00:00,385.8029
2024-07-05 18:00:00,353.73596
2024-07-05 19:00:00,321.48065
2024-07-05 20:00:00,297.02643
2024-07-05 21:00:00,281.5683
2024-07-05 22:00:00,260.1259
2024-07-05 23:00:00,274.42755
2024-07-06 00:00:00,280.61972
2024-07-06 01:00:00,296.08585
2024-07-06 02:00:00,295.5144
2024-07-06 03:00:00,308.8739
2024-07-06 04:00:00,379.99316
2024-07-06 05:00:00,483.10822
2024-07-06 06:00:00,603.3386
2024-07-06 07:00:00,696.2964
2024-07-06 08:00:00,772.20013
2024-07-06 09:00:00,779.30756
2024-07-06 10:00:00,1040.552
2024-07-06 11:00:00,947.21375
2024-07-06 12:00:00,761.58234
2024-07-06 13:00:00,465.86353
2024-07-06 14:00:00,342.57602
2024-07-06 15:00:00,335.75308
2024-07-06 16:00:00,342.57016
2024-07-06 17:00:00,356.2001
2024-07-06 18:00:00,359.16785
2024-07-06 19:00:00,358.84198
2024-07-06 20:00:00,341.1846
2024-07-06 21:00:00,307.08023
2024-07-06 22:00:00,224.80191
2024-07-06 23:00:00,250.25446
2024-07-07 00:00:00,279.54483
2024-07-07 01:00:00,321.5243
2024-07-07 02:00:00,373.7038
2024-07-07 03:00:00,501.5357
2024-07-07 04:00:00,618.6979
2024-07-07 05:00:00,790.76404
2024-07-07 06:00:00,909.1763
2024-07-07 07:00:00,996.42065
2024-07-07 08:00:00,993.0352
2024-07-07 09:00:00,1034.7644
2024-07-07 10:00:00,777.9715
2024-07-07 11:00:00,695.86017
2024-07-07 12:00:00,627.19684
2024-07-07 13:00:00,533.2788
2024-07-07 14:00:00,386.35684
2024-07-07 15:00:00,276.62595
2024-07-07 16:00:00,223.48325
2024-07-07 17:00:00,192.6845
2024-07-07 18:00:00,166.55324
2024-07-07 19:00:00,134.66167
2024-07-07 20:00:00,108.24268
2024-07-07 21:00:00,76.085815
2024-07-07 22:00:00,144.85252
2024-07-07 23:00:00,151.21577
2024-07-08 00:00:00,173.93198
2024-07-08 01:00:00,212.19717
2024-07-08 02:00:00,294.74835
2024-07-08 03:00:00,438.08984
2024-07-08 04:00:00,654.5885
2024-07-08 05:00:00,750.137
2024-07-08 06:00:00,812.3959
2024-07-08 07:00:00,876.0959
2024-07-08 08:00:00,967.83203
2024-07-08 09:00:00,1012.27155
2024-07-08 10:00:00,924.9402
2024-07-08 11:00:00,855.2402
2024-07-08 12:00:00,700.47626
2024-07-08 13:00:00,586.1415
2024-07-08 14:00:00,269.28073
2024-07-08 15:00:00,226.50839
2024-07-08 16:00:00,168.71437
2024-07-08 17:00:00,129.3209
2024-07-08 18:00:00,119.689064
2024-07-08 19:00:00,146.8739
2024-07-08 20:00:00,167.14828
2024-07-08 21:00:00,172.54832
2024-07-08 22:00:00,213.7136
2024-07-08 23:00:00,193.02022
2024-07-09 00:00:00,166.8868
2024-07-09 01:00:00,175.71542
2024-07-09 02:00:00,241.7451
2024-07-09 03:00:00,330.3331
2024-07-09 04:00:00,496.52444
2024-07-09 05:00:00,662.8103
2024-07-09 06:00:00,775.1258
2024-07-09 07:00:00,892.97156
2024-07-09 08:00:00,983.20166
2024-07-09 09:00:00,984.98157
2024-07-09 10:00:00,892.2678
2024-07-09 11:00:00,909.12463
2024-07-09 12:00:00,838.24475
2024-07-09 13:00:00,501.38773
2024-07-09 14:00:00,108.903625
2024-07-09 15:00:00,102.519104
2024-07-09 16:00:00,98.40318
2024-07-09 17:00:00,80.10789
2024-07-09 18:00:00,64.79709
2024-07-09 19:00:00,56.186893
2024-07-09 20:00:00,63.82
2024-07-09 21:00:00,80.756424
2024-07-09 22:00:00,104.94216
2024-07-09 23:00:00,106.82502
2024-07-10 00:00:00,87.44058
2024-07-10 01:00:00,95.13515
2024-07-10 02:00:00,195.31068
2024-07-10 03:00:00,510.4976
2024-07-10 04:00:00,937.14
2024-07-10 05:00:00,1126.7458
2024-07-10 06:00:00,1180.984
2024-07-10 07:00:00,1126.2523
2024-07-10 08:00:00,1092.4307
2024-07-10 09:00:00,1015.75226
2024-07-10 10:00:00,805.08966
2024-07-10 11:00:00,987.9657
2024-07-10 12:00:00,906.56006
2024-07-10 13:00:00,610.60834
2024-07-10 14:00:00,98.938995
2024-07-10 15:00:00,100.750916
2024-07-10 16:00:00,150.22852
2024-07-10 17:00:00,171.481
2024-07-10 18:00:00,145.29675
2024-07-10 19:00:00,123.37312
2024-07-10 20:00:00,107.84884
2024-07-10 21:00:00,106.164154
2024-07-10 22:00:00,144.53912
2024-07-10 23:00:00,192.92926
2024-07-11 00:00:00,195.77264
2024-07-11 01:00:00,217.27875
2024-07-11 02:00:00,356.43805
2024-07-11 03:00:00,563.72144
2024-07-11 04:00:00,741.9484
2024-07-11 05:00:00,953.0606
2024-07-11 06:00:00,1201.0361
2024-07-11 07:00:00,1345.3951
2024-07-11 08:00:00,1474.7072
2024-07-11 09:00:00,1564.4867
2024-07-11 10:00:00,1103.6564
2024-07-11 11:00:00,1133.1852
2024-07-11 12:00:00,672.5559
2024-07-11 13:00:00,224.00209
2024-07-11 14:00:00,245.26865
2024-07-11 15:00:00,304.92212
2024-07-11 16:00:00,273.25934
2024-07-11 17:00:00,238.39801
2024-07-11 18:00:00,236.56566
2024-07-11 19:00:00,253.00455
2024-07-11 20:00:00,282.9401
2024-07-11 21:00:00,314.88785
2024-07-11 22:00:00,372.5427
2024-07-11 23:00:00,432.6055
2024-07-12 00:00:00,492.1034
2024-07-12 01:00:00,471.768
2024-07-12 02:00:00,505.726
2024-07-12 03:00:00,599.92957
2024-07-12 04:00:00,730.2965
2024-07-12 05:00:00,820.07056
2024-07-12 06:00:00,882.54913
2024-07-12 07:00:00,1043.854
2024-07-12 08:00:00,1146.8278
2024-07-12 09:00:00,1079.2996
2024-07-12 10:00:00,1080.9176
2024-07-12 11:00:00,791.83295
2024-07-12 12:00:00,650.4857
2024-07-12 13:00:00,599.1636
2024-07-12 14:00:00,292.7632
2024-07-12 15:00:00,75.34166
2024-07-12 16:00:00,34.32971
2024-07-12 17:00:00,34.72863
2024-07-12 18:00:00,41.248978
2024-07-12 19:00:00,54.85666
2024-07-12 20:00:00,74.59169
2024-07-12 21:00:00,99.47405
2024-07-12 22:00:00,71.492744
2024-07-12 23:00:00,94.02639
2024-07-13 00:00:00,129.33246
2024-07-13 01:00:00,178.4861
2024-07-13 02:00:00,244.0773
2024-07-13 03:00:00,393.7133
2024-07-13 04:00:00,662.88226
2024-07-13 05:00:00,917.9456
2024-07-13 06:00:00,994.325
2024-07-13 07:00:00,1043.4092
2024-07-13 08:00:00,1127.2133
2024-07-13 09:00:00,1151.5574
2024-07-13 10:00:00,742.6156
2024-07-13 11:00:00,526.9454
2024-07-13 12:00:00,607.86487
2024-07-13 13:00:00,299.44397
2024-07-13 14:00:00,83.890755
2024-07-13 15:00:00,80.93
2024-07-13 16:00:00,80.1893
2024-07-13 17:00:00,69.25492
2024-07-13 18:00:00,59.98595
2024-07-13 19:00:00,57.811817
2024-07-13 20:00:00,58.259262
2024-07-13 21:00:00,55.787106
2024-07-13 22:00:00,62.798817
2024-07-13 23:00:00,71.12309
2024-07-14 00:00:00,69.86094
2024-07-14 01:00:00,90.31047
2024-07-14 02:00:00,203.50497
2024-07-14 03:00:00,400.71082
2024-07-14 04:00:00,696.94586
2024-07-14 05:00:00,1005.48444
2024-07-14 06:00:00,1232.5261
2024-07-14 07:00:00,1342.8097
2024-07-14 08:00:00,1457.1843
2024-07-14 09:00:00,1489.9977
2024-07-14 10:00:00,938.71674
2024-07-14 11:00:00,999.49646
2024-07-14 12:00:00,979.44476
2024-07-14 13:00:00,234.22284
2024-07-14 14:00:00,80.88614
2024-07-14 15:00:00,78.01472
2024-07-14 16:00:00,89.623436
2024-07-14 17:00:00,89.21038
2024-07-14 18:00:00,74.432365
2024-07-14 19:00:00,72.426834
2024-07-14 20:00:00,74.82252
2024-07-14 21:00:00,84.72322
2024-07-14 22:00:00,168.15019
2024-07-14 23:00:00,158.15094
2024-07-15 00:00:00,160.04385
2024-07-15 01:00:00,204.57477
2024-07-15 02:00:00,333.62778
2024-07-15 03:00:00,551.38245
2024-07-15 04:00:00,731.8279
2024-07-15 05:00:00,900.9567
2024-07-15 06:00:00,1097.6014
2024-07-15 07:00:00,1041.5396
2024-07-15 08:00:00,972.04486
2024-07-15 09:00:00,1011.22296
2024-07-15 10:00:00,900.0924
2024-07-15 11:00:00,941.0938
2024-07-15 12:00:00,912.02875
2024-07-15 13:00:00,801.3056
2024-07-15 14:00:00,325.00125
2024-07-15 15:00:00,243.5244
2024-07-15 16:00:00,213.17514
2024-07-15 17:00:00,226.09375
2024-07-15 18:00:00,203.45482
2024-07-15 19:00:00,249.18312
2024-07-15 20:00:00,357.37405
2024-07-15 21:00:00,424.38397
2024-07-15 22:00:00,345.1648
2024-07-15 23:00:00,351.03827
2024-07-16 00:00:00,343.78305
2024-07-16 01:00:00,377.9457
2024-07-16 02:00:00,434.4747
2024-07-16 03:00:00,542.038
2024-07-16 04:00:00,640.3699
2024-07-16 05:00:00,755.5061
2024-07-16 06:00:00,895.68414
2024-07-16 07:00:00,1031.5804
2024-07-16 08:00:00,1085.2516
2024-07-16 09:00:00,1101.3302
2024-07-16 10:00:00,1004.9857
2024-07-16 11:00:00,999.6478
2024-07-16 12:00:00,938.6078
2024-07-16 13:00:00,660.8856
2024-07-16 14:00:00,198.50092
2024-07-16 15:00:00,156.43599
2024-07-16 16:00:00,158.40254
2024-07-16 17:00:00,208.6366
2024-07-16 18:00:00,257.8947
2024-07-16 19:00:00,285.61194
2024-07-16 20:00:00,308.7736
2024-07-16 21:00:00,332.64624
2024-07-16 22:00:00,332.74457
2024-07-16 23:00:00,334.95886
2024-07-17 00:00:00,336.97165
2024-07-17 01:00:00,399.60602
2024-07-17 02:00:00,513.5779
2024-07-17 03:00:00,623.7509
2024-07-17 04:00:00,723.1575
2024-07-17 05:00:00,883.0544
2024-07-17 06:00:00,1036.1549
2024-07-17 07:00:00,1064.6246
2024-07-17 08:00:00,1097.6644
2024-07-17 09:00:00,1120.0872
2024-07-17 10:00:00,663.1906
2024-07-17 11:00:00,740.96075
2024-07-17 12:00:00,720.9957
2024-07-17 13:00:00,609.1632
2024-07-17 14:00:00,347.15958
2024-07-17 15:00:00,248.71053
2024-07-17 16:00:00,230.95978
2024-07-17 17:00:00,222.72536
2024-07-17 18:00:00,212.85791
2024-07-17 19:00:00,192.5748
2024-07-17 20:00:00,164.47845
2024-07-17 21:00:00,152.89867
2024-07-17 22:00:00,135.79915
2024-07-17 23:00:00,147.50116
2024-07-18 00:00:00,161.68756
2024-07-18 01:00:00,209.7007
2024-07-18 02:00:00,333.9753
2024-07-18 03:00:00,472.61758
2024-07-18 04:00:00,646.6843
2024-07-18 05:00:00,768.65985
2024-07-18 06:00:00,856.3949
2024-07-18 07:00:00,978.7768
2024-07-18 08:00:00,1030.516
2024-07-18 09:00:00,971.4367
2024-07-18 10:00:00,726.2166
2024-07-18 11:00:00,696.0234
2024-07-18 12:00:00,682.30505
2024-07-18 13:00:00,538.3837
2024-07-18 14:00:00,103.04976
2024-07-18 15:00:00,89.892555
2024-07-18 16:00:00,97.449974
2024-07-18 17:00:00,98.81961
2024-07-18 18:00:00,105.59045
2024-07-18 19:00:00,93.81246
2024-07-18 20:00:00,89.38035
2024-07-18 21:00:00,87.230644
2024-07-18 22:00:00,114.965706
2024-07-18 23:00:00,146.27611
2024-07-19 00:00:00,176.40819
2024-07-19 01:00:00,209.43661
2024-07-19 02:00:00,274.57687
2024-07-19 03:00:00,391.09106
2024-07-19 04:00:00,534.8303
2024-07-19 05:00:00,668.0639
2024-07-19 06:00:00,780.23773
2024-07-19 07:00:00,906.01086
2024-07-19 08:00:00,986.3594
2024-07-19 09:00:00,1025.6003
2024-07-19 10:00:00,802.4663
2024-07-19 11:00:00,746.306
2024-07-19 12:00:00,712.1955
2024-07-19 13:00:00,588.6523
2024-07-19 14:00:00,428.0812
2024-07-19 15:00:00,362.7373
2024-07-19 16:00:00,367.74176
2024-07-19 17:00:00,353.40085
2024-07-19 18:00:00,316.00772
2024-07-19 19:00:00,261.46124
2024-07-19 20:00:00,235.55128
2024-07-19 21:00:00,217.18692
2024-07-19 22:00:00,303.81638
2024-07-19 23:00:00,320.69513
2024-07-20 00:00:00,318.85815
2024-07-20 01:00:00,317.47668
2024-07-20 02:00:00,388.60947
2024-07-20 03:00:00,559.11194
2024-07-20 04:00:00,733.16187
2024-07-20 05:00:00,894.23474
2024-07-20 06:00:00,966.4224
2024-07-20 07:00:00,1013.712
2024-07-20 08:00:00,1071.9218
2024-07-20 09:00:00,1073.5626
2024-07-20 10:00:00,1048.1597
2024-07-20 11:00:00,1050.818
2024-07-20 12:00:00,908.113
2024-07-20 13:00:00,322.02658
2024-07-20 14:00:00,69.389046
2024-07-20 15:00:00,63.340748
2024-07-20 16:00:00,72.17583
2024-07-20 17:00:00,69.61801
2024-07-20 18:00:00,60.80094
2024-07-20 19:00:00,58.24634
2024-07-20 20:00:00,64.65471
2024-07-20 21:00:00,76.372086
2024-07-20 22:00:00,137.28586
2024-07-20 23:00:00,146.6342
2024-07-21 00:00:00,145.48428
2024-07-21 01:00:00,190.54898
2024-07-21 02:00:00,333.52847
2024-07-21 03:00:00,540.62256
2024-07-21 04:00:00,713.8145
2024-07-21 05:00:00,865.6437
2024-07-21 06:00:00,968.7662
2024-07-21 07:00:00,1010.25586
2024-07-21 08:00:00,1065.1665
2024-07-21 09:00:00,1098.8196
2024-07-21 10:00:00,1109.5677
2024-07-21 11:00:00,826.84827
2024-07-21 12:00:00,577.54767
2024-07-21 13:00:00,517.36505
2024-07-21 14:00:00,438.98044
2024-07-21 15:00:00,422.15778
2024-07-21 16:00:00,448.64313
2024-07-21 17:00:00,422.41238
2024-07-21 18:00:00,421.48267
2024-07-21 19:00:00,393.9731
2024-07-21 20:00:00,345.756
2024-07-21 21:00:00,297.8098
2024-07-21 22:00:00,303.33163
2024-07-21 23:00:00,326.07
2024-07-22 00:00:00,347.95728
2024-07-22 01:00:00,338.03064
2024-07-22 02:00:00,439.1503
2024-07-22 03:00:00,565.0373
2024-07-22 04:00:00,729.0505
2024-07-22 05:00:00,892.9648
2024-07-22 06:00:00,953.8061
2024-07-22 07:00:00,1008.54095
2024-07-22 08:00:00,1034.1913
2024-07-22 09:00:00,1078.2749
2024-07-22 10:00:00,736.13696
2024-07-22 11:00:00,735.6361
2024-07-22 12:00:00,724.3323
2024-07-22 13:00:00,581.30585
2024-07-22 14:00:00,167.50243
2024-07-22 15:00:00,137.4531
2024-07-22 16:00:00,178.64223
2024-07-22 17:00:00,213.36586
2024-07-22 18:00:00,234.76146
2024-07-22 19:00:00,231.11203
2024-07-22 20:00:00,212.6999
2024-07-22 21:00:00,190.6269
2024-07-22 22:00:00,203.02505
2024-07-22 23:00:00,193.72264
2024-07-23 00:00:00,213.16774
2024-07-23 01:00:00,280.76373
2024-07-23 02:00:00,369.7334
2024-07-23 03:00:00,447.32614
2024-07-23 04:00:00,532.87506
2024-07-23 05:00:00,620.9693
2024-07-23 06:00:00,721.8105
2024-07-23 07:00:00,845.2566
2024-07-23 08:00:00,1036.1831
2024-07-23 09:00:00,1043.6362
2024-07-23 10:00:00,964.63165
2024-07-23 11:00:00,985.70123
2024-07-23 12:00:00,734.61346
2024-07-23 13:00:00,413.2236
2024-07-23 14:00:00,203.73535
2024-07-23 15:00:00,210.17133
2024-07-23 16:00:00,208.93591
2024-07-23 17:00:00,190.35178
2024-07-23 18:00:00,157.29002
2024-07-23 19:00:00,121.5099
2024-07-23 20:00:00,109.12822
2024-07-23 21:00:00,108.091774
2024-07-23 22:00:00,102.31696
2024-07-23 23:00:00,129.44072
2024-07-24 00:00:00,137.79143
2024-07-24 01:00:00,158.82768
2024-07-24 02:00:00,236.26404
2024-07-24 03:00:00,283.07974
2024-07-24 04:00:00,409.72504
2024-07-24 05:00:00,554.48224
2024-07-24 06:00:00,657.7986
2024-07-24 07:00:00,773.95374
2024-07-24 08:00:00,845.8872
2024-07-24 09:00:00,891.8155
2024-07-24 10:00:00,824.5349
2024-07-24 11:00:00,848.83905
2024-07-24 12:00:00,772.4944
2024-07-24 13:00:00,601.8015
2024-07-24 14:00:00,52.67941
2024-07-24 15:00:00,53.120865
2024-07-24 16:00:00,64.77006
2024-07-24 17:00:00,72.46719
2024-07-24 18:00:00,87.67797
2024-07-24 19:00:00,105.55144
2024-07-24 20:00:00,115.45104
2024-07-24 21:00:00,108.42766
2024-07-24 22:00:00,119.63207
2024-07-24 23:00:00,140.52754
2024-07-25 00:00:00,182.61972
2024-07-25 01:00:00,183.28178
2024-07-25 02:00:00,277.40732
2024-07-25 03:00:00,378.10565
2024-07-25 04:00:00,484.3818
2024-07-25 05:00:00,571.3273
2024-07-25 06:00:00,724.4793
2024-07-25 07:00:00,920.182
2024-07-25 08:00:00,1022.1186
2024-07-25 09:00:00,1057.445
2024-07-25 10:00:00,884.13245
2024-07-25 11:00:00,908.1621
2024-07-25 12:00:00,888.5878
2024-07-25 13:00:00,282.44046
2024-07-25 14:00:00,56.201298
2024-07-25 15:00:00,69.923676
2024-07-25 16:00:00,84.46676
2024-07-25 17:00:00,81.95579
2024-07-25 18:00:00,77.31427
2024-07-25 19:00:00,98.3427
2024-07-25 20:00:00,114.47068
2024-07-25 21:00:00,151.25214
2024-07-25 22:00:00,138.31036
2024-07-25 23:00:00,147.4714
2024-07-26 00:00:00,176.94502
2024-07-26 01:00:00,218.54488
2024-07-26 02:00:00,247.56534
2024-07-26 03:00:00,255.8978
2024-07-26 04:00:00,370.26837
2024-07-26 05:00:00,533.4429
2024-07-26 06:00:00,754.1343
2024-07-26 07:00:00,900.4432
2024-07-26 08:00:00,917.2802
2024-07-26 09:00:00,889.95807
2024-07-26 10:00:00,735.84717
2024-07-26 11:00:00,794.15393
2024-07-26 12:00:00,755.2436
2024-07-26 13:00:00,626.6951
2024-07-26 14:00:00,61.46015
2024-07-26 15:00:00,45.066402
2024-07-26 16:00:00,53.473766
2024-07-26 17:00:00,72.125656
2024-07-26 18:00:00,117.086205
2024-07-26 19:00:00,132.26712
2024-07-26 20:00:00,105.87112
2024-07-26 21:00:00,85.91833
2024-07-26 22:00:00,78.011
2024-07-26 23:00:00,87.05173
2024-07-27 00:00:00,104.12114
2024-07-27 01:00:00,131.4749
2024-07-27 02:00:00,208.97397
2024-07-27 03:00:00,313.6234
2024-07-27 04:00:00,456.08582
2024-07-27 05:00:00,582.25494
2024-07-27 06:00:00,735.3722
2024-07-27 07:00:00,868.5325
2024-07-27 08:00:00,958.87994
2024-07-27 09:00:00,969.6956
2024-07-27 10:00:00,761.3368
2024-07-27 11:00:00,752.2827
2024-07-27 12:00:00,631.09424
2024-07-27 13:00:00,440.46973
2024-07-27 14:00:00,139.5512
2024-07-27 15:00:00,105.65681
2024-07-27 16:00:00,95.91546
2024-07-27 17:00:00,60.0481
2024-07-27 18:00:00,44.30897
2024-07-27 19:00:00,41.747875
2024-07-27 20:00:00,46.149826
2024-07-27 21:00:00,55.09374
2024-07-27 22:00:00,74.79635
2024-07-27 23:00:00,59.190685
2024-07-28 00:00:00,49.239246
2024-07-28 01:00:00,75.725365
2024-07-28 02:00:00,193.08661
2024-07-28 03:00:00,478.0043
2024-07-28 04:00:00,797.73157
2024-07-28 05:00:00,902.5836
2024-07-28 06:00:00,1039.2783
2024-07-28 07:00:00,1155.1509
2024-07-28 08:00:00,1294.371
2024-07-28 09:00:00,1219.8684
2024-07-28 10:00:00,1060.915
2024-07-28 11:00:00,1072.6279
2024-07-28 12:00:00,1012.16376
2024-07-28 13:00:00,851.0616
2024-07-28 14:00:00,448.03986
2024-07-28 15:00:00,245.80693
2024-07-28 16:00:00,177.5471
2024-07-28 17:00:00,169.80316
2024-07-28 18:00:00,175.3342
2024-07-28 19:00:00,164.8596
2024-07-28 20:00:00,153.84691
2024-07-28 21:00:00,153.63995
2024-07-28 22:00:00,232.431
2024-07-28 23:00:00,270.97757
2024-07-29 00:00:00,343.9914
2024-07-29 01:00:00,448.58884
2024-07-29 02:00:00,587.4761
2024-07-29 03:00:00,729.99884
2024-07-29 04:00:00,861.40735
2024-07-29 05:00:00,947.65894
2024-07-29 06:00:00,1055.3037
2024-07-29 07:00:00,1134.0453
2024-07-29 08:00:00,1207.0159
2024-07-29 09:00:00,1234.261
2024-07-29 10:00:00,1142.2345
2024-07-29 11:00:00,1152.8788
2024-07-29 12:00:00,1068.4033
2024-07-29 13:00:00,747.9249
2024-07-29 14:00:00,185.11723
2024-07-29 15:00:00,136.04384
2024-07-29 16:00:00,142.04301
2024-07-29 17:00:00,177.54965
2024-07-29 18:00:00,208.64232
2024-07-29 19:00:00,197.79868
2024-07-29 20:00:00,194.49385
2024-07-29 21:00:00,217.08086
2024-07-29 22:00:00,274.3175
2024-07-29 23:00:00,325.87677
2024-07-30 00:00:00,368.946
2024-07-30 01:00:00,390.22235
2024-07-30 02:00:00,455.82968
2024-07-30 03:00:00,582.62506
2024-07-30 04:00:00,821.0719
2024-07-30 05:00:00,998.86743
2024-07-30 06:00:00,1118.9236
2024-07-30 07:00:00,1232.3304
2024-07-30 08:00:00,1256.7596
2024-07-30 09:00:00,1293.5266
2024-07-30 10:00:00,1076.4171
2024-07-30 11:00:00,1111.0779
2024-07-30 12:00:00,1008.83124
2024-07-30 13:00:00,492.61038
2024-07-30 14:00:00,167.3019
2024-07-30 15:00:00,102.9677
2024-07-30 16:00:00,96.40453
2024-07-30 17:00:00,91.99694
2024-07-30 18:00:00,97.847786
2024-07-30 19:00:00,102.74553
2024-07-30 20:00:00,146.33185
2024-07-30 21:00:00,194.59383
2024-07-30 22:00:00,197.67145
2024-07-30 23:00:00,220.94948
2024-07-31 00:00:00,221.52492
2024-07-31 01:00:00,238.664
2024-07-31 02:00:00,270.25446
2024-07-31 03:00:00,324.2626
2024-07-31 04:00:00,334.02493
2024-07-31 05:00:00,364.70337
2024-07-31 06:00:00,464.1014
2024-07-31 07:00:00,561.04956
2024-07-31 08:00:00,756.9938
2024-07-31 09:00:00,864.6806
2024-07-31 10:00:00,555.71906
2024-07-31 11:00:00,629.32574
2024-07-31 12:00:00,686.5912
2024-07-31 13:00:00,474.25616
2024-07-31 14:00:00,390.89136
2024-07-31 15:00:00,469.66534
2024-07-31 16:00:00,486.91086
2024-07-31 17:00:00,505.6964
2024-07-31 18:00:00,548.0198
2024-07-31 19:00:00,564.84
2024-07-31 20:00:00,527.96204
2024-07-31 21:00:00,416.49802
2024-07-31 22:00:00,265.28275
2024-07-31 23:00:00,250.56877
2024-08-01 00:00:00,236.8935
2024-08-01 01:00:00,201.3531
2024-08-01 02:00:00,203.02087
2024-08-01 03:00:00,215.18204
2024-08-01 04:00:00,246.78831
2024-08-01 05:00:00,318.84988
2024-08-01 06:00:00,422.9206
2024-08-01 07:00:00,469.56628
2024-08-01 08:00:00,509.4629
2024-08-01 09:00:00,544.7176
2024-08-01 10:00:00,417.19226
2024-08-01 11:00:00,403.87003
2024-08-01 12:00:00,448.67477
2024-08-01 13:00:00,318.03015
2024-08-01 14:00:00,106.40252
2024-08-01 15:00:00,84.1029
2024-08-01 16:00:00,87.58879
2024-08-01 17:00:00,88.34463
2024-08-01 18:00:00,87.93337
2024-08-01 19:00:00,90.32914
2024-08-01 20:00:00,90.65806
2024-08-01 21:00:00,84.639366
2024-08-01 22:00:00,160.51297
2024-08-01 23:00:00,139.76306
2024-08-02 00:00:00,124.025055
2024-08-02 01:00:00,154.39139
2024-08-02 02:00:00,275.70044
2024-08-02 03:00:00,531.18494
2024-08-02 04:00:00,783.149
2024-08-02 05:00:00,1051.4927
2024-08-02 06:00:00,1163.8286
2024-08-02 07:00:00,1130.8933
2024-08-02 08:00:00,1148.7041
2024-08-02 09:00:00,1001.50995
2024-08-02 10:00:00,707.2118
2024-08-02 11:00:00,573.0477
2024-08-02 12:00:00,599.1435
2024-08-02 13:00:00,569.2986
2024-08-02 14:00:00,355.37277
2024-08-02 15:00:00,300.136
2024-08-02 16:00:00,287.492
2024-08-02 17:00:00,253.67506
2024-08-02 18:00:00,265.3057
2024-08-02 19:00:00,277.27527
2024-08-02 20:00:00,315.8508
2024-08-02 21:00:00,356.325
2024-08-02 22:00:00,244.75752
2024-08-02 23:00:00,251.1606
2024-08-03 00:00:00,288.516
2024-08-03 01:00:00,358.36765
2024-08-03 02:00:00,520.38416
2024-08-03 03:00:00,665.5399
2024-08-03 04:00:00,778.27893
2024-08-03 05:00:00,922.3625
2024-08-03 06:00:00,1059.6172
2024-08-03 07:00:00,1139.8623
2024-08-03 08:00:00,1135.1194
2024-08-03 09:00:00,1147.1785
2024-08-03 10:00:00,1037.4276
2024-08-03 11:00:00,971.4115
2024-08-03 12:00:00,755.2244
2024-08-03 13:00:00,602.9747
2024-08-03 14:00:00,455.55124
2024-08-03 15:00:00,346.00702
2024-08-03 16:00:00,375.65845
2024-08-03 17:00:00,364.69296
2024-08-03 18:00:00,318.4041
2024-08-03 19:00:00,288.01797
2024-08-03 20:00:00,292.7141
2024-08-03 21:00:00,291.06946
2024-08-03 22:00:00,195.0332
2024-08-03 23:00:00,219.0597
2024-08-04 00:00:00,274.3239
2024-08-04 01:00:00,346.75516
2024-08-04 02:00:00,671.87256
2024-08-04 03:00:00,955.22925
2024-08-04 04:00:00,1048.3265
2024-08-04 05:00:00,1113.8638
2024-08-04 06:00:00,1232.5763
2024-08-04 07:00:00,1176.2378
2024-08-04 08:00:00,1268.0032
2024-08-04 09:00:00,1295.1786
2024-08-04 10:00:00,1273.938
2024-08-04 11:00:00,1169.1136
2024-08-04 12:00:00,1043.1407
2024-08-04 13:00:00,818.7024
2024-08-04 14:00:00,644.54767
2024-08-04 15:00:00,591.74927
2024-08-04 16:00:00,581.5069
2024-08-04 17:00:00,630.80054
2024-08-04 18:00:00,738.8278
2024-08-04 19:00:00,841.6054
2024-08-04 20:00:00,876.03674
2024-08-04 21:00:00,880.8182
2024-08-04 22:00:00,722.8282
2024-08-04 23:00:00,747.6639
2024-08-05 00:00:00,786.99896
2024-08-05 01:00:00,800.41455
2024-08-05 02:00:00,837.52625
2024-08-05 03:00:00,920.4895
2024-08-05 04:00:00,1017.0419
2024-08-05 05:00:00,1118.9797
2024-08-05 06:00:00,1131.1058
2024-08-05 07:00:00,1087.1146
2024-08-05 08:00:00,1030.2886
2024-08-05 09:00:00,974.1732
2024-08-05 10:00:00,861.8253
2024-08-05 11:00:00,835.54315
2024-08-05 12:00:00,781.39044
2024-08-05 13:00:00,718.11914
2024-08-05 14:00:00,617.3809
2024-08-05 15:00:00,566.1664
2024-08-05 16:00:00,600.3459
2024-08-05 17:00:00,659.9953
2024-08-05 18:00:00,693.96423
2024-08-05 19:00:00,701.88367
2024-08-05 20:00:00,698.6146
2024-08-05 21:00:00,694.2869
2024-08-05 22:00:00,568.40924
2024-08-05 23:00:00,508.94522
2024-08-06 00:00:00,470.13647
2024-08-06 01:00:00,452.00024
2024-08-06 02:00:00,528.55853
2024-08-06 03:00:00,596.87616
2024-08-06 04:00:00,654.1503
2024-08-06 05:00:00,760.8781
2024-08-06 06:00:00,873.25885
2024-08-06 07:00:00,962.6858
2024-08-06 08:00:00,1047.7845
2024-08-06 09:00:00,1097.9835
2024-08-06 10:00:00,1022.7685
2024-08-06 11:00:00,949.7405
2024-08-06 12:00:00,862.0408
2024-08-06 13:00:00,727.4143
2024-08-06 14:00:00,590.6663
2024-08-06 15:00:00,567.87573
2024-08-06 16:00:00,508.93622
2024-08-06 17:00:00,464.23828
2024-08-06 18:00:00,432.62805
2024-08-06 19:00:00,442.8887
2024-08-06 20:00:00,444.0744
2024-08-06 21:00:00,438.79605
2024-08-06 22:00:00,348.9265
2024-08-06 23:00:00,338.70218
2024-08-07 00:00:00,371.17603
2024-08-07 01:00:00,402.39124
2024-08-07 02:00:00,399.89276
2024-08-07 03:00:00,394.80664
2024-08-07 04:00:00,392.2984
2024-08-07 05:00:00,397.9559
2024-08-07 06:00:00,431.05066
2024-08-07 07:00:00,452.01733
2024-08-07 08:00:00,502.5331
2024-08-07 09:00:00,530.8557
2024-08-07 10:00:00,529.0737
2024-08-07 11:00:00,465.62805
2024-08-07 12:00:00,417.93546
2024-08-07 13:00:00,363.57404
2024-08-07 14:00:00,315.48425
2024-08-07 15:00:00,296.71432
2024-08-07 16:00:00,211.1861
2024-08-07 17:00:00,172.9137
2024-08-07 18:00:00,195.79358
2024-08-07 19:00:00,220.3738
2024-08-07 20:00:00,239.85255
2024-08-07 21:00:00,251.87794
2024-08-07 22:00:00,268.2187
2024-08-07 23:00:00,284.68463
2024-08-08 00:00:00,259.6501
2024-08-08 01:00:00,253.80408
2024-08-08 02:00:00,276.22696
2024-08-08 03:00:00,329.171
2024-08-08 04:00:00,373.0717
2024-08-08 05:00:00,411.61304
2024-08-08 06:00:00,478.0652
2024-08-08 07:00:00,592.8912
2024-08-08 08:00:00,654.20416
2024-08-08 09:00:00,688.0863
2024-08-08 10:00:00,666.6965
2024-08-08 11:00:00,604.5663
2024-08-08 12:00:00,385.0657
2024-08-08 13:00:00,321.34995
2024-08-08 14:00:00,273.78592
2024-08-08 15:00:00,208.03476
2024-08-08 16:00:00,177.46909
2024-08-08 17:00:00,161.44135
2024-08-08 18:00:00,136.57166
2024-08-08 19:00:00,124.202286
2024-08-08 20:00:00,130.48639
2024-08-08 21:00:00,144.55753
2024-08-08 22:00:00,201.39368
2024-08-08 23:00:00,219.31915
2024-08-09 00:00:00,214.20146
2024-08-09 01:00:00,207.6792
2024-08-09 02:00:00,226.14027
2024-08-09 03:00:00,306.23398
2024-08-09 04:00:00,390.4997
2024-08-09 05:00:00,449.65274
2024-08-09 06:00:00,547.11755
2024-08-09 07:00:00,641.70294
2024-08-09 08:00:00,743.6688
2024-08-09 09:00:00,887.79706
2024-08-09 10:00:00,712.8932
2024-08-09 11:00:00,414.98196
2024-08-09 12:00:00,444.89993
2024-08-09 13:00:00,359.30396
2024-08-09 14:00:00,262.00763
2024-08-09 15:00:00,207.84195
2024-08-09 16:00:00,163.15137
2024-08-09 17:00:00,180.09398
2024-08-09 18:00:00,210.63176
2024-08-09 19:00:00,226.40114
2024-08-09 20:00:00,236.3767
2024-08-09 21:00:00,216.09819
2024-08-09 22:00:00,240.80588
2024-08-09 23:00:00,234.01262
2024-08-10 00:00:00,212.40648
2024-08-10 01:00:00,180.44469
2024-08-10 02:00:00,208.79596
2024-08-10 03:00:00,266.12927
2024-08-10 04:00:00,381.1189
2024-08-10 05:00:00,459.57782
2024-08-10 06:00:00,547.1106
2024-08-10 07:00:00,570.91455
2024-08-10 08:00:00,643.7986
2024-08-10 09:00:00,723.6164
2024-08-10 10:00:00,449.99023
2024-08-10 11:00:00,485.5598
2024-08-10 12:00:00,363.87378
2024-08-10 13:00:00,238.29543
2024-08-10 14:00:00,108.74676
2024-08-10 15:00:00,130.80028
2024-08-10 16:00:00,148.7502
2024-08-10 17:00:00,159.16148
2024-08-10 18:00:00,149.36227
2024-08-10 19:00:00,121.713425
2024-08-10 20:00:00,108.263535
2024-08-10 21:00:00,98.995605
2024-08-10 22:00:00,130.18457
2024-08-10 23:00:00,148.31332
2024-08-11 00:00:00,156.68762
2024-08-11 01:00:00,173.40279
2024-08-11 02:00:00,243.23088
2024-08-11 03:00:00,290.66785
2024-08-11 04:00:00,329.32028
2024-08-11 05:00:00,367.255
2024-08-11 06:00:00,420.8368
2024-08-11 07:00:00,364.73755
2024-08-11 08:00:00,382.3585
2024-08-11 09:00:00,432.0061
2024-08-11 10:00:00,453.22177
2024-08-11 11:00:00,384.14816
2024-08-11 12:00:00,247.46198
2024-08-11 13:00:00,229.41899
2024-08-11 14:00:00,196.38617
2024-08-11 15:00:00,184.66304
2024-08-11 16:00:00,229.63469
2024-08-11 17:00:00,244.75409
2024-08-11 18:00:00,209.2931
2024-08-11 19:00:00,154.40036
2024-08-11 20:00:00,121.98784
2024-08-11 21:00:00,146.83992
2024-08-11 22:00:00,219.37602
2024-08-11 23:00:00,245.30994
2024-08-12 00:00:00,230.0593
2024-08-12 01:00:00,242.17004
2024-08-12 02:00:00,309.4833
2024-08-12 03:00:00,391.91925
2024-08-12 04:00:00,485.36993
2024-08-12 05:00:00,580.0826
2024-08-12 06:00:00,696.9444
2024-08-12 07:00:00,710.1699
2024-08-12 08:00:00,660.75604
2024-08-12 09:00:00,643.03217
2024-08-12 10:00:00,423.68106
2024-08-12 11:00:00,393.71417
2024-08-12 12:00:00,292.57886
2024-08-12 13:00:00,256.42636
2024-08-12 14:00:00,223.55153
2024-08-12 15:00:00,186.23291
2024-08-12 16:00:00,168.29277
2024-08-12 17:00:00,180.13945
2024-08-12 18:00:00,185.41779
2024-08-12 19:00:00,175.71588
2024-08-12 20:00:00,158.0999
2024-08-12 21:00:00,163.82538
2024-08-12 22:00:00,217.57791
2024-08-12 23:00:00,231.42668
2024-08-13 00:00:00,223.29619
2024-08-13 01:00:00,266.05667
2024-08-13 02:00:00,316.8322
2024-08-13 03:00:00,358.2786
2024-08-13 04:00:00,378.661
2024-08-13 05:00:00,408.4967
2024-08-13 06:00:00,497.04297
2024-08-13 07:00:00,547.5563
2024-08-13 08:00:00,584.28784
2024-08-13 09:00:00,689.5044
2024-08-13 10:00:00,626.3767
2024-08-13 11:00:00,514.28546
2024-08-13 12:00:00,403.51578
2024-08-13 13:00:00,180.48195
2024-08-13 14:00:00,128.30136
2024-08-13 15:00:00,94.0138
2024-08-13 16:00:00,81.16529
2024-08-13 17:00:00,93.404564
2024-08-13 18:00:00,107.32802
2024-08-13 19:00:00,116.985985
2024-08-13 20:00:00,124.51775
2024-08-13 21:00:00,120.8126
2024-08-13 22:00:00,160.47446
2024-08-13 23:00:00,164.47589
2024-08-14 00:00:00,133.79185
2024-08-14 01:00:00,160.44691
2024-08-14 02:00:00,219.46275
2024-08-14 03:00:00,284.43005
2024-08-14 04:00:00,411.2669
2024-08-14 05:00:00,595.228
2024-08-14 06:00:00,741.78357
2024-08-14 07:00:00,680.8641
2024-08-14 08:00:00,822.88794
2024-08-14 09:00:00,588.43427
2024-08-14 10:00:00,590.5806
2024-08-14 11:00:00,584.9471
2024-08-14 12:00:00,453.70883
2024-08-14 13:00:00,299.86536
2024-08-14 14:00:00,104.66961
2024-08-14 15:00:00,74.209206
2024-08-14 16:00:00,84.463875
2024-08-14 17:00:00,88.13588
2024-08-14 18:00:00,82.31658
2024-08-14 19:00:00,114.400246
2024-08-14 20:00:00,151.62408
2024-08-14 21:00:00,181.76682
2024-08-14 22:00:00,172.32423
2024-08-14 23:00:00,196.33455
2024-08-15 00:00:00,239.71289
2024-08-15 01:00:00,283.8698
2024-08-15 02:00:00,340.59845
2024-08-15 03:00:00,358.52216
2024-08-15 04:00:00,456.88528
2024-08-15 05:00:00,552.0005
2024-08-15 06:00:00,623.82916
2024-08-15 07:00:00,679.22516
2024-08-15 08:00:00,725.6996
2024-08-15 09:00:00,753.6242
2024-08-15 10:00:00,692.91956
2024-08-15 11:00:00,317.45203
2024-08-15 12:00:00,294.45868
2024-08-15 13:00:00,192.41225
2024-08-15 14:00:00,81.52108
2024-08-15 15:00:00,126.94956
2024-08-15 16:00:00,149.22292
2024-08-15 17:00:00,99.14805
2024-08-15 18:00:00,46.918316
2024-08-15 19:00:00,64.81517
2024-08-15 20:00:00,144.94968
2024-08-15 21:00:00,215.79338
2024-08-15 22:00:00,200.67801
2024-08-15 23:00:00,236.56242
2024-08-16 00:00:00,284.7592
2024-08-16 01:00:00,344.51086
2024-08-16 02:00:00,439.814
2024-08-16 03:00:00,522.90155
2024-08-16 04:00:00,634.9405
2024-08-16 05:00:00,745.30304
2024-08-16 06:00:00,901.91876
2024-08-16 07:00:00,1006.75305
2024-08-16 08:00:00,1037.0983
2024-08-16 09:00:00,584.9428
2024-08-16 10:00:00,605.08307
2024-08-16 11:00:00,649.6107
2024-08-16 12:00:00,510.87625
2024-08-16 13:00:00,387.24872
2024-08-16 14:00:00,303.81085
2024-08-16 15:00:00,241.8091
2024-08-16 16:00:00,228.38565
2024-08-16 17:00:00,234.12875
2024-08-16 18:00:00,253.71297
2024-08-16 19:00:00,260.4817
2024-08-16 20:00:00,258.14197
2024-08-16 21:00:00,238.18129
2024-08-16 22:00:00,108.65258
2024-08-16 23:00:00,85.85334
2024-08-17 00:00:00,128.5162
2024-08-17 01:00:00,95.25074
2024-08-17 02:00:00,158.65814
2024-08-17 03:00:00,302.2375
2024-08-17 04:00:00,444.36093
2024-08-17 05:00:00,647.4931
2024-08-17 06:00:00,776.5162
2024-08-17 07:00:00,811.5597
2024-08-17 08:00:00,924.4511
2024-08-17 09:00:00,929.50616
2024-08-17 10:00:00,767.71606
2024-08-17 11:00:00,793.40735
2024-08-17 12:00:00,633.5389
2024-08-17 13:00:00,205.31927
2024-08-17 14:00:00,116.02207
2024-08-17 15:00:00,106.50489
2024-08-17 16:00:00,80.41838
2024-08-17 17:00:00,80.033615
2024-08-17 18:00:00,107.97403
2024-08-17 19:00:00,108.25592
2024-08-17 20:00:00,102.148994
2024-08-17 21:00:00,111.76667
2024-08-17 22:00:00,132.31827
2024-08-17 23:00:00,145.3758
2024-08-18 00:00:00,172.00633
2024-08-18 01:00:00,195.34615
2024-08-18 02:00:00,274.7828
2024-08-18 03:00:00,385.22757
2024-08-18 04:00:00,546.79645
2024-08-18 05:00:00,718.1808
2024-08-18 06:00:00,852.21564
2024-08-18 07:00:00,956.9302
2024-08-18 08:00:00,940.68475
2024-08-18 09:00:00,1024.359
2024-08-18 10:00:00,755.0558
2024-08-18 11:00:00,787.4539
2024-08-18 12:00:00,756.9411
2024-08-18 13:00:00,602.9059
2024-08-18 14:00:00,258.03656
2024-08-18 15:00:00,122.73147
2024-08-18 16:00:00,70.972336
2024-08-18 17:00:00,68.78288
2024-08-18 18:00:00,69.47888
2024-08-18 19:00:00,81.08247
2024-08-18 20:00:00,96.497635
2024-08-18 21:00:00,115.38392
2024-08-18 22:00:00,132.9202
2024-08-18 23:00:00,136.01573
2024-08-19 00:00:00,149.63605
2024-08-19 01:00:00,181.6044
2024-08-19 02:00:00,278.25122
2024-08-19 03:00:00,411.19995
2024-08-19 04:00:00,603.63837
2024-08-19 05:00:00,853.9458
2024-08-19 06:00:00,1060.6411
2024-08-19 07:00:00,1104.5952
2024-08-19 08:00:00,1043.1226
2024-08-19 09:00:00,1052.0863
2024-08-19 10:00:00,846.62506
2024-08-19 11:00:00,813.58453
2024-08-19 12:00:00,537.8873
2024-08-19 13:00:00,446.29315
2024-08-19 14:00:00,228.29532
2024-08-19 15:00:00,108.29837
2024-08-19 16:00:00,91.89543
2024-08-19 17:00:00,101.991486
2024-08-19 18:00:00,120.57268
2024-08-19 19:00:00,131.19212
2024-08-19 20:00:00,139.4803
2024-08-19 21:00:00,139.98528
2024-08-19 22:00:00,81.80127
2024-08-19 23:00:00,79.674644
2024-08-20 00:00:00,88.5474
2024-08-20 01:00:00,100.944305
2024-08-20 02:00:00,177.52861
2024-08-20 03:00:00,324.77695
2024-08-20 04:00:00,470.3803
2024-08-20 05:00:00,650.6186
2024-08-20 06:00:00,435.0299
2024-08-20 07:00:00,840.9732
2024-08-20 08:00:00,532.8702
2024-08-20 09:00:00,811.5852
2024-08-20 10:00:00,529.2824
2024-08-20 11:00:00,447.56543
2024-08-20 12:00:00,272.1044
2024-08-20 13:00:00,135.51288
2024-08-20 14:00:00,132.82043
2024-08-20 15:00:00,151.01163
2024-08-20 16:00:00,177.91545
2024-08-20 17:00:00,186.04776
2024-08-20 18:00:00,182.50371
2024-08-20 19:00:00,167.09064
2024-08-20 20:00:00,138.98889
2024-08-20 21:00:00,126.024826
2024-08-20 22:00:00,110.26225
2024-08-20 23:00:00,106.10396
2024-08-21 00:00:00,76.51856
2024-08-21 01:00:00,74.02066
2024-08-21 02:00:00,148.40292
2024-08-21 03:00:00,274.77975
2024-08-21 04:00:00,417.13733
2024-08-21 05:00:00,590.4725
2024-08-21 06:00:00,871.74963
2024-08-21 07:00:00,1088.4703
2024-08-21 08:00:00,1122.7052
2024-08-21 09:00:00,1138.9639
2024-08-21 10:00:00,764.217
2024-08-21 11:00:00,535.0507
2024-08-21 12:00:00,181.20343
2024-08-21 13:00:00,154.41739
2024-08-21 14:00:00,131.47777
2024-08-21 15:00:00,156.75473
2024-08-21 16:00:00,162.41293
2024-08-21 17:00:00,148.63066
2024-08-21 18:00:00,130.27654
2024-08-21 19:00:00,120.97685
2024-08-21 20:00:00,121.76238
2024-08-21 21:00:00,123.7808
2024-08-21 22:00:00,94.0804
2024-08-21 23:00:00,77.43546
2024-08-22 00:00:00,79.72113
2024-08-22 01:00:00,87.41465
2024-08-22 02:00:00,199.79395
2024-08-22 03:00:00,326.48056
2024-08-22 04:00:00,482.01868
2024-08-22 05:00:00,679.6013
2024-08-22 06:00:00,881.782
2024-08-22 07:00:00,1064.0654
2024-08-22 08:00:00,1182.1683
2024-08-22 09:00:00,1154.7122
2024-08-22 10:00:00,962.233
2024-08-22 11:00:00,655.30505
2024-08-22 12:00:00,286.56607
2024-08-22 13:00:00,185.05885
2024-08-22 14:00:00,187.19785
2024-08-22 15:00:00,195.0455
2024-08-22 16:00:00,154.27017
2024-08-22 17:00:00,118.66018
2024-08-22 18:00:00,90.35065
2024-08-22 19:00:00,80.23476
2024-08-22 20:00:00,67.44418
2024-08-22 21:00:00,82.3028
2024-08-22 22:00:00,74.48413
2024-08-22 23:00:00,60.041004
2024-08-23 00:00:00,73.58369
2024-08-23 01:00:00,90.20179
2024-08-23 02:00:00,171.26788
2024-08-23 03:00:00,264.81476
2024-08-23 04:00:00,389.83948
2024-08-23 05:00:00,575.2143
2024-08-23 06:00:00,686.2928
2024-08-23 07:00:00,728.08575
2024-08-23 08:00:00,780.4001
2024-08-23 09:00:00,788.4515
2024-08-23 10:00:00,732.60693
2024-08-23 11:00:00,493.59015
2024-08-23 12:00:00,373.59998
2024-08-23 13:00:00,191.52579
2024-08-23 14:00:00,64.63683
2024-08-23 15:00:00,58.718773
2024-08-23 16:00:00,42.214806
2024-08-23 17:00:00,39.24126
2024-08-23 18:00:00,44.138344
2024-08-23 19:00:00,48.315884
2024-08-23 20:00:00,55.026684
2024-08-23 21:00:00,53.555904
2024-08-23 22:00:00,48.630592
2024-08-23 23:00:00,45.362988
2024-08-24 00:00:00,36.75875
2024-08-24 01:00:00,49.767933
2024-08-24 02:00:00,147.09969
2024-08-24 03:00:00,319.97855
2024-08-24 04:00:00,566.6848
2024-08-24 05:00:00,802.18024
2024-08-24 06:00:00,957.7872
2024-08-24 07:00:00,1066.2776
2024-08-24 08:00:00,1023.57806
2024-08-24 09:00:00,1002.9842
2024-08-24 10:00:00,597.113
2024-08-24 11:00:00,561.68756
2024-08-24 12:00:00,535.99084
2024-08-24 13:00:00,302.31052
2024-08-24 14:00:00,96.75084
2024-08-24 15:00:00,73.00422
2024-08-24 16:00:00,70.79095
2024-08-24 17:00:00,89.801834
2024-08-24 18:00:00,113.91911
2024-08-24 19:00:00,141.19753
2024-08-24 20:00:00,226.83363
2024-08-24 21:00:00,328.0169
2024-08-24 22:00:00,603.0681
2024-08-24 23:00:00,649.2728
2024-08-25 00:00:00,711.8308
2024-08-25 01:00:00,752.66284
2024-08-25 02:00:00,787.4322
2024-08-25 03:00:00,788.8661
2024-08-25 04:00:00,847.7614
2024-08-25 05:00:00,922.9229
2024-08-25 06:00:00,989.863
2024-08-25 07:00:00,1090.9202
2024-08-25 08:00:00,1207.5546
2024-08-25 09:00:00,1148.6666
2024-08-25 10:00:00,1138.6764
2024-08-25 11:00:00,743.8315
2024-08-25 12:00:00,696.11884
2024-08-25 13:00:00,506.61993
2024-08-25 14:00:00,379.21945
2024-08-25 15:00:00,389.70206
2024-08-25 16:00:00,420.06824
2024-08-25 17:00:00,460.1314
2024-08-25 18:00:00,469.04935
2024-08-25 19:00:00,433.77722
2024-08-25 20:00:00,421.96414
2024-08-25 21:00:00,416.8637
2024-08-25 22:00:00,609.3928
2024-08-25 23:00:00,599.84564
2024-08-26 00:00:00,582.59467
2024-08-26 01:00:00,562.41223
2024-08-26 02:00:00,641.3237
2024-08-26 03:00:00,758.52057
2024-08-26 04:00:00,939.9693
2024-08-26 05:00:00,1069.1099
2024-08-26 06:00:00,1029.9639
2024-08-26 07:00:00,1137.063
2024-08-26 08:00:00,1275.3514
2024-08-26 09:00:00,939.29767
2024-08-26 10:00:00,685.65924
2024-08-26 11:00:00,747.81744
2024-08-26 12:00:00,759.82025
2024-08-26 13:00:00,733.8814
2024-08-26 14:00:00,702.20276
2024-08-26 15:00:00,755.2534
2024-08-26 16:00:00,806.9199
2024-08-26 17:00:00,808.3258
2024-08-26 18:00:00,718.18024
2024-08-26 19:00:00,633.8235
2024-08-26 20:00:00,592.6982
2024-08-26 21:00:00,604.4734
2024-08-26 22:00:00,571.49176
2024-08-26 23:00:00,582.87634
2024-08-27 00:00:00,563.7935
2024-08-27 01:00:00,561.1714
2024-08-27 02:00:00,619.65784
2024-08-27 03:00:00,749.25604
2024-08-27 04:00:00,915.4345
2024-08-27 05:00:00,1065.7911
2024-08-27 06:00:00,1214.518
2024-08-27 07:00:00,1381.0228
2024-08-27 08:00:00,1172.6122
2024-08-27 09:00:00,866.24194
2024-08-27 10:00:00,690.07733
2024-08-27 11:00:00,586.8345
2024-08-27 12:00:00,570.8497
2024-08-27 13:00:00,532.97
2024-08-27 14:00:00,495.49664
2024-08-27 15:00:00,473.8274
2024-08-27 16:00:00,424.06073
2024-08-27 17:00:00,422.17773
2024-08-27 18:00:00,444.162
2024-08-27 19:00:00,450.15735
2024-08-27 20:00:00,434.76544
2024-08-27 21:00:00,411.00687
2024-08-27 22:00:00,440.69363
2024-08-27 23:00:00,427.8122
2024-08-28 00:00:00,412.41446
2024-08-28 01:00:00,405.7437
2024-08-28 02:00:00,434.51074
2024-08-28 03:00:00,491.1278
2024-08-28 04:00:00,542.6329
2024-08-28 05:00:00,616.74756
2024-08-28 06:00:00,679.38947
2024-08-28 07:00:00,798.91095
2024-08-28 08:00:00,943.53204
2024-08-28 09:00:00,898.03906
2024-08-28 10:00:00,472.09637
2024-08-28 11:00:00,476.6595
2024-08-28 12:00:00,391.70923
2024-08-28 13:00:00,322.69794
2024-08-28 14:00:00,199.61433
2024-08-28 15:00:00,194.8936
2024-08-28 16:00:00,197.58606
2024-08-28 17:00:00,218.1421
2024-08-28 18:00:00,228.62474
2024-08-28 19:00:00,244.41841
2024-08-28 20:00:00,232.96465
2024-08-28 21:00:00,215.42053
2024-08-28 22:00:00,337.68118
2024-08-28 23:00:00,386.37775
2024-08-29 00:00:00,380.57562
2024-08-29 01:00:00,346.28366
2024-08-29 02:00:00,364.94604
2024-08-29 03:00:00,426.7719
2024-08-29 04:00:00,470.71417
2024-08-29 05:00:00,527.88635
2024-08-29 06:00:00,714.68555
2024-08-29 07:00:00,862.2575
2024-08-29 08:00:00,879.697
2024-08-29 09:00:00,861.7488
2024-08-29 10:00:00,738.7363
2024-08-29 11:00:00,638.5344
2024-08-29 12:00:00,448.853
2024-08-29 13:00:00,178.93797
2024-08-29 14:00:00,100.277756
2024-08-29 15:00:00,109.421844
2024-08-29 16:00:00,118.08524
2024-08-29 17:00:00,131.77507
2024-08-29 18:00:00,131.07274
2024-08-29 19:00:00,132.88268
2024-08-29 20:00:00,134.87509
2024-08-29 21:00:00,133.55666
2024-08-29 22:00:00,111.917595
2024-08-29 23:00:00,117.056885
2024-08-30 00:00:00,118.94978
2024-08-30 01:00:00,100.38332
2024-08-30 02:00:00,156.55292
2024-08-30 03:00:00,266.91605
2024-08-30 04:00:00,511.32364
2024-08-30 05:00:00,781.7681
2024-08-30 06:00:00,983.94836
2024-08-30 07:00:00,1070.352
2024-08-30 08:00:00,1050.2043
2024-08-30 09:00:00,1010.55884
2024-08-30 10:00:00,830.2579
2024-08-30 11:00:00,831.14166
2024-08-30 12:00:00,660.82874
2024-08-30 13:00:00,151.22166
2024-08-30 14:00:00,52.363968
2024-08-30 15:00:00,37.62848
2024-08-30 16:00:00,26.244707
2024-08-30 17:00:00,39.6682
2024-08-30 18:00:00,40.345154
2024-08-30 19:00:00,45.006935
2024-08-30 20:00:00,50.237736
2024-08-30 21:00:00,53.555
2024-08-30 22:00:00,96.43871
2024-08-30 23:00:00,117.744255
2024-08-31 00:00:00,136.04666
2024-08-31 01:00:00,147.64253
2024-08-31 02:00:00,215.79909
2024-08-31 03:00:00,387.38583
2024-08-31 04:00:00,602.61743
2024-08-31 05:00:00,772.1727
2024-08-31 06:00:00,867.4373
2024-08-31 07:00:00,930.07764
2024-08-31 08:00:00,976.9139
2024-08-31 09:00:00,995.8621
2024-08-31 10:00:00,963.7472
2024-08-31 11:00:00,877.41327
2024-08-31 12:00:00,789.509
2024-08-31 13:00:00,156.30113
2024-08-31 14:00:00,76.21569
2024-08-31 15:00:00,76.63491
2024-08-31 16:00:00,87.463585
2024-08-31 17:00:00,78.80829
2024-08-31 18:00:00,62.21604
2024-08-31 19:00:00,54.950474
2024-08-31 20:00:00,60.158756
2024-08-31 21:00:00,76.58452
2024-08-31 22:00:00,67.559296
2024-08-31 23:00:00,67.055565
2024-09-01 00:00:00,73.67528
2024-09-01 01:00:00,83.619385
2024-09-01 02:00:00,153.6896
2024-09-01 03:00:00,309.52383
2024-09-01 04:00:00,672.46216
2024-09-01 05:00:00,895.21014
2024-09-01 06:00:00,989.68365
2024-09-01 07:00:00,1042.9644
2024-09-01 08:00:00,1128.0366
2024-09-01 09:00:00,1116.6753
2024-09-01 10:00:00,1030.5015
2024-09-01 11:00:00,923.5997
2024-09-01 12:00:00,441.74475
2024-09-01 13:00:00,131.39032
2024-09-01 14:00:00,69.983795
2024-09-01 15:00:00,56.04955
2024-09-01 16:00:00,103.37316
2024-09-01 17:00:00,158.02266
2024-09-01 18:00:00,201.05069
2024-09-01 19:00:00,230.05836
2024-09-01 20:00:00,250.38708
2024-09-01 21:00:00,277.51242
2024-09-01 22:00:00,371.36563
2024-09-01 23:00:00,393.35648
2024-09-02 00:00:00,397.0993
2024-09-02 01:00:00,416.91983
2024-09-02 02:00:00,423.69925
2024-09-02 03:00:00,472.19156
2024-09-02 04:00:00,584.3939
2024-09-02 05:00:00,704.97424
2024-09-02 06:00:00,843.37463
2024-09-02 07:00:00,934.79346
2024-09-02 08:00:00,1010.5554
2024-09-02 09:00:00,1027.0203
2024-09-02 10:00:00,753.96014
2024-09-02 11:00:00,696.0337
2024-09-02 12:00:00,692.3647
2024-09-02 13:00:00,308.54074
2024-09-02 14:00:00,190.46602
2024-09-02 15:00:00,207.19656
2024-09-02 16:00:00,203.03795
2024-09-02 17:00:00,221.00723
2024-09-02 18:00:00,242.84041
2024-09-02 19:00:00,236.87436
2024-09-02 20:00:00,213.96266
2024-09-02 21:00:00,232.8095
2024-09-02 22:00:00,154.5371
2024-09-02 23:00:00,252.53989
2024-09-03 00:00:00,352.06625
2024-09-03 01:00:00,363.7307
2024-09-03 02:00:00,313.38556
2024-09-03 03:00:00,288.1715
2024-09-03 04:00:00,367.82153
2024-09-03 05:00:00,483.78897
2024-09-03 06:00:00,664.0664
2024-09-03 07:00:00,860.75024
2024-09-03 08:00:00,907.6214
2024-09-03 09:00:00,931.7988
2024-09-03 10:00:00,403.18872
2024-09-03 11:00:00,405.52835
2024-09-03 12:00:00,315.58093
2024-09-03 13:00:00,88.587654
2024-09-03 14:00:00,67.912254
2024-09-03 15:00:00,119.07899
2024-09-03 16:00:00,176.02164
2024-09-03 17:00:00,186.3526
2024-09-03 18:00:00,183.07333
2024-09-03 19:00:00,170.71552
2024-09-03 20:00:00,149.33536
2024-09-03 21:00:00,127.1175
2024-09-03 22:00:00,64.3181
2024-09-03 23:00:00,54.038555
2024-09-04 00:00:00,58.137806
2024-09-04 01:00:00,65.078384
2024-09-04 02:00:00,99.920074
2024-09-04 03:00:00,196.61844
2024-09-04 04:00:00,380.5149
2024-09-04 05:00:00,581.2163
2024-09-04 06:00:00,709.66595
2024-09-04 07:00:00,658.70026
2024-09-04 08:00:00,684.6967
2024-09-04 09:00:00,693.00055
2024-09-04 10:00:00,541.3244
2024-09-04 11:00:00,387.06277
2024-09-04 12:00:00,345.8094
2024-09-04 13:00:00,84.56466
2024-09-04 14:00:00,87.54879
2024-09-04 15:00:00,90.90458
2024-09-04 16:00:00,65.10341
2024-09-04 17:00:00,55.8233
2024-09-04 18:00:00,66.297905
2024-09-04 19:00:00,64.72068
2024-09-04 20:00:00,58.858032
2024-09-04 21:00:00,49.471912
2024-09-04 22:00:00,59.74292
2024-09-04 23:00:00,70.193794
2024-09-05 00:00:00,78.14549
2024-09-05 01:00:00,104.32022
2024-09-05 02:00:00,178.633
2024-09-05 03:00:00,257.75714
2024-09-05 04:00:00,397.74918
2024-09-05 05:00:00,503.61203
2024-09-05 06:00:00,689.5876
2024-09-05 07:00:00,828.5645
2024-09-05 08:00:00,940.527
2024-09-05 09:00:00,955.0368
2024-09-05 10:00:00,776.99786
2024-09-05 11:00:00,672.8376
2024-09-05 12:00:00,488.75684
2024-09-05 13:00:00,137.0835
2024-09-05 14:00:00,70.09767
2024-09-05 15:00:00,58.317486
2024-09-05 16:00:00,65.01569
2024-09-05 17:00:00,68.939156
2024-09-05 18:00:00,64.94737
2024-09-05 19:00:00,70.04736
2024-09-05 20:00:00,77.34228
2024-09-05 21:00:00,97.98351
2024-09-05 22:00:00,90.85591
2024-09-05 23:00:00,83.09807
2024-09-06 00:00:00,105.251465
2024-09-06 01:00:00,133.68898
2024-09-06 02:00:00,188.24379
2024-09-06 03:00:00,331.98468
2024-09-06 04:00:00,457.64746
2024-09-06 05:00:00,600.3733
2024-09-06 06:00:00,772.2511
2024-09-06 07:00:00,895.6429
2024-09-06 08:00:00,759.6179
2024-09-06 09:00:00,763.5645
2024-09-06 10:00:00,568.7229
2024-09-06 11:00:00,467.8425
2024-09-06 12:00:00,325.6089
2024-09-06 13:00:00,303.24756
2024-09-06 14:00:00,264.1854
2024-09-06 15:00:00,233.36557
2024-09-06 16:00:00,252.63412
2024-09-06 17:00:00,280.91284
2024-09-06 18:00:00,283.91193
2024-09-06 19:00:00,287.0622
2024-09-06 20:00:00,277.25986
2024-09-06 21:00:00,218.28001
2024-09-06 22:00:00,262.2509
2024-09-06 23:00:00,233.33247
2024-09-07 00:00:00,223.98833
2024-09-07 01:00:00,218.32213
2024-09-07 02:00:00,240.63902
2024-09-07 03:00:00,330.81992
2024-09-07 04:00:00,438.19812
2024-09-07 05:00:00,550.8479
2024-09-07 06:00:00,625.46674
2024-09-07 07:00:00,642.63837
2024-09-07 08:00:00,547.6707
2024-09-07 09:00:00,325.4899
2024-09-07 10:00:00,326.0998
2024-09-07 11:00:00,303.41965
2024-09-07 12:00:00,225.87961
2024-09-07 13:00:00,126.68003
2024-09-07 14:00:00,46.135967
2024-09-07 15:00:00,75.265915
2024-09-07 16:00:00,68.46462
2024-09-07 17:00:00,59.678154
2024-09-07 18:00:00,51.4176
2024-09-07 19:00:00,46.76522
2024-09-07 20:00:00,40.19788
2024-09-07 21:00:00,46.588432
2024-09-07 22:00:00,66.31524
2024-09-07 23:00:00,90.328636
2024-09-08 00:00:00,128.22162
2024-09-08 01:00:00,152.08096
2024-09-08 02:00:00,175.75421
2024-09-08 03:00:00,193.6034
2024-09-08 04:00:00,227.895
2024-09-08 05:00:00,353.32733
2024-09-08 06:00:00,468.7547
2024-09-08 07:00:00,563.3052
2024-09-08 08:00:00,642.2031
2024-09-08 09:00:00,638.9557
2024-09-08 10:00:00,456.66202
2024-09-08 11:00:00,371.51794
2024-09-08 12:00:00,349.8083
2024-09-08 13:00:00,178.43777
2024-09-08 14:00:00,121.0107
2024-09-08 15:00:00,84.332054
2024-09-08 16:00:00,69.788864
2024-09-08 17:00:00,60.911655
2024-09-08 18:00:00,62.398216
2024-09-08 19:00:00,61.03682
2024-09-08 20:00:00,59.408936
2024-09-08 21:00:00,63.887455
2024-09-08 22:00:00,84.90063
2024-09-08 23:00:00,80.695694
2024-09-09 00:00:00,72.539764
2024-09-09 01:00:00,66.415405
2024-09-09 02:00:00,100.5039
2024-09-09 03:00:00,174.06476
2024-09-09 04:00:00,297.19067
2024-09-09 05:00:00,570.3455
2024-09-09 06:00:00,824.0463
2024-09-09 07:00:00,938.9871
2024-09-09 08:00:00,1038.9906
2024-09-09 09:00:00,1054.4069
2024-09-09 10:00:00,687.2004
2024-09-09 11:00:00,614.8204
2024-09-09 12:00:00,342.33942
2024-09-09 13:00:00,56.59414
2024-09-09 14:00:00,47.790848
2024-09-09 15:00:00,47.325333
2024-09-09 16:00:00,40.32002
2024-09-09 17:00:00,37.839462
2024-09-09 18:00:00,44.28172
2024-09-09 19:00:00,44.9011
2024-09-09 20:00:00,70.81385
2024-09-09 21:00:00,84.47952
2024-09-09 22:00:00,108.41428
2024-09-09 23:00:00,97.8974
2024-09-10 00:00:00,108.461555
2024-09-10 01:00:00,115.19292
2024-09-10 02:00:00,135.03229
2024-09-10 03:00:00,200.68582
2024-09-10 04:00:00,335.713
2024-09-10 05:00:00,490.42847
2024-09-10 06:00:00,676.3934
2024-09-10 07:00:00,795.853
2024-09-10 08:00:00,874.99133
2024-09-10 09:00:00,881.0349
2024-09-10 10:00:00,851.9122
2024-09-10 11:00:00,450.40753
2024-09-10 12:00:00,362.73172
2024-09-10 13:00:00,232.68707
2024-09-10 14:00:00,107.18847
2024-09-10 15:00:00,52.758842
2024-09-10 16:00:00,32.078724
2024-09-10 17:00:00,26.525854
2024-09-10 18:00:00,19.488075
2024-09-10 19:00:00,25.915283
2024-09-10 20:00:00,43.76033
2024-09-10 21:00:00,64.51457
2024-09-10 22:00:00,81.325096
2024-09-10 23:00:00,75.27182
2024-09-11 00:00:00,78.1852
2024-09-11 01:00:00,90.41246
2024-09-11 02:00:00,146.60077
2024-09-11 03:00:00,248.72351
2024-09-11 04:00:00,388.3546
2024-09-11 05:00:00,547.7985
2024-09-11 06:00:00,720.5376
2024-09-11 07:00:00,845.2804
2024-09-11 08:00:00,926.31946
2024-09-11 09:00:00,817.27576
2024-09-11 10:00:00,347.85886
2024-09-11 11:00:00,237.43681
2024-09-11 12:00:00,178.34317
2024-09-11 13:00:00,171.47083
2024-09-11 14:00:00,165.57152
2024-09-11 15:00:00,170.57973
2024-09-11 16:00:00,175.10484
2024-09-11 17:00:00,178.7843
2024-09-11 18:00:00,208.65703
2024-09-11 19:00:00,239.51016
2024-09-11 20:00:00,274.66528
2024-09-11 21:00:00,327.23837
2024-09-11 22:00:00,383.94745
2024-09-11 23:00:00,328.5966
2024-09-12 00:00:00,340.68875
2024-09-12 01:00:00,402.52664
2024-09-12 02:00:00,445.1041
2024-09-12 03:00:00,526.3089
2024-09-12 04:00:00,584.7226
2024-09-12 05:00:00,617.9933
2024-09-12 06:00:00,636.1222
2024-09-12 07:00:00,638.2267
2024-09-12 08:00:00,649.2601
2024-09-12 09:00:00,658.1316
2024-09-12 10:00:00,388.36337
2024-09-12 11:00:00,443.1165
2024-09-12 12:00:00,433.1815
2024-09-12 13:00:00,384.72507
2024-09-12 14:00:00,342.18832
2024-09-12 15:00:00,325.82782
2024-09-12 16:00:00,319.23428
2024-09-12 17:00:00,340.14383
2024-09-12 18:00:00,380.58566
2024-09-12 19:00:00,415.2959
2024-09-12 20:00:00,450.86047
2024-09-12 21:00:00,519.89954
2024-09-12 22:00:00,474.7211
2024-09-12 23:00:00,398.44318
2024-09-13 00:00:00,338.31598
2024-09-13 01:00:00,324.53976
2024-09-13 02:00:00,377.04477
2024-09-13 03:00:00,494.2761
2024-09-13 04:00:00,636.2966
2024-09-13 05:00:00,806.91797
2024-09-13 06:00:00,843.93506
2024-09-13 07:00:00,677.9048
2024-09-13 08:00:00,615.6525
2024-09-13 09:00:00,508.39984
2024-09-13 10:00:00,695.85846
2024-09-13 11:00:00,678.5492
2024-09-13 12:00:00,410.1431
2024-09-13 13:00:00,141.53757
2024-09-13 14:00:00,51.02239
2024-09-13 15:00:00,61.4496
2024-09-13 16:00:00,88.98448
2024-09-13 17:00:00,134.19722
2024-09-13 18:00:00,203.83264
2024-09-13 19:00:00,248.47408
2024-09-13 20:00:00,253.6499
2024-09-13 21:00:00,217.50182
2024-09-13 22:00:00,323.15906
2024-09-13 23:00:00,323.309
2024-09-14 00:00:00,332.9141
2024-09-14 01:00:00,327.77203
2024-09-14 02:00:00,429.28625
2024-09-14 03:00:00,517.8308
2024-09-14 04:00:00,647.7098
2024-09-14 05:00:00,855.51337
2024-09-14 06:00:00,1027.6053
2024-09-14 07:00:00,1088.7751
2024-09-14 08:00:00,1137.5671
2024-09-14 09:00:00,1204.575
2024-09-14 10:00:00,1210.6011
2024-09-14 11:00:00,960.1495
2024-09-14 12:00:00,399.6472
2024-09-14 13:00:00,59.71265
2024-09-14 14:00:00,41.697945
2024-09-14 15:00:00,44.823135
2024-09-14 16:00:00,48.059925
2024-09-14 17:00:00,46.30077
2024-09-14 18:00:00,54.44108
2024-09-14 19:00:00,69.42687
2024-09-14 20:00:00,91.00394
2024-09-14 21:00:00,133.37444
2024-09-14 22:00:00,252.19481
2024-09-14 23:00:00,268.41333
2024-09-15 00:00:00,284.01154
2024-09-15 01:00:00,310.56433
2024-09-15 02:00:00,380.56378
2024-09-15 03:00:00,482.2532
2024-09-15 04:00:00,578.4724
2024-09-15 05:00:00,689.05054
2024-09-15 06:00:00,827.1814
2024-09-15 07:00:00,969.914
2024-09-15 08:00:00,1057.3418
2024-09-15 09:00:00,1204.4547
2024-09-15 10:00:00,1190.5782
2024-09-15 11:00:00,875.8949
2024-09-15 12:00:00,491.73865
2024-09-15 13:00:00,122.300644
2024-09-15 14:00:00,61.47854
2024-09-15 15:00:00,54.76166
2024-09-15 16:00:00,64.918625
2024-09-15 17:00:00,76.08494
2024-09-15 18:00:00,97.509766
2024-09-15 19:00:00,118.358444
2024-09-15 20:00:00,148.6011
2024-09-15 21:00:00,184.10301
2024-09-15 22:00:00,248.54184
2024-09-15 23:00:00,279.09268
2024-09-16 00:00:00,304.72827
2024-09-16 01:00:00,319.00916
2024-09-16 02:00:00,360.45914
2024-09-16 03:00:00,418.36493
2024-09-16 04:00:00,520.4016
2024-09-16 05:00:00,661.8035
2024-09-16 06:00:00,889.81555
2024-09-16 07:00:00,1068.4084
2024-09-16 08:00:00,1137.7705
2024-09-16 09:00:00,1192.963
2024-09-16 10:00:00,1118.84
2024-09-16 11:00:00,1065.2223
2024-09-16 12:00:00,629.295
2024-09-16 13:00:00,102.10183
2024-09-16 14:00:00,54.236607
2024-09-16 15:00:00,38.79456
2024-09-16 16:00:00,35.4464
2024-09-16 17:00:00,35.71593
2024-09-16 18:00:00,44.36619
2024-09-16 19:00:00,56.62441
2024-09-16 20:00:00,72.90087
2024-09-16 21:00:00,84.94699
2024-09-16 22:00:00,133.18806
2024-09-16 23:00:00,137.20123
2024-09-17 00:00:00,130.7336
2024-09-17 01:00:00,118.99854
2024-09-17 02:00:00,137.79948
2024-09-17 03:00:00,187.23164
2024-09-17 04:00:00,290.7243
2024-09-17 05:00:00,582.5977
2024-09-17 06:00:00,901.6514
2024-09-17 07:00:00,1068.1155
2024-09-17 08:00:00,1109.2183
2024-09-17 09:00:00,1106.7013
2024-09-17 10:00:00,1013.7861
2024-09-17 11:00:00,918.07623
2024-09-17 12:00:00,321.75214
2024-09-17 13:00:00,41.067627
2024-09-17 14:00:00,32.549976
2024-09-17 15:00:00,29.515358
2024-09-17 16:00:00,33.49298
2024-09-17 17:00:00,38.106556
2024-09-17 18:00:00,41.456234
2024-09-17 19:00:00,42.732445
2024-09-17 20:00:00,42.779713
2024-09-17 21:00:00,47.882065
2024-09-17 22:00:00,72.025665
2024-09-17 23:00:00,70.96482
2024-09-18 00:00:00,54.616745
2024-09-18 01:00:00,41.90171
2024-09-18 02:00:00,76.85599
2024-09-18 03:00:00,194.70844
2024-09-18 04:00:00,502.85397
2024-09-18 05:00:00,712.96405
2024-09-18 06:00:00,661.2278
2024-09-18 07:00:00,618.50055
2024-09-18 08:00:00,544.2561
2024-09-18 09:00:00,500.84415
2024-09-18 10:00:00,425.00067
2024-09-18 11:00:00,445.6885
2024-09-18 12:00:00,458.5838
2024-09-18 13:00:00,455.56543
2024-09-18 14:00:00,451.03616
2024-09-18 15:00:00,439.14444
2024-09-18 16:00:00,414.08115
2024-09-18 17:00:00,386.73465
2024-09-18 18:00:00,355.954
2024-09-18 19:00:00,328.28937
2024-09-18 20:00:00,319.90585
2024-09-18 21:00:00,302.4071
2024-09-18 22:00:00,293.8735
2024-09-18 23:00:00,308.38312
2024-09-19 00:00:00,314.08875
2024-09-19 01:00:00,314.92963
2024-09-19 02:00:00,367.5975
2024-09-19 03:00:00,496.32925
2024-09-19 04:00:00,628.31104
2024-09-19 05:00:00,799.45764
2024-09-19 06:00:00,902.6729
2024-09-19 07:00:00,878.5519
2024-09-19 08:00:00,891.37665
2024-09-19 09:00:00,867.07306
2024-09-19 10:00:00,535.99054
2024-09-19 11:00:00,633.0076
2024-09-19 12:00:00,566.05096
2024-09-19 13:00:00,157.25908
2024-09-19 14:00:00,66.96843
2024-09-19 15:00:00,53.407818
2024-09-19 16:00:00,48.115463
2024-09-19 17:00:00,43.50818
2024-09-19 18:00:00,40.347263
2024-09-19 19:00:00,36.22948
2024-09-19 20:00:00,31.755762
2024-09-19 21:00:00,28.849024
2024-09-19 22:00:00,34.69263
2024-09-19 23:00:00,36.013878
2024-09-20 00:00:00,39.539257
2024-09-20 01:00:00,41.861332
2024-09-20 02:00:00,36.28659
2024-09-20 03:00:00,110.1958
2024-09-20 04:00:00,520.0786
2024-09-20 05:00:00,895.2876
2024-09-20 06:00:00,1056.0312
2024-09-20 07:00:00,961.1778
2024-09-20 08:00:00,1105.6266
2024-09-20 09:00:00,1049.7113
2024-09-20 10:00:00,1001.1761
2024-09-20 11:00:00,847.2564
2024-09-20 12:00:00,359.02237
2024-09-20 13:00:00,88.21154
2024-09-20 14:00:00,52.82227
2024-09-20 15:00:00,47.29622
2024-09-20 16:00:00,45.94029
2024-09-20 17:00:00,48.391666
2024-09-20 18:00:00,49.094025
2024-09-20 19:00:00,46.69408
2024-09-20 20:00:00,38.84113
2024-09-20 21:00:00,32.401104
2024-09-20 22:00:00,36.268463
2024-09-20 23:00:00,35.19438
2024-09-21 00:00:00,32.633556
2024-09-21 01:00:00,32.922516
2024-09-21 02:00:00,68.13016
2024-09-21 03:00:00,172.45612
2024-09-21 04:00:00,376.58487
2024-09-21 05:00:00,745.6756
2024-09-21 06:00:00,1016.1622
2024-09-21 07:00:00,1078.697
2024-09-21 08:00:00,1102.773
2024-09-21 09:00:00,1126.4175
2024-09-21 10:00:00,1191.7217
2024-09-21 11:00:00,1096.8263
2024-09-21 12:00:00,55.0626
2024-09-21 13:00:00,28.902227
2024-09-21 14:00:00,27.777256
2024-09-21 15:00:00,25.854347
2024-09-21 16:00:00,21.866533
2024-09-21 17:00:00,23.337595
2024-09-21 18:00:00,27.088188
2024-09-21 19:00:00,30.926426
2024-09-21 20:00:00,33.71071
2024-09-21 21:00:00,37.33124
2024-09-21 22:00:00,30.136145
2024-09-21 23:00:00,34.56033
2024-09-22 00:00:00,36.091415
2024-09-22 01:00:00,37.165356
2024-09-22 02:00:00,68.68886
2024-09-22 03:00:00,154.70148
2024-09-22 04:00:00,356.0775
2024-09-22 05:00:00,864.40295
2024-09-22 06:00:00,1109.9856
2024-09-22 07:00:00,1103.4324
2024-09-22 08:00:00,1200.3805
2024-09-22 09:00:00,1153.4845
2024-09-22 10:00:00,1080.455
2024-09-22 11:00:00,1027.3942
2024-09-22 12:00:00,305.87204
2024-09-22 13:00:00,118.23583
2024-09-22 14:00:00,92.98396
2024-09-22 15:00:00,82.03909
2024-09-22 16:00:00,78.61748
2024-09-22 17:00:00,72.24563
2024-09-22 18:00:00,60.674522
2024-09-22 19:00:00,52.674393
2024-09-22 20:00:00,48.28852
2024-09-22 21:00:00,43.613544
2024-09-22 22:00:00,56.15984
2024-09-22 23:00:00,58.38945
2024-09-23 00:00:00,60.50664
2024-09-23 01:00:00,59.24533
2024-09-23 02:00:00,91.420944
2024-09-23 03:00:00,187.44601
2024-09-23 04:00:00,473.04044
2024-09-23 05:00:00,817.12787
2024-09-23 06:00:00,957.2225
2024-09-23 07:00:00,1041.8783
2024-09-23 08:00:00,1123.8643
2024-09-23 09:00:00,1148.3341
2024-09-23 10:00:00,1194.4061
2024-09-23 11:00:00,1160.0507
2024-09-23 12:00:00,331.8932
2024-09-23 13:00:00,96.890625
2024-09-23 14:00:00,74.837906
2024-09-23 15:00:00,56.81557
2024-09-23 16:00:00,42.556953
2024-09-23 17:00:00,37.432262
2024-09-23 18:00:00,38.84419
2024-09-23 19:00:00,40.631233
2024-09-23 20:00:00,43.832226
2024-09-23 21:00:00,48.4521
2024-09-23 22:00:00,45.781097
2024-09-23 23:00:00,43.106518
2024-09-24 00:00:00,35.034534
2024-09-24 01:00:00,28.81786
2024-09-24 02:00:00,52.848434
2024-09-24 03:00:00,142.7211
2024-09-24 04:00:00,465.3507
2024-09-24 05:00:00,904.29517
2024-09-24 06:00:00,1074.7007
2024-09-24 07:00:00,1203.2141
2024-09-24 08:00:00,1308.4357
2024-09-24 09:00:00,1322.4973
2024-09-24 10:00:00,1400.6249
2024-09-24 11:00:00,1274.1636
2024-09-24 12:00:00,164.70514
2024-09-24 13:00:00,38.832394
2024-09-24 14:00:00,26.87325
2024-09-24 15:00:00,31.345957
2024-09-24 16:00:00,40.053947
2024-09-24 17:00:00,51.779976
2024-09-24 18:00:00,54.35031
2024-09-24 19:00:00,44.587624
2024-09-24 20:00:00,37.221386
2024-09-24 21:00:00,27.647451
2024-09-24 22:00:00,33.361435
2024-09-24 23:00:00,46.765293
2024-09-25 00:00:00,56.444046
2024-09-25 01:00:00,67.87846
2024-09-25 02:00:00,111.50105
2024-09-25 03:00:00,248.14877
2024-09-25 04:00:00,605.027
2024-09-25 05:00:00,818.50726
2024-09-25 06:00:00,889.36255
2024-09-25 07:00:00,959.9865
2024-09-25 08:00:00,970.90765
2024-09-25 09:00:00,896.3075
2024-09-25 10:00:00,818.0568
2024-09-25 11:00:00,601.28357
2024-09-25 12:00:00,478.46887
2024-09-25 13:00:00,427.29968
2024-09-25 14:00:00,437.99677
2024-09-25 15:00:00,433.30887
2024-09-25 16:00:00,439.43552
2024-09-25 17:00:00,441.82007
2024-09-25 18:00:00,424.13263
2024-09-25 19:00:00,407.929
2024-09-25 20:00:00,397.64996
2024-09-25 21:00:00,403.538
2024-09-25 22:00:00,461.32434
2024-09-25 23:00:00,454.4573
2024-09-26 00:00:00,439.39816
2024-09-26 01:00:00,435.2418
2024-09-26 02:00:00,452.3026
2024-09-26 03:00:00,494.15335
2024-09-26 04:00:00,582.76697
2024-09-26 05:00:00,732.426
2024-09-26 06:00:00,860.5042
2024-09-26 07:00:00,1020.63776
2024-09-26 08:00:00,1110.6664
2024-09-26 09:00:00,998.5403
2024-09-26 10:00:00,829.96295
2024-09-26 11:00:00,701.2473
2024-09-26 12:00:00,427.66852
2024-09-26 13:00:00,266.4276
2024-09-26 14:00:00,227.18582
2024-09-26 15:00:00,207.29169
2024-09-26 16:00:00,206.6472
2024-09-26 17:00:00,234.72096
2024-09-26 18:00:00,270.45737
2024-09-26 19:00:00,281.5799
2024-09-26 20:00:00,244.95209
2024-09-26 21:00:00,216.85175
2024-09-26 22:00:00,340.15482
2024-09-26 23:00:00,402.35046
2024-09-27 00:00:00,463.63663
2024-09-27 01:00:00,489.29858
2024-09-27 02:00:00,524.76154
2024-09-27 03:00:00,588.7956
2024-09-27 04:00:00,703.4414
2024-09-27 05:00:00,902.373
2024-09-27 06:00:00,1052.9199
2024-09-27 07:00:00,1097.8586
2024-09-27 08:00:00,1115.0305
2024-09-27 09:00:00,1106.3217
2024-09-27 10:00:00,868.40643
2024-09-27 11:00:00,727.9763
2024-09-27 12:00:00,579.78076
2024-09-27 13:00:00,389.55646
2024-09-27 14:00:00,370.19547
2024-09-27 15:00:00,382.936
2024-09-27 16:00:00,399.2376
2024-09-27 17:00:00,392.11353
2024-09-27 18:00:00,391.08826
2024-09-27 19:00:00,395.9669
2024-09-27 20:00:00,398.0559
2024-09-27 21:00:00,394.93204
2024-09-27 22:00:00,297.2393
2024-09-27 23:00:00,241.86671
2024-09-28 00:00:00,243.4673
2024-09-28 01:00:00,251.75946
2024-09-28 02:00:00,341.07587
2024-09-28 03:00:00,412.01874
2024-09-28 04:00:00,565.102
2024-09-28 05:00:00,739.71075
2024-09-28 06:00:00,969.7254
2024-09-28 07:00:00,1091.6843
2024-09-28 08:00:00,1099.3097
2024-09-28 09:00:00,1080.0256
2024-09-28 10:00:00,1022.82446
2024-09-28 11:00:00,957.27985
2024-09-28 12:00:00,387.73322
2024-09-28 13:00:00,115.09116
2024-09-28 14:00:00,88.84113
2024-09-28 15:00:00,93.18887
2024-09-28 16:00:00,107.56877
2024-09-28 17:00:00,120.82397
2024-09-28 18:00:00,123.74651
2024-09-28 19:00:00,126.631065
2024-09-28 20:00:00,120.5309
2024-09-28 21:00:00,103.79074
2024-09-28 22:00:00,115.13511
2024-09-28 23:00:00,116.898445
2024-09-29 00:00:00,123.33232
2024-09-29 01:00:00,146.51712
2024-09-29 02:00:00,231.91817
2024-09-29 03:00:00,390.42728
2024-09-29 04:00:00,556.9663
2024-09-29 05:00:00,709.5636
2024-09-29 06:00:00,881.51654
2024-09-29 07:00:00,1066.2621
2024-09-29 08:00:00,1081.6542
2024-09-29 09:00:00,1069.1245
2024-09-29 10:00:00,921.8691
2024-09-29 11:00:00,780.49835
2024-09-29 12:00:00,154.50195
2024-09-29 13:00:00,39.69839
2024-09-29 14:00:00,36.545834
2024-09-29 15:00:00,38.85775
2024-09-29 16:00:00,39.355873
2024-09-29 17:00:00,41.643066
2024-09-29 18:00:00,42.891624
2024-09-29 19:00:00,48.96992
2024-09-29 20:00:00,56.840576
2024-09-29 21:00:00,65.41254
2024-09-29 22:00:00,65.78241
2024-09-29 23:00:00,72.81008
2024-09-30 00:00:00,71.75042
2024-09-30 01:00:00,68.36789
2024-09-30 02:00:00,100.95296
2024-09-30 03:00:00,238.89452
2024-09-30 04:00:00,766.2537
2024-09-30 05:00:00,988.7869
2024-09-30 06:00:00,1136.9443
2024-09-30 07:00:00,1296.8961
2024-09-30 08:00:00,1323.0833
2024-09-30 09:00:00,1351.0107
2024-09-30 10:00:00,1207.6807
2024-09-30 11:00:00,1118.2095
2024-09-30 12:00:00,381.6534
2024-09-30 13:00:00,85.377266
2024-09-30 14:00:00,55.47626
2024-09-30 15:00:00,41.64412
2024-09-30 16:00:00,36.08108
2024-09-30 17:00:00,35.862988
2024-09-30 18:00:00,41.854374
2024-09-30 19:00:00,50.850266
2024-09-30 20:00:00,63.49281
2024-09-30 21:00:00,68.634186
2024-09-30 22:00:00,96.20437
2024-09-30 23:00:00,93.664734
2024-10-01 00:00:00,95.24399
2024-10-01 01:00:00,97.08559
2024-10-01 02:00:00,143.20738
2024-10-01 03:00:00,306.1928
2024-10-01 04:00:00,752.8494
2024-10-01 05:00:00,1023.4931
2024-10-01 06:00:00,1185.6681
2024-10-01 07:00:00,1315.5632
2024-10-01 08:00:00,1403.1049
2024-10-01 09:00:00,1461.9077
2024-10-01 10:00:00,1439.3712
2024-10-01 11:00:00,1321.2872
2024-10-01 12:00:00,267.5443
2024-10-01 13:00:00,57.13884
2024-10-01 14:00:00,33.891945
2024-10-01 15:00:00,24.209621
2024-10-01 16:00:00,21.209534
2024-10-01 17:00:00,26.311384
2024-10-01 18:00:00,34.501488
2024-10-01 19:00:00,42.235233
2024-10-01 20:00:00,45.717964
2024-10-01 21:00:00,46.234463
2024-10-01 22:00:00,48.33039
2024-10-01 23:00:00,55.29695
2024-10-02 00:00:00,67.32251
2024-10-02 01:00:00,78.22647
2024-10-02 02:00:00,116.0197
2024-10-02 03:00:00,219.29741
2024-10-02 04:00:00,425.8297
2024-10-02 05:00:00,670.8357
2024-10-02 06:00:00,859.8847
2024-10-02 07:00:00,1030.0775
2024-10-02 08:00:00,1266.8004
2024-10-02 09:00:00,1397.8477
2024-10-02 10:00:00,1444.7133
2024-10-02 11:00:00,1193.4003
2024-10-02 12:00:00,192.8867
2024-10-02 13:00:00,51.330307
2024-10-02 14:00:00,32.561344
2024-10-02 15:00:00,26.160809
2024-10-02 16:00:00,25.959522
2024-10-02 17:00:00,32.307816
2024-10-02 18:00:00,47.463364
2024-10-02 19:00:00,65.06995
2024-10-02 20:00:00,79.118904
2024-10-02 21:00:00,89.097755
2024-10-02 22:00:00,118.63031
2024-10-02 23:00:00,134.35861
2024-10-03 00:00:00,170.06027
2024-10-03 01:00:00,201.66237
2024-10-03 02:00:00,276.98337
2024-10-03 03:00:00,387.01447
2024-10-03 04:00:00,470.06946
2024-10-03 05:00:00,573.9202
2024-10-03 06:00:00,711.868
2024-10-03 07:00:00,867.82086
2024-10-03 08:00:00,1031.3481
2024-10-03 09:00:00,1160.7042
2024-10-03 10:00:00,1182.9808
2024-10-03 11:00:00,801.9111
2024-10-03 12:00:00,56.432926
2024-10-03 13:00:00,25.746527
2024-10-03 14:00:00,24.366255
2024-10-03 15:00:00,27.051634
2024-10-03 16:00:00,33.803177
2024-10-03 17:00:00,40.76804
2024-10-03 18:00:00,47.402294
2024-10-03 19:00:00,51.58733
2024-10-03 20:00:00,51.424026
2024-10-03 21:00:00,48.029972
2024-10-03 22:00:00,73.863846
2024-10-03 23:00:00,88.18412
2024-10-04 00:00:00,109.6799
2024-10-04 01:00:00,126.401344
2024-10-04 02:00:00,187.14986
2024-10-04 03:00:00,321.19455
2024-10-04 04:00:00,466.5364
2024-10-04 05:00:00,632.83325
2024-10-04 06:00:00,823.7354
2024-10-04 07:00:00,1002.34314
2024-10-04 08:00:00,1156.5482
2024-10-04 09:00:00,1265.3844
2024-10-04 10:00:00,1385.9658
2024-10-04 11:00:00,1287.1943
2024-10-04 12:00:00,66.23696
2024-10-04 13:00:00,28.441496
2024-10-04 14:00:00,31.082256
2024-10-04 15:00:00,36.910767
2024-10-04 16:00:00,39.88869
2024-10-04 17:00:00,43.68184
2024-10-04 18:00:00,51.706196
2024-10-04 19:00:00,61.924416
2024-10-04 20:00:00,78.19409
2024-10-04 21:00:00,98.71074
2024-10-04 22:00:00,134.78546
2024-10-04 23:00:00,175.99873
2024-10-05 00:00:00,212.01878
2024-10-05 01:00:00,233.63345
2024-10-05 02:00:00,295.20758
2024-10-05 03:00:00,369.5201
2024-10-05 04:00:00,467.3557
2024-10-05 05:00:00,590.54407
2024-10-05 06:00:00,758.6799
2024-10-05 07:00:00,939.9649
2024-10-05 08:00:00,1106.7993
2024-10-05 09:00:00,1228.2092
2024-10-05 10:00:00,1319.1925
2024-10-05 11:00:00,960.9651
2024-10-05 12:00:00,104.690056
2024-10-05 13:00:00,31.907543
2024-10-05 14:00:00,27.01418
2024-10-05 15:00:00,29.062462
2024-10-05 16:00:00,32.250366
2024-10-05 17:00:00,41.028164
2024-10-05 18:00:00,50.000233
2024-10-05 19:00:00,61.465397
2024-10-05 20:00:00,70.28714
2024-10-05 21:00:00,79.76492
2024-10-05 22:00:00,58.747734
2024-10-05 23:00:00,90.358406
2024-10-06 00:00:00,130.00456
2024-10-06 01:00:00,143.6441
2024-10-06 02:00:00,134.47874
2024-10-06 03:00:00,164.07024
2024-10-06 04:00:00,289.6368
2024-10-06 05:00:00,456.90085
2024-10-06 06:00:00,673.8388
2024-10-06 07:00:00,890.966
2024-10-06 08:00:00,1065.7086
2024-10-06 09:00:00,1178.9298
2024-10-06 10:00:00,1217.4478
2024-10-06 11:00:00,1048.0792
2024-10-06 12:00:00,366.0576
2024-10-06 13:00:00,209.55164
2024-10-06 14:00:00,124.068085
2024-10-06 15:00:00,80.15502
2024-10-06 16:00:00,65.63135
2024-10-06 17:00:00,59.66586
2024-10-06 18:00:00,56.54266
2024-10-06 19:00:00,50.15815
2024-10-06 20:00:00,42.477955
2024-10-06 21:00:00,35.936344
2024-10-06 22:00:00,56.82799
2024-10-06 23:00:00,53.461483
2024-10-07 00:00:00,48.112007
2024-10-07 01:00:00,41.56292
2024-10-07 02:00:00,63.09296
2024-10-07 03:00:00,165.95366
2024-10-07 04:00:00,300.1841
2024-10-07 05:00:00,486.53595
2024-10-07 06:00:00,758.6537
2024-10-07 07:00:00,988.9299
2024-10-07 08:00:00,1142.0089
2024-10-07 09:00:00,1216.1993
2024-10-07 10:00:00,1239.4996
2024-10-07 11:00:00,1148.5581
2024-10-07 12:00:00,127.767296
2024-10-07 13:00:00,58.278244
2024-10-07 14:00:00,50.1127
2024-10-07 15:00:00,48.01209
2024-10-07 16:00:00,43.93877
2024-10-07 17:00:00,37.42901
2024-10-07 18:00:00,33.217625
2024-10-07 19:00:00,30.180109
2024-10-07 20:00:00,27.003967
2024-10-07 21:00:00,25.52292
2024-10-07 22:00:00,19.436884
2024-10-07 23:00:00,18.649925
2024-10-08 00:00:00,21.838629
2024-10-08 01:00:00,25.176634
2024-10-08 02:00:00,45.348476
2024-10-08 03:00:00,121.17034
2024-10-08 04:00:00,339.02634
2024-10-08 05:00:00,804.2441
2024-10-08 06:00:00,1094.8162
2024-10-08 07:00:00,1287.6769
2024-10-08 08:00:00,1408.7991
2024-10-08 09:00:00,1463.1863
2024-10-08 10:00:00,1567.1171
2024-10-08 11:00:00,1315.7181
2024-10-08 12:00:00,177.96263
2024-10-08 13:00:00,76.62662
2024-10-08 14:00:00,53.981823
2024-10-08 15:00:00,48.214706
2024-10-08 16:00:00,40.662308
2024-10-08 17:00:00,32.069107
2024-10-08 18:00:00,23.7027
2024-10-08 19:00:00,18.159002
2024-10-08 20:00:00,20.64552
2024-10-08 21:00:00,26.613325
2024-10-08 22:00:00,37.915142
2024-10-08 23:00:00,45.39485
2024-10-09 00:00:00,51.93047
2024-10-09 01:00:00,49.253906
2024-10-09 02:00:00,71.21918
2024-10-09 03:00:00,145.06871
2024-10-09 04:00:00,268.4589
2024-10-09 05:00:00,611.51056
2024-10-09 06:00:00,1036.3981
2024-10-09 07:00:00,1224.6672
2024-10-09 08:00:00,1308.4847
2024-10-09 09:00:00,1325.463
2024-10-09 10:00:00,1244.6273
2024-10-09 11:00:00,1118.5634
2024-10-09 12:00:00,206.27611
2024-10-09 13:00:00,84.5751
2024-10-09 14:00:00,73.65156
2024-10-09 15:00:00,58.554176
2024-10-09 16:00:00,48.326794
2024-10-09 17:00:00,46.01345
2024-10-09 18:00:00,50.951004
2024-10-09 19:00:00,55.25626
2024-10-09 20:00:00,57.23181
2024-10-09 21:00:00,58.370556
2024-10-09 22:00:00,97.15181
2024-10-09 23:00:00,97.27547
2024-10-10 00:00:00,94.156395
2024-10-10 01:00:00,80.778145
2024-10-10 02:00:00,105.28159
2024-10-10 03:00:00,199.3477
2024-10-10 04:00:00,369.4445
2024-10-10 05:00:00,566.2311
2024-10-10 06:00:00,819.9389
2024-10-10 07:00:00,1116.8864
2024-10-10 08:00:00,1361.9187
2024-10-10 09:00:00,1473.5923
2024-10-10 10:00:00,1467.5626
2024-10-10 11:00:00,1221.794
2024-10-10 12:00:00,151.5625
2024-10-10 13:00:00,79.35953
2024-10-10 14:00:00,66.35284
2024-10-10 15:00:00,59.106182
2024-10-10 16:00:00,52.682762
2024-10-10 17:00:00,47.652866
2024-10-10 18:00:00,45.30422
2024-10-10 19:00:00,43.93441
2024-10-10 20:00:00,44.31888
2024-10-10 21:00:00,43.58499
2024-10-10 22:00:00,48.493214
2024-10-10 23:00:00,47.218605
2024-10-11 00:00:00,52.96983
2024-10-11 01:00:00,60.03584
2024-10-11 02:00:00,79.16336
2024-10-11 03:00:00,137.68692
2024-10-11 04:00:00,271.9781
2024-10-11 05:00:00,722.74384
2024-10-11 06:00:00,1209.8396
2024-10-11 07:00:00,1366.9622
2024-10-11 08:00:00,1458.437
2024-10-11 09:00:00,1499.0752
2024-10-11 10:00:00,1378.5969
2024-10-11 11:00:00,1242.6833
2024-10-11 12:00:00,147.89508
2024-10-11 13:00:00,62.75437
2024-10-11 14:00:00,48.51868
2024-10-11 15:00:00,38.638363
2024-10-11 16:00:00,33.07769
2024-10-11 17:00:00,29.94392
2024-10-11 18:00:00,30.091719
2024-10-11 19:00:00,30.602057
2024-10-11 20:00:00,32.469296
2024-10-11 21:00:00,35.211132
2024-10-11 22:00:00,42.76025
2024-10-11 23:00:00,43.472706
2024-10-12 00:00:00,42.182667
2024-10-12 01:00:00,41.561954
2024-10-12 02:00:00,57.976288
2024-10-12 03:00:00,114.35769
2024-10-12 04:00:00,279.68106
2024-10-12 05:00:00,684.03424
2024-10-12 06:00:00,1301.3082
2024-10-12 07:00:00,1605.9781
2024-10-12 08:00:00,1829.7903
2024-10-12 09:00:00,1957.836
2024-10-12 10:00:00,2112.508
2024-10-12 11:00:00,1085.0166
2024-10-12 12:00:00,136.7136
2024-10-12 13:00:00,91.74565
2024-10-12 14:00:00,89.24459
2024-10-12 15:00:00,81.144485
2024-10-12 16:00:00,64.757965
2024-10-12 17:00:00,54.48479
2024-10-12 18:00:00,47.774376
2024-10-12 19:00:00,43.79353
2024-10-12 20:00:00,41.96985
2024-10-12 21:00:00,38.354053
2024-10-12 22:00:00,21.56197
2024-10-12 23:00:00,20.209106
2024-10-13 00:00:00,19.507837
2024-10-13 01:00:00,18.320051
2024-10-13 02:00:00,24.532246
2024-10-13 03:00:00,91.104805
2024-10-13 04:00:00,262.16055
2024-10-13 05:00:00,555.9775
2024-10-13 06:00:00,923.6591
2024-10-13 07:00:00,1205.7249
2024-10-13 08:00:00,1451.4884
2024-10-13 09:00:00,1645.0094
2024-10-13 10:00:00,1878.6373
2024-10-13 11:00:00,485.85266
2024-10-13 12:00:00,158.55911
2024-10-13 13:00:00,109.93767
2024-10-13 14:00:00,114.80993
2024-10-13 15:00:00,119.19935
2024-10-13 16:00:00,107.39181
2024-10-13 17:00:00,96.85166
2024-10-13 18:00:00,116.06892
2024-10-13 19:00:00,123.368835
2024-10-13 20:00:00,128.716
2024-10-13 21:00:00,136.2647
2024-10-13 22:00:00,69.23614
2024-10-13 23:00:00,67.43931
2024-10-14 00:00:00,67.743515
2024-10-14 01:00:00,65.7178
2024-10-14 02:00:00,85.289314
2024-10-14 03:00:00,149.01515
2024-10-14 04:00:00,286.27356
2024-10-14 05:00:00,482.54312
2024-10-14 06:00:00,767.3804
2024-10-14 07:00:00,1455.6859
2024-10-14 08:00:00,1837.7367
2024-10-14 09:00:00,1925.196
2024-10-14 10:00:00,1947.7538
2024-10-14 11:00:00,1607.981
2024-10-14 12:00:00,190.32574
2024-10-14 13:00:00,80.07756
2024-10-14 14:00:00,58.58411
2024-10-14 15:00:00,44.530815
2024-10-14 16:00:00,32.999584
2024-10-14 17:00:00,25.203691
2024-10-14 18:00:00,21.838015
2024-10-14 19:00:00,24.06928
2024-10-14 20:00:00,29.355745
2024-10-14 21:00:00,33.96231
2024-10-14 22:00:00,40.402065
2024-10-14 23:00:00,44.032005
2024-10-15 00:00:00,48.757774
2024-10-15 01:00:00,51.29553
2024-10-15 02:00:00,67.45982
2024-10-15 03:00:00,129.82117
2024-10-15 04:00:00,340.72266
2024-10-15 05:00:00,799.1777
2024-10-15 06:00:00,1142.3895
2024-10-15 07:00:00,1340.5392
2024-10-15 08:00:00,1480.9315
2024-10-15 09:00:00,1581.6401
2024-10-15 10:00:00,1617.6442
2024-10-15 11:00:00,1501.9474
2024-10-15 12:00:00,110.2538
2024-10-15 13:00:00,45.96267
2024-10-15 14:00:00,37.98612
2024-10-15 15:00:00,32.487286
2024-10-15 16:00:00,28.995773
2024-10-15 17:00:00,28.669989
2024-10-15 18:00:00,30.090698
2024-10-15 19:00:00,32.106422
2024-10-15 20:00:00,35.213444
2024-10-15 21:00:00,38.06463
2024-10-15 22:00:00,43.04545
2024-10-15 23:00:00,41.021435
2024-10-16 00:00:00,36.849297
2024-10-16 01:00:00,33.980015
2024-10-16 02:00:00,43.24084
2024-10-16 03:00:00,90.28097
2024-10-16 04:00:00,186.71323
2024-10-16 05:00:00,478.09406
2024-10-16 06:00:00,922.1203
2024-10-16 07:00:00,1265.097
2024-10-16 08:00:00,1458.4656
2024-10-16 09:00:00,1540.3862
2024-10-16 10:00:00,1472.5409
2024-10-16 11:00:00,873.72284
2024-10-16 12:00:00,44.33763
2024-10-16 13:00:00,32.33713
2024-10-16 14:00:00,35.402584
2024-10-16 15:00:00,39.611984
2024-10-16 16:00:00,44.966175
2024-10-16 17:00:00,47.708668
2024-10-16 18:00:00,49.338734
2024-10-16 19:00:00,48.617504
2024-10-16 20:00:00,49.668613
2024-10-16 21:00:00,46.355045
2024-10-16 22:00:00,35.380188
2024-10-16 23:00:00,33.441196
2024-10-17 00:00:00,32.828503
2024-10-17 01:00:00,34.124252
2024-10-17 02:00:00,49.48628
2024-10-17 03:00:00,118.64024
2024-10-17 04:00:00,251.75438
2024-10-17 05:00:00,506.8941
2024-10-17 06:00:00,815.1359
2024-10-17 07:00:00,1198.4579
2024-10-17 08:00:00,1562.7211
2024-10-17 09:00:00,1711.0112
2024-10-17 10:00:00,1458.4979
2024-10-17 11:00:00,1106.4424
2024-10-17 12:00:00,86.0871
2024-10-17 13:00:00,54.946476
2024-10-17 14:00:00,51.695908
2024-10-17 15:00:00,48.466225
2024-10-17 16:00:00,44.3324
2024-10-17 17:00:00,43.791172
2024-10-17 18:00:00,45.19653
2024-10-17 19:00:00,45.996593
2024-10-17 20:00:00,45.862724
2024-10-17 21:00:00,43.598167
2024-10-17 22:00:00,33.317738
2024-10-17 23:00:00,29.241177
2024-10-18 00:00:00,30.762201
2024-10-18 01:00:00,32.789146
2024-10-18 02:00:00,44.237473
2024-10-18 03:00:00,109.42248
2024-10-18 04:00:00,241.28117
2024-10-18 05:00:00,503.75726
2024-10-18 06:00:00,886.23596
2024-10-18 07:00:00,1218.5598
2024-10-18 08:00:00,1517.5333
2024-10-18 09:00:00,1639.4275
2024-10-18 10:00:00,1568.8583
2024-10-18 11:00:00,1231.8597
2024-10-18 12:00:00,74.4675
2024-10-18 13:00:00,39.852676
2024-10-18 14:00:00,38.29741
2024-10-18 15:00:00,40.76597
2024-10-18 16:00:00,42.984795
2024-10-18 17:00:00,44.77639
2024-10-18 18:00:00,47.4931
2024-10-18 19:00:00,50.489258
2024-10-18 20:00:00,49.132866
2024-10-18 21:00:00,44.422375
2024-10-18 22:00:00,46.234875
2024-10-18 23:00:00,41.3939
2024-10-19 00:00:00,37.26789
2024-10-19 01:00:00,38.398006
2024-10-19 02:00:00,55.88801
2024-10-19 03:00:00,125.6105
2024-10-19 04:00:00,244.25455
2024-10-19 05:00:00,411.9019
2024-10-19 06:00:00,615.8168
2024-10-19 07:00:00,879.2076
2024-10-19 08:00:00,1226.4725
2024-10-19 09:00:00,1517.9066
2024-10-19 10:00:00,1772.6073
2024-10-19 11:00:00,879.9339
2024-10-19 12:00:00,87.33392
2024-10-19 13:00:00,53.125843
2024-10-19 14:00:00,49.724766
2024-10-19 15:00:00,49.037003
2024-10-19 16:00:00,45.204464
2024-10-19 17:00:00,38.12921
2024-10-19 18:00:00,33.21999
2024-10-19 19:00:00,31.301582
2024-10-19 20:00:00,30.86419
2024-10-19 21:00:00,32.093884
2024-10-19 22:00:00,30.928638
2024-10-19 23:00:00,37.52386
2024-10-20 00:00:00,45.316395
2024-10-20 01:00:00,51.784443
2024-10-20 02:00:00,75.16137
2024-10-20 03:00:00,147.42241
2024-10-20 04:00:00,305.07993
2024-10-20 05:00:00,596.53076
2024-10-20 06:00:00,920.5112
2024-10-20 07:00:00,1229.1967
2024-10-20 08:00:00,1573.3292
2024-10-20 09:00:00,1747.749
2024-10-20 10:00:00,1153.9183
2024-10-20 11:00:00,664.7915
2024-10-20 12:00:00,141.12787
2024-10-20 13:00:00,87.29744
2024-10-20 14:00:00,71.94765
2024-10-20 15:00:00,61.455986
2024-10-20 16:00:00,52.863148
2024-10-20 17:00:00,43.71577
2024-10-20 18:00:00,37.672363
2024-10-20 19:00:00,32.81302
2024-10-20 20:00:00,32.25212
2024-10-20 21:00:00,33.60946
2024-10-20 22:00:00,27.865461
2024-10-20 23:00:00,27.080769
2024-10-21 00:00:00,26.72432
2024-10-21 01:00:00,28.153128
2024-10-21 02:00:00,46.530712
2024-10-21 03:00:00,133.08188
2024-10-21 04:00:00,361.26315
2024-10-21 05:00:00,652.66394
2024-10-21 06:00:00,944.3314
2024-10-21 07:00:00,1241.9967
2024-10-21 08:00:00,1483.5021
2024-10-21 09:00:00,1647.3947
2024-10-21 10:00:00,1334.816
2024-10-21 11:00:00,1140.0856
2024-10-21 12:00:00,121.54823
2024-10-21 13:00:00,72.598366
2024-10-21 14:00:00,71.50767
2024-10-21 15:00:00,69.91147
2024-10-21 16:00:00,66.27507
2024-10-21 17:00:00,53.524933
2024-10-21 18:00:00,40.669876
2024-10-21 19:00:00,32.504337
2024-10-21 20:00:00,28.960505
2024-10-21 21:00:00,28.26633
2024-10-21 22:00:00,61.55934
2024-10-21 23:00:00,62.924263
2024-10-22 00:00:00,59.505634
2024-10-22 01:00:00,60.203392
2024-10-22 02:00:00,82.316505
2024-10-22 03:00:00,156.68286
2024-10-22 04:00:00,326.69275
2024-10-22 05:00:00,744.9032
2024-10-22 06:00:00,1094.8578
2024-10-22 07:00:00,1271.205
2024-10-22 08:00:00,1360.8289
2024-10-22 09:00:00,1384.3588
2024-10-22 10:00:00,1334.7081
2024-10-22 11:00:00,1256.9696
2024-10-22 12:00:00,128.88239
2024-10-22 13:00:00,66.04007
2024-10-22 14:00:00,54.50405
2024-10-22 15:00:00,48.66443
2024-10-22 16:00:00,47.21361
2024-10-22 17:00:00,42.230885
2024-10-22 18:00:00,34.5095
2024-10-22 19:00:00,26.68252
2024-10-22 20:00:00,23.47991
2024-10-22 21:00:00,25.388052
2024-10-22 22:00:00,46.46105
2024-10-22 23:00:00,44.643764
2024-10-23 00:00:00,38.278854
2024-10-23 01:00:00,36.361237
2024-10-23 02:00:00,54.28547
2024-10-23 03:00:00,146.84802
2024-10-23 04:00:00,367.90265
2024-10-23 05:00:00,939.5144
2024-10-23 06:00:00,1284.6449
2024-10-23 07:00:00,1497.9694
2024-10-23 08:00:00,1626.684
2024-10-23 09:00:00,1753.7784
2024-10-23 10:00:00,1395.8278
2024-10-23 11:00:00,1256.6941
2024-10-23 12:00:00,283.91693
2024-10-23 13:00:00,117.875496
2024-10-23 14:00:00,113.68802
2024-10-23 15:00:00,111.49135
2024-10-23 16:00:00,106.95767
2024-10-23 17:00:00,107.057976
2024-10-23 18:00:00,103.83495
2024-10-23 19:00:00,99.49201
2024-10-23 20:00:00,93.80551
2024-10-23 21:00:00,93.651634
2024-10-23 22:00:00,123.56423
2024-10-23 23:00:00,117.76396
2024-10-24 00:00:00,131.11812
2024-10-24 01:00:00,139.34206
2024-10-24 02:00:00,169.38893
2024-10-24 03:00:00,259.81473
2024-10-24 04:00:00,389.22977
2024-10-24 05:00:00,549.45294
2024-10-24 06:00:00,712.8839
2024-10-24 07:00:00,883.5756
2024-10-24 08:00:00,1027.8042
2024-10-24 09:00:00,1113.3608
2024-10-24 10:00:00,1175.8625
2024-10-24 11:00:00,1083.9932
2024-10-24 12:00:00,216.50146
2024-10-24 13:00:00,90.28871
2024-10-24 14:00:00,71.45346
2024-10-24 15:00:00,65.858826
2024-10-24 16:00:00,66.074455
2024-10-24 17:00:00,66.59726
2024-10-24 18:00:00,68.94629
2024-10-24 19:00:00,69.85548
2024-10-24 20:00:00,69.38123
2024-10-24 21:00:00,65.984215
2024-10-24 22:00:00,67.81497
2024-10-24 23:00:00,70.288666
2024-10-25 00:00:00,76.32022
2024-10-25 01:00:00,83.981224
2024-10-25 02:00:00,114.76094
2024-10-25 03:00:00,206.86655
2024-10-25 04:00:00,356.4512
2024-10-25 05:00:00,609.5947
2024-10-25 06:00:00,844.86
2024-10-25 07:00:00,1028.1318
2024-10-25 08:00:00,1194.7655
2024-10-25 09:00:00,1321.2549
2024-10-25 10:00:00,1364.1761
2024-10-25 11:00:00,1245.1241
2024-10-25 12:00:00,231.99995
2024-10-25 13:00:00,93.78268
2024-10-25 14:00:00,69.93315
2024-10-25 15:00:00,59.739254
2024-10-25 16:00:00,52.220936
2024-10-25 17:00:00,46.458027
2024-10-25 18:00:00,44.24503
2024-10-25 19:00:00,43.64717
2024-10-25 20:00:00,44.578926
2024-10-25 21:00:00,47.76475
2024-10-25 22:00:00,57.933216
2024-10-25 23:00:00,57.530727
2024-10-26 00:00:00,55.273243
2024-10-26 01:00:00,49.01589
2024-10-26 02:00:00,58.31995
2024-10-26 03:00:00,126.90681
2024-10-26 04:00:00,274.42618
2024-10-26 05:00:00,522.9194
2024-10-26 06:00:00,767.2468
2024-10-26 07:00:00,953.09424
2024-10-26 08:00:00,1073.0035
2024-10-26 09:00:00,1119.8358
2024-10-26 10:00:00,1092.8818
2024-10-26 11:00:00,929.6625
2024-10-26 12:00:00,97.5052
2024-10-26 13:00:00,49.81871
2024-10-26 14:00:00,41.193207
2024-10-26 15:00:00,37.869137
2024-10-26 16:00:00,34.27744
2024-10-26 17:00:00,32.283154
2024-10-26 18:00:00,32.42192
2024-10-26 19:00:00,31.659662
2024-10-26 20:00:00,31.498081
2024-10-26 21:00:00,32.360703
2024-10-26 22:00:00,41.441776
2024-10-26 23:00:00,45.393154
2024-10-27 00:00:00,47.423306
2024-10-27 01:00:00,49.007553
2024-10-27 02:00:00,67.86257
2024-10-27 03:00:00,156.24571
2024-10-27 04:00:00,364.2249
2024-10-27 05:00:00,730.7344
2024-10-27 06:00:00,962.4776
2024-10-27 07:00:00,1125.004
2024-10-27 08:00:00,1234.1863
2024-10-27 09:00:00,1279.7534
2024-10-27 10:00:00,1286.9196
2024-10-27 11:00:00,1194.593
2024-10-27 12:00:00,67.06285
2024-10-27 13:00:00,43.49746
2024-10-27 14:00:00,42.839237
2024-10-27 15:00:00,44.371162
2024-10-27 16:00:00,43.18971
2024-10-27 17:00:00,41.91303
2024-10-27 18:00:00,41.781895
2024-10-27 19:00:00,42.94528
2024-10-27 20:00:00,45.876495
2024-10-27 21:00:00,46.287453
2024-10-27 22:00:00,58.611256
2024-10-27 23:00:00,61.541183
2024-10-28 00:00:00,67.0936
2024-10-28 01:00:00,69.509476
2024-10-28 02:00:00,89.02852
2024-10-28 03:00:00,179.02353
2024-10-28 04:00:00,529.20374
2024-10-28 05:00:00,903.33154
2024-10-28 06:00:00,1059.1503
2024-10-28 07:00:00,1199.9493
2024-10-28 08:00:00,1340.3276
2024-10-28 09:00:00,1422.6323
2024-10-28 10:00:00,1372.4482
2024-10-28 11:00:00,1237.6112
2024-10-28 12:00:00,126.200264
2024-10-28 13:00:00,87.24181
2024-10-28 14:00:00,89.26175
2024-10-28 15:00:00,86.2721
2024-10-28 16:00:00,82.78625
2024-10-28 17:00:00,81.454506
2024-10-28 18:00:00,80.70099
2024-10-28 19:00:00,74.249855
2024-10-28 20:00:00,67.14147
2024-10-28 21:00:00,60.00349
2024-10-28 22:00:00,50.174515
2024-10-28 23:00:00,40.955246
2024-10-29 00:00:00,37.569313
2024-10-29 01:00:00,40.382397
2024-10-29 02:00:00,59.476444
2024-10-29 03:00:00,134.77936
2024-10-29 04:00:00,302.67526
2024-10-29 05:00:00,683.81604
2024-10-29 06:00:00,914.3283
2024-10-29 07:00:00,1131.3508
2024-10-29 08:00:00,1338.9413
2024-10-29 09:00:00,1489.187
2024-10-29 10:00:00,1503.5579
2024-10-29 11:00:00,1350.1136
2024-10-29 12:00:00,61.29703
2024-10-29 13:00:00,53.803864
2024-10-29 14:00:00,62.157524
2024-10-29 15:00:00,68.01682
2024-10-29 16:00:00,70.1895
2024-10-29 17:00:00,69.90656
2024-10-29 18:00:00,67.02072
2024-10-29 19:00:00,59.805897
2024-10-29 20:00:00,54.690792
2024-10-29 21:00:00,53.244972
2024-10-29 22:00:00,67.63477
2024-10-29 23:00:00,56.487026
2024-10-30 00:00:00,48.792152
2024-10-30 01:00:00,45.16164
2024-10-30 02:00:00,51.968575
2024-10-30 03:00:00,120.765724
2024-10-30 04:00:00,213.44131
2024-10-30 05:00:00,322.34833
2024-10-30 06:00:00,483.28546
2024-10-30 07:00:00,945.5574
2024-10-30 08:00:00,1647.8905
2024-10-30 09:00:00,1914.5725
2024-10-30 10:00:00,1322.3374
2024-10-30 11:00:00,671.4485
2024-10-30 12:00:00,81.19331
2024-10-30 13:00:00,48.095592
2024-10-30 14:00:00,42.040924
2024-10-30 15:00:00,39.79771
2024-10-30 16:00:00,35.850113
2024-10-30 17:00:00,31.676308
2024-10-30 18:00:00,28.591753
2024-10-30 19:00:00,27.956377
2024-10-30 20:00:00,28.896845
2024-10-30 21:00:00,32.727158
2024-10-30 22:00:00,37.355057
2024-10-30 23:00:00,43.90271
2024-10-31 00:00:00,50.368145
2024-10-31 01:00:00,57.215023
2024-10-31 02:00:00,75.68007
2024-10-31 03:00:00,147.0091
2024-10-31 04:00:00,297.16577
2024-10-31 05:00:00,598.61237
2024-10-31 06:00:00,932.2463
2024-10-31 07:00:00,1230.3995
2024-10-31 08:00:00,1462.7844
2024-10-31 09:00:00,1585.3608
2024-10-31 10:00:00,1512.5311
2024-10-31 11:00:00,1342.1125
2024-10-31 12:00:00,180.29463
2024-10-31 13:00:00,89.04418
2024-10-31 14:00:00,70.59196
2024-10-31 15:00:00,65.68527
2024-10-31 16:00:00,66.50691
2024-10-31 17:00:00,74.479324
2024-10-31 18:00:00,88.144806
2024-10-31 19:00:00,106.17534
2024-10-31 20:00:00,117.948494
2024-10-31 21:00:00,121.15465
2024-10-31 22:00:00,151.50006
2024-10-31 23:00:00,137.97256
2024-11-01 00:00:00,121.09061
2024-11-01 01:00:00,105.53374
2024-11-01 02:00:00,120.39561
2024-11-01 03:00:00,193.61243
2024-11-01 04:00:00,376.3736
2024-11-01 05:00:00,724.6147
2024-11-01 06:00:00,1042.3086
2024-11-01 07:00:00,1340.2351
2024-11-01 08:00:00,1529.5906
2024-11-01 09:00:00,1613.6322
2024-11-01 10:00:00,1612.723
2024-11-01 11:00:00,1482.2253
2024-11-01 12:00:00,102.87148
2024-11-01 13:00:00,35.40288
2024-11-01 14:00:00,20.577847
2024-11-01 15:00:00,17.406515
2024-11-01 16:00:00,15.642782
2024-11-01 17:00:00,14.985237
2024-11-01 18:00:00,15.581925
2024-11-01 19:00:00,17.619308
2024-11-01 20:00:00,22.183884
2024-11-01 21:00:00,27.706676
2024-11-01 22:00:00,34.10714
2024-11-01 23:00:00,33.965267
2024-11-02 00:00:00,32.045845
2024-11-02 01:00:00,31.070234
2024-11-02 02:00:00,32.87326
2024-11-02 03:00:00,75.89035
2024-11-02 04:00:00,178.26627
2024-11-02 05:00:00,477.48254
2024-11-02 06:00:00,1034.4756
2024-11-02 07:00:00,1399.6675
2024-11-02 08:00:00,1599.4546
2024-11-02 09:00:00,1681.4949
2024-11-02 10:00:00,1732.6447
2024-11-02 11:00:00,1091.7416
2024-11-02 12:00:00,117.67081
2024-11-02 13:00:00,103.27057
2024-11-02 14:00:00,110.623535
2024-11-02 15:00:00,103.99126
2024-11-02 16:00:00,89.32767
2024-11-02 17:00:00,74.06873
2024-11-02 18:00:00,63.18318
2024-11-02 19:00:00,54.373436
2024-11-02 20:00:00,49.321503
2024-11-02 21:00:00,45.820023
2024-11-02 22:00:00,31.517845
2024-11-02 23:00:00,28.435589
2024-11-03 00:00:00,28.013636
2024-11-03 01:00:00,28.477964
2024-11-03 02:00:00,33.808117
2024-11-03 03:00:00,89.23406
2024-11-03 04:00:00,202.33261
2024-11-03 05:00:00,475.02313
2024-11-03 06:00:00,862.48047
2024-11-03 07:00:00,1391.5758
2024-11-03 08:00:00,1570.885
2024-11-03 09:00:00,1626.0212
2024-11-03 10:00:00,1454.0405
2024-11-03 11:00:00,960.31464
2024-11-03 12:00:00,84.416435
2024-11-03 13:00:00,56.74582
2024-11-03 14:00:00,52.82634
2024-11-03 15:00:00,48.85999
2024-11-03 16:00:00,42.03884
2024-11-03 17:00:00,35.119534
2024-11-03 18:00:00,29.38537
2024-11-03 19:00:00,24.372925
2024-11-03 20:00:00,19.009457
2024-11-03 21:00:00,15.708322
2024-11-03 22:00:00,26.38698
2024-11-03 23:00:00,31.105938
2024-11-04 00:00:00,35.674145
2024-11-04 01:00:00,37.200855
2024-11-04 02:00:00,44.690895
2024-11-04 03:00:00,88.931366
2024-11-04 04:00:00,231.6868
2024-11-04 05:00:00,564.3446
2024-11-04 06:00:00,903.0799
2024-11-04 07:00:00,1123.7365
2024-11-04 08:00:00,1261.417
2024-11-04 09:00:00,1322.2611
2024-11-04 10:00:00,1261.7324
2024-11-04 11:00:00,1099.0791
2024-11-04 12:00:00,59.689598
2024-11-04 13:00:00,28.898226
2024-11-04 14:00:00,24.582119
2024-11-04 15:00:00,27.756035
2024-11-04 16:00:00,28.931849
2024-11-04 17:00:00,30.19352
2024-11-04 18:00:00,30.699099
2024-11-04 19:00:00,31.138405
2024-11-04 20:00:00,33.230576
2024-11-04 21:00:00,35.762035
2024-11-04 22:00:00,36.24845
2024-11-04 23:00:00,35.98131
2024-11-05 00:00:00,38.491608
2024-11-05 01:00:00,43.01948
2024-11-05 02:00:00,55.60701
2024-11-05 03:00:00,130.57784
2024-11-05 04:00:00,312.4153
2024-11-05 05:00:00,726.67084
2024-11-05 06:00:00,994.3728
2024-11-05 07:00:00,1167.2699
2024-11-05 08:00:00,1295.1628
2024-11-05 09:00:00,1368.8914
2024-11-05 10:00:00,1331.9089
2024-11-05 11:00:00,1231.7092
2024-11-05 12:00:00,48.52004
2024-11-05 13:00:00,40.180653
2024-11-05 14:00:00,42.57445
2024-11-05 15:00:00,44.72728
2024-11-05 16:00:00,44.72363
2024-11-05 17:00:00,43.54551
2024-11-05 18:00:00,40.942257
2024-11-05 19:00:00,37.833042
2024-11-05 20:00:00,34.339058
2024-11-05 21:00:00,29.291111
2024-11-05 22:00:00,26.006573
2024-11-05 23:00:00,26.470093
2024-11-06 00:00:00,29.748175
2024-11-06 01:00:00,31.752014
2024-11-06 02:00:00,31.758919
2024-11-06 03:00:00,75.19349
2024-11-06 04:00:00,223.47803
2024-11-06 05:00:00,764.8175
2024-11-06 06:00:00,1092.269
2024-11-06 07:00:00,1286.7056
2024-11-06 08:00:00,1408.5847
2024-11-06 09:00:00,1476.145
2024-11-06 10:00:00,1330.9155
2024-11-06 11:00:00,1221.1002
2024-11-06 12:00:00,65.90798
2024-11-06 13:00:00,47.232056
2024-11-06 14:00:00,48.466602
2024-11-06 15:00:00,50.342056
2024-11-06 16:00:00,50.4905
2024-11-06 17:00:00,49.99883
2024-11-06 18:00:00,48.828457
2024-11-06 19:00:00,46.022583
2024-11-06 20:00:00,45.3564
2024-11-06 21:00:00,44.400223
2024-11-06 22:00:00,42.362988
2024-11-06 23:00:00,47.27352
2024-11-07 00:00:00,47.827152
2024-11-07 01:00:00,39.723007
2024-11-07 02:00:00,45.58365
2024-11-07 03:00:00,116.18014
2024-11-07 04:00:00,291.3546
2024-11-07 05:00:00,784.21515
2024-11-07 06:00:00,1194.9265
2024-11-07 07:00:00,1405.6062
2024-11-07 08:00:00,1521.3722
2024-11-07 09:00:00,1581.0333
2024-11-07 10:00:00,1295.5498
2024-11-07 11:00:00,1188.3196
2024-11-07 12:00:00,56.273716
2024-11-07 13:00:00,45.622887
2024-11-07 14:00:00,45.384167
2024-11-07 15:00:00,45.46451
2024-11-07 16:00:00,42.42057
2024-11-07 17:00:00,39.074963
2024-11-07 18:00:00,35.951126
2024-11-07 19:00:00,32.488235
2024-11-07 20:00:00,31.800896
2024-11-07 21:00:00,31.910456
2024-11-07 22:00:00,54.31212
2024-11-07 23:00:00,61.97123
2024-11-08 00:00:00,63.828033
2024-11-08 01:00:00,61.254757
2024-11-08 02:00:00,69.69854
2024-11-08 03:00:00,140.39926
2024-11-08 04:00:00,320.10938
2024-11-08 05:00:00,791.2554
2024-11-08 06:00:00,1159.1847
2024-11-08 07:00:00,1409.5536
2024-11-08 08:00:00,1532.0173
2024-11-08 09:00:00,1587.784
2024-11-08 10:00:00,1384.8656
2024-11-08 11:00:00,1232.5886
2024-11-08 12:00:00,78.487785
2024-11-08 13:00:00,65.86297
2024-11-08 14:00:00,74.912254
2024-11-08 15:00:00,84.377754
2024-11-08 16:00:00,88.70228
2024-11-08 17:00:00,87.15597
2024-11-08 18:00:00,80.55887
2024-11-08 19:00:00,74.99246
2024-11-08 20:00:00,73.89473
2024-11-08 21:00:00,71.838524
2024-11-08 22:00:00,115.98863
2024-11-08 23:00:00,119.0957
2024-11-09 00:00:00,108.58356
2024-11-09 01:00:00,100.87208
2024-11-09 02:00:00,121.06146
2024-11-09 03:00:00,217.80841
2024-11-09 04:00:00,383.38718
2024-11-09 05:00:00,693.9561
2024-11-09 06:00:00,987.6041
2024-11-09 07:00:00,1240.6453
2024-11-09 08:00:00,1449.402
2024-11-09 09:00:00,1554.9357
2024-11-09 10:00:00,1430.8363
2024-11-09 11:00:00,932.45667
2024-11-09 12:00:00,87.16801
2024-11-09 13:00:00,83.91811
2024-11-09 14:00:00,101.60136
2024-11-09 15:00:00,113.19995
2024-11-09 16:00:00,117.406364
2024-11-09 17:00:00,119.07715
2024-11-09 18:00:00,111.95529
2024-11-09 19:00:00,103.52821
2024-11-09 20:00:00,93.81917
2024-11-09 21:00:00,86.700676
2024-11-09 22:00:00,88.41377
2024-11-09 23:00:00,79.51526
2024-11-10 00:00:00,76.403206
2024-11-10 01:00:00,78.210495
2024-11-10 02:00:00,101.92237
2024-11-10 03:00:00,200.17609
2024-11-10 04:00:00,321.2282
2024-11-10 05:00:00,477.44238
2024-11-10 06:00:00,720.46326
2024-11-10 07:00:00,1064.7582
2024-11-10 08:00:00,1328.4486
2024-11-10 09:00:00,1429.4883
2024-11-10 10:00:00,1306.9073
2024-11-10 11:00:00,1282.4781
2024-11-10 12:00:00,54.007275
2024-11-10 13:00:00,39.036564
2024-11-10 14:00:00,36.863136
2024-11-10 15:00:00,40.222404
2024-11-10 16:00:00,44.091797
2024-11-10 17:00:00,50.116577
2024-11-10 18:00:00,54.319023
2024-11-10 19:00:00,54.599747
2024-11-10 20:00:00,47.942093
2024-11-10 21:00:00,47.028893
2024-11-10 22:00:00,46.713585
2024-11-10 23:00:00,49.472237
2024-11-11 00:00:00,56.484512
2024-11-11 01:00:00,63.838673
2024-11-11 02:00:00,81.17119
2024-11-11 03:00:00,138.73216
2024-11-11 04:00:00,283.17804
2024-11-11 05:00:00,910.3489
2024-11-11 06:00:00,1191.3119
2024-11-11 07:00:00,1322.3219
2024-11-11 08:00:00,1437.5574
2024-11-11 09:00:00,1493.6356
2024-11-11 10:00:00,1365.3041
2024-11-11 11:00:00,1266.0614
2024-11-11 12:00:00,59.722916
2024-11-11 13:00:00,38.73581
2024-11-11 14:00:00,36.542168
2024-11-11 15:00:00,34.448692
2024-11-11 16:00:00,34.20218
2024-11-11 17:00:00,34.96626
2024-11-11 18:00:00,36.98817
2024-11-11 19:00:00,36.84724
2024-11-11 20:00:00,36.287437
2024-11-11 21:00:00,33.886013
2024-11-11 22:00:00,31.530605
2024-11-11 23:00:00,23.943071
2024-11-12 00:00:00,20.340322
2024-11-12 01:00:00,23.940945
2024-11-12 02:00:00,32.96819
2024-11-12 03:00:00,75.57417
2024-11-12 04:00:00,196.92169
2024-11-12 05:00:00,436.70538
2024-11-12 06:00:00,1084.3374
2024-11-12 07:00:00,1787.3972
2024-11-12 08:00:00,2049.3525
2024-11-12 09:00:00,2185.2925
2024-11-12 10:00:00,1473.3566
2024-11-12 11:00:00,1179.3595
2024-11-12 12:00:00,119.168846
2024-11-12 13:00:00,63.056286
2024-11-12 14:00:00,59.11823
2024-11-12 15:00:00,62.760834
2024-11-12 16:00:00,64.24717
2024-11-12 17:00:00,66.604576
2024-11-12 18:00:00,64.65989
2024-11-12 19:00:00,63.311195
2024-11-12 20:00:00,64.07924
2024-11-12 21:00:00,67.99536
2024-11-12 22:00:00,75.41683
2024-11-12 23:00:00,75.548004
2024-11-13 00:00:00,66.05277
2024-11-13 01:00:00,58.998913
2024-11-13 02:00:00,71.74448
2024-11-13 03:00:00,148.63771
2024-11-13 04:00:00,334.52795
2024-11-13 05:00:00,704.2528
2024-11-13 06:00:00,884.9395
2024-11-13 07:00:00,1044.4275
2024-11-13 08:00:00,1177.6995
2024-11-13 09:00:00,1266.6418
2024-11-13 10:00:00,1182.311
2024-11-13 11:00:00,1084.0269
2024-11-13 12:00:00,130.10788
2024-11-13 13:00:00,60.070045
2024-11-13 14:00:00,41.531925
2024-11-13 15:00:00,31.602798
2024-11-13 16:00:00,24.64626
2024-11-13 17:00:00,22.87131
2024-11-13 18:00:00,22.606394
2024-11-13 19:00:00,21.437672
2024-11-13 20:00:00,20.219236
2024-11-13 21:00:00,19.553383
2024-11-13 22:00:00,18.995686
2024-11-13 23:00:00,16.570456
2024-11-14 00:00:00,17.821463
2024-11-14 01:00:00,21.645805
2024-11-14 02:00:00,31.712147
2024-11-14 03:00:00,67.176056
2024-11-14 04:00:00,223.35114
2024-11-14 05:00:00,477.04398
2024-11-14 06:00:00,758.08344
2024-11-14 07:00:00,1099.5236
2024-11-14 08:00:00,1452.4475
2024-11-14 09:00:00,1740.8966
2024-11-14 10:00:00,1542.4854
2024-11-14 11:00:00,1296.4507
2024-11-14 12:00:00,40.44075
2024-11-14 13:00:00,34.19421
2024-11-14 14:00:00,32.89866
2024-11-14 15:00:00,31.230957
2024-11-14 16:00:00,30.233303
2024-11-14 17:00:00,28.945286
2024-11-14 18:00:00,26.510715
2024-11-14 19:00:00,24.75738
2024-11-14 20:00:00,22.175014
2024-11-14 21:00:00,18.507633
2024-11-14 22:00:00,19.948763
2024-11-14 23:00:00,18.859255
2024-11-15 00:00:00,17.376896
2024-11-15 01:00:00,20.855837
2024-11-15 02:00:00,21.485584
2024-11-15 03:00:00,52.56438
2024-11-15 04:00:00,213.55861
2024-11-15 05:00:00,504.01703
2024-11-15 06:00:00,1121.8059
2024-11-15 07:00:00,1741.0227
2024-11-15 08:00:00,1918.6925
2024-11-15 09:00:00,1970.7108
2024-11-15 10:00:00,1814.371
2024-11-15 11:00:00,996.22266
2024-11-15 12:00:00,124.53278
2024-11-15 13:00:00,71.737366
2024-11-15 14:00:00,60.08892
2024-11-15 15:00:00,58.42252
2024-11-15 16:00:00,57.760307
2024-11-15 17:00:00,52.376446
2024-11-15 18:00:00,47.074375
2024-11-15 19:00:00,43.917294
2024-11-15 20:00:00,42.29262
2024-11-15 21:00:00,40.56244
2024-11-15 22:00:00,25.600754
2024-11-15 23:00:00,23.753136
2024-11-16 00:00:00,25.583706
2024-11-16 01:00:00,26.16504
2024-11-16 02:00:00,28.538681
2024-11-16 03:00:00,82.16231
2024-11-16 04:00:00,271.7096
2024-11-16 05:00:00,514.3607
2024-11-16 06:00:00,838.1713
2024-11-16 07:00:00,1147.4966
2024-11-16 08:00:00,1434.0585
2024-11-16 09:00:00,1605.5586
2024-11-16 10:00:00,1482.4988
2024-11-16 11:00:00,917.70514
2024-11-16 12:00:00,54.379795
2024-11-16 13:00:00,33.196667
2024-11-16 14:00:00,38.475407
2024-11-16 15:00:00,48.75296
2024-11-16 16:00:00,52.20921
2024-11-16 17:00:00,50.170338
2024-11-16 18:00:00,43.315136
2024-11-16 19:00:00,34.22805
2024-11-16 20:00:00,28.166481
2024-11-16 21:00:00,27.125517
2024-11-16 22:00:00,29.250023
2024-11-16 23:00:00,32.886845
2024-11-17 00:00:00,37.345383
2024-11-17 01:00:00,40.633163
2024-11-17 02:00:00,57.691948
2024-11-17 03:00:00,121.61907
2024-11-17 04:00:00,266.20233
2024-11-17 05:00:00,500.56882
2024-11-17 06:00:00,799.5821
2024-11-17 07:00:00,1058.2081
2024-11-17 08:00:00,1375.5757
2024-11-17 09:00:00,1533.351
2024-11-17 10:00:00,1418.3654
2024-11-17 11:00:00,1329.225
2024-11-17 12:00:00,198.88203
2024-11-17 13:00:00,143.71092
2024-11-17 14:00:00,130.3228
2024-11-17 15:00:00,127.166115
2024-11-17 16:00:00,109.0709
2024-11-17 17:00:00,96.948944
2024-11-17 18:00:00,93.966194
2024-11-17 19:00:00,101.50237
2024-11-17 20:00:00,98.14679
2024-11-17 21:00:00,94.55795
2024-11-17 22:00:00,94.70543
2024-11-17 23:00:00,98.476425
2024-11-18 00:00:00,89.984055
2024-11-18 01:00:00,82.19424
2024-11-18 02:00:00,101.16737
2024-11-18 03:00:00,194.07971
2024-11-18 04:00:00,460.01038
2024-11-18 05:00:00,902.26404
2024-11-18 06:00:00,1083.5878
2024-11-18 07:00:00,1224.0028
2024-11-18 08:00:00,1313.9712
2024-11-18 09:00:00,1367.582
2024-11-18 10:00:00,1414.8375
2024-11-18 11:00:00,1357.1594
2024-11-18 12:00:00,149.97162
2024-11-18 13:00:00,64.61524
2024-11-18 14:00:00,46.350903
2024-11-18 15:00:00,39.19064
2024-11-18 16:00:00,37.623714
2024-11-18 17:00:00,38.679043
2024-11-18 18:00:00,42.146503
2024-11-18 19:00:00,47.02607
2024-11-18 20:00:00,51.619297
2024-11-18 21:00:00,57.004738
2024-11-18 22:00:00,62.222775
2024-11-18 23:00:00,64.32387
2024-11-19 00:00:00,62.783817
2024-11-19 01:00:00,61.22817
2024-11-19 02:00:00,65.49183
2024-11-19 03:00:00,121.19134
2024-11-19 04:00:00,251.33551
2024-11-19 05:00:00,757.00397
2024-11-19 06:00:00,1151.908
2024-11-19 07:00:00,1289.1514
2024-11-19 08:00:00,1388.8264
2024-11-19 09:00:00,1440.855
2024-11-19 10:00:00,1394.6016
2024-11-19 11:00:00,1249.1709
2024-11-19 12:00:00,68.06854
2024-11-19 13:00:00,39.153976
2024-11-19 14:00:00,31.322926
2024-11-19 15:00:00,27.965666
2024-11-19 16:00:00,26.07685
2024-11-19 17:00:00,25.073336
2024-11-19 18:00:00,28.099693
2024-11-19 19:00:00,32.21128
2024-11-19 20:00:00,37.195057
2024-11-19 21:00:00,42.88626
2024-11-19 22:00:00,36.038136
2024-11-19 23:00:00,34.926403
2024-11-20 00:00:00,35.76417
2024-11-20 01:00:00,36.337746
2024-11-20 02:00:00,37.854687
2024-11-20 03:00:00,71.91136
2024-11-20 04:00:00,162.11697
2024-11-20 05:00:00,542.51587
2024-11-20 06:00:00,935.7672
2024-11-20 07:00:00,1108.5533
2024-11-20 08:00:00,1235.2057
2024-11-20 09:00:00,1321.0938
2024-11-20 10:00:00,1323.4102
2024-11-20 11:00:00,1026.3551
2024-11-20 12:00:00,62.9725
2024-11-20 13:00:00,33.740505
2024-11-20 14:00:00,22.887524
2024-11-20 15:00:00,17.702774
2024-11-20 16:00:00,14.833684
2024-11-20 17:00:00,13.810717
2024-11-20 18:00:00,14.255184
2024-11-20 19:00:00,16.304184
2024-11-20 20:00:00,20.254145
2024-11-20 21:00:00,25.153301
2024-11-20 22:00:00,27.027054
2024-11-20 23:00:00,31.33031
2024-11-21 00:00:00,35.734974
2024-11-21 01:00:00,36.833633
2024-11-21 02:00:00,38.162426
2024-11-21 03:00:00,67.421
2024-11-21 04:00:00,146.9644
2024-11-21 05:00:00,555.8229
2024-11-21 06:00:00,928.9752
2024-11-21 07:00:00,1038.8042
2024-11-21 08:00:00,1121.2549
2024-11-21 09:00:00,1174.7051
2024-11-21 10:00:00,1208.3242
2024-11-21 11:00:00,598.22675
2024-11-21 12:00:00,64.776535
2024-11-21 13:00:00,36.217194
2024-11-21 14:00:00,26.314537
2024-11-21 15:00:00,22.446918
2024-11-21 16:00:00,19.299572
2024-11-21 17:00:00,17.880796
2024-11-21 18:00:00,17.323177
2024-11-21 19:00:00,17.903069
2024-11-21 20:00:00,19.63295
2024-11-21 21:00:00,21.79549
2024-11-21 22:00:00,25.723228
2024-11-21 23:00:00,23.753061
2024-11-22 00:00:00,23.180727
2024-11-22 01:00:00,21.952581
2024-11-22 02:00:00,22.74788
2024-11-22 03:00:00,49.083324
2024-11-22 04:00:00,139.17445
2024-11-22 05:00:00,398.58856
2024-11-22 06:00:00,893.3949
2024-11-22 07:00:00,1122.321
2024-11-22 08:00:00,1243.2563
2024-11-22 09:00:00,1294.0715
2024-11-22 10:00:00,1296.4861
2024-11-22 11:00:00,685.8382
2024-11-22 12:00:00,38.931057
2024-11-22 13:00:00,20.696836
2024-11-22 14:00:00,15.808184
2024-11-22 15:00:00,13.642888
2024-11-22 16:00:00,15.145393
2024-11-22 17:00:00,15.9648695
2024-11-22 18:00:00,16.371384
2024-11-22 19:00:00,15.903955
2024-11-22 20:00:00,15.945608
2024-11-22 21:00:00,17.029888
2024-11-22 22:00:00,17.70021
2024-11-22 23:00:00,17.229948
2024-11-23 00:00:00,18.94256
2024-11-23 01:00:00,23.275986
2024-11-23 02:00:00,30.627632
2024-11-23 03:00:00,66.02805
2024-11-23 04:00:00,159.65443
2024-11-23 05:00:00,429.97757
2024-11-23 06:00:00,819.6225
2024-11-23 07:00:00,1138.9302
2024-11-23 08:00:00,1390.3573
2024-11-23 09:00:00,1534.3774
2024-11-23 10:00:00,1337.3092
2024-11-23 11:00:00,58.435123
2024-11-23 12:00:00,31.083569
2024-11-23 13:00:00,33.657204
2024-11-23 14:00:00,36.23
2024-11-23 15:00:00,37.463146
2024-11-23 16:00:00,38.411972
2024-11-23 17:00:00,39.267906
2024-11-23 18:00:00,40.67773
2024-11-23 19:00:00,43.73078
2024-11-23 20:00:00,49.04778
2024-11-23 21:00:00,53.820858
2024-11-23 22:00:00,55.479473
2024-11-23 23:00:00,59.810116
2024-11-24 00:00:00,60.561455
2024-11-24 01:00:00,60.639946
2024-11-24 02:00:00,64.119026
2024-11-24 03:00:00,114.597305
2024-11-24 04:00:00,201.52094
2024-11-24 05:00:00,357.0018
2024-11-24 06:00:00,676.0645
2024-11-24 07:00:00,1007.88477
2024-11-24 08:00:00,1307.8981
2024-11-24 09:00:00,1483.7177
2024-11-24 10:00:00,1390.9084
2024-11-24 11:00:00,433.58264
2024-11-24 12:00:00,60.645103
2024-11-24 13:00:00,35.00354
2024-11-24 14:00:00,30.44281
2024-11-24 15:00:00,31.496399
2024-11-24 16:00:00,34.3239
2024-11-24 17:00:00,39.394077
2024-11-24 18:00:00,47.571144
2024-11-24 19:00:00,57.962875
2024-11-24 20:00:00,66.22652
2024-11-24 21:00:00,68.948586
2024-11-24 22:00:00,86.352295
2024-11-24 23:00:00,90.391045
2024-11-25 00:00:00,91.48714
2024-11-25 01:00:00,91.157135
2024-11-25 02:00:00,99.65436
2024-11-25 03:00:00,151.39565
2024-11-25 04:00:00,234.28696
2024-11-25 05:00:00,475.95322
2024-11-25 06:00:00,882.7314
2024-11-25 07:00:00,1128.1754
2024-11-25 08:00:00,1309.438
2024-11-25 09:00:00,1413.2155
2024-11-25 10:00:00,1418.1351
2024-11-25 11:00:00,1319.6492
2024-11-25 12:00:00,134.04594
2024-11-25 13:00:00,69.32662
2024-11-25 14:00:00,58.537373
2024-11-25 15:00:00,56.788677
2024-11-25 16:00:00,58.724194
2024-11-25 17:00:00,58.65955
2024-11-25 18:00:00,60.89568
2024-11-25 19:00:00,63.313633
2024-11-25 20:00:00,61.26369
2024-11-25 21:00:00,57.194775
2024-11-25 22:00:00,55.4515
2024-11-25 23:00:00,51.957443
2024-11-26 00:00:00,51.345592
2024-11-26 01:00:00,51.19943
2024-11-26 02:00:00,53.117428
2024-11-26 03:00:00,95.30643
2024-11-26 04:00:00,181.55006
2024-11-26 05:00:00,419.40518
2024-11-26 06:00:00,805.1902
2024-11-26 07:00:00,1009.21375
2024-11-26 08:00:00,1183.9308
2024-11-26 09:00:00,1326.4762
2024-11-26 10:00:00,1342.5487
2024-11-26 11:00:00,839.065
2024-11-26 12:00:00,80.62613
2024-11-26 13:00:00,47.80666
2024-11-26 14:00:00,39.862865
2024-11-26 15:00:00,36.93216
2024-11-26 16:00:00,35.461174
2024-11-26 17:00:00,34.371857
2024-11-26 18:00:00,33.082592
2024-11-26 19:00:00,32.81156
2024-11-26 20:00:00,32.041138
2024-11-26 21:00:00,31.749697
2024-11-26 22:00:00,27.503223
2024-11-26 23:00:00,27.951635
2024-11-27 00:00:00,30.25144
2024-11-27 01:00:00,31.074614
2024-11-27 02:00:00,29.969786
2024-11-27 03:00:00,50.043808
2024-11-27 04:00:00,127.55569
2024-11-27 05:00:00,387.9703
2024-11-27 06:00:00,864.0002
2024-11-27 07:00:00,1082.3237
2024-11-27 08:00:00,1238.4069
2024-11-27 09:00:00,1325.9486
2024-11-27 10:00:00,1253.1411
2024-11-27 11:00:00,398.45358
2024-11-27 12:00:00,57.293907
2024-11-27 13:00:00,36.06157
2024-11-27 14:00:00,31.654863
2024-11-27 15:00:00,25.611628
2024-11-27 16:00:00,20.561256
2024-11-27 17:00:00,16.942497
2024-11-27 18:00:00,14.79623
2024-11-27 19:00:00,14.087086
2024-11-27 20:00:00,14.138951
2024-11-27 21:00:00,13.672991
2024-11-27 22:00:00,14.763645
2024-11-27 23:00:00,16.521814
2024-11-28 00:00:00,18.155996
2024-11-28 01:00:00,17.14983
2024-11-28 02:00:00,16.124277
2024-11-28 03:00:00,28.89411
2024-11-28 04:00:00,110.42495
2024-11-28 05:00:00,388.28137
2024-11-28 06:00:00,728.7829
2024-11-28 07:00:00,917.8899
2024-11-28 08:00:00,1070.7823
2024-11-28 09:00:00,1163.659
2024-11-28 10:00:00,1191.3816
2024-11-28 11:00:00,340.81964
2024-11-28 12:00:00,67.86126
2024-11-28 13:00:00,43.4532
2024-11-28 14:00:00,34.572838
2024-11-28 15:00:00,29.39162
2024-11-28 16:00:00,23.640745
2024-11-28 17:00:00,18.510885
2024-11-28 18:00:00,14.724955
2024-11-28 19:00:00,14.263228
2024-11-28 20:00:00,13.698017
2024-11-28 21:00:00,13.966455
2024-11-28 22:00:00,14.207324
2024-11-28 23:00:00,15.732903
2024-11-29 00:00:00,17.920372
2024-11-29 01:00:00,18.770222
2024-11-29 02:00:00,17.963642
2024-11-29 03:00:00,37.600113
2024-11-29 04:00:00,114.74889
2024-11-29 05:00:00,354.35956
2024-11-29 06:00:00,783.5644
2024-11-29 07:00:00,943.3466
2024-11-29 08:00:00,1057.4186
2024-11-29 09:00:00,1131.5067
2024-11-29 10:00:00,1129.5027
2024-11-29 11:00:00,581.01
2024-11-29 12:00:00,41.789013
2024-11-29 13:00:00,32.359146
2024-11-29 14:00:00,29.061861
2024-11-29 15:00:00,26.546331
2024-11-29 16:00:00,22.896883
2024-11-29 17:00:00,21.095024
2024-11-29 18:00:00,18.834414
2024-11-29 19:00:00,17.846912
2024-11-29 20:00:00,19.324978
2024-11-29 21:00:00,24.264256
2024-11-29 22:00:00,36.421032
2024-11-29 23:00:00,36.82221
2024-11-30 00:00:00,37.109634
2024-11-30 01:00:00,36.149323
2024-11-30 02:00:00,39.14568
2024-11-30 03:00:00,77.75318
2024-11-30 04:00:00,165.35039
2024-11-30 05:00:00,428.27634
2024-11-30 06:00:00,681.4179
2024-11-30 07:00:00,814.2022
2024-11-30 08:00:00,921.613
2024-11-30 09:00:00,988.30756
2024-11-30 10:00:00,975.5221
2024-11-30 11:00:00,586.5714
2024-11-30 12:00:00,63.908848
2024-11-30 13:00:00,38.56
2024-11-30 14:00:00,34.534424
2024-11-30 15:00:00,35.208885
2024-11-30 16:00:00,35.443974
2024-11-30 17:00:00,36.833702
2024-11-30 18:00:00,38.834545
2024-11-30 19:00:00,41.68591
2024-11-30 20:00:00,45.100693
2024-11-30 21:00:00,46.723915
2024-11-30 22:00:00,52.39206
2024-11-30 23:00:00,51.939808
2024-12-01 00:00:00,47.80673
2024-12-01 01:00:00,39.676083
2024-12-01 02:00:00,28.091162
2024-12-01 03:00:00,69.51398
2024-12-01 04:00:00,170.04863
2024-12-01 05:00:00,328.22394
2024-12-01 06:00:00,520.1979
2024-12-01 07:00:00,690.53314
2024-12-01 08:00:00,818.0401
2024-12-01 09:00:00,890.3261
2024-12-01 10:00:00,896.0756
2024-12-01 11:00:00,753.6152
2024-12-01 12:00:00,112.282074
2024-12-01 13:00:00,73.31477
2024-12-01 14:00:00,63.627106
2024-12-01 15:00:00,56.23506
2024-12-01 16:00:00,48.625458
2024-12-01 17:00:00,43.65206
2024-12-01 18:00:00,40.928234
2024-12-01 19:00:00,39.362003
2024-12-01 20:00:00,41.22227
2024-12-01 21:00:00,46.837975
2024-12-01 22:00:00,40.08875
2024-12-01 23:00:00,43.789574
2024-12-02 00:00:00,47.4922
2024-12-02 01:00:00,45.608574
2024-12-02 02:00:00,43.767826
2024-12-02 03:00:00,78.59468
2024-12-02 04:00:00,169.55638
2024-12-02 05:00:00,340.69913
2024-12-02 06:00:00,519.7254
2024-12-02 07:00:00,667.3299
2024-12-02 08:00:00,775.98944
2024-12-02 09:00:00,837.5888
2024-12-02 10:00:00,842.0772
2024-12-02 11:00:00,306.97855
2024-12-02 12:00:00,64.84747
2024-12-02 13:00:00,40.65532
2024-12-02 14:00:00,33.17592
2024-12-02 15:00:00,27.868929
2024-12-02 16:00:00,23.2266
2024-12-02 17:00:00,21.303078
2024-12-02 18:00:00,21.815342
2024-12-02 19:00:00,25.7443
2024-12-02 20:00:00,30.68057
2024-12-02 21:00:00,35.91791
2024-12-02 22:00:00,42.173416
2024-12-02 23:00:00,49.321953
2024-12-03 00:00:00,54.240074
2024-12-03 01:00:00,50.764774
2024-12-03 02:00:00,46.20352
2024-12-03 03:00:00,76.74765
2024-12-03 04:00:00,150.8761
2024-12-03 05:00:00,270.97296
2024-12-03 06:00:00,438.03867
2024-12-03 07:00:00,602.7331
2024-12-03 08:00:00,750.0569
2024-12-03 09:00:00,847.4587
2024-12-03 10:00:00,873.394
2024-12-03 11:00:00,435.9575
2024-12-03 12:00:00,81.437996
2024-12-03 13:00:00,55.926617
2024-12-03 14:00:00,55.458256
2024-12-03 15:00:00,63.98656
2024-12-03 16:00:00,78.12576
2024-12-03 17:00:00,89.8425
2024-12-03 18:00:00,97.74176
2024-12-03 19:00:00,105.89864
2024-12-03 20:00:00,117.247635
2024-12-03 21:00:00,136.22096
2024-12-03 22:00:00,173.9357
2024-12-03 23:00:00,189.27574
2024-12-04 00:00:00,179.33537
2024-12-04 01:00:00,159.07863
2024-12-04 02:00:00,154.90253
2024-12-04 03:00:00,233.29767
2024-12-04 04:00:00,337.12296
2024-12-04 05:00:00,475.7282
2024-12-04 06:00:00,653.5839
2024-12-04 07:00:00,835.2533
2024-12-04 08:00:00,977.84705
2024-12-04 09:00:00,1055.186
2024-12-04 10:00:00,1105.8486
2024-12-04 11:00:00,949.58234
2024-12-04 12:00:00,156.30083
2024-12-04 13:00:00,93.09302
2024-12-04 14:00:00,79.73361
2024-12-04 15:00:00,75.3312
2024-12-04 16:00:00,74.794106
2024-12-04 17:00:00,75.678925
2024-12-04 18:00:00,81.92715
2024-12-04 19:00:00,90.08824
2024-12-04 20:00:00,95.42393
2024-12-04 21:00:00,96.16838
2024-12-04 22:00:00,101.82467
2024-12-04 23:00:00,92.31865
2024-12-05 00:00:00,80.28492
2024-12-05 01:00:00,70.97326
2024-12-05 02:00:00,69.3507
2024-12-05 03:00:00,114.2943
2024-12-05 04:00:00,205.32489
2024-12-05 05:00:00,441.71048
2024-12-05 06:00:00,756.5352
2024-12-05 07:00:00,910.42847
2024-12-05 08:00:00,1026.5548
2024-12-05 09:00:00,1091.8186
2024-12-05 10:00:00,1185.7708
2024-12-05 11:00:00,1042.4923
2024-12-05 12:00:00,123.39363
2024-12-05 13:00:00,69.0799
2024-12-05 14:00:00,54.472027
2024-12-05 15:00:00,48.009888
2024-12-05 16:00:00,49.17188
2024-12-05 17:00:00,55.17017
2024-12-05 18:00:00,63.261818
2024-12-05 19:00:00,72.272736
2024-12-05 20:00:00,79.365906
2024-12-05 21:00:00,82.76946
2024-12-05 22:00:00,52.59092
2024-12-05 23:00:00,51.40751
2024-12-06 00:00:00,50.84083
2024-12-06 01:00:00,50.55406
2024-12-06 02:00:00,53.82927
2024-12-06 03:00:00,91.23621
2024-12-06 04:00:00,184.04213
2024-12-06 05:00:00,468.91736
2024-12-06 06:00:00,947.85657
2024-12-06 07:00:00,1089.759
2024-12-06 08:00:00,1186.345
2024-12-06 09:00:00,1242.7255
2024-12-06 10:00:00,1282.5046
2024-12-06 11:00:00,971.8253
2024-12-06 12:00:00,92.256454
2024-12-06 13:00:00,50.044727
2024-12-06 14:00:00,41.049183
2024-12-06 15:00:00,35.5625
2024-12-06 16:00:00,31.802105
2024-12-06 17:00:00,28.36048
2024-12-06 18:00:00,25.641819
2024-12-06 19:00:00,23.1979
2024-12-06 20:00:00,21.277643
2024-12-06 21:00:00,20.538147
2024-12-06 22:00:00,23.044424
2024-12-06 23:00:00,23.979338
2024-12-07 00:00:00,25.024212
2024-12-07 01:00:00,26.208424
2024-12-07 02:00:00,27.61838
2024-12-07 03:00:00,39.810833
2024-12-07 04:00:00,110.14063
2024-12-07 05:00:00,363.2277
2024-12-07 06:00:00,896.65125
2024-12-07 07:00:00,1150.9722
2024-12-07 08:00:00,1316.9995
2024-12-07 09:00:00,1410.1006
2024-12-07 10:00:00,1316.124
2024-12-07 11:00:00,187.26678
2024-12-07 12:00:00,46.634396
2024-12-07 13:00:00,34.457752
2024-12-07 14:00:00,32.940784
2024-12-07 15:00:00,32.475723
2024-12-07 16:00:00,34.357555
2024-12-07 17:00:00,37.705124
2024-12-07 18:00:00,40.738174
2024-12-07 19:00:00,44.62763
2024-12-07 20:00:00,49.565807
2024-12-07 21:00:00,55.71667
2024-12-07 22:00:00,59.68543
2024-12-07 23:00:00,65.18161
2024-12-08 00:00:00,77.856316
2024-12-08 01:00:00,89.73158
2024-12-08 02:00:00,111.65869
2024-12-08 03:00:00,184.13239
2024-12-08 04:00:00,323.9626
2024-12-08 05:00:00,542.4417
2024-12-08 06:00:00,713.4253
2024-12-08 07:00:00,858.66376
2024-12-08 08:00:00,1001.6061
2024-12-08 09:00:00,1147.6051
2024-12-08 10:00:00,1215.5217
2024-12-08 11:00:00,501.85425
2024-12-08 12:00:00,156.30795
2024-12-08 13:00:00,141.42702
2024-12-08 14:00:00,166.74051
2024-12-08 15:00:00,166.16193
2024-12-08 16:00:00,133.2746
2024-12-08 17:00:00,98.828926
2024-12-08 18:00:00,74.40621
2024-12-08 19:00:00,72.081856
2024-12-08 20:00:00,87.378136
2024-12-08 21:00:00,101.59222
2024-12-08 22:00:00,106.141914
2024-12-08 23:00:00,86.95668
2024-12-09 00:00:00,57.86722
2024-12-09 01:00:00,42.320484
2024-12-09 02:00:00,32.97157
2024-12-09 03:00:00,88.677666
2024-12-09 04:00:00,235.59004
2024-12-09 05:00:00,403.09274
2024-12-09 06:00:00,638.84515
2024-12-09 07:00:00,901.3638
2024-12-09 08:00:00,1103.3635
2024-12-09 09:00:00,1236.4435
2024-12-09 10:00:00,1280.5659
2024-12-09 11:00:00,1130.1866
2024-12-09 12:00:00,140.13739
2024-12-09 13:00:00,110.136856
2024-12-09 14:00:00,108.56811
2024-12-09 15:00:00,108.459816
2024-12-09 16:00:00,96.62224
2024-12-09 17:00:00,86.38216
2024-12-09 18:00:00,81.469826
2024-12-09 19:00:00,81.58354
2024-12-09 20:00:00,84.35405
2024-12-09 21:00:00,91.39944
2024-12-09 22:00:00,93.59824
2024-12-09 23:00:00,109.774414
2024-12-10 00:00:00,111.89834
2024-12-10 01:00:00,104.47767
2024-12-10 02:00:00,102.720116
2024-12-10 03:00:00,177.2945
2024-12-10 04:00:00,326.78925
2024-12-10 05:00:00,607.8817
2024-12-10 06:00:00,917.13654
2024-12-10 07:00:00,1159.6375
2024-12-10 08:00:00,1249.4028
2024-12-10 09:00:00,1267.6282
2024-12-10 10:00:00,1209.5604
2024-12-10 11:00:00,1068.6626
2024-12-10 12:00:00,133.85016
2024-12-10 13:00:00,76.81742
2024-12-10 14:00:00,66.21184
2024-12-10 15:00:00,66.304596
2024-12-10 16:00:00,67.412224
2024-12-10 17:00:00,71.81101
2024-12-10 18:00:00,75.2198
2024-12-10 19:00:00,82.75364
2024-12-10 20:00:00,88.4245
2024-12-10 21:00:00,92.66229
2024-12-10 22:00:00,93.56327
2024-12-10 23:00:00,96.543274
2024-12-11 00:00:00,93.26206
2024-12-11 01:00:00,88.773964
2024-12-11 02:00:00,88.646416
2024-12-11 03:00:00,139.44788
2024-12-11 04:00:00,244.05739
2024-12-11 05:00:00,410.18222
2024-12-11 06:00:00,526.52716
2024-12-11 07:00:00,626.634
2024-12-11 08:00:00,702.51843
2024-12-11 09:00:00,737.0528
2024-12-11 10:00:00,740.78217
2024-12-11 11:00:00,610.72925
2024-12-11 12:00:00,94.99868
2024-12-11 13:00:00,57.27449
2024-12-11 14:00:00,50.221275
2024-12-11 15:00:00,49.60277
2024-12-11 16:00:00,48.042416
2024-12-11 17:00:00,45.254486
2024-12-11 18:00:00,44.086903
2024-12-11 19:00:00,43.61897
2024-12-11 20:00:00,42.623306
2024-12-11 21:00:00,43.775894
2024-12-11 22:00:00,48.873703
2024-12-11 23:00:00,52.181507
2024-12-12 00:00:00,52.797626
2024-12-12 01:00:00,53.84939
2024-12-12 02:00:00,60.414696
2024-12-12 03:00:00,97.72265
2024-12-12 04:00:00,184.89406
2024-12-12 05:00:00,381.83917
2024-12-12 06:00:00,593.8237
2024-12-12 07:00:00,766.8488
2024-12-12 08:00:00,904.4596
2024-12-12 09:00:00,997.92017
2024-12-12 10:00:00,1037.2736
2024-12-12 11:00:00,850.02026
2024-12-12 12:00:00,96.43167
2024-12-12 13:00:00,67.84819
2024-12-12 14:00:00,70.370316
2024-12-12 15:00:00,71.09839
2024-12-12 16:00:00,77.28076
2024-12-12 17:00:00,84.178
2024-12-12 18:00:00,91.578445
2024-12-12 19:00:00,104.62564
2024-12-12 20:00:00,122.86601
2024-12-12 21:00:00,138.75812
2024-12-12 22:00:00,159.25299
2024-12-12 23:00:00,171.64572
2024-12-13 00:00:00,170.41537
2024-12-13 01:00:00,150.56062
2024-12-13 02:00:00,140.82002
2024-12-13 03:00:00,213.79048
2024-12-13 04:00:00,320.8248
2024-12-13 05:00:00,433.61868
2024-12-13 06:00:00,600.451
2024-12-13 07:00:00,798.1094
2024-12-13 08:00:00,896.62213
2024-12-13 09:00:00,937.2824
2024-12-13 10:00:00,907.2402
2024-12-13 11:00:00,854.9618
2024-12-13 12:00:00,286.2614
2024-12-13 13:00:00,198.70515
2024-12-13 14:00:00,206.37016
2024-12-13 15:00:00,217.40253
2024-12-13 16:00:00,222.18102
2024-12-13 17:00:00,219.2949
2024-12-13 18:00:00,217.0827
2024-12-13 19:00:00,213.95557
2024-12-13 20:00:00,207.78029
2024-12-13 21:00:00,200.70485
2024-12-13 22:00:00,198.97752
2024-12-13 23:00:00,185.79512
2024-12-14 00:00:00,159.98967
2024-12-14 01:00:00,137.56453
2024-12-14 02:00:00,145.7044
2024-12-14 03:00:00,211.87848
2024-12-14 04:00:00,295.02744
2024-12-14 05:00:00,380.19852
2024-12-14 06:00:00,465.1879
2024-12-14 07:00:00,548.3629
2024-12-14 08:00:00,624.04346
2024-12-14 09:00:00,673.23096
2024-12-14 10:00:00,662.75244
2024-12-14 11:00:00,570.2978
2024-12-14 12:00:00,106.17428
2024-12-14 13:00:00,65.55229
2024-12-14 14:00:00,54.814804
2024-12-14 15:00:00,52.094425
2024-12-14 16:00:00,53.6702
2024-12-14 17:00:00,60.143013
2024-12-14 18:00:00,66.576355
2024-12-14 19:00:00,72.35609
2024-12-14 20:00:00,75.39816
2024-12-14 21:00:00,77.88616
2024-12-14 22:00:00,65.64241
2024-12-14 23:00:00,59.579613
2024-12-15 00:00:00,51.23596
2024-12-15 01:00:00,40.571114
2024-12-15 02:00:00,33.196056
2024-12-15 03:00:00,54.537098
2024-12-15 04:00:00,129.56984
2024-12-15 05:00:00,263.60663
2024-12-15 06:00:00,420.23605
2024-12-15 07:00:00,523.4046
2024-12-15 08:00:00,585.3847
2024-12-15 09:00:00,617.82916
2024-12-15 10:00:00,605.2367
2024-12-15 11:00:00,304.4959
2024-12-15 12:00:00,43.4589
2024-12-15 13:00:00,29.156694
2024-12-15 14:00:00,23.71966
2024-12-15 15:00:00,20.907743
2024-12-15 16:00:00,19.061829
2024-12-15 17:00:00,19.986837
2024-12-15 18:00:00,21.935541
2024-12-15 19:00:00,22.819786
2024-12-15 20:00:00,22.648378
2024-12-15 21:00:00,25.496231
2024-12-15 22:00:00,23.046904
2024-12-15 23:00:00,25.380682
2024-12-16 00:00:00,25.771852
2024-12-16 01:00:00,26.168839
2024-12-16 02:00:00,27.444231
2024-12-16 03:00:00,47.270824
2024-12-16 04:00:00,120.9331
2024-12-16 05:00:00,322.44452
2024-12-16 06:00:00,434.66495
2024-12-16 07:00:00,496.2107
2024-12-16 08:00:00,541.1232
2024-12-16 09:00:00,562.8685
2024-12-16 10:00:00,548.5698
2024-12-16 11:00:00,178.44931
2024-12-16 12:00:00,23.35861
2024-12-16 13:00:00,18.60526
2024-12-16 14:00:00,17.520597
2024-12-16 15:00:00,15.431888
2024-12-16 16:00:00,14.303348
2024-12-16 17:00:00,14.711583
2024-12-16 18:00:00,15.641433
2024-12-16 19:00:00,17.897278
2024-12-16 20:00:00,19.846258
2024-12-16 21:00:00,20.515284
2024-12-16 22:00:00,16.256853
2024-12-16 23:00:00,13.743213
2024-12-17 00:00:00,13.114772
2024-12-17 01:00:00,15.345209
2024-12-17 02:00:00,20.0206
2024-12-17 03:00:00,41.299206
2024-12-17 04:00:00,122.34125
2024-12-17 05:00:00,308.11853
2024-12-17 06:00:00,489.99652
2024-12-17 07:00:00,598.1721
2024-12-17 08:00:00,702.405
2024-12-17 09:00:00,779.22064
2024-12-17 10:00:00,798.8242
2024-12-17 11:00:00,295.7889
2024-12-17 12:00:00,32.403034
2024-12-17 13:00:00,26.922157
2024-12-17 14:00:00,26.35545
2024-12-17 15:00:00,27.025793
2024-12-17 16:00:00,27.035477
2024-12-17 17:00:00,27.469324
2024-12-17 18:00:00,26.027037
2024-12-17 19:00:00,24.426617
2024-12-17 20:00:00,22.641724
2024-12-17 21:00:00,23.156853
2024-12-17 22:00:00,22.114344
2024-12-17 23:00:00,26.441809
2024-12-18 00:00:00,30.365303
2024-12-18 01:00:00,30.524752
2024-12-18 02:00:00,28.874062
2024-12-18 03:00:00,46.93617
2024-12-18 04:00:00,109.8922
2024-12-18 05:00:00,348.29422
2024-12-18 06:00:00,519.75116
2024-12-18 07:00:00,619.15985
2024-12-18 08:00:00,700.18726
2024-12-18 09:00:00,755.0393
2024-12-18 10:00:00,715.93396
2024-12-18 11:00:00,535.1852
2024-12-18 12:00:00,61.795555
2024-12-18 13:00:00,36.867294
2024-12-18 14:00:00,24.514074
2024-12-18 15:00:00,18.67574
2024-12-18 16:00:00,16.85467
2024-12-18 17:00:00,15.168709
2024-12-18 18:00:00,15.438246
2024-12-18 19:00:00,15.673446
2024-12-18 20:00:00,15.751966
2024-12-18 21:00:00,14.41729
2024-12-18 22:00:00,13.8714
2024-12-18 23:00:00,16.35352
2024-12-19 00:00:00,20.044888
2024-12-19 01:00:00,24.569956
2024-12-19 02:00:00,32.283257
2024-12-19 03:00:00,62.97687
2024-12-19 04:00:00,175.99098
2024-12-19 05:00:00,512.52124
2024-12-19 06:00:00,674.3175
2024-12-19 07:00:00,780.8111
2024-12-19 08:00:00,849.2951
2024-12-19 09:00:00,868.9797
2024-12-19 10:00:00,803.9239
2024-12-19 11:00:00,658.4866
2024-12-19 12:00:00,93.25716
2024-12-19 13:00:00,59.069042
2024-12-19 14:00:00,53.92935
2024-12-19 15:00:00,51.782925
2024-12-19 16:00:00,46.785942
2024-12-19 17:00:00,39.76741
2024-12-19 18:00:00,34.674335
2024-12-19 19:00:00,33.849968
2024-12-19 20:00:00,36.981754
2024-12-19 21:00:00,41.31998
2024-12-19 22:00:00,51.72178
2024-12-19 23:00:00,56.271816
2024-12-20 00:00:00,52.740795
2024-12-20 01:00:00,49.280975
2024-12-20 02:00:00,46.063267
2024-12-20 03:00:00,67.24535
2024-12-20 04:00:00,136.348
2024-12-20 05:00:00,286.59177
2024-12-20 06:00:00,475.14597
2024-12-20 07:00:00,586.17847
2024-12-20 08:00:00,664.1468
2024-12-20 09:00:00,714.03955
2024-12-20 10:00:00,712.44275
2024-12-20 11:00:00,470.8216
2024-12-20 12:00:00,51.81761
2024-12-20 13:00:00,35.10318
2024-12-20 14:00:00,32.073463
2024-12-20 15:00:00,33.284893
2024-12-20 16:00:00,35.910202
2024-12-20 17:00:00,40.31166
2024-12-20 18:00:00,47.245716
2024-12-20 19:00:00,56.59846
2024-12-20 20:00:00,64.623505
2024-12-20 21:00:00,68.30451
2024-12-20 22:00:00,69.12605
2024-12-20 23:00:00,62.872494
2024-12-21 00:00:00,55.431873
2024-12-21 01:00:00,45.730484
2024-12-21 02:00:00,39.615326
2024-12-21 03:00:00,67.92429
2024-12-21 04:00:00,130.95517
2024-12-21 05:00:00,208.79688
2024-12-21 06:00:00,348.99655
2024-12-21 07:00:00,645.4056
2024-12-21 08:00:00,882.02344
2024-12-21 09:00:00,998.14264
2024-12-21 10:00:00,977.7366
2024-12-21 11:00:00,596.8821
2024-12-21 12:00:00,57.543736
2024-12-21 13:00:00,37.19885
2024-12-21 14:00:00,32.909172
2024-12-21 15:00:00,30.786484
2024-12-21 16:00:00,29.570728
2024-12-21 17:00:00,29.109875
2024-12-21 18:00:00,28.665403
2024-12-21 19:00:00,25.668896
2024-12-21 20:00:00,22.875793
2024-12-21 21:00:00,19.237446
2024-12-21 22:00:00,19.086262
2024-12-21 23:00:00,17.024418
2024-12-22 00:00:00,16.166042
2024-12-22 01:00:00,17.468914
2024-12-22 02:00:00,18.486326
2024-12-22 03:00:00,28.936165
2024-12-22 04:00:00,105.913376
2024-12-22 05:00:00,311.8262
2024-12-22 06:00:00,552.9972
2024-12-22 07:00:00,896.027
2024-12-22 08:00:00,1183.7133
2024-12-22 09:00:00,1321.4976
2024-12-22 10:00:00,1245.2733
2024-12-22 11:00:00,509.07755
2024-12-22 12:00:00,70.06519
2024-12-22 13:00:00,58.92536
2024-12-22 14:00:00,63.31975
2024-12-22 15:00:00,71.27861
2024-12-22 16:00:00,77.033195
2024-12-22 17:00:00,86.80534
2024-12-22 18:00:00,99.396286
2024-12-22 19:00:00,107.6975
2024-12-22 20:00:00,115.2284
2024-12-22 21:00:00,113.46684
2024-12-22 22:00:00,137.55086
2024-12-22 23:00:00,100.5597
2024-12-23 00:00:00,90.7377
2024-12-23 01:00:00,94.54907
2024-12-23 02:00:00,95.57388
2024-12-23 03:00:00,140.77647
2024-12-23 04:00:00,221.46304
2024-12-23 05:00:00,330.95224
2024-12-23 06:00:00,484.74515
2024-12-23 07:00:00,702.7198
2024-12-23 08:00:00,876.0589
2024-12-23 09:00:00,941.152
2024-12-23 10:00:00,874.3066
2024-12-23 11:00:00,788.71704
2024-12-23 12:00:00,517.6193
2024-12-23 13:00:00,254.17326
2024-12-23 14:00:00,163.36005
2024-12-23 15:00:00,114.2799
2024-12-23 16:00:00,86.90052
2024-12-23 17:00:00,78.22896
2024-12-23 18:00:00,65.14695
2024-12-23 19:00:00,51.053013
2024-12-23 20:00:00,43.53285
2024-12-23 21:00:00,47.14531
2024-12-23 22:00:00,48.365265
2024-12-23 23:00:00,66.78665
2024-12-24 00:00:00,97.162285
2024-12-24 01:00:00,106.61184
2024-12-24 02:00:00,113.38624
2024-12-24 03:00:00,143.40875
2024-12-24 04:00:00,232.30492
2024-12-24 05:00:00,430.5876
2024-12-24 06:00:00,621.4584
2024-12-24 07:00:00,776.3748
2024-12-24 08:00:00,907.42303
2024-12-24 09:00:00,1025.6807
2024-12-24 10:00:00,932.4957
2024-12-24 11:00:00,789.9331
2024-12-24 12:00:00,94.33632
2024-12-24 13:00:00,53.428146
2024-12-24 14:00:00,45.00911
2024-12-24 15:00:00,41.240494
2024-12-24 16:00:00,40.73381
2024-12-24 17:00:00,40.95964
2024-12-24 18:00:00,42.494225
2024-12-24 19:00:00,43.526047
2024-12-24 20:00:00,43.95987
2024-12-24 21:00:00,43.825043
2024-12-24 22:00:00,58.812057
2024-12-24 23:00:00,63.078304
2024-12-25 00:00:00,65.32284
2024-12-25 01:00:00,59.210693
2024-12-25 02:00:00,51.035435
2024-12-25 03:00:00,66.56705
2024-12-25 04:00:00,128.7298
2024-12-25 05:00:00,290.24475
2024-12-25 06:00:00,547.02765
2024-12-25 07:00:00,783.5648
2024-12-25 08:00:00,947.6067
2024-12-25 09:00:00,1032.4899
2024-12-25 10:00:00,934.65515
2024-12-25 11:00:00,849.8203
2024-12-25 12:00:00,99.37651
2024-12-25 13:00:00,49.071167
2024-12-25 14:00:00,38.33732
2024-12-25 15:00:00,34.257877
2024-12-25 16:00:00,33.10638
2024-12-25 17:00:00,33.248917
2024-12-25 18:00:00,34.51406
2024-12-25 19:00:00,35.605125
2024-12-25 20:00:00,35.721645
2024-12-25 21:00:00,34.378895
2024-12-25 22:00:00,36.218964
2024-12-25 23:00:00,32.854225
2024-12-26 00:00:00,29.008625
2024-12-26 01:00:00,26.275467
2024-12-26 02:00:00,24.341301
2024-12-26 03:00:00,37.85003
2024-12-26 04:00:00,101.01096
2024-12-26 05:00:00,235.50998
2024-12-26 06:00:00,466.99368
2024-12-26 07:00:00,669.19617
2024-12-26 08:00:00,851.15533
2024-12-26 09:00:00,958.3566
2024-12-26 10:00:00,917.6786
2024-12-26 11:00:00,737.91815
2024-12-26 12:00:00,64.600784
2024-12-26 13:00:00,41.72177
2024-12-26 14:00:00,41.07894
2024-12-26 15:00:00,43.284866
2024-12-26 16:00:00,43.33834
2024-12-26 17:00:00,36.729324
2024-12-26 18:00:00,29.495844
2024-12-26 19:00:00,26.24485
2024-12-26 20:00:00,27.773106
2024-12-26 21:00:00,37.327106
2024-12-26 22:00:00,43.22717
2024-12-26 23:00:00,78.52931
2024-12-27 00:00:00,108.63843
2024-12-27 01:00:00,122.87559
2024-12-27 02:00:00,109.09835
2024-12-27 03:00:00,118.377716
2024-12-27 04:00:00,163.63518
2024-12-27 05:00:00,249.37192
2024-12-27 06:00:00,336.01163
2024-12-27 07:00:00,382.8712
2024-12-27 08:00:00,367.0928
2024-12-27 09:00:00,361.20316
2024-12-27 10:00:00,297.1505
2024-12-27 11:00:00,297.07587
2024-12-27 12:00:00,297.28125
2024-12-27 13:00:00,288.83057
2024-12-27 14:00:00,289.8204
2024-12-27 15:00:00,299.34683
2024-12-27 16:00:00,307.07712
2024-12-27 17:00:00,298.6444
2024-12-27 18:00:00,279.59988
2024-12-27 19:00:00,254.6019
2024-12-27 20:00:00,242.32527
2024-12-27 21:00:00,231.63692
2024-12-27 22:00:00,267.86346
2024-12-27 23:00:00,207.38324
2024-12-28 00:00:00,177.69524
2024-12-28 01:00:00,135.46724
2024-12-28 02:00:00,88.54127
2024-12-28 03:00:00,139.80812
2024-12-28 04:00:00,264.23218
2024-12-28 05:00:00,375.99622
2024-12-28 06:00:00,492.10413
2024-12-28 07:00:00,552.2036
2024-12-28 08:00:00,549.9175
2024-12-28 09:00:00,602.0949
2024-12-28 10:00:00,536.26294
2024-12-28 11:00:00,524.61896
2024-12-28 12:00:00,254.48586
2024-12-28 13:00:00,150.07126
2024-12-28 14:00:00,107.21871
2024-12-28 15:00:00,78.46748
2024-12-28 16:00:00,65.4795
2024-12-28 17:00:00,65.11787
2024-12-28 18:00:00,70.52095
2024-12-28 19:00:00,84.45891
2024-12-28 20:00:00,101.80527
2024-12-28 21:00:00,118.76273
2024-12-28 22:00:00,94.62635
2024-12-28 23:00:00,120.79636
2024-12-29 00:00:00,163.01479
2024-12-29 01:00:00,184.3909
2024-12-29 02:00:00,190.05473
2024-12-29 03:00:00,188.19836
2024-12-29 04:00:00,180.78313
2024-12-29 05:00:00,221.3521
2024-12-29 06:00:00,328.97256
2024-12-29 07:00:00,490.09485
2024-12-29 08:00:00,637.2568
2024-12-29 09:00:00,728.18494
2024-12-29 10:00:00,606.16077
2024-12-29 11:00:00,563.16095
2024-12-29 12:00:00,442.629
2024-12-29 13:00:00,408.2111
2024-12-29 14:00:00,434.5458
2024-12-29 15:00:00,410.12418
2024-12-29 16:00:00,347.78134
2024-12-29 17:00:00,327.5545
2024-12-29 18:00:00,312.05948
2024-12-29 19:00:00,276.6941
2024-12-29 20:00:00,256.75732
2024-12-29 21:00:00,234.94275
2024-12-29 22:00:00,166.33629
2024-12-29 23:00:00,201.32245
2024-12-30 00:00:00,220.08104
2024-12-30 01:00:00,231.6246
2024-12-30 02:00:00,219.7408
2024-12-30 03:00:00,216.03702
2024-12-30 04:00:00,265.35165
2024-12-30 05:00:00,350.804
2024-12-30 06:00:00,415.83414
2024-12-30 07:00:00,471.11926
2024-12-30 08:00:00,516.3459
2024-12-30 09:00:00,554.64087
2024-12-30 10:00:00,570.6598
2024-12-30 11:00:00,549.6143
2024-12-30 12:00:00,131.85443
2024-12-30 13:00:00,54.354336
2024-12-30 14:00:00,38.16384
2024-12-30 15:00:00,33.102093
2024-12-30 16:00:00,25.612349
2024-12-30 17:00:00,25.06351
2024-12-30 18:00:00,28.449463
2024-12-30 19:00:00,28.454449
2024-12-30 20:00:00,34.811466
2024-12-30 21:00:00,49.591
2024-12-30 22:00:00,42.756664
2024-12-30 23:00:00,44.672577
2024-12-31 00:00:00,40.695435
2024-12-31 01:00:00,36.298935
2024-12-31 02:00:00,49.459072
2024-12-31 03:00:00,66.65263
2024-12-31 04:00:00,127.433525
2024-12-31 05:00:00,219.5419
2024-12-31 06:00:00,374.80804
2024-12-31 07:00:00,468.5594
2024-12-31 08:00:00,514.7572
2024-12-31 09:00:00,547.8979
2024-12-31 10:00:00,553.2413
2024-12-31 11:00:00,542.017
2024-12-31 12:00:00,133.91524
2024-12-31 13:00:00,74.705345
2024-12-31 14:00:00,83.026276
2024-12-31 15:00:00,74.74217
2024-12-31 16:00:00,62.809185
2024-12-31 17:00:00,54.61119
2024-12-31 18:00:00,55.07043
2024-12-31 19:00:00,79.729866
2024-12-31 20:00:00,74.879074
2024-12-31 21:00:00,66.44666
2024-12-31 22:00:00,35.094822
2024-12-31 23:00:00,48.89125
2025-01-01 00:00:00,54.084118
2025-01-01 01:00:00,69.777405
2025-01-01 02:00:00,91.520706
2025-01-01 03:00:00,180.44754
2025-01-01 04:00:00,281.12216
2025-01-01 05:00:00,325.1742
2025-01-01 06:00:00,368.78238
2025-01-01 07:00:00,412.4798
2025-01-01 08:00:00,463.39523
2025-01-01 09:00:00,505.9575
2025-01-01 10:00:00,510.37387
2025-01-01 11:00:00,488.9164
2025-01-01 12:00:00,96.60767
2025-01-01 13:00:00,39.42904
2025-01-01 14:00:00,39.074486
2025-01-01 15:00:00,42.10417
2025-01-01 16:00:00,45.63292
2025-01-01 17:00:00,50.164696
2025-01-01 18:00:00,59.393673
2025-01-01 19:00:00,68.36167
2025-01-01 20:00:00,69.263504
2025-01-01 21:00:00,69.32142
2025-01-01 22:00:00,74.24613
2025-01-01 23:00:00,94.05803
2025-01-02 00:00:00,114.107
2025-01-02 01:00:00,127.800255
2025-01-02 02:00:00,145.78603
2025-01-02 03:00:00,173.83261
2025-01-02 04:00:00,215.9544
2025-01-02 05:00:00,281.33322
2025-01-02 06:00:00,369.35574
2025-01-02 07:00:00,444.4586
2025-01-02 08:00:00,492.0393
2025-01-02 09:00:00,501.75964
2025-01-02 10:00:00,463.4312
2025-01-02 11:00:00,383.96207
2025-01-02 12:00:00,83.97144
2025-01-02 13:00:00,40.05117
2025-01-02 14:00:00,27.887178
2025-01-02 15:00:00,19.30707
2025-01-02 16:00:00,15.397466
2025-01-02 17:00:00,17.592726
2025-01-02 18:00:00,22.084003
2025-01-02 19:00:00,23.277197
2025-01-02 20:00:00,23.811943
2025-01-02 21:00:00,25.544085
2025-01-02 22:00:00,23.117136
2025-01-02 23:00:00,23.782104
2025-01-03 00:00:00,28.782171
2025-01-03 01:00:00,32.50027
2025-01-03 02:00:00,33.346447
2025-01-03 03:00:00,46.60863
2025-01-03 04:00:00,83.8404
2025-01-03 05:00:00,141.38527
2025-01-03 06:00:00,217.48892
2025-01-03 07:00:00,289.72415
2025-01-03 08:00:00,342.85535
2025-01-03 09:00:00,360.46945
2025-01-03 10:00:00,348.14883
2025-01-03 11:00:00,256.97122
2025-01-03 12:00:00,49.69066
2025-01-03 13:00:00,30.92948
2025-01-03 14:00:00,24.59917
2025-01-03 15:00:00,20.115608
2025-01-03 16:00:00,21.121326
2025-01-03 17:00:00,27.663124
2025-01-03 18:00:00,32.768593
2025-01-03 19:00:00,36.895824
2025-01-03 20:00:00,38.32875
2025-01-03 21:00:00,36.44591
2025-01-03 22:00:00,26.789864
2025-01-03 23:00:00,25.684744
2025-01-04 00:00:00,25.588345
2025-01-04 01:00:00,24.442358
2025-01-04 02:00:00,28.068249
2025-01-04 03:00:00,39.69432
2025-01-04 04:00:00,66.30292
2025-01-04 05:00:00,105.24148
2025-01-04 06:00:00,174.56816
2025-01-04 07:00:00,252.01688
2025-01-04 08:00:00,328.70242
2025-01-04 09:00:00,383.73636
2025-01-04 10:00:00,385.81573
2025-01-04 11:00:00,332.6108
2025-01-04 12:00:00,88.166435
2025-01-04 13:00:00,68.30544
2025-01-04 14:00:00,72.70669
2025-01-04 15:00:00,71.40351
2025-01-04 16:00:00,73.78237
2025-01-04 17:00:00,75.488266
2025-01-04 18:00:00,75.108376
2025-01-04 19:00:00,67.45392
2025-01-04 20:00:00,56.919926
2025-01-04 21:00:00,47.11961
2025-01-04 22:00:00,29.928465
2025-01-04 23:00:00,51.316093
2025-01-05 00:00:00,92.92083
2025-01-05 01:00:00,127.74491
2025-01-05 02:00:00,157.8606
2025-01-05 03:00:00,185.41508
2025-01-05 04:00:00,209.36134
2025-01-05 05:00:00,241.10664
2025-01-05 06:00:00,291.76294
2025-01-05 07:00:00,341.3128
2025-01-05 08:00:00,398.54703
2025-01-05 09:00:00,439.27576
2025-01-05 10:00:00,436.2288
2025-01-05 11:00:00,417.21414
2025-01-05 12:00:00,265.7937
2025-01-05 13:00:00,196.32515
2025-01-05 14:00:00,189.12833
2025-01-05 15:00:00,164.03964
2025-01-05 16:00:00,126.57463
2025-01-05 17:00:00,97.0932
2025-01-05 18:00:00,75.81516
2025-01-05 19:00:00,59.681377
2025-01-05 20:00:00,54.277157
2025-01-05 21:00:00,56.781097
2025-01-05 22:00:00,70.4439
2025-01-05 23:00:00,74.41658
2025-01-06 00:00:00,88.2764
2025-01-06 01:00:00,96.729034
2025-01-06 02:00:00,113.90268
2025-01-06 03:00:00,115.30856
2025-01-06 04:00:00,115.77336
2025-01-06 05:00:00,229.85944
2025-01-06 06:00:00,362.60486
2025-01-06 07:00:00,521.70575
2025-01-06 08:00:00,633.5777
2025-01-06 09:00:00,717.3122
2025-01-06 10:00:00,717.06323
2025-01-06 11:00:00,755.98596
2025-01-06 12:00:00,312.5209
2025-01-06 13:00:00,180.3881
2025-01-06 14:00:00,154.887
2025-01-06 15:00:00,108.372894
2025-01-06 16:00:00,102.9164
2025-01-06 17:00:00,111.77658
2025-01-06 18:00:00,148.09377
2025-01-06 19:00:00,169.5798
2025-01-06 20:00:00,194.44777
2025-01-06 21:00:00,207.42294
2025-01-06 22:00:00,116.244514
2025-01-06 23:00:00,134.1369
2025-01-07 00:00:00,160.7113
2025-01-07 01:00:00,180.26509
2025-01-07 02:00:00,204.25386
2025-01-07 03:00:00,241.01848
2025-01-07 04:00:00,291.9026
2025-01-07 05:00:00,373.9965
2025-01-07 06:00:00,555.1312
2025-01-07 07:00:00,725.59875
2025-01-07 08:00:00,766.73065
2025-01-07 09:00:00,796.33295
2025-01-07 10:00:00,782.8551
2025-01-07 11:00:00,767.4528
2025-01-07 12:00:00,193.29936
2025-01-07 13:00:00,83.18276
2025-01-07 14:00:00,73.67904
2025-01-07 15:00:00,79.28909
2025-01-07 16:00:00,87.008995
2025-01-07 17:00:00,92.70381
2025-01-07 18:00:00,105.90962
2025-01-07 19:00:00,120.39142
2025-01-07 20:00:00,131.49597
2025-01-07 21:00:00,138.05528
2025-01-07 22:00:00,160.9425
2025-01-07 23:00:00,147.67511
2025-01-08 00:00:00,142.45367
2025-01-08 01:00:00,131.4228
2025-01-08 02:00:00,128.60558
2025-01-08 03:00:00,172.12335
2025-01-08 04:00:00,258.54053
2025-01-08 05:00:00,391.308
2025-01-08 06:00:00,540.6851
2025-01-08 07:00:00,653.81714
2025-01-08 08:00:00,729.668
2025-01-08 09:00:00,766.6535
2025-01-08 10:00:00,762.14935
2025-01-08 11:00:00,681.64545
2025-01-08 12:00:00,116.235016
2025-01-08 13:00:00,53.24681
2025-01-08 14:00:00,40.601845
2025-01-08 15:00:00,36.06104
2025-01-08 16:00:00,34.052353
2025-01-08 17:00:00,33.501015
2025-01-08 18:00:00,32.89577
2025-01-08 19:00:00,32.59323
2025-01-08 20:00:00,32.08845
2025-01-08 21:00:00,30.104048
2025-01-08 22:00:00,27.985954
2025-01-08 23:00:00,26.566744
2025-01-09 00:00:00,24.64827
2025-01-09 01:00:00,21.24433
2025-01-09 02:00:00,16.751097
2025-01-09 03:00:00,23.125525
2025-01-09 04:00:00,74.01223
2025-01-09 05:00:00,188.76903
2025-01-09 06:00:00,396.50497
2025-01-09 07:00:00,613.381
2025-01-09 08:00:00,731.3351
2025-01-09 09:00:00,760.17773
2025-01-09 10:00:00,728.01843
2025-01-09 11:00:00,527.1304
2025-01-09 12:00:00,53.11632
2025-01-09 13:00:00,31.192165
2025-01-09 14:00:00,27.303322
2025-01-09 15:00:00,27.774136
2025-01-09 16:00:00,28.655363
2025-01-09 17:00:00,28.987816
2025-01-09 18:00:00,28.019224
2025-01-09 19:00:00,26.914536
2025-01-09 20:00:00,26.774082
2025-01-09 21:00:00,25.623447
2025-01-09 22:00:00,32.32488
2025-01-09 23:00:00,32.472305
2025-01-10 00:00:00,33.9056
2025-01-10 01:00:00,41.01916
2025-01-10 02:00:00,47.673042
2025-01-10 03:00:00,76.444275
2025-01-10 04:00:00,144.79251
2025-01-10 05:00:00,264.27695
2025-01-10 06:00:00,441.61508
2025-01-10 07:00:00,593.18146
2025-01-10 08:00:00,675.086
2025-01-10 09:00:00,711.53986
2025-01-10 10:00:00,701.66656
2025-01-10 11:00:00,632.0067
2025-01-10 12:00:00,132.43597
2025-01-10 13:00:00,71.60505
2025-01-10 14:00:00,67.69991
2025-01-10 15:00:00,65.48332
2025-01-10 16:00:00,64.93328
2025-01-10 17:00:00,69.933655
2025-01-10 18:00:00,77.51761
2025-01-10 19:00:00,81.736824
2025-01-10 20:00:00,83.18039
2025-01-10 21:00:00,82.70072
2025-01-10 22:00:00,84.00749
2025-01-10 23:00:00,91.50413
2025-01-11 00:00:00,115.12096
2025-01-11 01:00:00,149.91415
2025-01-11 02:00:00,179.83083
2025-01-11 03:00:00,232.78899
2025-01-11 04:00:00,326.47845
2025-01-11 05:00:00,442.2721
2025-01-11 06:00:00,539.2732
2025-01-11 07:00:00,629.82007
2025-01-11 08:00:00,678.6804
2025-01-11 09:00:00,675.53375
2025-01-11 10:00:00,632.6364
2025-01-11 11:00:00,130.33905
2025-01-11 12:00:00,117.48316
2025-01-11 13:00:00,116.05915
2025-01-11 14:00:00,114.67778
2025-01-11 15:00:00,125.110275
2025-01-11 16:00:00,150.75201
2025-01-11 17:00:00,162.97926
2025-01-11 18:00:00,155.67471
2025-01-11 19:00:00,147.64288
2025-01-11 20:00:00,128.00279
2025-01-11 21:00:00,103.501495
2025-01-11 22:00:00,76.23065
2025-01-11 23:00:00,63.608906
2025-01-12 00:00:00,68.827385
2025-01-12 01:00:00,75.19107
2025-01-12 02:00:00,71.929085
2025-01-12 03:00:00,90.88051
2025-01-12 04:00:00,142.2526
2025-01-12 05:00:00,294.1158
2025-01-12 06:00:00,439.75586
2025-01-12 07:00:00,609.13104
2025-01-12 08:00:00,755.3264
2025-01-12 09:00:00,894.03284
2025-01-12 10:00:00,714.26166
2025-01-12 11:00:00,265.7225
2025-01-12 12:00:00,111.39976
2025-01-12 13:00:00,94.38857
2025-01-12 14:00:00,127.5942
2025-01-12 15:00:00,120.96303
2025-01-12 16:00:00,121.94189
2025-01-12 17:00:00,116.35087
2025-01-12 18:00:00,119.63127
2025-01-12 19:00:00,114.08239
2025-01-12 20:00:00,106.790764
2025-01-12 21:00:00,101.60861
2025-01-12 22:00:00,115.05098
2025-01-12 23:00:00,134.29645
2025-01-13 00:00:00,155.20126
2025-01-13 01:00:00,174.8295
2025-01-13 02:00:00,187.12233
2025-01-13 03:00:00,199.46262
2025-01-13 04:00:00,236.11115
2025-01-13 05:00:00,289.34933
2025-01-13 06:00:00,369.16006
2025-01-13 07:00:00,468.18
2025-01-13 08:00:00,600.7222
2025-01-13 09:00:00,711.7434
2025-01-13 10:00:00,750.7674
2025-01-13 11:00:00,724.56226
2025-01-13 12:00:00,186.59976
2025-01-13 13:00:00,96.191895
2025-01-13 14:00:00,106.47765
2025-01-13 15:00:00,120.92428
2025-01-13 16:00:00,133.69283
2025-01-13 17:00:00,140.6814
2025-01-13 18:00:00,143.7671
2025-01-13 19:00:00,143.19424
2025-01-13 20:00:00,139.16724
2025-01-13 21:00:00,130.81514
2025-01-13 22:00:00,127.434944
2025-01-13 23:00:00,118.09232
2025-01-14 00:00:00,100.66658
2025-01-14 01:00:00,80.285614
2025-01-14 02:00:00,62.903393
2025-01-14 03:00:00,94.91829
2025-01-14 04:00:00,164.88248
2025-01-14 05:00:00,268.0133
2025-01-14 06:00:00,387.6882
2025-01-14 07:00:00,520.3646
2025-01-14 08:00:00,658.747
2025-01-14 09:00:00,763.03204
2025-01-14 10:00:00,764.03815
2025-01-14 11:00:00,729.387
2025-01-14 12:00:00,91.81711
2025-01-14 13:00:00,43.026154
2025-01-14 14:00:00,31.260338
2025-01-14 15:00:00,25.756914
2025-01-14 16:00:00,21.918825
2025-01-14 17:00:00,19.572441
2025-01-14 18:00:00,17.336422
2025-01-14 19:00:00,17.942572
2025-01-14 20:00:00,18.710915
2025-01-14 21:00:00,16.581724
2025-01-14 22:00:00,12.066079
2025-01-14 23:00:00,12.59674
2025-01-15 00:00:00,22.965183
2025-01-15 01:00:00,34.110317
2025-01-15 02:00:00,43.776833
2025-01-15 03:00:00,62.520863
2025-01-15 04:00:00,97.11083
2025-01-15 05:00:00,196.14835
2025-01-15 06:00:00,467.3691
2025-01-15 07:00:00,810.105
2025-01-15 08:00:00,938.0795
2025-01-15 09:00:00,997.8756
2025-01-15 10:00:00,955.6816
2025-01-15 11:00:00,942.18225
2025-01-15 12:00:00,211.93158
2025-01-15 13:00:00,104.104935
2025-01-15 14:00:00,110.581505
2025-01-15 15:00:00,103.971016
2025-01-15 16:00:00,99.139366
2025-01-15 17:00:00,97.45529
2025-01-15 18:00:00,89.47402
2025-01-15 19:00:00,67.94393
2025-01-15 20:00:00,59.098377
2025-01-15 21:00:00,51.050343
2025-01-15 22:00:00,51.286987
2025-01-15 23:00:00,45.4971
2025-01-16 00:00:00,38.90542
2025-01-16 01:00:00,48.278248
2025-01-16 02:00:00,64.049515
2025-01-16 03:00:00,95.145645
2025-01-16 04:00:00,149.38878
2025-01-16 05:00:00,266.9489
2025-01-16 06:00:00,428.92288
2025-01-16 07:00:00,679.2071
2025-01-16 08:00:00,762.3963
2025-01-16 09:00:00,845.4956
2025-01-16 10:00:00,753.51733
2025-01-16 11:00:00,588.0737
2025-01-16 12:00:00,67.26376
2025-01-16 13:00:00,38.64041
2025-01-16 14:00:00,39.991375
2025-01-16 15:00:00,46.626354
2025-01-16 16:00:00,56.551914
2025-01-16 17:00:00,57.803295
2025-01-16 18:00:00,61.69034
2025-01-16 19:00:00,59.280674
2025-01-16 20:00:00,66.59052
2025-01-16 21:00:00,74.21203
2025-01-16 22:00:00,79.268585
2025-01-16 23:00:00,91.86539
2025-01-17 00:00:00,104.955605
2025-01-17 01:00:00,113.978485
2025-01-17 02:00:00,113.83821
2025-01-17 03:00:00,144.53091
2025-01-17 04:00:00,205.75578
2025-01-17 05:00:00,302.63907
2025-01-17 06:00:00,437.2262
2025-01-17 07:00:00,575.3444
2025-01-17 08:00:00,691.3486
2025-01-17 09:00:00,755.3362
2025-01-17 10:00:00,689.1652
2025-01-17 11:00:00,647.88513
2025-01-17 12:00:00,252.40244
2025-01-17 13:00:00,105.777405
2025-01-17 14:00:00,96.90103
2025-01-17 15:00:00,105.41262
2025-01-17 16:00:00,102.63457
2025-01-17 17:00:00,93.07589
2025-01-17 18:00:00,80.756805
2025-01-17 19:00:00,69.74178
2025-01-17 20:00:00,52.768482
2025-01-17 21:00:00,36.68334
2025-01-17 22:00:00,31.250765
2025-01-17 23:00:00,36.63246
2025-01-18 00:00:00,46.855682
2025-01-18 01:00:00,60.893803
2025-01-18 02:00:00,72.73853
2025-01-18 03:00:00,80.851
2025-01-18 04:00:00,74.29751
2025-01-18 05:00:00,97.61603
2025-01-18 06:00:00,222.8016
2025-01-18 07:00:00,313.3835
2025-01-18 08:00:00,400.36417
2025-01-18 09:00:00,460.16043
2025-01-18 10:00:00,469.67484
2025-01-18 11:00:00,445.93573
2025-01-18 12:00:00,63.86642
2025-01-18 13:00:00,29.392029
2025-01-18 14:00:00,22.827011
2025-01-18 15:00:00,20.200994
2025-01-18 16:00:00,18.047804
2025-01-18 17:00:00,20.73589
2025-01-18 18:00:00,22.878029
2025-01-18 19:00:00,23.682705
2025-01-18 20:00:00,23.394747
2025-01-18 21:00:00,23.750666
2025-01-18 22:00:00,31.036274
2025-01-18 23:00:00,34.948215
2025-01-19 00:00:00,34.314625
2025-01-19 01:00:00,30.82514
2025-01-19 02:00:00,29.918303
2025-01-19 03:00:00,41.741474
2025-01-19 04:00:00,85.11899
2025-01-19 05:00:00,156.31387
2025-01-19 06:00:00,246.0869
2025-01-19 07:00:00,339.27905
2025-01-19 08:00:00,426.37137
2025-01-19 09:00:00,497.44946
2025-01-19 10:00:00,520.3607
2025-01-19 11:00:00,410.14902
2025-01-19 12:00:00,100.31975
2025-01-19 13:00:00,51.333797
2025-01-19 14:00:00,40.039764
2025-01-19 15:00:00,33.154167
2025-01-19 16:00:00,26.958023
2025-01-19 17:00:00,24.238008
2025-01-19 18:00:00,26.799843
2025-01-19 19:00:00,33.656025
2025-01-19 20:00:00,43.06306
2025-01-19 21:00:00,51.691628
2025-01-19 22:00:00,68.442535
2025-01-19 23:00:00,81.59876
2025-01-20 00:00:00,92.9962
2025-01-20 01:00:00,99.297745
2025-01-20 02:00:00,102.15973
2025-01-20 03:00:00,127.333984
2025-01-20 04:00:00,164.19266
2025-01-20 05:00:00,228.13203
2025-01-20 06:00:00,345.88574
2025-01-20 07:00:00,490.04413
2025-01-20 08:00:00,629.30676
2025-01-20 09:00:00,713.93896
2025-01-20 10:00:00,722.34955
2025-01-20 11:00:00,654.9917
2025-01-20 12:00:00,241.50291
2025-01-20 13:00:00,100.069855
2025-01-20 14:00:00,93.15754
2025-01-20 15:00:00,95.29792
2025-01-20 16:00:00,102.58545
2025-01-20 17:00:00,107.84491
2025-01-20 18:00:00,114.479744
2025-01-20 19:00:00,121.0412
2025-01-20 20:00:00,128.03416
2025-01-20 21:00:00,132.6816
2025-01-20 22:00:00,137.49095
2025-01-20 23:00:00,132.34515
2025-01-21 00:00:00,121.196976
2025-01-21 01:00:00,110.1875
2025-01-21 02:00:00,106.078865
2025-01-21 03:00:00,130.02087
2025-01-21 04:00:00,177.18857
2025-01-21 05:00:00,245.99876
2025-01-21 06:00:00,344.51776
2025-01-21 07:00:00,449.32925
2025-01-21 08:00:00,549.76807
2025-01-21 09:00:00,612.18365
2025-01-21 10:00:00,621.5478
2025-01-21 11:00:00,561.5409
2025-01-21 12:00:00,174.77545
2025-01-21 13:00:00,82.41319
2025-01-21 14:00:00,75.71375
2025-01-21 15:00:00,72.669334
2025-01-21 16:00:00,70.57432
2025-01-21 17:00:00,71.726746
2025-01-21 18:00:00,74.76004
2025-01-21 19:00:00,79.08353
2025-01-21 20:00:00,84.111755
2025-01-21 21:00:00,87.23393
2025-01-21 22:00:00,85.669754
2025-01-21 23:00:00,77.56978
2025-01-22 00:00:00,66.374825
2025-01-22 01:00:00,56.30046
2025-01-22 02:00:00,49.562412
2025-01-22 03:00:00,68.21501
2025-01-22 04:00:00,118.540565
2025-01-22 05:00:00,182.03761
2025-01-22 06:00:00,256.00583
2025-01-22 07:00:00,364.51785
2025-01-22 08:00:00,536.337
2025-01-22 09:00:00,706.50305
2025-01-22 10:00:00,754.7134
2025-01-22 11:00:00,512.7919
2025-01-22 12:00:00,30.058788
2025-01-22 13:00:00,24.728016
2025-01-22 14:00:00,26.863226
2025-01-22 15:00:00,31.893248
2025-01-22 16:00:00,34.478878
2025-01-22 17:00:00,41.985176
2025-01-22 18:00:00,52.312378
2025-01-22 19:00:00,58.454365
2025-01-22 20:00:00,64.37706
2025-01-22 21:00:00,64.5519
2025-01-22 22:00:00,71.22458
2025-01-22 23:00:00,57.492252
2025-01-23 00:00:00,45.903233
2025-01-23 01:00:00,43.02161
2025-01-23 02:00:00,49.366764
2025-01-23 03:00:00,77.32424
2025-01-23 04:00:00,137.57191
2025-01-23 05:00:00,241.8188
2025-01-23 06:00:00,444.69052
2025-01-23 07:00:00,711.04333
2025-01-23 08:00:00,987.1912
2025-01-23 09:00:00,1237.9352
2025-01-23 10:00:00,1201.1946
2025-01-23 11:00:00,1118.0802
2025-01-23 12:00:00,193.89737
2025-01-23 13:00:00,96.27847
2025-01-23 14:00:00,90.417145
2025-01-23 15:00:00,91.21097
2025-01-23 16:00:00,97.12365
2025-01-23 17:00:00,110.22983
2025-01-23 18:00:00,118.91983
2025-01-23 19:00:00,124.252625
2025-01-23 20:00:00,123.59472
2025-01-23 21:00:00,122.46149
2025-01-23 22:00:00,129.95137
2025-01-23 23:00:00,123.01671
2025-01-24 00:00:00,121.2733
2025-01-24 01:00:00,119.35679
2025-01-24 02:00:00,120.460724
2025-01-24 03:00:00,163.09052
2025-01-24 04:00:00,236.22871
2025-01-24 05:00:00,339.2058
2025-01-24 06:00:00,500.68304
2025-01-24 07:00:00,829.8745
2025-01-24 08:00:00,1092.4751
2025-01-24 09:00:00,1186.0989
2025-01-24 10:00:00,1091.7963
2025-01-24 11:00:00,959.801
2025-01-24 12:00:00,325.51407
2025-01-24 13:00:00,147.30107
2025-01-24 14:00:00,122.615
2025-01-24 15:00:00,121.50379
2025-01-24 16:00:00,121.66324
2025-01-24 17:00:00,127.01769
2025-01-24 18:00:00,134.07117
2025-01-24 19:00:00,136.1639
2025-01-24 20:00:00,134.45636
2025-01-24 21:00:00,129.74066
2025-01-24 22:00:00,143.28517
2025-01-24 23:00:00,137.64497
2025-01-25 00:00:00,139.14473
2025-01-25 01:00:00,139.1976
2025-01-25 02:00:00,137.81398
2025-01-25 03:00:00,170.70111
2025-01-25 04:00:00,231.97302
2025-01-25 05:00:00,307.0998
2025-01-25 06:00:00,395.60452
2025-01-25 07:00:00,490.54837
2025-01-25 08:00:00,579.1566
2025-01-25 09:00:00,639.55194
2025-01-25 10:00:00,657.03656
2025-01-25 11:00:00,606.22437
2025-01-25 12:00:00,177.80673
2025-01-25 13:00:00,79.66728
2025-01-25 14:00:00,68.40505
2025-01-25 15:00:00,66.03323
2025-01-25 16:00:00,64.20903
2025-01-25 17:00:00,63.18397
2025-01-25 18:00:00,64.522125
2025-01-25 19:00:00,68.86801
2025-01-25 20:00:00,74.56873
2025-01-25 21:00:00,80.0164
2025-01-25 22:00:00,77.32199
2025-01-25 23:00:00,76.691444
2025-01-26 00:00:00,72.382774
2025-01-26 01:00:00,66.51064
2025-01-26 02:00:00,65.714386
2025-01-26 03:00:00,96.25686
2025-01-26 04:00:00,166.13795
2025-01-26 05:00:00,281.5207
2025-01-26 06:00:00,429.58026
2025-01-26 07:00:00,521.17865
2025-01-26 08:00:00,588.4509
2025-01-26 09:00:00,632.30505
2025-01-26 10:00:00,643.6725
2025-01-26 11:00:00,601.13214
2025-01-26 12:00:00,123.168365
2025-01-26 13:00:00,52.331738
2025-01-26 14:00:00,38.834385
2025-01-26 15:00:00,33.635937
2025-01-26 16:00:00,32.32716
2025-01-26 17:00:00,32.056854
2025-01-26 18:00:00,32.28626
2025-01-26 19:00:00,33.665417
2025-01-26 20:00:00,35.80861
2025-01-26 21:00:00,39.229416
2025-01-26 22:00:00,41.75963
2025-01-26 23:00:00,43.34841
2025-01-27 00:00:00,42.494396
2025-01-27 01:00:00,40.829857
2025-01-27 02:00:00,39.73226
2025-01-27 03:00:00,58.928417
2025-01-27 04:00:00,118.74997
2025-01-27 05:00:00,284.61984
2025-01-27 06:00:00,490.79132
2025-01-27 07:00:00,593.03076
2025-01-27 08:00:00,661.39026
2025-01-27 09:00:00,699.17084
2025-01-27 10:00:00,715.37274
2025-01-27 11:00:00,673.6819
2025-01-27 12:00:00,158.0731
2025-01-27 13:00:00,57.79935
2025-01-27 14:00:00,45.43448
2025-01-27 15:00:00,43.42972
2025-01-27 16:00:00,44.22664
2025-01-27 17:00:00,47.42418
2025-01-27 18:00:00,51.573456
2025-01-27 19:00:00,54.563194
2025-01-27 20:00:00,54.522484
2025-01-27 21:00:00,53.562153
2025-01-27 22:00:00,53.943714
2025-01-27 23:00:00,54.77691
2025-01-28 00:00:00,53.639767
2025-01-28 01:00:00,51.780766
2025-01-28 02:00:00,45.29231
2025-01-28 03:00:00,60.280087
2025-01-28 04:00:00,114.27371
2025-01-28 05:00:00,225.38042
2025-01-28 06:00:00,428.8107
2025-01-28 07:00:00,530.2524
2025-01-28 08:00:00,599.64624
2025-01-28 09:00:00,642.6386
2025-01-28 10:00:00,645.1873
2025-01-28 11:00:00,588.61194
2025-01-28 12:00:00,44.419716
2025-01-28 13:00:00,17.573753
2025-01-28 14:00:00,15.61044
2025-01-28 15:00:00,17.55261
2025-01-28 16:00:00,20.804636
2025-01-28 17:00:00,25.592371
2025-01-28 18:00:00,29.339472
2025-01-28 19:00:00,30.352444
2025-01-28 20:00:00,31.919756
2025-01-28 21:00:00,35.5172
2025-01-28 22:00:00,37.894352
2025-01-28 23:00:00,43.094116
2025-01-29 00:00:00,51.279816
2025-01-29 01:00:00,58.34471
2025-01-29 02:00:00,64.02633
2025-01-29 03:00:00,97.58079
2025-01-29 04:00:00,197.22502
2025-01-29 05:00:00,368.96423
2025-01-29 06:00:00,509.09195
2025-01-29 07:00:00,629.55884
2025-01-29 08:00:00,725.0388
2025-01-29 09:00:00,787.0201
2025-01-29 10:00:00,813.65485
2025-01-29 11:00:00,767.71375
2025-01-29 12:00:00,179.3459
2025-01-29 13:00:00,77.231125
2025-01-29 14:00:00,67.51181
2025-01-29 15:00:00,67.59848
2025-01-29 16:00:00,70.98065
2025-01-29 17:00:00,74.48909
2025-01-29 18:00:00,75.05979
2025-01-29 19:00:00,73.726494
2025-01-29 20:00:00,71.98456
2025-01-29 21:00:00,70.18497
2025-01-29 22:00:00,78.11954
2025-01-29 23:00:00,75.7587
2025-01-30 00:00:00,72.16086
2025-01-30 01:00:00,70.04801
2025-01-30 02:00:00,70.68949
2025-01-30 03:00:00,105.94992
2025-01-30 04:00:00,181.93779
2025-01-30 05:00:00,287.346
2025-01-30 06:00:00,412.86075
2025-01-30 07:00:00,544.8971
2025-01-30 08:00:00,674.10187
2025-01-30 09:00:00,777.09564
2025-01-30 10:00:00,802.00024
2025-01-30 11:00:00,785.0254
2025-01-30 12:00:00,103.55343
2025-01-30 13:00:00,48.385494
2025-01-30 14:00:00,48.33882
2025-01-30 15:00:00,50.80975
2025-01-30 16:00:00,53.98097
2025-01-30 17:00:00,53.33071
2025-01-30 18:00:00,50.36296
2025-01-30 19:00:00,44.36959
2025-01-30 20:00:00,38.617767
2025-01-30 21:00:00,32.977543
2025-01-30 22:00:00,25.20344
2025-01-30 23:00:00,25.894577
2025-01-31 00:00:00,27.634153
2025-01-31 01:00:00,27.974176
2025-01-31 02:00:00,28.144402
2025-01-31 03:00:00,47.60798
2025-01-31 04:00:00,87.341034
2025-01-31 05:00:00,162.66736
2025-01-31 06:00:00,307.0964
2025-01-31 07:00:00,546.76917
2025-01-31 08:00:00,829.22284
2025-01-31 09:00:00,1116.8679
2025-01-31 10:00:00,1032.7422
2025-01-31 11:00:00,1012.70624
2025-01-31 12:00:00,80.65303
2025-01-31 13:00:00,26.564163
2025-01-31 14:00:00,24.243383
2025-01-31 15:00:00,24.843578
2025-01-31 16:00:00,26.683714
2025-01-31 17:00:00,30.542778
2025-01-31 18:00:00,34.49083
2025-01-31 19:00:00,39.92944
2025-01-31 20:00:00,45.639984
2025-01-31 21:00:00,48.704346
2025-01-31 22:00:00,52.286835
2025-01-31 23:00:00,52.2102
2025-02-01 00:00:00,55.043877
2025-02-01 01:00:00,53.343063
2025-02-01 02:00:00,49.88533
2025-02-01 03:00:00,77.18503
2025-02-01 04:00:00,151.35507
2025-02-01 05:00:00,294.2847
2025-02-01 06:00:00,543.0664
2025-02-01 07:00:00,841.78424
2025-02-01 08:00:00,1070.0043
2025-02-01 09:00:00,1156.3627
2025-02-01 10:00:00,1106.9036
2025-02-01 11:00:00,775.6214
2025-02-01 12:00:00,126.71858
2025-02-01 13:00:00,81.48139
2025-02-01 14:00:00,73.66324
2025-02-01 15:00:00,76.98583
2025-02-01 16:00:00,94.525734
2025-02-01 17:00:00,117.83786
2025-02-01 18:00:00,150.60347
2025-02-01 19:00:00,171.0148
2025-02-01 20:00:00,174.70398
2025-02-01 21:00:00,166.98158
2025-02-01 22:00:00,129.4355
2025-02-01 23:00:00,89.656906
2025-02-02 00:00:00,71.00905
2025-02-02 01:00:00,66.5122
2025-02-02 02:00:00,67.70364
2025-02-02 03:00:00,100.959724
2025-02-02 04:00:00,172.02147
2025-02-02 05:00:00,304.7577
2025-02-02 06:00:00,547.9449
2025-02-02 07:00:00,807.3148
2025-02-02 08:00:00,986.0043
2025-02-02 09:00:00,1113.2523
2025-02-02 10:00:00,1062.6177
2025-02-02 11:00:00,998.7768
2025-02-02 12:00:00,323.162
2025-02-02 13:00:00,121.91684
2025-02-02 14:00:00,101.70252
2025-02-02 15:00:00,98.68578
2025-02-02 16:00:00,93.99415
2025-02-02 17:00:00,92.95268
2025-02-02 18:00:00,91.77781
2025-02-02 19:00:00,94.78707
2025-02-02 20:00:00,94.54603
2025-02-02 21:00:00,98.568535
2025-02-02 22:00:00,82.55114
2025-02-02 23:00:00,81.87101
2025-02-03 00:00:00,78.2732
2025-02-03 01:00:00,75.31122
2025-02-03 02:00:00,71.13738
2025-02-03 03:00:00,98.52622
2025-02-03 04:00:00,158.39444
2025-02-03 05:00:00,283.2386
2025-02-03 06:00:00,458.605
2025-02-03 07:00:00,611.4637
2025-02-03 08:00:00,705.69867
2025-02-03 09:00:00,760.6566
2025-02-03 10:00:00,751.56775
2025-02-03 11:00:00,677.8836
2025-02-03 12:00:00,60.244476
2025-02-03 13:00:00,30.51689
2025-02-03 14:00:00,27.03035
2025-02-03 15:00:00,25.272488
2025-02-03 16:00:00,25.100935
2025-02-03 17:00:00,28.02049
2025-02-03 18:00:00,31.84287
2025-02-03 19:00:00,33.780632
2025-02-03 20:00:00,29.342619
2025-02-03 21:00:00,30.939165
2025-02-03 22:00:00,47.48471
2025-02-03 23:00:00,55.492416
2025-02-04 00:00:00,68.34671
2025-02-04 01:00:00,74.149055
2025-02-04 02:00:00,69.14351
2025-02-04 03:00:00,93.14945
2025-02-04 04:00:00,143.9806
2025-02-04 05:00:00,204.38223
2025-02-04 06:00:00,280.76245
2025-02-04 07:00:00,401.1528
2025-02-04 08:00:00,518.09296
2025-02-04 09:00:00,585.1053
2025-02-04 10:00:00,537.2428
2025-02-04 11:00:00,461.9202
2025-02-04 12:00:00,113.33479
2025-02-04 13:00:00,32.38649
2025-02-04 14:00:00,25.79331
2025-02-04 15:00:00,28.824558
2025-02-04 16:00:00,36.737206
2025-02-04 17:00:00,46.88245
2025-02-04 18:00:00,64.67829
2025-02-04 19:00:00,90.16008
2025-02-04 20:00:00,110.58005
2025-02-04 21:00:00,117.80503
2025-02-04 22:00:00,153.20758
2025-02-04 23:00:00,141.30492
2025-02-05 00:00:00,130.57166
2025-02-05 01:00:00,126.73002
2025-02-05 02:00:00,123.71363
2025-02-05 03:00:00,165.25967
2025-02-05 04:00:00,274.00137
2025-02-05 05:00:00,452.9199
2025-02-05 06:00:00,720.31134
2025-02-05 07:00:00,1022.0544
2025-02-05 08:00:00,1281.629
2025-02-05 09:00:00,1402.5111
2025-02-05 10:00:00,1366.1685
2025-02-05 11:00:00,1310.3157
2025-02-05 12:00:00,289.2121
2025-02-05 13:00:00,93.929924
2025-02-05 14:00:00,66.978004
2025-02-05 15:00:00,58.570835
2025-02-05 16:00:00,57.39525
2025-02-05 17:00:00,62.582344
2025-02-05 18:00:00,70.438934
2025-02-05 19:00:00,82.73508
2025-02-05 20:00:00,96.533485
2025-02-05 21:00:00,115.585335
2025-02-05 22:00:00,147.22055
2025-02-05 23:00:00,156.56754
2025-02-06 00:00:00,158.9682
2025-02-06 01:00:00,150.14726
2025-02-06 02:00:00,141.69383
2025-02-06 03:00:00,190.20053
2025-02-06 04:00:00,311.766
2025-02-06 05:00:00,535.96027
2025-02-06 06:00:00,863.8286
2025-02-06 07:00:00,976.8856
2025-02-06 08:00:00,1023.9143
2025-02-06 09:00:00,1051.3331
2025-02-06 10:00:00,1072.344
2025-02-06 11:00:00,1051.1859
2025-02-06 12:00:00,746.40344
2025-02-06 13:00:00,250.65192
2025-02-06 14:00:00,171.69096
2025-02-06 15:00:00,160.55725
2025-02-06 16:00:00,172.06969
2025-02-06 17:00:00,186.46947
2025-02-06 18:00:00,211.28369
2025-02-06 19:00:00,253.28365
2025-02-06 20:00:00,259.83167
2025-02-06 21:00:00,255.59317
2025-02-06 22:00:00,260.06305
2025-02-06 23:00:00,253.73793
2025-02-07 00:00:00,253.07306
2025-02-07 01:00:00,237.09273
2025-02-07 02:00:00,218.84146
2025-02-07 03:00:00,288.956
2025-02-07 04:00:00,400.8744
2025-02-07 05:00:00,511.9961
2025-02-07 06:00:00,663.9441
2025-02-07 07:00:00,786.81006
2025-02-07 08:00:00,875.7324
2025-02-07 09:00:00,931.526
2025-02-07 10:00:00,949.3655
2025-02-07 11:00:00,909.7686
2025-02-07 12:00:00,569.289
2025-02-07 13:00:00,164.33417
2025-02-07 14:00:00,123.82797
2025-02-07 15:00:00,124.45017
2025-02-07 16:00:00,129.16086
2025-02-07 17:00:00,128.07231
2025-02-07 18:00:00,137.0327
2025-02-07 19:00:00,140.31035
2025-02-07 20:00:00,139.4682
2025-02-07 21:00:00,137.83565
2025-02-07 22:00:00,146.82129
2025-02-07 23:00:00,147.90547
2025-02-08 00:00:00,144.55133
2025-02-08 01:00:00,139.32019
2025-02-08 02:00:00,135.90387
2025-02-08 03:00:00,183.81242
2025-02-08 04:00:00,270.3373
2025-02-08 05:00:00,369.6205
2025-02-08 06:00:00,471.1471
2025-02-08 07:00:00,554.20636
2025-02-08 08:00:00,607.3371
2025-02-08 09:00:00,636.5219
2025-02-08 10:00:00,635.4484
2025-02-08 11:00:00,583.3497
2025-02-08 12:00:00,152.53876
2025-02-08 13:00:00,51.993145
2025-02-08 14:00:00,41.407753
2025-02-08 15:00:00,39.49299
2025-02-08 16:00:00,39.961308
2025-02-08 17:00:00,41.420517
2025-02-08 18:00:00,43.999588
2025-02-08 19:00:00,45.98343
2025-02-08 20:00:00,48.059994
2025-02-08 21:00:00,51.53096
2025-02-08 22:00:00,49.49085
2025-02-08 23:00:00,53.983204
2025-02-09 00:00:00,55.001934
2025-02-09 01:00:00,49.98362
2025-02-09 02:00:00,39.135185
2025-02-09 03:00:00,54.259068
2025-02-09 04:00:00,114.82073
2025-02-09 05:00:00,215.90233
2025-02-09 06:00:00,345.5632
2025-02-09 07:00:00,484.0156
2025-02-09 08:00:00,605.2606
2025-02-09 09:00:00,687.2182
2025-02-09 10:00:00,720.5804
2025-02-09 11:00:00,670.3643
2025-02-09 12:00:00,92.30289
2025-02-09 13:00:00,36.715313
2025-02-09 14:00:00,27.765713
2025-02-09 15:00:00,25.255775
2025-02-09 16:00:00,23.707718
2025-02-09 17:00:00,22.253616
2025-02-09 18:00:00,20.851273
2025-02-09 19:00:00,20.636494
2025-02-09 20:00:00,21.777664
2025-02-09 21:00:00,23.469746
2025-02-09 22:00:00,24.074974
2025-02-09 23:00:00,24.085657
2025-02-10 00:00:00,23.264143
2025-02-10 01:00:00,22.220942
2025-02-10 02:00:00,22.982317
2025-02-10 03:00:00,34.64352
2025-02-10 04:00:00,87.40844
2025-02-10 05:00:00,217.05743
2025-02-10 06:00:00,399.83176
2025-02-10 07:00:00,565.17944
2025-02-10 08:00:00,743.2854
2025-02-10 09:00:00,895.3736
2025-02-10 10:00:00,933.57385
2025-02-10 11:00:00,754.70544
2025-02-10 12:00:00,63.41987
2025-02-10 13:00:00,36.347034
2025-02-10 14:00:00,31.829483
2025-02-10 15:00:00,30.580732
2025-02-10 16:00:00,29.527508
2025-02-10 17:00:00,29.96015
2025-02-10 18:00:00,29.579573
2025-02-10 19:00:00,28.317036
2025-02-10 20:00:00,25.821016
2025-02-10 21:00:00,22.186628
2025-02-10 22:00:00,20.153065
2025-02-10 23:00:00,23.063267
2025-02-11 00:00:00,27.093933
2025-02-11 01:00:00,28.07443
2025-02-11 02:00:00,26.98183
2025-02-11 03:00:00,38.384853
2025-02-11 04:00:00,94.081566
2025-02-11 05:00:00,225.51947
2025-02-11 06:00:00,419.50906
2025-02-11 07:00:00,649.4948
2025-02-11 08:00:00,882.9294
2025-02-11 09:00:00,1060.1357
2025-02-11 10:00:00,1075.5908
2025-02-11 11:00:00,936.7827
2025-02-11 12:00:00,66.54954
2025-02-11 13:00:00,38.097916
2025-02-11 14:00:00,34.820286
2025-02-11 15:00:00,36.11555
2025-02-11 16:00:00,39.27099
2025-02-11 17:00:00,41.858086
2025-02-11 18:00:00,41.428783
2025-02-11 19:00:00,42.140465
2025-02-11 20:00:00,46.53838
2025-02-11 21:00:00,56.319717
2025-02-11 22:00:00,74.17122
2025-02-11 23:00:00,97.381004
2025-02-12 00:00:00,114.04325
2025-02-12 01:00:00,122.92184
2025-02-12 02:00:00,136.34488
2025-02-12 03:00:00,193.34433
2025-02-12 04:00:00,274.26837
2025-02-12 05:00:00,426.23477
2025-02-12 06:00:00,839.6325
2025-02-12 07:00:00,1344.2723
2025-02-12 08:00:00,1550.3939
2025-02-12 09:00:00,1652.8265
2025-02-12 10:00:00,1703.68
2025-02-12 11:00:00,1649.9142
2025-02-12 12:00:00,651.91187
2025-02-12 13:00:00,241.24776
2025-02-12 14:00:00,200.138
2025-02-12 15:00:00,187.48738
2025-02-12 16:00:00,193.80855
2025-02-12 17:00:00,197.91977
2025-02-12 18:00:00,199.52377
2025-02-12 19:00:00,210.53693
2025-02-12 20:00:00,208.53047
2025-02-12 21:00:00,214.81685
2025-02-12 22:00:00,225.00333
2025-02-12 23:00:00,205.34105
2025-02-13 00:00:00,205.89113
2025-02-13 01:00:00,205.11906
2025-02-13 02:00:00,205.92982
2025-02-13 03:00:00,269.65417
2025-02-13 04:00:00,399.69992
2025-02-13 05:00:00,612.87994
2025-02-13 06:00:00,812.757
2025-02-13 07:00:00,1043.6212
2025-02-13 08:00:00,1182.1016
2025-02-13 09:00:00,1252.7688
2025-02-13 10:00:00,1330.2197
2025-02-13 11:00:00,1272.3914
2025-02-13 12:00:00,695.6092
2025-02-13 13:00:00,247.84056
2025-02-13 14:00:00,181.27568
2025-02-13 15:00:00,166.72191
2025-02-13 16:00:00,166.9917
2025-02-13 17:00:00,161.92902
2025-02-13 18:00:00,154.91034
2025-02-13 19:00:00,151.7547
2025-02-13 20:00:00,153.76065
2025-02-13 21:00:00,151.37859
2025-02-13 22:00:00,167.89848
2025-02-13 23:00:00,174.51299
2025-02-14 00:00:00,166.17755
2025-02-14 01:00:00,157.17795
2025-02-14 02:00:00,149.0601
2025-02-14 03:00:00,208.72752
2025-02-14 04:00:00,320.13336
2025-02-14 05:00:00,496.96368
2025-02-14 06:00:00,660.1061
2025-02-14 07:00:00,743.7912
2025-02-14 08:00:00,841.63336
2025-02-14 09:00:00,913.13086
2025-02-14 10:00:00,971.8208
2025-02-14 11:00:00,917.1511
2025-02-14 12:00:00,415.10245
2025-02-14 13:00:00,154.27751
2025-02-14 14:00:00,121.20401
2025-02-14 15:00:00,112.98708
2025-02-14 16:00:00,107.76914
2025-02-14 17:00:00,94.34667
2025-02-14 18:00:00,80.921234
2025-02-14 19:00:00,71.9561
2025-02-14 20:00:00,66.06059
2025-02-14 21:00:00,53.223866
2025-02-14 22:00:00,39.67296
2025-02-14 23:00:00,34.942696
2025-02-15 00:00:00,30.804695
2025-02-15 01:00:00,27.308914
2025-02-15 02:00:00,22.783028
2025-02-15 03:00:00,34.114143
2025-02-15 04:00:00,109.61326
2025-02-15 05:00:00,240.99573
2025-02-15 06:00:00,441.9806
2025-02-15 07:00:00,689.1097
2025-02-15 08:00:00,853.5175
2025-02-15 09:00:00,925.22125
2025-02-15 10:00:00,947.4104
2025-02-15 11:00:00,922.9342
2025-02-15 12:00:00,153.19441
2025-02-15 13:00:00,64.192024
2025-02-15 14:00:00,54.130646
2025-02-15 15:00:00,51.55874
2025-02-15 16:00:00,53.04412
2025-02-15 17:00:00,50.43883
2025-02-15 18:00:00,42.49243
2025-02-15 19:00:00,30.92556
2025-02-15 20:00:00,21.926382
2025-02-15 21:00:00,20.532854
2025-02-15 22:00:00,24.67223
2025-02-15 23:00:00,28.741959
2025-02-16 00:00:00,30.626776
2025-02-16 01:00:00,30.520012
2025-02-16 02:00:00,30.775972
2025-02-16 03:00:00,50.48166
2025-02-16 04:00:00,116.08858
2025-02-16 05:00:00,271.6458
2025-02-16 06:00:00,559.08545
2025-02-16 07:00:00,793.98376
2025-02-16 08:00:00,1137.3801
2025-02-16 09:00:00,1331.7872
2025-02-16 10:00:00,1321.761
2025-02-16 11:00:00,1287.9995
2025-02-16 12:00:00,129.46094
2025-02-16 13:00:00,79.698105
2025-02-16 14:00:00,67.09357
2025-02-16 15:00:00,67.538956
2025-02-16 16:00:00,71.23898
2025-02-16 17:00:00,64.813
2025-02-16 18:00:00,56.332977
2025-02-16 19:00:00,51.126938
2025-02-16 20:00:00,49.179653
2025-02-16 21:00:00,46.56789
2025-02-16 22:00:00,39.395855
2025-02-16 23:00:00,35.854176
2025-02-17 00:00:00,30.941475
2025-02-17 01:00:00,24.680096
2025-02-17 02:00:00,18.237143
2025-02-17 03:00:00,39.138664
2025-02-17 04:00:00,114.3971
2025-02-17 05:00:00,279.3733
2025-02-17 06:00:00,551.2471
2025-02-17 07:00:00,782.91656
2025-02-17 08:00:00,952.9425
2025-02-17 09:00:00,1048.5076
2025-02-17 10:00:00,1104.0225
2025-02-17 11:00:00,1015.2731
2025-02-17 12:00:00,161.75034
2025-02-17 13:00:00,50.601246
2025-02-17 14:00:00,34.130993
2025-02-17 15:00:00,25.833921
2025-02-17 16:00:00,23.595713
2025-02-17 17:00:00,24.938896
2025-02-17 18:00:00,29.640877
2025-02-17 19:00:00,36.265614
2025-02-17 20:00:00,42.563797
2025-02-17 21:00:00,47.04729
2025-02-17 22:00:00,46.97017
2025-02-17 23:00:00,41.775867
2025-02-18 00:00:00,31.068707
2025-02-18 01:00:00,20.775871
2025-02-18 02:00:00,22.180037
2025-02-18 03:00:00,47.776833
2025-02-18 04:00:00,111.16689
2025-02-18 05:00:00,248.47382
2025-02-18 06:00:00,595.2892
2025-02-18 07:00:00,888.80774
2025-02-18 08:00:00,1115.9515
2025-02-18 09:00:00,1285.9178
2025-02-18 10:00:00,1346.111
2025-02-18 11:00:00,1261.1023
2025-02-18 12:00:00,196.52554
2025-02-18 13:00:00,75.78854
2025-02-18 14:00:00,55.383022
2025-02-18 15:00:00,48.659496
2025-02-18 16:00:00,45.488625
2025-02-18 17:00:00,41.271217
2025-02-18 18:00:00,37.771263
2025-02-18 19:00:00,36.6249
2025-02-18 20:00:00,36.612354
2025-02-18 21:00:00,35.70424
2025-02-18 22:00:00,38.821854
2025-02-18 23:00:00,38.302837
2025-02-19 00:00:00,37.503944
2025-02-19 01:00:00,40.24976
2025-02-19 02:00:00,43.719757
2025-02-19 03:00:00,74.775536
2025-02-19 04:00:00,144.76816
2025-02-19 05:00:00,269.22177
2025-02-19 06:00:00,512.29565
2025-02-19 07:00:00,724.5602
2025-02-19 08:00:00,845.19476
2025-02-19 09:00:00,929.9858
2025-02-19 10:00:00,1050.3289
2025-02-19 11:00:00,1037.0641
2025-02-19 12:00:00,78.34286
2025-02-19 13:00:00,43.7397
2025-02-19 14:00:00,48.055527
2025-02-19 15:00:00,50.47014
2025-02-19 16:00:00,34.09126
2025-02-19 17:00:00,26.140598
2025-02-19 18:00:00,32.591545
2025-02-19 19:00:00,44.212036
2025-02-19 20:00:00,49.947437
2025-02-19 21:00:00,45.697384
2025-02-19 22:00:00,36.99307
2025-02-19 23:00:00,44.64423
2025-02-20 00:00:00,71.2153
2025-02-20 01:00:00,105.032166
2025-02-20 02:00:00,133.45396
2025-02-20 03:00:00,219.73615
2025-02-20 04:00:00,348.24234
2025-02-20 05:00:00,562.8816
2025-02-20 06:00:00,909.165
2025-02-20 07:00:00,1205.8645
2025-02-20 08:00:00,1343.5066
2025-02-20 09:00:00,1416.8755
2025-02-20 10:00:00,1346.4767
2025-02-20 11:00:00,1258.2228
2025-02-20 12:00:00,785.41284
2025-02-20 13:00:00,403.08774
2025-02-20 14:00:00,367.484
2025-02-20 15:00:00,343.10284
2025-02-20 16:00:00,289.16727
2025-02-20 17:00:00,208.4119
2025-02-20 18:00:00,141.83844
2025-02-20 19:00:00,149.14912
2025-02-20 20:00:00,184.18883
2025-02-20 21:00:00,195.90317
2025-02-20 22:00:00,101.16671
2025-02-20 23:00:00,77.23374
2025-02-21 00:00:00,56.283833
2025-02-21 01:00:00,42.603825
2025-02-21 02:00:00,31.103653
2025-02-21 03:00:00,74.41182
2025-02-21 04:00:00,184.01436
2025-02-21 05:00:00,368.35703
2025-02-21 06:00:00,707.4187
2025-02-21 07:00:00,1059.2667
2025-02-21 08:00:00,1281.4204
2025-02-21 09:00:00,1431.5
2025-02-21 10:00:00,1491.3422
2025-02-21 11:00:00,1448.5208
2025-02-21 12:00:00,712.72626
2025-02-21 13:00:00,185.08432
2025-02-21 14:00:00,140.87526
2025-02-21 15:00:00,122.55811
2025-02-21 16:00:00,110.410866
2025-02-21 17:00:00,105.52071
2025-02-21 18:00:00,105.067276
2025-02-21 19:00:00,113.966385
2025-02-21 20:00:00,128.27422
2025-02-21 21:00:00,142.43353
2025-02-21 22:00:00,146.74806
2025-02-21 23:00:00,144.08664
2025-02-22 00:00:00,148.59735
2025-02-22 01:00:00,155.62976
2025-02-22 02:00:00,152.13477
2025-02-22 03:00:00,212.7214
2025-02-22 04:00:00,362.44788
2025-02-22 05:00:00,607.89355
2025-02-22 06:00:00,790.31226
2025-02-22 07:00:00,956.79767
2025-02-22 08:00:00,1112.064
2025-02-22 09:00:00,1198.0999
2025-02-22 10:00:00,1267.4731
2025-02-22 11:00:00,1221.8849
2025-02-22 12:00:00,674.3523
2025-02-22 13:00:00,93.61457
2025-02-22 14:00:00,61.10021
2025-02-22 15:00:00,53.538193
2025-02-22 16:00:00,49.303402
2025-02-22 17:00:00,44.61188
2025-02-22 18:00:00,39.357864
2025-02-22 19:00:00,36.546574
2025-02-22 20:00:00,36.03079
2025-02-22 21:00:00,39.034885
2025-02-22 22:00:00,38.618874
2025-02-22 23:00:00,38.535065
2025-02-23 00:00:00,37.267277
2025-02-23 01:00:00,34.17034
2025-02-23 02:00:00,33.75222
2025-02-23 03:00:00,65.63071
2025-02-23 04:00:00,170.22961
2025-02-23 05:00:00,502.10977
2025-02-23 06:00:00,923.0309
2025-02-23 07:00:00,1105.7426
2025-02-23 08:00:00,1254.686
2025-02-23 09:00:00,1386.9716
2025-02-23 10:00:00,1462.29
2025-02-23 11:00:00,1433.2272
2025-02-23 12:00:00,211.97328
2025-02-23 13:00:00,48.26322
2025-02-23 14:00:00,31.60518
2025-02-23 15:00:00,31.610186
2025-02-23 16:00:00,31.397871
2025-02-23 17:00:00,31.545784
2025-02-23 18:00:00,30.719938
2025-02-23 19:00:00,29.18328
2025-02-23 20:00:00,27.884571
2025-02-23 21:00:00,24.959023
2025-02-23 22:00:00,21.032814
2025-02-23 23:00:00,21.980463
2025-02-24 00:00:00,26.374836
2025-02-24 01:00:00,30.386658
2025-02-24 02:00:00,30.859774
2025-02-24 03:00:00,55.19478
2025-02-24 04:00:00,146.93625
2025-02-24 05:00:00,489.98788
2025-02-24 06:00:00,878.7477
2025-02-24 07:00:00,1014.68835
2025-02-24 08:00:00,1118.841
2025-02-24 09:00:00,1207.6946
2025-02-24 10:00:00,1302.3785
2025-02-24 11:00:00,1261.74
2025-02-24 12:00:00,272.3211
2025-02-24 13:00:00,76.65389
2025-02-24 14:00:00,49.404686
2025-02-24 15:00:00,40.710594
2025-02-24 16:00:00,36.57373
2025-02-24 17:00:00,33.23326
2025-02-24 18:00:00,30.338491
2025-02-24 19:00:00,27.640614
2025-02-24 20:00:00,25.734087
2025-02-24 21:00:00,25.137789
2025-02-24 22:00:00,22.035313
2025-02-24 23:00:00,20.846897
2025-02-25 00:00:00,21.989052
2025-02-25 01:00:00,22.254292
2025-02-25 02:00:00,22.184956
2025-02-25 03:00:00,55.953793
2025-02-25 04:00:00,156.85027
2025-02-25 05:00:00,404.47757
2025-02-25 06:00:00,692.12604
2025-02-25 07:00:00,877.9165
2025-02-25 08:00:00,1003.4232
2025-02-25 09:00:00,1066.8237
2025-02-25 10:00:00,1017.04596
2025-02-25 11:00:00,890.7262
2025-02-25 12:00:00,186.47546
2025-02-25 13:00:00,46.184776
2025-02-25 14:00:00,37.35795
2025-02-25 15:00:00,38.94398
2025-02-25 16:00:00,35.14921
2025-02-25 17:00:00,33.15602
2025-02-25 18:00:00,35.976852
2025-02-25 19:00:00,37.81136
2025-02-25 20:00:00,36.71721
2025-02-25 21:00:00,35.280724
2025-02-25 22:00:00,36.741665
2025-02-25 23:00:00,50.684063
2025-02-26 00:00:00,53.499374
2025-02-26 01:00:00,43.959717
2025-02-26 02:00:00,47.18136
2025-02-26 03:00:00,77.503815
2025-02-26 04:00:00,165.99255
2025-02-26 05:00:00,314.37155
2025-02-26 06:00:00,517.4545
2025-02-26 07:00:00,779.87897
2025-02-26 08:00:00,1101.7369
2025-02-26 09:00:00,1371.0923
2025-02-26 10:00:00,1281.1235
2025-02-26 11:00:00,1186.8373
2025-02-26 12:00:00,81.13245
2025-02-26 13:00:00,43.75996
2025-02-26 14:00:00,38.30232
2025-02-26 15:00:00,40.215378
2025-02-26 16:00:00,38.30327
2025-02-26 17:00:00,41.68687
2025-02-26 18:00:00,47.382492
2025-02-26 19:00:00,54.780777
2025-02-26 20:00:00,58.126205
2025-02-26 21:00:00,64.27833
2025-02-26 22:00:00,88.88257
2025-02-26 23:00:00,101.460625
2025-02-27 00:00:00,106.478516
2025-02-27 01:00:00,97.43242
2025-02-27 02:00:00,91.64759
2025-02-27 03:00:00,93.50761
2025-02-27 04:00:00,124.56184
2025-02-27 05:00:00,221.80264
2025-02-27 06:00:00,336.9773
2025-02-27 07:00:00,507.4272
2025-02-27 08:00:00,642.87286
2025-02-27 09:00:00,734.6783
2025-02-27 10:00:00,716.9602
2025-02-27 11:00:00,732.06915
2025-02-27 12:00:00,563.04083
2025-02-27 13:00:00,422.52933
2025-02-27 14:00:00,340.38724
2025-02-27 15:00:00,284.07104
2025-02-27 16:00:00,251.31123
2025-02-27 17:00:00,213.70837
2025-02-27 18:00:00,214.75797
2025-02-27 19:00:00,248.77415
2025-02-27 20:00:00,297.16937
2025-02-27 21:00:00,306.2422
2025-02-27 22:00:00,367.67593
2025-02-27 23:00:00,391.68375
2025-02-28 00:00:00,386.53003
2025-02-28 01:00:00,284.28946
2025-02-28 02:00:00,203.39859
2025-02-28 03:00:00,245.78691
2025-02-28 04:00:00,410.39523
2025-02-28 05:00:00,557.77185
2025-02-28 06:00:00,634.79736
2025-02-28 07:00:00,722.998
2025-02-28 08:00:00,816.2064
2025-02-28 09:00:00,969.6866
2025-02-28 10:00:00,928.9919
2025-02-28 11:00:00,881.28424
2025-02-28 12:00:00,516.7083
2025-02-28 13:00:00,75.07802
2025-02-28 14:00:00,64.56618
2025-02-28 15:00:00,77.635826
2025-02-28 16:00:00,96.91857
2025-02-28 17:00:00,131.26027
2025-02-28 18:00:00,179.62297
2025-02-28 19:00:00,227.44885
2025-02-28 20:00:00,258.3774
2025-02-28 21:00:00,286.40985
2025-02-28 22:00:00,171.5427
2025-02-28 23:00:00,122.38128
2025-03-01 00:00:00,164.64156
2025-03-01 01:00:00,225.5356
2025-03-01 02:00:00,271.0161
2025-03-01 03:00:00,350.20825
2025-03-01 04:00:00,483.46402
2025-03-01 05:00:00,666.6436
2025-03-01 06:00:00,914.3169
2025-03-01 07:00:00,1072.2716
2025-03-01 08:00:00,1176.0386
2025-03-01 09:00:00,1159.1862
2025-03-01 10:00:00,1165.8215
2025-03-01 11:00:00,603.0828
2025-03-01 12:00:00,328.8449
2025-03-01 13:00:00,110.97886
2025-03-01 14:00:00,85.94612
2025-03-01 15:00:00,95.24871
2025-03-01 16:00:00,114.56152
2025-03-01 17:00:00,136.01024
2025-03-01 18:00:00,145.43843
2025-03-01 19:00:00,145.30048
2025-03-01 20:00:00,143.84879
2025-03-01 21:00:00,152.184
2025-03-01 22:00:00,167.30112
2025-03-01 23:00:00,177.26558
2025-03-02 00:00:00,172.56877
2025-03-02 01:00:00,146.9267
2025-03-02 02:00:00,140.71916
2025-03-02 03:00:00,194.21231
2025-03-02 04:00:00,258.22314
2025-03-02 05:00:00,376.88956
2025-03-02 06:00:00,657.3654
2025-03-02 07:00:00,1115.0149
2025-03-02 08:00:00,1296.1781
2025-03-02 09:00:00,1392.9995
2025-03-02 10:00:00,1387.3186
2025-03-02 11:00:00,1287.3346
2025-03-02 12:00:00,430.32803
2025-03-02 13:00:00,96.429375
2025-03-02 14:00:00,59.848427
2025-03-02 15:00:00,48.479958
2025-03-02 16:00:00,42.364918
2025-03-02 17:00:00,41.39307
2025-03-02 18:00:00,42.628494
2025-03-02 19:00:00,47.09589
2025-03-02 20:00:00,53.190376
2025-03-02 21:00:00,55.947235
2025-03-02 22:00:00,57.527378
2025-03-02 23:00:00,49.47258
2025-03-03 00:00:00,41.386353
2025-03-03 01:00:00,32.042107
2025-03-03 02:00:00,23.880424
2025-03-03 03:00:00,61.781948
2025-03-03 04:00:00,159.76826
2025-03-03 05:00:00,291.5328
2025-03-03 06:00:00,439.2122
2025-03-03 07:00:00,607.8247
2025-03-03 08:00:00,797.4432
2025-03-03 09:00:00,991.57196
2025-03-03 10:00:00,1006.8638
2025-03-03 11:00:00,1002.9311
2025-03-03 12:00:00,181.3418
2025-03-03 13:00:00,100.08075
2025-03-03 14:00:00,105.80551
2025-03-03 15:00:00,114.05967
2025-03-03 16:00:00,123.00191
2025-03-03 17:00:00,129.38321
2025-03-03 18:00:00,131.34502
2025-03-03 19:00:00,122.16046
2025-03-03 20:00:00,106.38902
2025-03-03 21:00:00,104.07522
2025-03-03 22:00:00,126.83293
2025-03-03 23:00:00,146.5011
2025-03-04 00:00:00,154.495
2025-03-04 01:00:00,140.53006
2025-03-04 02:00:00,164.06578
2025-03-04 03:00:00,316.71564
2025-03-04 04:00:00,501.53653
2025-03-04 05:00:00,706.1925
2025-03-04 06:00:00,1190.9376
2025-03-04 07:00:00,2087.7937
2025-03-04 08:00:00,2302.2832
2025-03-04 09:00:00,2320.7805
2025-03-04 10:00:00,2282.3643
2025-03-04 11:00:00,2154.0942
2025-03-04 12:00:00,1735.2632
2025-03-04 13:00:00,690.7824
2025-03-04 14:00:00,544.11566
2025-03-04 15:00:00,543.6521
2025-03-04 16:00:00,536.2841
2025-03-04 17:00:00,483.9525
2025-03-04 18:00:00,462.1726
2025-03-04 19:00:00,477.98468
2025-03-04 20:00:00,519.1223
2025-03-04 21:00:00,533.3705
2025-03-04 22:00:00,581.58075
2025-03-04 23:00:00,517.08716
2025-03-05 00:00:00,457.65536
2025-03-05 01:00:00,412.09128
2025-03-05 02:00:00,423.65155
2025-03-05 03:00:00,581.95526
2025-03-05 04:00:00,715.45844
2025-03-05 05:00:00,833.5357
2025-03-05 06:00:00,991.21094
2025-03-05 07:00:00,1141.005
2025-03-05 08:00:00,1265.3394
2025-03-05 09:00:00,1349.54
2025-03-05 10:00:00,1367.2905
2025-03-05 11:00:00,1350.4786
2025-03-05 12:00:00,1245.5255
2025-03-05 13:00:00,869.4275
2025-03-05 14:00:00,607.5356
2025-03-05 15:00:00,605.753
2025-03-05 16:00:00,672.95123
2025-03-05 17:00:00,641.4916
2025-03-05 18:00:00,588.7277
2025-03-05 19:00:00,486.23505
2025-03-05 20:00:00,395.18573
2025-03-05 21:00:00,351.35367
2025-03-05 22:00:00,330.76102
2025-03-05 23:00:00,307.95874
2025-03-06 00:00:00,289.27673
2025-03-06 01:00:00,256.97876
2025-03-06 02:00:00,254.88545
2025-03-06 03:00:00,397.8461
2025-03-06 04:00:00,541.09454
2025-03-06 05:00:00,629.0513
2025-03-06 06:00:00,774.4883
2025-03-06 07:00:00,886.2316
2025-03-06 08:00:00,987.95685
2025-03-06 09:00:00,1067.4358
2025-03-06 10:00:00,1142.6897
2025-03-06 11:00:00,1071.6436
2025-03-06 12:00:00,299.4268
2025-03-06 13:00:00,57.98896
2025-03-06 14:00:00,33.285484
2025-03-06 15:00:00,26.540337
2025-03-06 16:00:00,22.016207
2025-03-06 17:00:00,21.48816
2025-03-06 18:00:00,27.505827
2025-03-06 19:00:00,36.083817
2025-03-06 20:00:00,36.56988
2025-03-06 21:00:00,33.560005
2025-03-06 22:00:00,31.58692
2025-03-06 23:00:00,26.786367
2025-03-07 00:00:00,23.006353
2025-03-07 01:00:00,21.318422
2025-03-07 02:00:00,24.308361
2025-03-07 03:00:00,73.24057
2025-03-07 04:00:00,178.21353
2025-03-07 05:00:00,367.21317
2025-03-07 06:00:00,623.1537
2025-03-07 07:00:00,871.9432
2025-03-07 08:00:00,1036.487
2025-03-07 09:00:00,1173.0865
2025-03-07 10:00:00,1364.1078
2025-03-07 11:00:00,1299.9371
2025-03-07 12:00:00,491.53992
2025-03-07 13:00:00,87.994354
2025-03-07 14:00:00,45.530075
2025-03-07 15:00:00,42.56676
2025-03-07 16:00:00,43.973095
2025-03-07 17:00:00,39.838497
2025-03-07 18:00:00,45.438553
2025-03-07 19:00:00,60.765438
2025-03-07 20:00:00,64.31009
2025-03-07 21:00:00,60.582
2025-03-07 22:00:00,53.09397
2025-03-07 23:00:00,58.076122
2025-03-08 00:00:00,66.69166
2025-03-08 01:00:00,70.64796
2025-03-08 02:00:00,76.173744
2025-03-08 03:00:00,128.75165
2025-03-08 04:00:00,266.49146
2025-03-08 05:00:00,549.696
2025-03-08 06:00:00,894.5245
2025-03-08 07:00:00,1178.3966
2025-03-08 08:00:00,1374.3933
2025-03-08 09:00:00,1514.8398
2025-03-08 10:00:00,1594.6072
2025-03-08 11:00:00,1566.9053
2025-03-08 12:00:00,188.16109
2025-03-08 13:00:00,36.154354
2025-03-08 14:00:00,19.31987
2025-03-08 15:00:00,16.219519
2025-03-08 16:00:00,16.072563
2025-03-08 17:00:00,18.76659
2025-03-08 18:00:00,22.062328
2025-03-08 19:00:00,27.525461
2025-03-08 20:00:00,33.0434
2025-03-08 21:00:00,33.434746
2025-03-08 22:00:00,28.569765
2025-03-08 23:00:00,26.449987
2025-03-09 00:00:00,29.284544
2025-03-09 01:00:00,31.642244
2025-03-09 02:00:00,38.569057
2025-03-09 03:00:00,85.65352
2025-03-09 04:00:00,191.71027
2025-03-09 05:00:00,429.1461
2025-03-09 06:00:00,743.8387
2025-03-09 07:00:00,1009.8169
2025-03-09 08:00:00,1246.5679
2025-03-09 09:00:00,1454.803
2025-03-09 10:00:00,1571.3916
2025-03-09 11:00:00,1534.5414
2025-03-09 12:00:00,160.40616
2025-03-09 13:00:00,101.23814
2025-03-09 14:00:00,120.41742
2025-03-09 15:00:00,117.753555
2025-03-09 16:00:00,122.709694
2025-03-09 17:00:00,132.655
2025-03-09 18:00:00,127.664215
2025-03-09 19:00:00,123.16255
2025-03-09 20:00:00,126.500946
2025-03-09 21:00:00,121.117615
2025-03-09 22:00:00,131.6737
2025-03-09 23:00:00,128.72215
2025-03-10 00:00:00,137.5876
2025-03-10 01:00:00,146.46974
2025-03-10 02:00:00,177.40472
2025-03-10 03:00:00,272.86542
2025-03-10 04:00:00,401.4259
2025-03-10 05:00:00,567.1101
2025-03-10 06:00:00,783.1158
2025-03-10 07:00:00,999.81256
2025-03-10 08:00:00,1182.6486
2025-03-10 09:00:00,1326.7794
2025-03-10 10:00:00,1388.1847
2025-03-10 11:00:00,1281.5663
2025-03-10 12:00:00,154.72566
2025-03-10 13:00:00,65.5527
2025-03-10 14:00:00,63.35275
2025-03-10 15:00:00,68.22356
2025-03-10 16:00:00,68.09018
2025-03-10 17:00:00,61.015602
2025-03-10 18:00:00,57.61264
2025-03-10 19:00:00,52.44255
2025-03-10 20:00:00,44.08746
2025-03-10 21:00:00,37.776913
2025-03-10 22:00:00,33.75208
2025-03-10 23:00:00,25.987572
2025-03-11 00:00:00,22.152624
2025-03-11 01:00:00,20.625063
2025-03-11 02:00:00,20.821463
2025-03-11 03:00:00,52.68831
2025-03-11 04:00:00,161.49518
2025-03-11 05:00:00,307.7777
2025-03-11 06:00:00,508.83844
2025-03-11 07:00:00,776.48865
2025-03-11 08:00:00,1059.1279
2025-03-11 09:00:00,1272.7369
2025-03-11 10:00:00,1399.1898
2025-03-11 11:00:00,1125.4181
2025-03-11 12:00:00,319.71527
2025-03-11 13:00:00,106.826614
2025-03-11 14:00:00,83.985374
2025-03-11 15:00:00,73.35548
2025-03-11 16:00:00,59.715343
2025-03-11 17:00:00,51.00445
2025-03-11 18:00:00,48.99111
2025-03-11 19:00:00,50.649326
2025-03-11 20:00:00,56.569942
2025-03-11 21:00:00,61.744904
2025-03-11 22:00:00,74.530426
2025-03-11 23:00:00,74.74228
2025-03-12 00:00:00,73.38305
2025-03-12 01:00:00,74.1957
2025-03-12 02:00:00,97.04789
2025-03-12 03:00:00,165.42189
2025-03-12 04:00:00,272.74948
2025-03-12 05:00:00,441.15323
2025-03-12 06:00:00,633.229
2025-03-12 07:00:00,846.6136
2025-03-12 08:00:00,1106.9508
2025-03-12 09:00:00,1354.8744
2025-03-12 10:00:00,1351.16
2025-03-12 11:00:00,1333.4165
2025-03-12 12:00:00,661.80725
2025-03-12 13:00:00,120.8955
2025-03-12 14:00:00,64.283966
2025-03-12 15:00:00,53.203613
2025-03-12 16:00:00,47.837112
2025-03-12 17:00:00,45.25731
2025-03-12 18:00:00,47.398262
2025-03-12 19:00:00,54.385254
2025-03-12 20:00:00,60.106712
2025-03-12 21:00:00,61.475952
2025-03-12 22:00:00,63.458202
2025-03-12 23:00:00,49.5814
2025-03-13 00:00:00,44.065075
2025-03-13 01:00:00,45.683067
2025-03-13 02:00:00,57.21444
2025-03-13 03:00:00,108.50253
2025-03-13 04:00:00,206.36026
2025-03-13 05:00:00,424.84106
2025-03-13 06:00:00,736.5728
2025-03-13 07:00:00,1143.5498
2025-03-13 08:00:00,1532.0513
2025-03-13 09:00:00,1721.0339
2025-03-13 10:00:00,634.34515
2025-03-13 11:00:00,533.5497
2025-03-13 12:00:00,330.7358
2025-03-13 13:00:00,177.59842
2025-03-13 14:00:00,82.746735
2025-03-13 15:00:00,71.32021
2025-03-13 16:00:00,60.93789
2025-03-13 17:00:00,40.235836
2025-03-13 18:00:00,24.67094
2025-03-13 19:00:00,19.953812
2025-03-13 20:00:00,18.693712
2025-03-13 21:00:00,18.688156
2025-03-13 22:00:00,18.82279
2025-03-13 23:00:00,21.90899
2025-03-14 00:00:00,31.886707
2025-03-14 01:00:00,39.687492
2025-03-14 02:00:00,53.448116
2025-03-14 03:00:00,116.13725
2025-03-14 04:00:00,241.35622
2025-03-14 05:00:00,440.5968
2025-03-14 06:00:00,1012.4929
2025-03-14 07:00:00,1898.8326
2025-03-14 08:00:00,2284.0874
2025-03-14 09:00:00,2534.503
2025-03-14 10:00:00,777.9554
2025-03-14 11:00:00,643.0336
2025-03-14 12:00:00,229.8316
2025-03-14 13:00:00,117.09278
2025-03-14 14:00:00,64.91979
2025-03-14 15:00:00,65.82383
2025-03-14 16:00:00,112.25918
2025-03-14 17:00:00,161.33522
2025-03-14 18:00:00,167.64803
2025-03-14 19:00:00,132.80481
2025-03-14 20:00:00,109.676865
2025-03-14 21:00:00,116.984375
2025-03-14 22:00:00,228.61803
2025-03-14 23:00:00,288.03012
2025-03-15 00:00:00,336.01312
2025-03-15 01:00:00,359.36618
2025-03-15 02:00:00,370.46112
2025-03-15 03:00:00,414.11203
2025-03-15 04:00:00,512.5851
2025-03-15 05:00:00,674.1693
2025-03-15 06:00:00,872.4363
2025-03-15 07:00:00,1081.816
2025-03-15 08:00:00,1328.0121
2025-03-15 09:00:00,1646.3219
2025-03-15 10:00:00,1529.948
2025-03-15 11:00:00,1523.3345
2025-03-15 12:00:00,521.19586
2025-03-15 13:00:00,111.538185
2025-03-15 14:00:00,139.51062
2025-03-15 15:00:00,181.48424
2025-03-15 16:00:00,205.60414
2025-03-15 17:00:00,222.52518
2025-03-15 18:00:00,234.22063
2025-03-15 19:00:00,227.33908
2025-03-15 20:00:00,212.34402
2025-03-15 21:00:00,193.96144
2025-03-15 22:00:00,161.31941
2025-03-15 23:00:00,151.63383
2025-03-16 00:00:00,137.88075
2025-03-16 01:00:00,125.590576
2025-03-16 02:00:00,138.2985
2025-03-16 03:00:00,190.34444
2025-03-16 04:00:00,287.98297
2025-03-16 05:00:00,491.13712
2025-03-16 06:00:00,783.00116
2025-03-16 07:00:00,1291.6212
2025-03-16 08:00:00,1946.8553
2025-03-16 09:00:00,2213.8262
2025-03-16 10:00:00,1721.4738
2025-03-16 11:00:00,1598.3104
2025-03-16 12:00:00,1160.1981
2025-03-16 13:00:00,194.21246
2025-03-16 14:00:00,111.06805
2025-03-16 15:00:00,94.90126
2025-03-16 16:00:00,83.3735
2025-03-16 17:00:00,79.72707
2025-03-16 18:00:00,83.3872
2025-03-16 19:00:00,85.95472
2025-03-16 20:00:00,83.3635
2025-03-16 21:00:00,79.952255
2025-03-16 22:00:00,68.05158
2025-03-16 23:00:00,65.68151
2025-03-17 00:00:00,62.904396
2025-03-17 01:00:00,63.71088
2025-03-17 02:00:00,90.55993
2025-03-17 03:00:00,176.16562
2025-03-17 04:00:00,333.24203
2025-03-17 05:00:00,810.4075
2025-03-17 06:00:00,1607.8732
2025-03-17 07:00:00,1942.7483
2025-03-17 08:00:00,2070.9985
2025-03-17 09:00:00,2139.6719
2025-03-17 10:00:00,2080.8857
2025-03-17 11:00:00,1975.6603
2025-03-17 12:00:00,1597.1628
2025-03-17 13:00:00,155.62276
2025-03-17 14:00:00,70.90322
2025-03-17 15:00:00,56.660683
2025-03-17 16:00:00,49.202694
2025-03-17 17:00:00,46.882034
2025-03-17 18:00:00,48.051964
2025-03-17 19:00:00,55.08864
2025-03-17 20:00:00,65.48417
2025-03-17 21:00:00,80.66143
2025-03-17 22:00:00,88.0663
2025-03-17 23:00:00,91.86684
2025-03-18 00:00:00,87.02324
2025-03-18 01:00:00,71.31878
2025-03-18 02:00:00,81.71139
2025-03-18 03:00:00,161.00612
2025-03-18 04:00:00,350.18515
2025-03-18 05:00:00,1012.0925
2025-03-18 06:00:00,1218.438
2025-03-18 07:00:00,1394.2809
2025-03-18 08:00:00,1560.3004
2025-03-18 09:00:00,1683.5837
2025-03-18 10:00:00,1739.179
2025-03-18 11:00:00,1695.6787
2025-03-18 12:00:00,1135.2582
2025-03-18 13:00:00,90.56738
2025-03-18 14:00:00,53.178856
2025-03-18 15:00:00,45.576767
2025-03-18 16:00:00,40.38725
2025-03-18 17:00:00,38.2282
2025-03-18 18:00:00,38.619423
2025-03-18 19:00:00,40.237938
2025-03-18 20:00:00,39.8094
2025-03-18 21:00:00,39.509792
2025-03-18 22:00:00,41.197464
2025-03-18 23:00:00,33.470596
2025-03-19 00:00:00,28.731567
2025-03-19 01:00:00,30.351616
2025-03-19 02:00:00,38.713337
2025-03-19 03:00:00,89.64112
2025-03-19 04:00:00,282.84723
2025-03-19 05:00:00,658.66077
2025-03-19 06:00:00,925.29486
2025-03-19 07:00:00,1315.7009
2025-03-19 08:00:00,1727.2319
2025-03-19 09:00:00,2091.9976
2025-03-19 10:00:00,2377.1626
2025-03-19 11:00:00,2394.1924
2025-03-19 12:00:00,445.1077
2025-03-19 13:00:00,120.66913
2025-03-19 14:00:00,81.40432
2025-03-19 15:00:00,62.359154
2025-03-19 16:00:00,48.19683
2025-03-19 17:00:00,40.352627
2025-03-19 18:00:00,37.471283
2025-03-19 19:00:00,37.49651
2025-03-19 20:00:00,36.83934
2025-03-19 21:00:00,35.625046
2025-03-19 22:00:00,33.14657
2025-03-19 23:00:00,34.18351
2025-03-20 00:00:00,33.314503
2025-03-20 01:00:00,26.53901
2025-03-20 02:00:00,21.065681
2025-03-20 03:00:00,57.173023
2025-03-20 04:00:00,140.6858
2025-03-20 05:00:00,406.61844
2025-03-20 06:00:00,893.4718
2025-03-20 07:00:00,1608.5288
2025-03-20 08:00:00,2594.7327
2025-03-20 09:00:00,2681.1172
2025-03-20 10:00:00,2445.9614
2025-03-20 11:00:00,2128.2769
2025-03-20 12:00:00,589.9028
2025-03-20 13:00:00,113.96843
2025-03-20 14:00:00,63.54295
2025-03-20 15:00:00,51.25882
2025-03-20 16:00:00,49.214283
2025-03-20 17:00:00,53.560593
2025-03-20 18:00:00,60.452023
2025-03-20 19:00:00,67.519
2025-03-20 20:00:00,71.553696
2025-03-20 21:00:00,74.440704
2025-03-20 22:00:00,83.76375
2025-03-20 23:00:00,79.44263
2025-03-21 00:00:00,77.46704
2025-03-21 01:00:00,73.981575
2025-03-21 02:00:00,93.23076
2025-03-21 03:00:00,158.90697
2025-03-21 04:00:00,297.23007
2025-03-21 05:00:00,607.3586
2025-03-21 06:00:00,1051.2701
2025-03-21 07:00:00,1622.0177
2025-03-21 08:00:00,2294.44
2025-03-21 09:00:00,2388.1357
2025-03-21 10:00:00,2563.4714
2025-03-21 11:00:00,2393.4604
2025-03-21 12:00:00,1114.9313
2025-03-21 13:00:00,166.68304
2025-03-21 14:00:00,79.48543
2025-03-21 15:00:00,58.270195
2025-03-21 16:00:00,50.93912
2025-03-21 17:00:00,51.44226
2025-03-21 18:00:00,51.794113
2025-03-21 19:00:00,49.39718
2025-03-21 20:00:00,45.456715
2025-03-21 21:00:00,43.041046
2025-03-21 22:00:00,30.883814
2025-03-21 23:00:00,36.908897
2025-03-22 00:00:00,46.432774
2025-03-22 01:00:00,53.855072
2025-03-22 02:00:00,68.479614
2025-03-22 03:00:00,125.9929
2025-03-22 04:00:00,296.53766
2025-03-22 05:00:00,1030.5316
2025-03-22 06:00:00,2298.5007
2025-03-22 07:00:00,3324.7024
2025-03-22 08:00:00,3355.1057
2025-03-22 09:00:00,3210.8848
2025-03-22 10:00:00,2696.3538
2025-03-22 11:00:00,2408.8662
2025-03-22 12:00:00,758.8304
2025-03-22 13:00:00,84.63936
2025-03-22 14:00:00,54.29702
2025-03-22 15:00:00,46.90349
2025-03-22 16:00:00,34.931755
2025-03-22 17:00:00,24.133467
2025-03-22 18:00:00,19.088293
2025-03-22 19:00:00,17.334692
2025-03-22 20:00:00,18.608986
2025-03-22 21:00:00,23.176035
2025-03-22 22:00:00,29.58817
2025-03-22 23:00:00,30.921509
2025-03-23 00:00:00,26.750128
2025-03-23 01:00:00,24.741655
2025-03-23 02:00:00,29.242973
2025-03-23 03:00:00,83.5487
2025-03-23 04:00:00,244.98244
2025-03-23 05:00:00,675.1668
2025-03-23 06:00:00,1142.9282
2025-03-23 07:00:00,1455.995
2025-03-23 08:00:00,1648.2572
2025-03-23 09:00:00,1766.1725
2025-03-23 10:00:00,1757.7373
2025-03-23 11:00:00,1704.1268
2025-03-23 12:00:00,481.55902
2025-03-23 13:00:00,53.557915
2025-03-23 14:00:00,42.50576
2025-03-23 15:00:00,43.82089
2025-03-23 16:00:00,45.430645
2025-03-23 17:00:00,42.87047
2025-03-23 18:00:00,38.590122
2025-03-23 19:00:00,33.09657
2025-03-23 20:00:00,26.310705
2025-03-23 21:00:00,19.791183
2025-03-23 22:00:00,29.00142
2025-03-23 23:00:00,28.879335
2025-03-24 00:00:00,31.189692
2025-03-24 01:00:00,36.09982
2025-03-24 02:00:00,52.847137
2025-03-24 03:00:00,139.49565
2025-03-24 04:00:00,341.23865
2025-03-24 05:00:00,714.69763
2025-03-24 06:00:00,1257.2286
2025-03-24 07:00:00,1630.9747
2025-03-24 08:00:00,1875.4855
2025-03-24 09:00:00,2030.2308
2025-03-24 10:00:00,2027.1118
2025-03-24 11:00:00,1862.223
2025-03-24 12:00:00,224.96959
2025-03-24 13:00:00,72.15221
2025-03-24 14:00:00,58.86658
2025-03-24 15:00:00,62.010067
2025-03-24 16:00:00,61.48433
2025-03-24 17:00:00,57.393627
2025-03-24 18:00:00,49.616074
2025-03-24 19:00:00,44.138092
2025-03-24 20:00:00,38.959347
2025-03-24 21:00:00,35.334522
2025-03-24 22:00:00,39.320038
2025-03-24 23:00:00,39.5226
2025-03-25 00:00:00,41.551495
2025-03-25 01:00:00,43.632633
2025-03-25 02:00:00,60.13187
2025-03-25 03:00:00,128.08575
2025-03-25 04:00:00,261.8329
2025-03-25 05:00:00,461.04202
2025-03-25 06:00:00,772.31866
2025-03-25 07:00:00,1160.0911
2025-03-25 08:00:00,1688.6863
2025-03-25 09:00:00,2054.0527
2025-03-25 10:00:00,2223.631
2025-03-25 11:00:00,1913.4264
2025-03-25 12:00:00,384.7478
2025-03-25 13:00:00,132.50845
2025-03-25 14:00:00,102.38631
2025-03-25 15:00:00,85.861015
2025-03-25 16:00:00,67.98009
2025-03-25 17:00:00,52.387936
2025-03-25 18:00:00,39.62238
2025-03-25 19:00:00,29.050697
2025-03-25 20:00:00,21.91297
2025-03-25 21:00:00,18.297615
2025-03-25 22:00:00,19.495916
2025-03-25 23:00:00,22.170174
2025-03-26 00:00:00,24.216816
2025-03-26 01:00:00,27.849825
2025-03-26 02:00:00,40.907146
2025-03-26 03:00:00,108.8275
2025-03-26 04:00:00,260.79642
2025-03-26 05:00:00,525.57336
2025-03-26 06:00:00,1078.9037
2025-03-26 07:00:00,2286.4473
2025-03-26 08:00:00,2987.1196
2025-03-26 09:00:00,3213.8438
2025-03-26 10:00:00,3054.8403
2025-03-26 11:00:00,2980.439
2025-03-26 12:00:00,175.88084
2025-03-26 13:00:00,40.048195
2025-03-26 14:00:00,33.563442
2025-03-26 15:00:00,35.593483
2025-03-26 16:00:00,41.549774
2025-03-26 17:00:00,47.64809
2025-03-26 18:00:00,50.3739
2025-03-26 19:00:00,48.14797
2025-03-26 20:00:00,41.33269
2025-03-26 21:00:00,34.601395
2025-03-26 22:00:00,30.939331
2025-03-26 23:00:00,40.12933
2025-03-27 00:00:00,48.752518
2025-03-27 01:00:00,53.911167
2025-03-27 02:00:00,79.91084
2025-03-27 03:00:00,181.54199
2025-03-27 04:00:00,395.75012
2025-03-27 05:00:00,722.0011
2025-03-27 06:00:00,1285.0916
2025-03-27 07:00:00,2130.5642
2025-03-27 08:00:00,2573.417
2025-03-27 09:00:00,2676.7358
2025-03-27 10:00:00,2563.1526
2025-03-27 11:00:00,2478.188
2025-03-27 12:00:00,747.9602
2025-03-27 13:00:00,68.19569
2025-03-27 14:00:00,40.77928
2025-03-27 15:00:00,36.22168
2025-03-27 16:00:00,36.48826
2025-03-27 17:00:00,41.721535
2025-03-27 18:00:00,59.526154
2025-03-27 19:00:00,92.72997
2025-03-27 20:00:00,135.3164
2025-03-27 21:00:00,187.37025
2025-03-27 22:00:00,258.87488
2025-03-27 23:00:00,304.02808
2025-03-28 00:00:00,319.35333
2025-03-28 01:00:00,275.26282
2025-03-28 02:00:00,291.265
2025-03-28 03:00:00,449.13123
2025-03-28 04:00:00,786.25305
2025-03-28 05:00:00,1098.126
2025-03-28 06:00:00,1277.6075
2025-03-28 07:00:00,1393.5856
2025-03-28 08:00:00,1501.5006
2025-03-28 09:00:00,1564.7742
2025-03-28 10:00:00,1525.86
2025-03-28 11:00:00,1466.9586
2025-03-28 12:00:00,1357.1681
2025-03-28 13:00:00,418.21432
2025-03-28 14:00:00,344.90475
2025-03-28 15:00:00,383.1936
2025-03-28 16:00:00,407.16992
2025-03-28 17:00:00,407.46124
2025-03-28 18:00:00,383.20728
2025-03-28 19:00:00,356.2782
2025-03-28 20:00:00,332.62265
2025-03-28 21:00:00,329.54483
2025-03-28 22:00:00,353.29688
2025-03-28 23:00:00,340.7274
2025-03-29 00:00:00,313.6923
2025-03-29 01:00:00,277.2531
2025-03-29 02:00:00,328.05145
2025-03-29 03:00:00,464.0033
2025-03-29 04:00:00,672.8212
2025-03-29 05:00:00,806.23517
2025-03-29 06:00:00,908.89734
2025-03-29 07:00:00,1003.2442
2025-03-29 08:00:00,1067.8248
2025-03-29 09:00:00,1099.0023
2025-03-29 10:00:00,1101.3829
2025-03-29 11:00:00,1081.6483
2025-03-29 12:00:00,1011.40717
2025-03-29 13:00:00,410.31015
2025-03-29 14:00:00,195.2228
2025-03-29 15:00:00,179.19035
2025-03-29 16:00:00,180.73073
2025-03-29 17:00:00,201.01933
2025-03-29 18:00:00,213.88525
2025-03-29 19:00:00,210.06699
2025-03-29 20:00:00,192.03166
2025-03-29 21:00:00,180.78432
2025-03-29 22:00:00,181.07693
2025-03-29 23:00:00,176.15045
2025-03-30 00:00:00,167.47327
2025-03-30 01:00:00,156.94594
2025-03-30 02:00:00,191.25346
2025-03-30 03:00:00,289.86765
2025-03-30 04:00:00,507.6006
2025-03-30 05:00:00,853.0609
2025-03-30 06:00:00,991.702
2025-03-30 07:00:00,1095.9647
2025-03-30 08:00:00,1180.992
2025-03-30 09:00:00,1253.3004
2025-03-30 10:00:00,1305.7397
2025-03-30 11:00:00,1292.2275
2025-03-30 12:00:00,957.52454
2025-03-30 13:00:00,128.1812
2025-03-30 14:00:00,69.10721
2025-03-30 15:00:00,57.19315
2025-03-30 16:00:00,53.512238
2025-03-30 17:00:00,55.863407
2025-03-30 18:00:00,63.09459
2025-03-30 19:00:00,69.76614
2025-03-30 20:00:00,73.163826
2025-03-30 21:00:00,73.30886
2025-03-30 22:00:00,70.55861
2025-03-30 23:00:00,63.78789
2025-03-31 00:00:00,55.671055
2025-03-31 01:00:00,51.569202
2025-03-31 02:00:00,68.00137
2025-03-31 03:00:00,140.74689
2025-03-31 04:00:00,338.93835
2025-03-31 05:00:00,643.17957
2025-03-31 06:00:00,952.4563
2025-03-31 07:00:00,1283.8672
2025-03-31 08:00:00,1561.282
2025-03-31 09:00:00,1753.7074
2025-03-31 10:00:00,1984.9164
2025-03-31 11:00:00,1931.8135
2025-03-31 12:00:00,842.7536
2025-03-31 13:00:00,144.8463
2025-03-31 14:00:00,90.94796
2025-03-31 15:00:00,81.020996
2025-03-31 16:00:00,83.97418
2025-03-31 17:00:00,95.75646
2025-03-31 18:00:00,113.05034
2025-03-31 19:00:00,119.97322
2025-03-31 20:00:00,113.16437
2025-03-31 21:00:00,99.80413
2025-03-31 22:00:00,103.701096
2025-03-31 23:00:00,85.53538
2025-04-01 00:00:00,72.76081
2025-04-01 01:00:00,63.417988
2025-04-01 02:00:00,84.08277
2025-04-01 03:00:00,171.8836
2025-04-01 04:00:00,332.14526
2025-04-01 05:00:00,900.7614
2025-04-01 06:00:00,1601.9474
2025-04-01 07:00:00,1833.6456
2025-04-01 08:00:00,1977.1791
2025-04-01 09:00:00,2073.58
2025-04-01 10:00:00,2017.5472
2025-04-01 11:00:00,1918.5988
2025-04-01 12:00:00,1165.6414
2025-04-01 13:00:00,131.59763
2025-04-01 14:00:00,69.00055
2025-04-01 15:00:00,56.434113
2025-04-01 16:00:00,50.135727
2025-04-01 17:00:00,47.205933
2025-04-01 18:00:00,44.57786
2025-04-01 19:00:00,42.274487
2025-04-01 20:00:00,39.4879
2025-04-01 21:00:00,38.263947
2025-04-01 22:00:00,31.761574
2025-04-01 23:00:00,26.875896
2025-04-02 00:00:00,20.944075
2025-04-02 01:00:00,18.350317
2025-04-02 02:00:00,23.195467
2025-04-02 03:00:00,76.22016
2025-04-02 04:00:00,272.5787
2025-04-02 05:00:00,643.51715
2025-04-02 06:00:00,937.8232
2025-04-02 07:00:00,1382.4762
2025-04-02 08:00:00,1875.1383
2025-04-02 09:00:00,2184.9905
2025-04-02 10:00:00,2080.4846
2025-04-02 11:00:00,1911.3922
2025-04-02 12:00:00,503.89426
2025-04-02 13:00:00,99.479706
2025-04-02 14:00:00,66.11775
2025-04-02 15:00:00,57.881767
2025-04-02 16:00:00,48.832516
2025-04-02 17:00:00,43.22426
2025-04-02 18:00:00,39.128937
2025-04-02 19:00:00,35.337784
2025-04-02 20:00:00,33.41117
2025-04-02 21:00:00,32.45022
2025-04-02 22:00:00,33.069958
2025-04-02 23:00:00,28.604364
2025-04-03 00:00:00,22.357212
2025-04-03 01:00:00,17.89035
2025-04-03 02:00:00,20.97653
2025-04-03 03:00:00,79.90668
2025-04-03 04:00:00,211.43423
2025-04-03 05:00:00,545.511
2025-04-03 06:00:00,899.24927
2025-04-03 07:00:00,2338.7253
2025-04-03 08:00:00,3458.1003
2025-04-03 09:00:00,3870.5
2025-04-03 10:00:00,2153.6096
2025-04-03 11:00:00,2153.1667
2025-04-03 12:00:00,248.56465
2025-04-03 13:00:00,106.931915
2025-04-03 14:00:00,61.052197
2025-04-03 15:00:00,43.835117
2025-04-03 16:00:00,39.714973
2025-04-03 17:00:00,47.5325
2025-04-03 18:00:00,60.607685
2025-04-03 19:00:00,66.55202
2025-04-03 20:00:00,55.5434
2025-04-03 21:00:00,39.501743
2025-04-03 22:00:00,26.02599
2025-04-03 23:00:00,25.112
2025-04-04 00:00:00,31.944813
2025-04-04 01:00:00,44.75054
2025-04-04 02:00:00,72.135124
2025-04-04 03:00:00,120.47334
2025-04-04 04:00:00,209.69566
2025-04-04 05:00:00,443.73196
2025-04-04 06:00:00,1262.297
2025-04-04 07:00:00,2158.0945
2025-04-04 08:00:00,3115.968
2025-04-04 09:00:00,3347.2412
2025-04-04 10:00:00,2785.6743
2025-04-04 11:00:00,2461.8708
2025-04-04 12:00:00,1275.5177
2025-04-04 13:00:00,172.74644
2025-04-04 14:00:00,94.63765
2025-04-04 15:00:00,90.18491
2025-04-04 16:00:00,108.3141
2025-04-04 17:00:00,139.50659
2025-04-04 18:00:00,157.43747
2025-04-04 19:00:00,150.94449
2025-04-04 20:00:00,134.07439
2025-04-04 21:00:00,117.05661
2025-04-04 22:00:00,101.373566
2025-04-04 23:00:00,86.16528
2025-04-05 00:00:00,83.01011
2025-04-05 01:00:00,81.20679
2025-04-05 02:00:00,121.81237
2025-04-05 03:00:00,227.04268
2025-04-05 04:00:00,400.3824
2025-04-05 05:00:00,960.5003
2025-04-05 06:00:00,1475.9196
2025-04-05 07:00:00,1665.6886
2025-04-05 08:00:00,1773.7188
2025-04-05 09:00:00,1852.0452
2025-04-05 10:00:00,1936.0201
2025-04-05 11:00:00,1871.5085
2025-04-05 12:00:00,1514.1757
2025-04-05 13:00:00,148.2388
2025-04-05 14:00:00,66.64216
2025-04-05 15:00:00,55.210663
2025-04-05 16:00:00,51.784054
2025-04-05 17:00:00,50.61875
2025-04-05 18:00:00,53.412632
2025-04-05 19:00:00,57.70813
2025-04-05 20:00:00,55.253086
2025-04-05 21:00:00,49.333878
2025-04-05 22:00:00,44.834366
2025-04-05 23:00:00,42.045544
2025-04-06 00:00:00,40.898155
2025-04-06 01:00:00,40.604843
2025-04-06 02:00:00,56.649586
2025-04-06 03:00:00,116.68611
2025-04-06 04:00:00,300.90887
2025-04-06 05:00:00,769.5997
2025-04-06 06:00:00,1252.052
2025-04-06 07:00:00,1674.4414
2025-04-06 08:00:00,1925.8661
2025-04-06 09:00:00,2039.8376
2025-04-06 10:00:00,2056.0537
2025-04-06 11:00:00,1837.3085
2025-04-06 12:00:00,745.9457
2025-04-06 13:00:00,77.70142
2025-04-06 14:00:00,45.65636
2025-04-06 15:00:00,41.734547
2025-04-06 16:00:00,38.871414
2025-04-06 17:00:00,34.65274
2025-04-06 18:00:00,29.713478
2025-04-06 19:00:00,26.258963
2025-04-06 20:00:00,25.137812
2025-04-06 21:00:00,29.104473
2025-04-06 22:00:00,40.840717
2025-04-06 23:00:00,49.1723
2025-04-07 00:00:00,53.537918
2025-04-07 01:00:00,59.567284
2025-04-07 02:00:00,95.73632
2025-04-07 03:00:00,195.18584
2025-04-07 04:00:00,389.34
2025-04-07 05:00:00,852.2875
2025-04-07 06:00:00,1219.0088
2025-04-07 07:00:00,1526.9847
2025-04-07 08:00:00,1781.6447
2025-04-07 09:00:00,1958.4955
2025-04-07 10:00:00,1910.2048
2025-04-07 11:00:00,1770.6312
2025-04-07 12:00:00,557.5291
2025-04-07 13:00:00,91.39733
2025-04-07 14:00:00,68.785576
2025-04-07 15:00:00,63.38489
2025-04-07 16:00:00,60.483574
2025-04-07 17:00:00,59.50789
2025-04-07 18:00:00,61.001305
2025-04-07 19:00:00,65.49972
2025-04-07 20:00:00,69.19286
2025-04-07 21:00:00,75.41327
2025-04-07 22:00:00,97.73131
2025-04-07 23:00:00,105.14182
2025-04-08 00:00:00,105.83761
2025-04-08 01:00:00,113.28077
2025-04-08 02:00:00,178.21086
2025-04-08 03:00:00,301.55084
2025-04-08 04:00:00,459.007
2025-04-08 05:00:00,667.1094
2025-04-08 06:00:00,1041.5055
2025-04-08 07:00:00,1666.5548
2025-04-08 08:00:00,2000.7013
2025-04-08 09:00:00,2187.2441
2025-04-08 10:00:00,2251.7798
2025-04-08 11:00:00,2010.8558
2025-04-08 12:00:00,716.00146
2025-04-08 13:00:00,113.51042
2025-04-08 14:00:00,88.18741
2025-04-08 15:00:00,89.413826
2025-04-08 16:00:00,101.03287
2025-04-08 17:00:00,125.75219
2025-04-08 18:00:00,160.66072
2025-04-08 19:00:00,184.62221
2025-04-08 20:00:00,187.26495
2025-04-08 21:00:00,179.26797
2025-04-08 22:00:00,229.9504
2025-04-08 23:00:00,208.49687
2025-04-09 00:00:00,176.14975
2025-04-09 01:00:00,153.28773
2025-04-09 02:00:00,227.72163
2025-04-09 03:00:00,356.38016
2025-04-09 04:00:00,492.2998
2025-04-09 05:00:00,729.5315
2025-04-09 06:00:00,1147.9265
2025-04-09 07:00:00,1759.2311
2025-04-09 08:00:00,2192.0015
2025-04-09 09:00:00,2396.751
2025-04-09 10:00:00,1733.8286
2025-04-09 11:00:00,1075.8501
2025-04-09 12:00:00,288.25912
2025-04-09 13:00:00,77.2223
2025-04-09 14:00:00,78.26701
2025-04-09 15:00:00,63.793137
2025-04-09 16:00:00,41.302834
2025-04-09 17:00:00,25.159369
2025-04-09 18:00:00,24.658459
2025-04-09 19:00:00,29.342365
2025-04-09 20:00:00,40.769573
2025-04-09 21:00:00,53.133854
2025-04-09 22:00:00,58.88281
2025-04-09 23:00:00,57.424057
2025-04-10 00:00:00,49.100426
2025-04-10 01:00:00,50.54803
2025-04-10 02:00:00,106.10474
2025-04-10 03:00:00,241.29951
2025-04-10 04:00:00,432.6243
2025-04-10 05:00:00,696.69904
2025-04-10 06:00:00,1065.361
2025-04-10 07:00:00,1766.1974
2025-04-10 08:00:00,2553.0325
2025-04-10 09:00:00,2069.9795
2025-04-10 10:00:00,719.8432
2025-04-10 11:00:00,657.0027
2025-04-10 12:00:00,435.1911
2025-04-10 13:00:00,158.73917
2025-04-10 14:00:00,231.80237
2025-04-10 15:00:00,159.66298
2025-04-10 16:00:00,157.0772
2025-04-10 17:00:00,255.86652
2025-04-10 18:00:00,338.7461
2025-04-10 19:00:00,322.3982
2025-04-10 20:00:00,317.98328
2025-04-10 21:00:00,348.35706
2025-04-10 22:00:00,431.93808
2025-04-10 23:00:00,459.33746
2025-04-11 00:00:00,462.25348
2025-04-11 01:00:00,451.60956
2025-04-11 02:00:00,493.86496
2025-04-11 03:00:00,590.5014
2025-04-11 04:00:00,734.17224
2025-04-11 05:00:00,927.1601
2025-04-11 06:00:00,1174.8065
2025-04-11 07:00:00,1435.2137
2025-04-11 08:00:00,1676.7786
2025-04-11 09:00:00,1821.515
2025-04-11 10:00:00,1462.3188
2025-04-11 11:00:00,1417.9962
2025-04-11 12:00:00,1289.8765
2025-04-11 13:00:00,165.25592
2025-04-11 14:00:00,195.65955
2025-04-11 15:00:00,240.72629
2025-04-11 16:00:00,205.31232
2025-04-11 17:00:00,191.56613
2025-04-11 18:00:00,185.3042
2025-04-11 19:00:00,178.9942
2025-04-11 20:00:00,148.63113
2025-04-11 21:00:00,123.5866
2025-04-11 22:00:00,178.0978
2025-04-11 23:00:00,221.80707
2025-04-12 00:00:00,217.59961
2025-04-12 01:00:00,197.55177
2025-04-12 02:00:00,267.32648
2025-04-12 03:00:00,374.1802
2025-04-12 04:00:00,567.2266
2025-04-12 05:00:00,914.83154
2025-04-12 06:00:00,1515.2517
2025-04-12 07:00:00,1993.4591
2025-04-12 08:00:00,2223.6064
2025-04-12 09:00:00,2344.7764
2025-04-12 10:00:00,1743.7212
2025-04-12 11:00:00,972.9149
2025-04-12 12:00:00,518.98755
2025-04-12 13:00:00,216.0209
2025-04-12 14:00:00,133.72324
2025-04-12 15:00:00,145.54875
2025-04-12 16:00:00,153.22801
2025-04-12 17:00:00,134.77489
2025-04-12 18:00:00,103.11695
2025-04-12 19:00:00,74.81226
2025-04-12 20:00:00,63.685158
2025-04-12 21:00:00,58.42826
2025-04-12 22:00:00,47.865196
2025-04-12 23:00:00,34.465477
2025-04-13 00:00:00,25.717878
2025-04-13 01:00:00,29.304298
2025-04-13 02:00:00,98.20483
2025-04-13 03:00:00,273.3152
2025-04-13 04:00:00,558.71277
2025-04-13 05:00:00,1071.6726
2025-04-13 06:00:00,2114.753
2025-04-13 07:00:00,2321.6406
2025-04-13 08:00:00,2507.2996
2025-04-13 09:00:00,2586.6777
2025-04-13 10:00:00,2605.6248
2025-04-13 11:00:00,2520.918
2025-04-13 12:00:00,2344.761
2025-04-13 13:00:00,94.26036
2025-04-13 14:00:00,46.873302
2025-04-13 15:00:00,41.335537
2025-04-13 16:00:00,44.098534
2025-04-13 17:00:00,48.28314
2025-04-13 18:00:00,50.698776
2025-04-13 19:00:00,51.102398
2025-04-13 20:00:00,49.688404
2025-04-13 21:00:00,49.432274
2025-04-13 22:00:00,79.70548
2025-04-13 23:00:00,72.5548
2025-04-14 00:00:00,63.892967
2025-04-14 01:00:00,67.53352
2025-04-14 02:00:00,148.98854
2025-04-14 03:00:00,312.56076
2025-04-14 04:00:00,527.0818
2025-04-14 05:00:00,1091.3743
2025-04-14 06:00:00,1878.6909
2025-04-14 07:00:00,2344.4773
2025-04-14 08:00:00,2582.3328
2025-04-14 09:00:00,2694.528
2025-04-14 10:00:00,2682.9998
2025-04-14 11:00:00,2688.917
2025-04-14 12:00:00,2311.3354
2025-04-14 13:00:00,243.11473
2025-04-14 14:00:00,163.51306
2025-04-14 15:00:00,175.31378
2025-04-14 16:00:00,171.84917
2025-04-14 17:00:00,165.43295
2025-04-14 18:00:00,165.5941
2025-04-14 19:00:00,168.77957
2025-04-14 20:00:00,177.9786
2025-04-14 21:00:00,180.29672
2025-04-14 22:00:00,40.55018
2025-04-14 23:00:00,34.82356
2025-04-15 00:00:00,43.890926
2025-04-15 01:00:00,64.21421
2025-04-15 02:00:00,161.4972
2025-04-15 03:00:00,351.3284
2025-04-15 04:00:00,722.84766
2025-04-15 05:00:00,1512.3523
2025-04-15 06:00:00,1892.9159
2025-04-15 07:00:00,2189.0945
2025-04-15 08:00:00,2459.6938
2025-04-15 09:00:00,2573.0015
2025-04-15 10:00:00,2504.4565
2025-04-15 11:00:00,2370.267
2025-04-15 12:00:00,1986.9905
2025-04-15 13:00:00,128.4177
2025-04-15 14:00:00,78.83086
2025-04-15 15:00:00,75.629
2025-04-15 16:00:00,78.85999
2025-04-15 17:00:00,86.01796
2025-04-15 18:00:00,97.054794
2025-04-15 19:00:00,99.43642
2025-04-15 20:00:00,98.26375
2025-04-15 21:00:00,99.04416
2025-04-15 22:00:00,80.84959
2025-04-15 23:00:00,87.20863
2025-04-16 00:00:00,92.68672
2025-04-16 01:00:00,106.94232
2025-04-16 02:00:00,203.56264
2025-04-16 03:00:00,394.28333
2025-04-16 04:00:00,903.5577
2025-04-16 05:00:00,1482.4526
2025-04-16 06:00:00,2204.7964
2025-04-16 07:00:00,2476.1204
2025-04-16 08:00:00,2618.0322
2025-04-16 09:00:00,2685.107
2025-04-16 10:00:00,2833.5635
2025-04-16 11:00:00,2715.5632
2025-04-16 12:00:00,2108.959
2025-04-16 13:00:00,156.51994
2025-04-16 14:00:00,157.53831
2025-04-16 15:00:00,165.04219
2025-04-16 16:00:00,161.6419
2025-04-16 17:00:00,137.68323
2025-04-16 18:00:00,104.12853
2025-04-16 19:00:00,87.951805
2025-04-16 20:00:00,79.88838
2025-04-16 21:00:00,79.06616
2025-04-16 22:00:00,66.60932
2025-04-16 23:00:00,99.778366
2025-04-17 00:00:00,122.39182
2025-04-17 01:00:00,134.95152
2025-04-17 02:00:00,190.74507
2025-04-17 03:00:00,350.47098
2025-04-17 04:00:00,579.326
2025-04-17 05:00:00,850.8426
2025-04-17 06:00:00,1299.6764
2025-04-17 07:00:00,1843.8104
2025-04-17 08:00:00,2621.8694
2025-04-17 09:00:00,2960.35
2025-04-17 10:00:00,1996.4829
2025-04-17 11:00:00,2051.2202
2025-04-17 12:00:00,1187.3828
2025-04-17 13:00:00,165.51512
2025-04-17 14:00:00,104.4878
2025-04-17 15:00:00,98.45126
2025-04-17 16:00:00,100.75341
2025-04-17 17:00:00,111.69649
2025-04-17 18:00:00,124.631096
2025-04-17 19:00:00,134.33304
2025-04-17 20:00:00,139.18243
2025-04-17 21:00:00,143.93068
2025-04-17 22:00:00,137.27454
2025-04-17 23:00:00,93.47623
2025-04-18 00:00:00,75.51476
2025-04-18 01:00:00,94.70835
2025-04-18 02:00:00,202.52296
2025-04-18 03:00:00,322.36798
2025-04-18 04:00:00,480.05832
2025-04-18 05:00:00,723.07
2025-04-18 06:00:00,1112.6309
2025-04-18 07:00:00,1418.225
2025-04-18 08:00:00,1694.7714
2025-04-18 09:00:00,2057.3994
2025-04-18 10:00:00,1868.2996
2025-04-18 11:00:00,2054.9395
2025-04-18 12:00:00,1401.5934
2025-04-18 13:00:00,208.31903
2025-04-18 14:00:00,218.05904
2025-04-18 15:00:00,293.92657
2025-04-18 16:00:00,398.126
2025-04-18 17:00:00,411.21008
2025-04-18 18:00:00,404.61523
2025-04-18 19:00:00,414.0961
2025-04-18 20:00:00,418.85034
2025-04-18 21:00:00,408.04962
2025-04-18 22:00:00,297.56595
2025-04-18 23:00:00,310.69897
2025-04-19 00:00:00,323.80777
2025-04-19 01:00:00,329.01767
2025-04-19 02:00:00,382.03595
2025-04-19 03:00:00,478.5706
2025-04-19 04:00:00,682.42773
2025-04-19 05:00:00,1071.8589
2025-04-19 06:00:00,1712.2242
2025-04-19 07:00:00,2370.0908
2025-04-19 08:00:00,2965.0874
2025-04-19 09:00:00,3323.8992
2025-04-19 10:00:00,3147.903
2025-04-19 11:00:00,2915.4272
2025-04-19 12:00:00,2168.7134
2025-04-19 13:00:00,456.46106
2025-04-19 14:00:00,367.05005
2025-04-19 15:00:00,375.67197
2025-04-19 16:00:00,390.6769
2025-04-19 17:00:00,395.4042
2025-04-19 18:00:00,377.7786
2025-04-19 19:00:00,349.34976
2025-04-19 20:00:00,325.01923
2025-04-19 21:00:00,316.72437
2025-04-19 22:00:00,338.4494
2025-04-19 23:00:00,302.43323
2025-04-20 00:00:00,258.51443
2025-04-20 01:00:00,227.14308
2025-04-20 02:00:00,260.70374
2025-04-20 03:00:00,377.47205
2025-04-20 04:00:00,620.44037
2025-04-20 05:00:00,979.2933
2025-04-20 06:00:00,2157.7927
2025-04-20 07:00:00,2835.1394
2025-04-20 08:00:00,2779.992
2025-04-20 09:00:00,2768.0054
2025-04-20 10:00:00,3654.8071
2025-04-20 11:00:00,3607.755
2025-04-20 12:00:00,1725.5876
2025-04-20 13:00:00,90.15217
2025-04-20 14:00:00,100.149796
2025-04-20 15:00:00,139.04701
2025-04-20 16:00:00,174.59201
2025-04-20 17:00:00,201.37105
2025-04-20 18:00:00,195.30714
2025-04-20 19:00:00,155.819
2025-04-20 20:00:00,114.12005
2025-04-20 21:00:00,85.40776
2025-04-20 22:00:00,81.507744
2025-04-20 23:00:00,90.63199
2025-04-21 00:00:00,80.92934
2025-04-21 01:00:00,69.94707
2025-04-21 02:00:00,122.08958
2025-04-21 03:00:00,255.97623
2025-04-21 04:00:00,436.83728
2025-04-21 05:00:00,773.4782
2025-04-21 06:00:00,1779.7725
2025-04-21 07:00:00,2990.4395
2025-04-21 08:00:00,3191.1318
2025-04-21 09:00:00,3256.0466
2025-04-21 10:00:00,3145.2139
2025-04-21 11:00:00,3071.2441
2025-04-21 12:00:00,1341.7601
2025-04-21 13:00:00,170.87225
2025-04-21 14:00:00,97.16046
2025-04-21 15:00:00,89.874
2025-04-21 16:00:00,87.910225
2025-04-21 17:00:00,92.04782
2025-04-21 18:00:00,100.15045
2025-04-21 19:00:00,106.56785
2025-04-21 20:00:00,108.1636
2025-04-21 21:00:00,100.783264
2025-04-21 22:00:00,67.973915
2025-04-21 23:00:00,58.962624
2025-04-22 00:00:00,53.09547
2025-04-22 01:00:00,56.228012
2025-04-22 02:00:00,86.819405
2025-04-22 03:00:00,152.24977
2025-04-22 04:00:00,269.09903
2025-04-22 05:00:00,1696.5316
2025-04-22 06:00:00,2259.755
2025-04-22 07:00:00,2439.7585
2025-04-22 08:00:00,2581.6138
2025-04-22 09:00:00,2670.985
2025-04-22 10:00:00,2738.44
2025-04-22 11:00:00,2699.519
2025-04-22 12:00:00,1696.3743
2025-04-22 13:00:00,135.23459
2025-04-22 14:00:00,68.326004
2025-04-22 15:00:00,59.069412
2025-04-22 16:00:00,62.970715
2025-04-22 17:00:00,77.131775
2025-04-22 18:00:00,101.53404
2025-04-22 19:00:00,117.545906
2025-04-22 20:00:00,121.749886
2025-04-22 21:00:00,107.68377
2025-04-22 22:00:00,77.12974
2025-04-22 23:00:00,59.394703
2025-04-23 00:00:00,48.846962
2025-04-23 01:00:00,49.425655
2025-04-23 02:00:00,88.74069
2025-04-23 03:00:00,184.47607
2025-04-23 04:00:00,362.2033
2025-04-23 05:00:00,1438.288
2025-04-23 06:00:00,2330.19
2025-04-23 07:00:00,2416.5815
2025-04-23 08:00:00,2481.5908
2025-04-23 09:00:00,2541.2234
2025-04-23 10:00:00,2546.3894
2025-04-23 11:00:00,2529.088
2025-04-23 12:00:00,2017.3828
2025-04-23 13:00:00,127.77986
2025-04-23 14:00:00,54.538788
2025-04-23 15:00:00,41.713078
2025-04-23 16:00:00,39.77351
2025-04-23 17:00:00,41.89631
2025-04-23 18:00:00,46.65525
2025-04-23 19:00:00,51.92573
2025-04-23 20:00:00,53.741524
2025-04-23 21:00:00,50.87224
2025-04-23 22:00:00,45.13999
2025-04-23 23:00:00,48.572304
2025-04-24 00:00:00,54.079506
2025-04-24 01:00:00,63.12577
2025-04-24 02:00:00,99.04059
2025-04-24 03:00:00,168.33829
2025-04-24 04:00:00,289.1646
2025-04-24 05:00:00,641.5744
2025-04-24 06:00:00,2439.5508
2025-04-24 07:00:00,3099.9556
2025-04-24 08:00:00,3594.5068
2025-04-24 09:00:00,3954.1194
2025-04-24 10:00:00,4717.5923
2025-04-24 11:00:00,4631.983
2025-04-24 12:00:00,1840.7495
2025-04-24 13:00:00,62.946793
2025-04-24 14:00:00,24.783699
2025-04-24 15:00:00,20.561289
2025-04-24 16:00:00,23.586594
2025-04-24 17:00:00,27.591562
2025-04-24 18:00:00,31.778252
2025-04-24 19:00:00,36.717216
2025-04-24 20:00:00,36.195847
2025-04-24 21:00:00,34.590412
2025-04-24 22:00:00,34.82852
2025-04-24 23:00:00,33.138397
2025-04-25 00:00:00,37.255035
2025-04-25 01:00:00,47.924232
2025-04-25 02:00:00,84.199295
2025-04-25 03:00:00,157.31868
2025-04-25 04:00:00,276.814
2025-04-25 05:00:00,772.55164
2025-04-25 06:00:00,2718.846
2025-04-25 07:00:00,3861.1626
2025-04-25 08:00:00,4475.1646
2025-04-25 09:00:00,4653.1978
2025-04-25 10:00:00,4775.166
2025-04-25 11:00:00,4633.705
2025-04-25 12:00:00,1100.8662
2025-04-25 13:00:00,109.80996
2025-04-25 14:00:00,52.236263
2025-04-25 15:00:00,36.05069
2025-04-25 16:00:00,31.758137
2025-04-25 17:00:00,35.284058
2025-04-25 18:00:00,37.955944
2025-04-25 19:00:00,37.618324
2025-04-25 20:00:00,35.90775
2025-04-25 21:00:00,32.50587
2025-04-25 22:00:00,26.361732
2025-04-25 23:00:00,22.575478
2025-04-26 00:00:00,19.665869
2025-04-26 01:00:00,18.796667
2025-04-26 02:00:00,29.27273
2025-04-26 03:00:00,107.97691
2025-04-26 04:00:00,419.65524
2025-04-26 05:00:00,1046.4313
2025-04-26 06:00:00,3405.4912
2025-04-26 07:00:00,4389.347
2025-04-26 08:00:00,4668.1626
2025-04-26 09:00:00,4589.72
2025-04-26 10:00:00,3853.1868
2025-04-26 11:00:00,2917.3323
2025-04-26 12:00:00,1230.9801
2025-04-26 13:00:00,536.47687
2025-04-26 14:00:00,307.08368
2025-04-26 15:00:00,164.03911
2025-04-26 16:00:00,88.59556
2025-04-26 17:00:00,55.988228
2025-04-26 18:00:00,47.131226
2025-04-26 19:00:00,53.030655
2025-04-26 20:00:00,65.25789
2025-04-26 21:00:00,71.07407
2025-04-26 22:00:00,63.98744
2025-04-26 23:00:00,51.69542
2025-04-27 00:00:00,46.390846
2025-04-27 01:00:00,49.770546
2025-04-27 02:00:00,97.3572
2025-04-27 03:00:00,223.78755
2025-04-27 04:00:00,437.80536
2025-04-27 05:00:00,846.7252
2025-04-27 06:00:00,1643.5978
2025-04-27 07:00:00,3406.8938
2025-04-27 08:00:00,4167.867
2025-04-27 09:00:00,4431.5854
2025-04-27 10:00:00,4398.648
2025-04-27 11:00:00,4321.2334
2025-04-27 12:00:00,2569.8574
2025-04-27 13:00:00,103.47596
2025-04-27 14:00:00,75.26255
2025-04-27 15:00:00,81.25339
2025-04-27 16:00:00,96.16368
2025-04-27 17:00:00,112.19783
2025-04-27 18:00:00,111.39211
2025-04-27 19:00:00,98.56308
2025-04-27 20:00:00,90.65911
2025-04-27 21:00:00,75.64635
2025-04-27 22:00:00,62.749863
2025-04-27 23:00:00,70.36006
2025-04-28 00:00:00,80.08123
2025-04-28 01:00:00,86.93436
2025-04-28 02:00:00,152.7648
2025-04-28 03:00:00,311.8509
2025-04-28 04:00:00,553.5164
2025-04-28 05:00:00,925.4866
2025-04-28 06:00:00,1582.6366
2025-04-28 07:00:00,2427.7412
2025-04-28 08:00:00,3289.3828
2025-04-28 09:00:00,3750.3887
2025-04-28 10:00:00,2845.806
2025-04-28 11:00:00,2876.4993
2025-04-28 12:00:00,1410.3728
2025-04-28 13:00:00,286.7052
2025-04-28 14:00:00,236.511
2025-04-28 15:00:00,281.3675
2025-04-28 16:00:00,322.4276
2025-04-28 17:00:00,342.74768
2025-04-28 18:00:00,355.61258
2025-04-28 19:00:00,378.21555
2025-04-28 20:00:00,402.25095
2025-04-28 21:00:00,412.78195
2025-04-28 22:00:00,475.1036
2025-04-28 23:00:00,429.7452
2025-04-29 00:00:00,388.5303
2025-04-29 01:00:00,404.47906
2025-04-29 02:00:00,510.76898
2025-04-29 03:00:00,631.8452
2025-04-29 04:00:00,755.8784
2025-04-29 05:00:00,898.43884
2025-04-29 06:00:00,1056.4586
2025-04-29 07:00:00,1207.0319
2025-04-29 08:00:00,1452.8304
2025-04-29 09:00:00,1708.1027
2025-04-29 10:00:00,1665.2678
2025-04-29 11:00:00,1637.6403
2025-04-29 12:00:00,1541.59
2025-04-29 13:00:00,203.69891
2025-04-29 14:00:00,132.71059
2025-04-29 15:00:00,168.05244
2025-04-29 16:00:00,174.02779
2025-04-29 17:00:00,150.04433
2025-04-29 18:00:00,147.48299
2025-04-29 19:00:00,161.18092
2025-04-29 20:00:00,178.95113
2025-04-29 21:00:00,182.14964
2025-04-29 22:00:00,275.73868
2025-04-29 23:00:00,278.80707
2025-04-30 00:00:00,282.95163
2025-04-30 01:00:00,315.11676
2025-04-30 02:00:00,429.11136
2025-04-30 03:00:00,593.49713
2025-04-30 04:00:00,853.78235
2025-04-30 05:00:00,1291.826
2025-04-30 06:00:00,1683.2244
2025-04-30 07:00:00,2061.3064
2025-04-30 08:00:00,2297.3022
2025-04-30 09:00:00,2452.601
2025-04-30 10:00:00,2393.1047
2025-04-30 11:00:00,2314.191
2025-04-30 12:00:00,2067.44
2025-04-30 13:00:00,384.60928
2025-04-30 14:00:00,199.60112
2025-04-30 15:00:00,301.58603
2025-04-30 16:00:00,400.8634
2025-04-30 17:00:00,417.05035
2025-04-30 18:00:00,419.14
2025-04-30 19:00:00,424.52557
2025-04-30 20:00:00,419.5685
2025-04-30 21:00:00,413.8575
2025-04-30 22:00:00,379.06702
2025-04-30 23:00:00,347.89227
2025-05-01 00:00:00,325.6136
2025-05-01 01:00:00,352.63492
2025-05-01 02:00:00,470.50665
2025-05-01 03:00:00,637.48047
2025-05-01 04:00:00,904.71204
2025-05-01 05:00:00,1468.9359
2025-05-01 06:00:00,1985.1753
2025-05-01 07:00:00,2170.3574
2025-05-01 08:00:00,2388.758
2025-05-01 09:00:00,2548.0063
2025-05-01 10:00:00,2434.0735
2025-05-01 11:00:00,2486.405
2025-05-01 12:00:00,1781.0962
2025-05-01 13:00:00,262.3439
2025-05-01 14:00:00,231.31343
2025-05-01 15:00:00,367.83734
2025-05-01 16:00:00,440.73624
2025-05-01 17:00:00,408.1591
2025-05-01 18:00:00,394.94736
2025-05-01 19:00:00,442.99777
2025-05-01 20:00:00,486.50406
2025-05-01 21:00:00,498.70322
2025-05-01 22:00:00,404.6436
2025-05-01 23:00:00,328.1682
2025-05-02 00:00:00,298.3472
2025-05-02 01:00:00,391.49335
2025-05-02 02:00:00,501.35236
2025-05-02 03:00:00,487.4115
2025-05-02 04:00:00,540.11456
2025-05-02 05:00:00,693.8088
2025-05-02 06:00:00,903.2681
2025-05-02 07:00:00,1125.16
2025-05-02 08:00:00,1379.5763
2025-05-02 09:00:00,1549.9539
2025-05-02 10:00:00,1217.0347
2025-05-02 11:00:00,1174.2642
2025-05-02 12:00:00,1062.7944
2025-05-02 13:00:00,750.93164
2025-05-02 14:00:00,168.32785
2025-05-02 15:00:00,223.9964
2025-05-02 16:00:00,207.76834
2025-05-02 17:00:00,153.16975
2025-05-02 18:00:00,106.22538
2025-05-02 19:00:00,79.46868
2025-05-02 20:00:00,81.84776
2025-05-02 21:00:00,91.42466
2025-05-02 22:00:00,129.86328
2025-05-02 23:00:00,111.31354
2025-05-03 00:00:00,91.28964
2025-05-03 01:00:00,109.54596
2025-05-03 02:00:00,263.91577
2025-05-03 03:00:00,547.095
2025-05-03 04:00:00,765.461
2025-05-03 05:00:00,947.8283
2025-05-03 06:00:00,1262.6257
2025-05-03 07:00:00,1897.2303
2025-05-03 08:00:00,2235.3735
2025-05-03 09:00:00,2411.4465
2025-05-03 10:00:00,1880.4235
2025-05-03 11:00:00,1659.5696
2025-05-03 12:00:00,995.4787
2025-05-03 13:00:00,219.852
2025-05-03 14:00:00,223.07277
2025-05-03 15:00:00,136.90106
2025-05-03 16:00:00,88.21076
2025-05-03 17:00:00,66.65263
2025-05-03 18:00:00,51.30002
2025-05-03 19:00:00,56.988575
2025-05-03 20:00:00,81.03504
2025-05-03 21:00:00,101.98663
2025-05-03 22:00:00,54.927895
2025-05-03 23:00:00,63.841885
2025-05-04 00:00:00,110.70375
2025-05-04 01:00:00,170.76631
2025-05-04 02:00:00,291.19983
2025-05-04 03:00:00,433.1182
2025-05-04 04:00:00,659.5541
2025-05-04 05:00:00,872.7129
2025-05-04 06:00:00,1211.337
2025-05-04 07:00:00,1590.41
2025-05-04 08:00:00,1973.9141
2025-05-04 09:00:00,1978.2245
2025-05-04 10:00:00,1358.2887
2025-05-04 11:00:00,1435.8782
2025-05-04 12:00:00,1357.3458
2025-05-04 13:00:00,666.5756
2025-05-04 14:00:00,299.38953
2025-05-04 15:00:00,209.74165
2025-05-04 16:00:00,113.26041
2025-05-04 17:00:00,151.01025
2025-05-04 18:00:00,199.66695
2025-05-04 19:00:00,223.78137
2025-05-04 20:00:00,217.6116
2025-05-04 21:00:00,216.2648
2025-05-04 22:00:00,245.04172
2025-05-04 23:00:00,324.35742
2025-05-05 00:00:00,354.83163
2025-05-05 01:00:00,427.72125
2025-05-05 02:00:00,550.06024
2025-05-05 03:00:00,683.4114
2025-05-05 04:00:00,831.9468
2025-05-05 05:00:00,1097.0334
2025-05-05 06:00:00,1107.429
2025-05-05 07:00:00,1397.1165
2025-05-05 08:00:00,1400.7048
2025-05-05 09:00:00,1503.2386
2025-05-05 10:00:00,1650.4246
2025-05-05 11:00:00,1536.2273
2025-05-05 12:00:00,1277.7284
2025-05-05 13:00:00,486.52737
2025-05-05 14:00:00,162.733
2025-05-05 15:00:00,156.21849
2025-05-05 16:00:00,184.0792
2025-05-05 17:00:00,185.67743
2025-05-05 18:00:00,165.7497
2025-05-05 19:00:00,138.20667
2025-05-05 20:00:00,127.968925
2025-05-05 21:00:00,123.38626
2025-05-05 22:00:00,164.59453
2025-05-05 23:00:00,144.78516
2025-05-06 00:00:00,124.962814
2025-05-06 01:00:00,155.27756
2025-05-06 02:00:00,285.55853
2025-05-06 03:00:00,469.28403
2025-05-06 04:00:00,746.70294
2025-05-06 05:00:00,1265.0953
2025-05-06 06:00:00,1737.393
2025-05-06 07:00:00,2043.6322
2025-05-06 08:00:00,2242.571
2025-05-06 09:00:00,2196.6167
2025-05-06 10:00:00,1149.1483
2025-05-06 11:00:00,1069.5372
2025-05-06 12:00:00,1041.9282
2025-05-06 13:00:00,615.3455
2025-05-06 14:00:00,209.53033
2025-05-06 15:00:00,154.20224
2025-05-06 16:00:00,155.9319
2025-05-06 17:00:00,165.40059
2025-05-06 18:00:00,187.56117
2025-05-06 19:00:00,189.48642
2025-05-06 20:00:00,191.07787
2025-05-06 21:00:00,190.03325
2025-05-06 22:00:00,257.80722
2025-05-06 23:00:00,282.57095
2025-05-07 00:00:00,306.9696
2025-05-07 01:00:00,373.78726
2025-05-07 02:00:00,501.72687
2025-05-07 03:00:00,661.2009
2025-05-07 04:00:00,891.91815
2025-05-07 05:00:00,1336.393
2025-05-07 06:00:00,1832.2589
2025-05-07 07:00:00,2258.4038
2025-05-07 08:00:00,2353.7522
2025-05-07 09:00:00,2206.777
2025-05-07 10:00:00,1129.5574
2025-05-07 11:00:00,1153.5524
2025-05-07 12:00:00,963.68463
2025-05-07 13:00:00,453.883
2025-05-07 14:00:00,170.91763
2025-05-07 15:00:00,169.7456
2025-05-07 16:00:00,165.70293
2025-05-07 17:00:00,162.22818
2025-05-07 18:00:00,144.47093
2025-05-07 19:00:00,137.91736
2025-05-07 20:00:00,112.18545
2025-05-07 21:00:00,96.24279
2025-05-07 22:00:00,96.809845
2025-05-07 23:00:00,109.523254
2025-05-08 00:00:00,131.19069
2025-05-08 01:00:00,176.16539
2025-05-08 02:00:00,288.182
2025-05-08 03:00:00,489.06458
2025-05-08 04:00:00,844.7635
2025-05-08 05:00:00,1434.2483
2025-05-08 06:00:00,1872.439
2025-05-08 07:00:00,2265.07
2025-05-08 08:00:00,2356.103
2025-05-08 09:00:00,2063.9785
2025-05-08 10:00:00,1837.0692
2025-05-08 11:00:00,1757.0613
2025-05-08 12:00:00,1367.4493
2025-05-08 13:00:00,257.2983
2025-05-08 14:00:00,71.62785
2025-05-08 15:00:00,57.32683
2025-05-08 16:00:00,63.82837
2025-05-08 17:00:00,75.98156
2025-05-08 18:00:00,84.12336
2025-05-08 19:00:00,88.58981
2025-05-08 20:00:00,87.51981
2025-05-08 21:00:00,86.64163
2025-05-08 22:00:00,91.31791
2025-05-08 23:00:00,98.55735
2025-05-09 00:00:00,107.04537
2025-05-09 01:00:00,134.33685
2025-05-09 02:00:00,267.34436
2025-05-09 03:00:00,453.78925
2025-05-09 04:00:00,874.9266
2025-05-09 05:00:00,1445.6605
2025-05-09 06:00:00,1813.5005
2025-05-09 07:00:00,2129.6365
2025-05-09 08:00:00,2183.5796
2025-05-09 09:00:00,2192.5466
2025-05-09 10:00:00,1227.5437
2025-05-09 11:00:00,908.1487
2025-05-09 12:00:00,702.9725
2025-05-09 13:00:00,314.1369
2025-05-09 14:00:00,47.542534
2025-05-09 15:00:00,42.707474
2025-05-09 16:00:00,38.510372
2025-05-09 17:00:00,35.960827
2025-05-09 18:00:00,39.15103
2025-05-09 19:00:00,35.637283
2025-05-09 20:00:00,35.245113
2025-05-09 21:00:00,34.496056
2025-05-09 22:00:00,55.815884
2025-05-09 23:00:00,54.358322
2025-05-10 00:00:00,51.257633
2025-05-10 01:00:00,64.17701
2025-05-10 02:00:00,168.18639
2025-05-10 03:00:00,405.5339
2025-05-10 04:00:00,1103.9066
2025-05-10 05:00:00,1689.855
2025-05-10 06:00:00,1979.1223
2025-05-10 07:00:00,2116.1704
2025-05-10 08:00:00,2130.2131
2025-05-10 09:00:00,2126.5725
2025-05-10 10:00:00,1584.8856
2025-05-10 11:00:00,1271.4841
2025-05-10 12:00:00,733.27075
2025-05-10 13:00:00,454.39185
2025-05-10 14:00:00,166.85825
2025-05-10 15:00:00,121.4209
2025-05-10 16:00:00,88.25866
2025-05-10 17:00:00,70.00787
2025-05-10 18:00:00,51.612038
2025-05-10 19:00:00,35.879013
2025-05-10 20:00:00,23.03896
2025-05-10 21:00:00,22.661562
2025-05-10 22:00:00,34.87004
2025-05-10 23:00:00,38.860073
2025-05-11 00:00:00,37.892323
2025-05-11 01:00:00,57.585106
2025-05-11 02:00:00,185.11008
2025-05-11 03:00:00,424.41968
2025-05-11 04:00:00,865.71924
2025-05-11 05:00:00,1447.0411
2025-05-11 06:00:00,1975.5006
2025-05-11 07:00:00,2355.4656
2025-05-11 08:00:00,2556.4265
2025-05-11 09:00:00,2651.2979
2025-05-11 10:00:00,2381.0007
2025-05-11 11:00:00,2190.2778
2025-05-11 12:00:00,1968.2792
2025-05-11 13:00:00,242.99725
2025-05-11 14:00:00,106.723564
2025-05-11 15:00:00,79.20912
2025-05-11 16:00:00,76.13071
2025-05-11 17:00:00,74.28234
2025-05-11 18:00:00,67.40016
2025-05-11 19:00:00,80.03556
2025-05-11 20:00:00,147.10786
2025-05-11 21:00:00,177.38147
2025-05-11 22:00:00,88.428085
2025-05-11 23:00:00,37.523136
2025-05-12 00:00:00,33.986477
2025-05-12 01:00:00,54.079346
2025-05-12 02:00:00,132.46478
2025-05-12 03:00:00,300.0986
2025-05-12 04:00:00,705.6029
2025-05-12 05:00:00,1178.435
2025-05-12 06:00:00,1871.6658
2025-05-12 07:00:00,2584.1433
2025-05-12 08:00:00,2886.9229
2025-05-12 09:00:00,2930.4893
2025-05-12 10:00:00,2703.508
2025-05-12 11:00:00,2606.6934
2025-05-12 12:00:00,2518.406
2025-05-12 13:00:00,399.4895
2025-05-12 14:00:00,206.49489
2025-05-12 15:00:00,137.53662
2025-05-12 16:00:00,130.75494
2025-05-12 17:00:00,147.39862
2025-05-12 18:00:00,145.15372
2025-05-12 19:00:00,132.98505
2025-05-12 20:00:00,115.393776
2025-05-12 21:00:00,103.60826
2025-05-12 22:00:00,180.23122
2025-05-12 23:00:00,237.97552
2025-05-13 00:00:00,260.19202
2025-05-13 01:00:00,290.84518
2025-05-13 02:00:00,430.17496
2025-05-13 03:00:00,665.28674
2025-05-13 04:00:00,977.0028
2025-05-13 05:00:00,1373.3734
2025-05-13 06:00:00,2041.3041
2025-05-13 07:00:00,2901.1016
2025-05-13 08:00:00,3411.5457
2025-05-13 09:00:00,3580.6833
2025-05-13 10:00:00,2466.985
2025-05-13 11:00:00,2350.1665
2025-05-13 12:00:00,1199.415
2025-05-13 13:00:00,503.40134
2025-05-13 14:00:00,185.15639
2025-05-13 15:00:00,96.18069
2025-05-13 16:00:00,67.825905
2025-05-13 17:00:00,62.298695
2025-05-13 18:00:00,60.412075
2025-05-13 19:00:00,61.6383
2025-05-13 20:00:00,63.46966
2025-05-13 21:00:00,66.87217
2025-05-13 22:00:00,87.60169
2025-05-13 23:00:00,112.56458
2025-05-14 00:00:00,123.07161
2025-05-14 01:00:00,148.89043
2025-05-14 02:00:00,244.27113
2025-05-14 03:00:00,399.92136
2025-05-14 04:00:00,701.7232
2025-05-14 05:00:00,1176.9691
2025-05-14 06:00:00,1817.2092
2025-05-14 07:00:00,2892.9944
2025-05-14 08:00:00,3176.2866
2025-05-14 09:00:00,3233.0383
2025-05-14 10:00:00,3057.0771
2025-05-14 11:00:00,2908.0562
2025-05-14 12:00:00,2395.715
2025-05-14 13:00:00,163.26292
2025-05-14 14:00:00,59.832977
2025-05-14 15:00:00,44.808266
2025-05-14 16:00:00,44.28876
2025-05-14 17:00:00,50.116344
2025-05-14 18:00:00,57.784657
2025-05-14 19:00:00,56.875137
2025-05-14 20:00:00,51.151997
2025-05-14 21:00:00,46.268143
2025-05-14 22:00:00,54.08353
2025-05-14 23:00:00,52.193966
2025-05-15 00:00:00,49.288593
2025-05-15 01:00:00,55.159424
2025-05-15 02:00:00,113.82285
2025-05-15 03:00:00,258.5776
2025-05-15 04:00:00,561.52484
2025-05-15 05:00:00,1216.9235
2025-05-15 06:00:00,1952.3356
2025-05-15 07:00:00,2494.0042
2025-05-15 08:00:00,3039.8203
2025-05-15 09:00:00,3284.9304
2025-05-15 10:00:00,2843.5015
2025-05-15 11:00:00,2864.1797
2025-05-15 12:00:00,2398.939
2025-05-15 13:00:00,134.23744
2025-05-15 14:00:00,41.470463
2025-05-15 15:00:00,28.364355
2025-05-15 16:00:00,21.639002
2025-05-15 17:00:00,21.995132
2025-05-15 18:00:00,28.903154
2025-05-15 19:00:00,35.850426
2025-05-15 20:00:00,40.2535
2025-05-15 21:00:00,43.49742
2025-05-15 22:00:00,27.148098
2025-05-15 23:00:00,27.971157
2025-05-16 00:00:00,34.60637
2025-05-16 01:00:00,51.609093
2025-05-16 02:00:00,114.20959
2025-05-16 03:00:00,238.83797
2025-05-16 04:00:00,531.035
2025-05-16 05:00:00,1200.0149
2025-05-16 06:00:00,2170.4617
2025-05-16 07:00:00,3222.4287
2025-05-16 08:00:00,3542.6284
2025-05-16 09:00:00,3730.6404
2025-05-16 10:00:00,3268.473
2025-05-16 11:00:00,2897.827
2025-05-16 12:00:00,1890.4429
2025-05-16 13:00:00,367.13712
2025-05-16 14:00:00,189.17325
2025-05-16 15:00:00,153.00165
2025-05-16 16:00:00,122.66421
2025-05-16 17:00:00,102.41648
2025-05-16 18:00:00,88.90869
2025-05-16 19:00:00,92.426865
2025-05-16 20:00:00,109.46816
2025-05-16 21:00:00,116.08495
2025-05-16 22:00:00,181.81311
2025-05-16 23:00:00,184.8384
2025-05-17 00:00:00,223.80508
2025-05-17 01:00:00,282.85992
2025-05-17 02:00:00,455.68637
2025-05-17 03:00:00,710.92206
2025-05-17 04:00:00,1001.84296
2025-05-17 05:00:00,1380.6249
2025-05-17 06:00:00,2103.0254
2025-05-17 07:00:00,2919.8137
2025-05-17 08:00:00,3568.0276
2025-05-17 09:00:00,3655.074
2025-05-17 10:00:00,2971.4316
2025-05-17 11:00:00,2509.031
2025-05-17 12:00:00,1783.3693
2025-05-17 13:00:00,193.56915
2025-05-17 14:00:00,117.84067
2025-05-17 15:00:00,117.25972
2025-05-17 16:00:00,124.0536
2025-05-17 17:00:00,127.07656
2025-05-17 18:00:00,130.4002
2025-05-17 19:00:00,137.13213
2025-05-17 20:00:00,145.21938
2025-05-17 21:00:00,160.6935
2025-05-17 22:00:00,154.64209
2025-05-17 23:00:00,197.80066
2025-05-18 00:00:00,210.86194
2025-05-18 01:00:00,251.79422
2025-05-18 02:00:00,398.10013
2025-05-18 03:00:00,686.9177
2025-05-18 04:00:00,1009.1132
2025-05-18 05:00:00,1275.4678
2025-05-18 06:00:00,1838.7334
2025-05-18 07:00:00,2298.3145
2025-05-18 08:00:00,2768.8784
2025-05-18 09:00:00,3141.449
2025-05-18 10:00:00,3092.252
2025-05-18 11:00:00,2920.6208
2025-05-18 12:00:00,1885.8339
2025-05-18 13:00:00,271.80383
2025-05-18 14:00:00,151.38719
2025-05-18 15:00:00,193.55971
2025-05-18 16:00:00,237.1025
2025-05-18 17:00:00,272.7805
2025-05-18 18:00:00,283.7793
2025-05-18 19:00:00,279.17148
2025-05-18 20:00:00,277.77005
2025-05-18 21:00:00,286.75577
2025-05-18 22:00:00,252.8314
2025-05-18 23:00:00,227.26666
2025-05-19 00:00:00,208.5962
2025-05-19 01:00:00,251.41197
2025-05-19 02:00:00,342.13202
2025-05-19 03:00:00,523.8352
2025-05-19 04:00:00,829.66956
2025-05-19 05:00:00,1052.211
2025-05-19 06:00:00,1280.0275
2025-05-19 07:00:00,1666.1362
2025-05-19 08:00:00,2241.361
2025-05-19 09:00:00,2732.1418
2025-05-19 10:00:00,2983.931
2025-05-19 11:00:00,3007.8657
2025-05-19 12:00:00,2505.5574
2025-05-19 13:00:00,326.44095
2025-05-19 14:00:00,240.90903
2025-05-19 15:00:00,247.75137
2025-05-19 16:00:00,189.22707
2025-05-19 17:00:00,171.7715
2025-05-19 18:00:00,201.79185
2025-05-19 19:00:00,233.99673
2025-05-19 20:00:00,240.72417
2025-05-19 21:00:00,209.69391
2025-05-19 22:00:00,251.4599
2025-05-19 23:00:00,246.96315
2025-05-20 00:00:00,239.27846
2025-05-20 01:00:00,272.91937
2025-05-20 02:00:00,384.67722
2025-05-20 03:00:00,632.61163
2025-05-20 04:00:00,934.30414
2025-05-20 05:00:00,1248.2312
2025-05-20 06:00:00,1757.0825
2025-05-20 07:00:00,2208.238
2025-05-20 08:00:00,2681.2312
2025-05-20 09:00:00,3013.3315
2025-05-20 10:00:00,2984.9915
2025-05-20 11:00:00,3078.5461
2025-05-20 12:00:00,2204.1882
2025-05-20 13:00:00,365.77884
2025-05-20 14:00:00,196.58742
2025-05-20 15:00:00,113.59212
2025-05-20 16:00:00,93.67248
2025-05-20 17:00:00,116.97214
2025-05-20 18:00:00,152.4704
2025-05-20 19:00:00,178.1322
2025-05-20 20:00:00,179.58594
2025-05-20 21:00:00,170.83191
2025-05-20 22:00:00,198.68556
2025-05-20 23:00:00,206.73836
2025-05-21 00:00:00,181.78584
2025-05-21 01:00:00,227.33308
2025-05-21 02:00:00,468.56393
2025-05-21 03:00:00,555.8301
2025-05-21 04:00:00,645.8384
2025-05-21 05:00:00,896.48773
2025-05-21 06:00:00,1162.3842
2025-05-21 07:00:00,1436.7303
2025-05-21 08:00:00,1955.942
2025-05-21 09:00:00,2413.4912
2025-05-21 10:00:00,1701.2161
2025-05-21 11:00:00,1810.0781
2025-05-21 12:00:00,1773.8336
2025-05-21 13:00:00,753.9537
2025-05-21 14:00:00,770.1131
2025-05-21 15:00:00,682.08405
2025-05-21 16:00:00,527.04297
2025-05-21 17:00:00,463.15933
2025-05-21 18:00:00,442.2676
2025-05-21 19:00:00,442.8048
2025-05-21 20:00:00,445.59045
2025-05-21 21:00:00,443.7119
2025-05-21 22:00:00,313.1223
2025-05-21 23:00:00,315.8859
2025-05-22 00:00:00,356.0297
2025-05-22 01:00:00,510.9266
2025-05-22 02:00:00,671.8787
2025-05-22 03:00:00,769.72565
2025-05-22 04:00:00,835.5715
2025-05-22 05:00:00,986.5704
2025-05-22 06:00:00,1200.9725
2025-05-22 07:00:00,1383.2789
2025-05-22 08:00:00,1515.8059
2025-05-22 09:00:00,1631.168
2025-05-22 10:00:00,1453.0596
2025-05-22 11:00:00,1318.9187
2025-05-22 12:00:00,1088.3795
2025-05-22 13:00:00,881.30005
2025-05-22 14:00:00,606.92755
2025-05-22 15:00:00,542.9675
2025-05-22 16:00:00,492.66754
2025-05-22 17:00:00,458.48395
2025-05-22 18:00:00,439.92065
2025-05-22 19:00:00,412.34848
2025-05-22 20:00:00,384.18457
2025-05-22 21:00:00,371.4391
2025-05-22 22:00:00,493.95035
2025-05-22 23:00:00,492.234
2025-05-23 00:00:00,480.482
2025-05-23 01:00:00,508.68872
2025-05-23 02:00:00,592.32623
2025-05-23 03:00:00,733.51776
2025-05-23 04:00:00,928.50635
2025-05-23 05:00:00,1174.0111
2025-05-23 06:00:00,1435.4639
2025-05-23 07:00:00,1648.1831
2025-05-23 08:00:00,1772.2358
2025-05-23 09:00:00,1857.317
2025-05-23 10:00:00,1668.7747
2025-05-23 11:00:00,1542.9012
2025-05-23 12:00:00,1396.4751
2025-05-23 13:00:00,1093.9033
2025-05-23 14:00:00,361.60675
2025-05-23 15:00:00,346.53207
2025-05-23 16:00:00,366.87872
2025-05-23 17:00:00,367.54086
2025-05-23 18:00:00,362.4993
2025-05-23 19:00:00,358.33835
2025-05-23 20:00:00,364.7193
2025-05-23 21:00:00,388.57208
2025-05-23 22:00:00,480.3463
2025-05-23 23:00:00,509.81247
2025-05-24 00:00:00,528.45874
2025-05-24 01:00:00,570.39087
2025-05-24 02:00:00,659.7018
2025-05-24 03:00:00,826.3526
2025-05-24 04:00:00,1105.0833
2025-05-24 05:00:00,1370.0903
2025-05-24 06:00:00,1562.7167
2025-05-24 07:00:00,1686.778
2025-05-24 08:00:00,1702.917
2025-05-24 09:00:00,1726.7329
2025-05-24 10:00:00,1760.3103
2025-05-24 11:00:00,1745.9274
2025-05-24 12:00:00,1660.2368
2025-05-24 13:00:00,1194.657
2025-05-24 14:00:00,666.6923
2025-05-24 15:00:00,624.39825
2025-05-24 16:00:00,603.8008
2025-05-24 17:00:00,635.92084
2025-05-24 18:00:00,665.70526
2025-05-24 19:00:00,670.61597
2025-05-24 20:00:00,661.95935
2025-05-24 21:00:00,653.52325
2025-05-24 22:00:00,467.9136
2025-05-24 23:00:00,420.85532
2025-05-25 00:00:00,427.3313
2025-05-25 01:00:00,481.9453
2025-05-25 02:00:00,613.79065
2025-05-25 03:00:00,885.5325
2025-05-25 04:00:00,1162.1483
2025-05-25 05:00:00,1292.4166
2025-05-25 06:00:00,1366.3575
2025-05-25 07:00:00,1519.861
2025-05-25 08:00:00,1640.158
2025-05-25 09:00:00,1693.6394
2025-05-25 10:00:00,1166.3386
2025-05-25 11:00:00,1153.9719
2025-05-25 12:00:00,1021.77264
2025-05-25 13:00:00,705.0437
2025-05-25 14:00:00,575.0413
2025-05-25 15:00:00,452.66562
2025-05-25 16:00:00,368.37503
2025-05-25 17:00:00,297.02304
2025-05-25 18:00:00,232.25002
2025-05-25 19:00:00,191.21616
2025-05-25 20:00:00,180.86462
2025-05-25 21:00:00,196.2255
2025-05-25 22:00:00,258.80338
2025-05-25 23:00:00,340.5332
2025-05-26 00:00:00,351.58298
2025-05-26 01:00:00,351.77457
2025-05-26 02:00:00,381.3361
2025-05-26 03:00:00,463.98242
2025-05-26 04:00:00,588.9409
2025-05-26 05:00:00,811.39
2025-05-26 06:00:00,1060.2059
2025-05-26 07:00:00,1263.0133
2025-05-26 08:00:00,1427.1625
2025-05-26 09:00:00,1545.0374
2025-05-26 10:00:00,1496.1925
2025-05-26 11:00:00,1474.3527
2025-05-26 12:00:00,1420.1929
2025-05-26 13:00:00,1039.9695
2025-05-26 14:00:00,110.44483
2025-05-26 15:00:00,133.3272
2025-05-26 16:00:00,153.33435
2025-05-26 17:00:00,164.98055
2025-05-26 18:00:00,171.43953
2025-05-26 19:00:00,176.8318
2025-05-26 20:00:00,177.83208
2025-05-26 21:00:00,177.25125
2025-05-26 22:00:00,173.73712
2025-05-26 23:00:00,155.69186
2025-05-27 00:00:00,150.10358
2025-05-27 01:00:00,244.59369
2025-05-27 02:00:00,453.98523
2025-05-27 03:00:00,768.57104
2025-05-27 04:00:00,1027.2241
2025-05-27 05:00:00,1183.1223
2025-05-27 06:00:00,1338.3324
2025-05-27 07:00:00,1473.7281
2025-05-27 08:00:00,1596.9999
2025-05-27 09:00:00,1683.5417
2025-05-27 10:00:00,1673.2433
2025-05-27 11:00:00,1649.4172
2025-05-27 12:00:00,1527.4677
2025-05-27 13:00:00,579.4802
2025-05-27 14:00:00,83.86376
2025-05-27 15:00:00,83.21011
2025-05-27 16:00:00,88.271545
2025-05-27 17:00:00,93.11279
2025-05-27 18:00:00,97.48864
2025-05-27 19:00:00,103.99795
2025-05-27 20:00:00,118.85354
2025-05-27 21:00:00,146.6847
2025-05-27 22:00:00,156.52144
2025-05-27 23:00:00,166.66339
2025-05-28 00:00:00,133.25677
2025-05-28 01:00:00,145.4433
2025-05-28 02:00:00,292.14255
2025-05-28 03:00:00,639.8182
2025-05-28 04:00:00,1231.1796
2025-05-28 05:00:00,1544.8516
2025-05-28 06:00:00,1752.2544
2025-05-28 07:00:00,1895.9067
2025-05-28 08:00:00,2019.5469
2025-05-28 09:00:00,2064.023
2025-05-28 10:00:00,2017.1332
2025-05-28 11:00:00,1840.803
2025-05-28 12:00:00,1605.1921
2025-05-28 13:00:00,552.8086
2025-05-28 14:00:00,177.18172
2025-05-28 15:00:00,180.07883
2025-05-28 16:00:00,131.59952
2025-05-28 17:00:00,76.693146
2025-05-28 18:00:00,69.428276
2025-05-28 19:00:00,82.27787
2025-05-28 20:00:00,108.12531
2025-05-28 21:00:00,128.09622
2025-05-28 22:00:00,166.30132
2025-05-28 23:00:00,162.3391
2025-05-29 00:00:00,135.98558
2025-05-29 01:00:00,166.79843
2025-05-29 02:00:00,274.64453
2025-05-29 03:00:00,453.547
2025-05-29 04:00:00,888.24634
2025-05-29 05:00:00,1662.0457
2025-05-29 06:00:00,1989.1492
2025-05-29 07:00:00,2001.2106
2025-05-29 08:00:00,1989.934
2025-05-29 09:00:00,2073.607
2025-05-29 10:00:00,1968.0958
2025-05-29 11:00:00,576.15424
2025-05-29 12:00:00,511.09317
2025-05-29 13:00:00,368.90872
2025-05-29 14:00:00,208.79759
2025-05-29 15:00:00,122.94657
2025-05-29 16:00:00,114.353584
2025-05-29 17:00:00,112.57193
2025-05-29 18:00:00,116.22647
2025-05-29 19:00:00,121.207184
2025-05-29 20:00:00,118.71442
2025-05-29 21:00:00,116.07322
2025-05-29 22:00:00,71.421005
2025-05-29 23:00:00,99.30126
2025-05-30 00:00:00,124.71245
2025-05-30 01:00:00,178.47017
2025-05-30 02:00:00,355.69965
2025-05-30 03:00:00,742.1965
2025-05-30 04:00:00,1184.9324
2025-05-30 05:00:00,1293.3094
2025-05-30 06:00:00,1431.6318
2025-05-30 07:00:00,1621.486
2025-05-30 08:00:00,1946.1743
2025-05-30 09:00:00,1959.1062
2025-05-30 10:00:00,1290.3696
2025-05-30 11:00:00,1293.2527
2025-05-30 12:00:00,1013.2251
2025-05-30 13:00:00,369.1459
2025-05-30 14:00:00,82.12691
2025-05-30 15:00:00,55.188034
2025-05-30 16:00:00,42.721684
2025-05-30 17:00:00,40.348694
2025-05-30 18:00:00,41.403492
2025-05-30 19:00:00,37.722713
2025-05-30 20:00:00,34.45799
2025-05-30 21:00:00,30.538305
2025-05-30 22:00:00,35.759415
2025-05-30 23:00:00,35.591545
2025-05-31 00:00:00,32.925846
2025-05-31 01:00:00,47.83086
2025-05-31 02:00:00,123.59695
2025-05-31 03:00:00,334.43375
2025-05-31 04:00:00,718.3975
2025-05-31 05:00:00,1244.1058
2025-05-31 06:00:00,1760.3096
2025-05-31 07:00:00,2014.061
2025-05-31 08:00:00,2246.2373
2025-05-31 09:00:00,2503.36
2025-05-31 10:00:00,2143.2458
2025-05-31 11:00:00,1866.6455
2025-05-31 12:00:00,1220.5283
2025-05-31 13:00:00,240.74846
2025-05-31 14:00:00,76.431786
2025-05-31 15:00:00,48.84124
2025-05-31 16:00:00,50.48828
2025-05-31 17:00:00,60.227173
2025-05-31 18:00:00,69.40811
2025-05-31 19:00:00,55.81123
2025-05-31 20:00:00,75.093185
2025-05-31 21:00:00,113.28168
2025-05-31 22:00:00,152.94443
2025-05-31 23:00:00,175.64111
2025-06-01 00:00:00,211.879
2025-06-01 01:00:00,300.11496
2025-06-01 02:00:00,636.1307
2025-06-01 03:00:00,1022.29456
2025-06-01 04:00:00,1282.0874
2025-06-01 05:00:00,1501.5297
2025-06-01 06:00:00,1772.722
2025-06-01 07:00:00,2078.2495
2025-06-01 08:00:00,2316.0518
2025-06-01 09:00:00,2440.4265
2025-06-01 10:00:00,1202.6432
2025-06-01 11:00:00,1255.7781
2025-06-01 12:00:00,933.7339
2025-06-01 13:00:00,511.8115
2025-06-01 14:00:00,185.07939
2025-06-01 15:00:00,102.52688
2025-06-01 16:00:00,87.48311
2025-06-01 17:00:00,96.74002
2025-06-01 18:00:00,120.03948
2025-06-01 19:00:00,127.61868
2025-06-01 20:00:00,116.49873
2025-06-01 21:00:00,134.04811
2025-06-01 22:00:00,114.851
2025-06-01 23:00:00,138.16681
2025-06-02 00:00:00,116.91479
2025-06-02 01:00:00,131.63754
2025-06-02 02:00:00,264.93454
2025-06-02 03:00:00,503.26306
2025-06-02 04:00:00,820.9169
2025-06-02 05:00:00,1159.6342
2025-06-02 06:00:00,1550.8317
2025-06-02 07:00:00,1948.3431
2025-06-02 08:00:00,2296.6143
2025-06-02 09:00:00,2281.991
2025-06-02 10:00:00,1406.8064
2025-06-02 11:00:00,920.3454
2025-06-02 12:00:00,630.22266
2025-06-02 13:00:00,440.5352
2025-06-02 14:00:00,299.56174
2025-06-02 15:00:00,232.1056
2025-06-02 16:00:00,243.3173
2025-06-02 17:00:00,284.2647
2025-06-02 18:00:00,291.63095
2025-06-02 19:00:00,261.89273
2025-06-02 20:00:00,214.23952
2025-06-02 21:00:00,157.33519
2025-06-02 22:00:00,102.35574
2025-06-02 23:00:00,126.113914
2025-06-03 00:00:00,127.36122
2025-06-03 01:00:00,160.27664
2025-06-03 02:00:00,275.24478
2025-06-03 03:00:00,476.06012
2025-06-03 04:00:00,887.27655
2025-06-03 05:00:00,1197.0736
2025-06-03 06:00:00,1190.1793
2025-06-03 07:00:00,1289.6743
2025-06-03 08:00:00,1560.3381
2025-06-03 09:00:00,1689.0524
2025-06-03 10:00:00,1368.783
2025-06-03 11:00:00,1346.071
2025-06-03 12:00:00,1300.2609
2025-06-03 13:00:00,812.0778
2025-06-03 14:00:00,180.25612
2025-06-03 15:00:00,122.87841
2025-06-03 16:00:00,118.943085
2025-06-03 17:00:00,110.818245
2025-06-03 18:00:00,83.11259
2025-06-03 19:00:00,100.60544
2025-06-03 20:00:00,91.37276
2025-06-03 21:00:00,80.141106
2025-06-03 22:00:00,104.6115
2025-06-03 23:00:00,93.11711
2025-06-04 00:00:00,86.60055
2025-06-04 01:00:00,105.49138
2025-06-04 02:00:00,221.84291
2025-06-04 03:00:00,437.97345
2025-06-04 04:00:00,620.9582
2025-06-04 05:00:00,923.48267
2025-06-04 06:00:00,1341.7926
2025-06-04 07:00:00,1594.8469
2025-06-04 08:00:00,1721.8473
2025-06-04 09:00:00,1845.2401
2025-06-04 10:00:00,1344.7684
2025-06-04 11:00:00,1304.9858
2025-06-04 12:00:00,1212.3016
2025-06-04 13:00:00,740.59436
2025-06-04 14:00:00,135.08104
2025-06-04 15:00:00,70.434364
2025-06-04 16:00:00,50.61235
2025-06-04 17:00:00,43.64823
2025-06-04 18:00:00,40.36062
2025-06-04 19:00:00,40.36686
2025-06-04 20:00:00,52.373898
2025-06-04 21:00:00,66.87574
2025-06-04 22:00:00,47.50962
2025-06-04 23:00:00,59.369217
2025-06-05 00:00:00,60.554
2025-06-05 01:00:00,69.60361
2025-06-05 02:00:00,131.25589
2025-06-05 03:00:00,293.93195
2025-06-05 04:00:00,840.3324
2025-06-05 05:00:00,1231.0077
2025-06-05 06:00:00,1506.2589
2025-06-05 07:00:00,1699.263
2025-06-05 08:00:00,1848.7133
2025-06-05 09:00:00,1991.461
2025-06-05 10:00:00,2208.1428
2025-06-05 11:00:00,1961.8873
2025-06-05 12:00:00,1641.289
2025-06-05 13:00:00,429.3816
2025-06-05 14:00:00,98.23628
2025-06-05 15:00:00,54.592876
2025-06-05 16:00:00,37.155834
2025-06-05 17:00:00,27.724737
2025-06-05 18:00:00,23.20839
2025-06-05 19:00:00,20.493
2025-06-05 20:00:00,24.389532
2025-06-05 21:00:00,30.267841
2025-06-05 22:00:00,26.375906
2025-06-05 23:00:00,27.368315
2025-06-06 00:00:00,25.59394
2025-06-06 01:00:00,32.299625
2025-06-06 02:00:00,108.832695
2025-06-06 03:00:00,326.32608
2025-06-06 04:00:00,795.21606
2025-06-06 05:00:00,1379.4855
2025-06-06 06:00:00,1737.7831
2025-06-06 07:00:00,1927.2605
2025-06-06 08:00:00,2052.103
2025-06-06 09:00:00,2145.3027
2025-06-06 10:00:00,2206.4485
2025-06-06 11:00:00,2056.1985
2025-06-06 12:00:00,1744.9164
2025-06-06 13:00:00,200.5313
2025-06-06 14:00:00,53.414318
2025-06-06 15:00:00,45.466263
2025-06-06 16:00:00,38.89655
2025-06-06 17:00:00,31.704844
2025-06-06 18:00:00,31.762417
2025-06-06 19:00:00,35.501335
2025-06-06 20:00:00,38.14608
2025-06-06 21:00:00,39.06517
2025-06-06 22:00:00,52.283848
2025-06-06 23:00:00,53.538624
2025-06-07 00:00:00,55.867138
2025-06-07 01:00:00,78.517395
2025-06-07 02:00:00,178.3475
2025-06-07 03:00:00,362.47284
2025-06-07 04:00:00,1135.998
2025-06-07 05:00:00,1886.4055
2025-06-07 06:00:00,2181.0383
2025-06-07 07:00:00,2343.2524
2025-06-07 08:00:00,2438.9897
2025-06-07 09:00:00,2485.3445
2025-06-07 10:00:00,2417.9624
2025-06-07 11:00:00,2311.6838
2025-06-07 12:00:00,2012.6095
2025-06-07 13:00:00,257.59686
2025-06-07 14:00:00,86.76339
2025-06-07 15:00:00,85.46767
2025-06-07 16:00:00,91.1047
2025-06-07 17:00:00,92.218605
2025-06-07 18:00:00,90.101326
2025-06-07 19:00:00,86.2732
2025-06-07 20:00:00,84.34268
2025-06-07 21:00:00,81.99591
2025-06-07 22:00:00,83.57613
2025-06-07 23:00:00,76.41591
2025-06-08 00:00:00,72.4482
2025-06-08 01:00:00,95.48253
2025-06-08 02:00:00,174.95631
2025-06-08 03:00:00,287.4569
2025-06-08 04:00:00,465.02417
2025-06-08 05:00:00,1378.5063
2025-06-08 06:00:00,2069.6257
2025-06-08 07:00:00,2245.7524
2025-06-08 08:00:00,2428.7783
2025-06-08 09:00:00,2548.3447
2025-06-08 10:00:00,2661.1804
2025-06-08 11:00:00,2631.15
2025-06-08 12:00:00,2210.2517
2025-06-08 13:00:00,210.8707
2025-06-08 14:00:00,64.60438
2025-06-08 15:00:00,44.657825
2025-06-08 16:00:00,42.340504
2025-06-08 17:00:00,42.56334
2025-06-08 18:00:00,47.552925
2025-06-08 19:00:00,52.687447
2025-06-08 20:00:00,54.705048
2025-06-08 21:00:00,53.56976
2025-06-08 22:00:00,46.480515
2025-06-08 23:00:00,45.897896
2025-06-09 00:00:00,49.835884
2025-06-09 01:00:00,69.18722
2025-06-09 02:00:00,148.62206
2025-06-09 03:00:00,301.93738
2025-06-09 04:00:00,518.57886
2025-06-09 05:00:00,807.7042
2025-06-09 06:00:00,1326.1989
2025-06-09 07:00:00,1995.4429
2025-06-09 08:00:00,2239.456
2025-06-09 09:00:00,2458.0012
2025-06-09 10:00:00,2562.3994
2025-06-09 11:00:00,2580.5527
2025-06-09 12:00:00,2053.998
2025-06-09 13:00:00,324.14203
2025-06-09 14:00:00,90.35314
2025-06-09 15:00:00,62.396194
2025-06-09 16:00:00,58.86864
2025-06-09 17:00:00,67.96977
2025-06-09 18:00:00,82.46491
2025-06-09 19:00:00,88.963776
2025-06-09 20:00:00,96.473946
2025-06-09 21:00:00,113.74359
2025-06-09 22:00:00,127.53767
2025-06-09 23:00:00,154.9276
2025-06-10 00:00:00,185.9482
2025-06-10 01:00:00,235.57213
2025-06-10 02:00:00,373.33835
2025-06-10 03:00:00,566.43494
2025-06-10 04:00:00,816.29834
2025-06-10 05:00:00,1073.7306
2025-06-10 06:00:00,1386.9631
2025-06-10 07:00:00,1795.3239
2025-06-10 08:00:00,2311.0918
2025-06-10 09:00:00,2694.3796
2025-06-10 10:00:00,2842.708
2025-06-10 11:00:00,2818.1394
2025-06-10 12:00:00,1897.222
2025-06-10 13:00:00,180.15828
2025-06-10 14:00:00,52.53916
2025-06-10 15:00:00,35.93074
2025-06-10 16:00:00,34.542416
2025-06-10 17:00:00,45.940506
2025-06-10 18:00:00,59.137108
2025-06-10 19:00:00,70.16835
2025-06-10 20:00:00,79.7849
2025-06-10 21:00:00,87.6966
2025-06-10 22:00:00,112.31159
2025-06-10 23:00:00,142.97772
2025-06-11 00:00:00,159.90436
2025-06-11 01:00:00,203.83794
2025-06-11 02:00:00,363.36417
2025-06-11 03:00:00,585.1268
2025-06-11 04:00:00,825.59235
2025-06-11 05:00:00,1120.9608
2025-06-11 06:00:00,1416.8578
2025-06-11 07:00:00,1676.1017
2025-06-11 08:00:00,1899.321
2025-06-11 09:00:00,2233.1511
2025-06-11 10:00:00,2081.9958
2025-06-11 11:00:00,2187.6997
2025-06-11 12:00:00,2117.9717
2025-06-11 13:00:00,393.86325
2025-06-11 14:00:00,151.19717
2025-06-11 15:00:00,189.31013
2025-06-11 16:00:00,247.50494
2025-06-11 17:00:00,286.17093
2025-06-11 18:00:00,291.08093
2025-06-11 19:00:00,278.1254
2025-06-11 20:00:00,259.45352
2025-06-11 21:00:00,218.57553
2025-06-11 22:00:00,153.37714
2025-06-11 23:00:00,120.31435
2025-06-12 00:00:00,103.41367
2025-06-12 01:00:00,159.19296
2025-06-12 02:00:00,296.10828
2025-06-12 03:00:00,487.49554
2025-06-12 04:00:00,756.8407
2025-06-12 05:00:00,1085.2747
2025-06-12 06:00:00,1587.155
2025-06-12 07:00:00,2072.6243
2025-06-12 08:00:00,2529.0752
2025-06-12 09:00:00,2640.103
2025-06-12 10:00:00,2378.7146
2025-06-12 11:00:00,2431.774
2025-06-12 12:00:00,1965.8643
2025-06-12 13:00:00,227.89082
2025-06-12 14:00:00,197.39859
2025-06-12 15:00:00,217.85605
2025-06-12 16:00:00,219.17928
2025-06-12 17:00:00,201.41685
2025-06-12 18:00:00,200.74014
2025-06-12 19:00:00,230.54266
2025-06-12 20:00:00,277.5886
2025-06-12 21:00:00,306.41882
2025-06-12 22:00:00,311.0642
2025-06-12 23:00:00,237.30049
2025-06-13 00:00:00,173.34805
2025-06-13 01:00:00,240.08281
2025-06-13 02:00:00,431.74915
2025-06-13 03:00:00,646.6946
2025-06-13 04:00:00,920.53375
2025-06-13 05:00:00,1543.092
2025-06-13 06:00:00,2037.7334
2025-06-13 07:00:00,2120.714
2025-06-13 08:00:00,2145.0332
2025-06-13 09:00:00,2091.6855
2025-06-13 10:00:00,1384.8007
2025-06-13 11:00:00,1197.6637
2025-06-13 12:00:00,1129.5814
2025-06-13 13:00:00,1053.7872
2025-06-13 14:00:00,687.4584
2025-06-13 15:00:00,487.45758
2025-06-13 16:00:00,431.89453
2025-06-13 17:00:00,375.90237
2025-06-13 18:00:00,324.52112
2025-06-13 19:00:00,295.56876
2025-06-13 20:00:00,281.90344
2025-06-13 21:00:00,259.41992
2025-06-13 22:00:00,237.45203
2025-06-13 23:00:00,231.1157
2025-06-14 00:00:00,227.54955
2025-06-14 01:00:00,274.17365
2025-06-14 02:00:00,389.81964
2025-06-14 03:00:00,615.39185
2025-06-14 04:00:00,979.8577
2025-06-14 05:00:00,1358.8549
2025-06-14 06:00:00,1666.8623
2025-06-14 07:00:00,1902.563
2025-06-14 08:00:00,2177.1526
2025-06-14 09:00:00,2357.921
2025-06-14 10:00:00,2268.0461
2025-06-14 11:00:00,2272.2297
2025-06-14 12:00:00,2198.884
2025-06-14 13:00:00,928.9665
2025-06-14 14:00:00,81.657616
2025-06-14 15:00:00,78.88527
2025-06-14 16:00:00,92.14171
2025-06-14 17:00:00,116.94633
2025-06-14 18:00:00,137.47165
2025-06-14 19:00:00,159.96631
2025-06-14 20:00:00,189.098
2025-06-14 21:00:00,217.47795
2025-06-14 22:00:00,177.47552
2025-06-14 23:00:00,275.47052
2025-06-15 00:00:00,219.013
2025-06-15 01:00:00,216.10672
2025-06-15 02:00:00,299.71884
2025-06-15 03:00:00,407.07712
2025-06-15 04:00:00,517.81384
2025-06-15 05:00:00,682.64404
2025-06-15 06:00:00,985.33185
2025-06-15 07:00:00,1345.6946
2025-06-15 08:00:00,1670.7031
2025-06-15 09:00:00,1437.5175
2025-06-15 10:00:00,895.6794
2025-06-15 11:00:00,923.9752
2025-06-15 12:00:00,923.42633
2025-06-15 13:00:00,918.7869
2025-06-15 14:00:00,559.7054
2025-06-15 15:00:00,344.3051
2025-06-15 16:00:00,290.6131
2025-06-15 17:00:00,206.00409
2025-06-15 18:00:00,165.12569
2025-06-15 19:00:00,141.65076
2025-06-15 20:00:00,160.4476
2025-06-15 21:00:00,133.04839
2025-06-15 22:00:00,66.36953
2025-06-15 23:00:00,75.42389
2025-06-16 00:00:00,146.4401
2025-06-16 01:00:00,324.52573
2025-06-16 02:00:00,420.87888
2025-06-16 03:00:00,431.18555
2025-06-16 04:00:00,605.0082
2025-06-16 05:00:00,825.80743
2025-06-16 06:00:00,895.5591
2025-06-16 07:00:00,1021.16724
2025-06-16 08:00:00,1021.0934
2025-06-16 09:00:00,825.5318
2025-06-16 10:00:00,1013.1993
2025-06-16 11:00:00,1088.1324
2025-06-16 12:00:00,1007.6764
2025-06-16 13:00:00,875.8823
2025-06-16 14:00:00,153.54433
2025-06-16 15:00:00,127.83966
2025-06-16 16:00:00,176.70404
2025-06-16 17:00:00,226.78377
2025-06-16 18:00:00,268.3275
2025-06-16 19:00:00,318.9817
2025-06-16 20:00:00,338.6865
2025-06-16 21:00:00,334.54706
2025-06-16 22:00:00,277.44498
2025-06-16 23:00:00,208.56276
2025-06-17 00:00:00,160.81696
2025-06-17 01:00:00,205.34468
2025-06-17 02:00:00,282.93845
2025-06-17 03:00:00,446.14706
2025-06-17 04:00:00,673.9341
2025-06-17 05:00:00,963.1225
2025-06-17 06:00:00,1195.0978
2025-06-17 07:00:00,1356.0201
2025-06-17 08:00:00,1344.0057
2025-06-17 09:00:00,1283.4938
2025-06-17 10:00:00,632.1167
2025-06-17 11:00:00,523.6451
2025-06-17 12:00:00,336.52597
2025-06-17 13:00:00,175.15585
2025-06-17 14:00:00,134.14726
2025-06-17 15:00:00,148.87126
2025-06-17 16:00:00,183.51944
2025-06-17 17:00:00,203.69324
2025-06-17 18:00:00,204.59119
2025-06-17 19:00:00,185.10289
2025-06-17 20:00:00,212.79344
2025-06-17 21:00:00,247.04218
2025-06-17 22:00:00,275.68347
2025-06-17 23:00:00,257.3013
2025-06-18 00:00:00,254.43855
2025-06-18 01:00:00,238.61023
2025-06-18 02:00:00,291.85043
2025-06-18 03:00:00,413.6681
2025-06-18 04:00:00,555.62225
2025-06-18 05:00:00,692.55334
2025-06-18 06:00:00,806.69257
2025-06-18 07:00:00,926.7271
2025-06-18 08:00:00,1038.9567
2025-06-18 09:00:00,1144.2637
2025-06-18 10:00:00,1083.5765
2025-06-18 11:00:00,1093.1556
2025-06-18 12:00:00,567.401
2025-06-18 13:00:00,446.7469
2025-06-18 14:00:00,185.65459
2025-06-18 15:00:00,155.36473
2025-06-18 16:00:00,128.96724
2025-06-18 17:00:00,110.731224
2025-06-18 18:00:00,98.431435
2025-06-18 19:00:00,123.6358
2025-06-18 20:00:00,147.46262
2025-06-18 21:00:00,159.74554
2025-06-18 22:00:00,157.38434
2025-06-18 23:00:00,222.19331
2025-06-19 00:00:00,268.4581
2025-06-19 01:00:00,342.81726
2025-06-19 02:00:00,449.92993
2025-06-19 03:00:00,577.0503
2025-06-19 04:00:00,760.0698
2025-06-19 05:00:00,873.6758
2025-06-19 06:00:00,939.54333
2025-06-19 07:00:00,789.05884
2025-06-19 08:00:00,635.67596
2025-06-19 09:00:00,491.88577
2025-06-19 10:00:00,591.6739
2025-06-19 11:00:00,656.3666
2025-06-19 12:00:00,651.6879
2025-06-19 13:00:00,590.73486
2025-06-19 14:00:00,332.27472
2025-06-19 15:00:00,261.377
2025-06-19 16:00:00,216.47006
2025-06-19 17:00:00,205.19469
2025-06-19 18:00:00,219.80338
2025-06-19 19:00:00,211.23807
2025-06-19 20:00:00,168.54372
2025-06-19 21:00:00,161.11874
2025-06-19 22:00:00,204.67615
2025-06-19 23:00:00,163.20761
2025-06-20 00:00:00,166.95935
2025-06-20 01:00:00,238.60622
2025-06-20 02:00:00,343.66907
2025-06-20 03:00:00,537.611
2025-06-20 04:00:00,680.4179
2025-06-20 05:00:00,723.5918
2025-06-20 06:00:00,783.1624
2025-06-20 07:00:00,845.4715
2025-06-20 08:00:00,879.9341
2025-06-20 09:00:00,919.4483
2025-06-20 10:00:00,877.1184
2025-06-20 11:00:00,791.5467
2025-06-20 12:00:00,708.5422
2025-06-20 13:00:00,612.7738
2025-06-20 14:00:00,412.56488
2025-06-20 15:00:00,350.18484
2025-06-20 16:00:00,327.95328
2025-06-20 17:00:00,310.2969
2025-06-20 18:00:00,292.10468
2025-06-20 19:00:00,268.98297
2025-06-20 20:00:00,239.77269
2025-06-20 21:00:00,222.16595
2025-06-20 22:00:00,168.4415
2025-06-20 23:00:00,137.42131
2025-06-21 00:00:00,107.0695
2025-06-21 01:00:00,162.15703
2025-06-21 02:00:00,337.4868
2025-06-21 03:00:00,516.0564
2025-06-21 04:00:00,672.61896
2025-06-21 05:00:00,870.0575
2025-06-21 06:00:00,978.3933
2025-06-21 07:00:00,1094.7656
2025-06-21 08:00:00,1017.5938
2025-06-21 09:00:00,1072.5955
2025-06-21 10:00:00,1066.1943
2025-06-21 11:00:00,551.3222
2025-06-21 12:00:00,415.51712
2025-06-21 13:00:00,301.84216
2025-06-21 14:00:00,154.476
2025-06-21 15:00:00,133.05353
2025-06-21 16:00:00,139.04208
2025-06-21 17:00:00,156.87762
2025-06-21 18:00:00,168.31467
2025-06-21 19:00:00,165.64629
2025-06-21 20:00:00,134.89249
2025-06-21 21:00:00,85.16818
2025-06-21 22:00:00,99.80083
2025-06-21 23:00:00,112.85097
2025-06-22 00:00:00,114.130264
2025-06-22 01:00:00,129.59132
2025-06-22 02:00:00,201.41226
2025-06-22 03:00:00,422.29324
2025-06-22 04:00:00,761.5426
2025-06-22 05:00:00,1050.3798
2025-06-22 06:00:00,1142.99
2025-06-22 07:00:00,1061.4698
2025-06-22 08:00:00,946.461
2025-06-22 09:00:00,847.4604
2025-06-22 10:00:00,769.49536
2025-06-22 11:00:00,854.0503
2025-06-22 12:00:00,654.9666
2025-06-22 13:00:00,615.6828
2025-06-22 14:00:00,320.934
2025-06-22 15:00:00,199.9743
2025-06-22 16:00:00,162.03993
2025-06-22 17:00:00,137.78342
2025-06-22 18:00:00,142.21616
2025-06-22 19:00:00,140.15942
2025-06-22 20:00:00,128.62955
2025-06-22 21:00:00,104.961464
2025-06-22 22:00:00,58.212337
2025-06-22 23:00:00,48.80935
2025-06-23 00:00:00,46.611202
2025-06-23 01:00:00,89.45952
2025-06-23 02:00:00,227.74844
2025-06-23 03:00:00,450.86313
2025-06-23 04:00:00,785.9961
2025-06-23 05:00:00,1080.193
2025-06-23 06:00:00,1271.9225
2025-06-23 07:00:00,1249.0278
2025-06-23 08:00:00,1255.1218
2025-06-23 09:00:00,802.935
2025-06-23 10:00:00,906.95935
2025-06-23 11:00:00,733.7004
2025-06-23 12:00:00,546.11084
2025-06-23 13:00:00,447.8446
2025-06-23 14:00:00,225.13367
2025-06-23 15:00:00,152.84892
2025-06-23 16:00:00,134.81107
2025-06-23 17:00:00,130.48216
2025-06-23 18:00:00,119.26382
2025-06-23 19:00:00,123.553375
2025-06-23 20:00:00,146.36035
2025-06-23 21:00:00,172.30148
2025-06-23 22:00:00,176.26437
2025-06-23 23:00:00,181.31775
2025-06-24 00:00:00,196.44687
2025-06-24 01:00:00,241.57065
2025-06-24 02:00:00,356.47055
2025-06-24 03:00:00,504.06183
2025-06-24 04:00:00,702.69214
2025-06-24 05:00:00,841.70526
2025-06-24 06:00:00,948.16815
2025-06-24 07:00:00,1016.53436
2025-06-24 08:00:00,1069.9146
2025-06-24 09:00:00,1081.6318
2025-06-24 10:00:00,839.8805
2025-06-24 11:00:00,808.29584
2025-06-24 12:00:00,683.76416
2025-06-24 13:00:00,487.7161
2025-06-24 14:00:00,194.69794
2025-06-24 15:00:00,195.90471
2025-06-24 16:00:00,216.14946
2025-06-24 17:00:00,226.34743
2025-06-24 18:00:00,247.13548
2025-06-24 19:00:00,274.89197
2025-06-24 20:00:00,283.93536
2025-06-24 21:00:00,258.21866
2025-06-24 22:00:00,181.41885
2025-06-24 23:00:00,138.2862
2025-06-25 00:00:00,92.39393
2025-06-25 01:00:00,195.5601
2025-06-25 02:00:00,335.41556
2025-06-25 03:00:00,392.1388
2025-06-25 04:00:00,404.09555
2025-06-25 05:00:00,561.0862
2025-06-25 06:00:00,744.7449
2025-06-25 07:00:00,851.6272
2025-06-25 08:00:00,851.39307
2025-06-25 09:00:00,794.1183
2025-06-25 10:00:00,810.7224
2025-06-25 11:00:00,808.29974
2025-06-25 12:00:00,801.9531
2025-06-25 13:00:00,717.95557
2025-06-25 14:00:00,466.38043
2025-06-25 15:00:00,453.58612
2025-06-25 16:00:00,493.8015
2025-06-25 17:00:00,479.23767
2025-06-25 18:00:00,453.32294
2025-06-25 19:00:00,436.4658
2025-06-25 20:00:00,443.01718
2025-06-25 21:00:00,479.60754
2025-06-25 22:00:00,304.85233
2025-06-25 23:00:00,350.74335
2025-06-26 00:00:00,411.34302
2025-06-26 01:00:00,541.9355
2025-06-26 02:00:00,632.92084
2025-06-26 03:00:00,739.3563
2025-06-26 04:00:00,901.2341
2025-06-26 05:00:00,1046.0768
2025-06-26 06:00:00,1157.1854
2025-06-26 07:00:00,1220.9259
2025-06-26 08:00:00,1161.1188
2025-06-26 09:00:00,1152.839
2025-06-26 10:00:00,1095.9546
2025-06-26 11:00:00,924.3189
2025-06-26 12:00:00,829.4325
2025-06-26 13:00:00,775.0838
2025-06-26 14:00:00,219.9479
2025-06-26 15:00:00,111.421295
2025-06-26 16:00:00,135.98993
2025-06-26 17:00:00,243.84056
2025-06-26 18:00:00,337.53583
2025-06-26 19:00:00,374.06253
2025-06-26 20:00:00,382.05945
2025-06-26 21:00:00,385.90933
2025-06-26 22:00:00,389.52612
2025-06-26 23:00:00,409.08762
2025-06-27 00:00:00,421.09528
2025-06-27 01:00:00,485.22043
2025-06-27 02:00:00,675.6344
2025-06-27 03:00:00,799.4559
2025-06-27 04:00:00,806.2753
2025-06-27 05:00:00,866.6086
2025-06-27 06:00:00,950.52924
2025-06-27 07:00:00,1036.6212
2025-06-27 08:00:00,1115.2264
2025-06-27 09:00:00,1169.2404
2025-06-27 10:00:00,1267.4769
2025-06-27 11:00:00,1235.2488
2025-06-27 12:00:00,592.6898
2025-06-27 13:00:00,486.40677
2025-06-27 14:00:00,310.9022
2025-06-27 15:00:00,225.73547
2025-06-27 16:00:00,186.34042
2025-06-27 17:00:00,165.36719
2025-06-27 18:00:00,133.39337
2025-06-27 19:00:00,114.26688
2025-06-27 20:00:00,109.487724
2025-06-27 21:00:00,99.651955
2025-06-27 22:00:00,84.94629
2025-06-27 23:00:00,85.52355
2025-06-28 00:00:00,88.8818
2025-06-28 01:00:00,105.140755
2025-06-28 02:00:00,191.25294
2025-06-28 03:00:00,494.03864
2025-06-28 04:00:00,741.5058
2025-06-28 05:00:00,942.5701
2025-06-28 06:00:00,1066.3584
2025-06-28 07:00:00,1171.7181
2025-06-28 08:00:00,1236.5238
2025-06-28 09:00:00,1077.2709
2025-06-28 10:00:00,1076.5175
2025-06-28 11:00:00,745.81226
2025-06-28 12:00:00,439.93085
2025-06-28 13:00:00,330.80176
2025-06-28 14:00:00,196.77336
2025-06-28 15:00:00,173.02357
2025-06-28 16:00:00,165.14647
2025-06-28 17:00:00,172.63785
2025-06-28 18:00:00,169.3844
2025-06-28 19:00:00,173.70703
2025-06-28 20:00:00,189.38838
2025-06-28 21:00:00,217.30652
2025-06-28 22:00:00,184.91788
2025-06-28 23:00:00,202.3008
2025-06-29 00:00:00,198.85542
2025-06-29 01:00:00,244.62979
2025-06-29 02:00:00,378.4365
2025-06-29 03:00:00,526.09094
2025-06-29 04:00:00,722.3267
2025-06-29 05:00:00,816.3119
2025-06-29 06:00:00,846.2382
2025-06-29 07:00:00,865.4947
2025-06-29 08:00:00,702.63983
2025-06-29 09:00:00,409.3078
2025-06-29 10:00:00,597.8851
2025-06-29 11:00:00,589.24005
2025-06-29 12:00:00,511.8018
2025-06-29 13:00:00,448.34045
2025-06-29 14:00:00,346.34628
2025-06-29 15:00:00,304.122
2025-06-29 16:00:00,284.0691
2025-06-29 17:00:00,275.38855
2025-06-29 18:00:00,271.41592
2025-06-29 19:00:00,272.2834
2025-06-29 20:00:00,280.06052
2025-06-29 21:00:00,305.48273
2025-06-29 22:00:00,151.02959
2025-06-29 23:00:00,171.45572
2025-06-30 00:00:00,184.61435
2025-06-30 01:00:00,246.31206
2025-06-30 02:00:00,348.73865
2025-06-30 03:00:00,452.9562
2025-06-30 04:00:00,579.0633
2025-06-30 05:00:00,659.57513
2025-06-30 06:00:00,705.62964
2025-06-30 07:00:00,788.1382
2025-06-30 08:00:00,835.8016
2025-06-30 09:00:00,780.34906
2025-06-30 10:00:00,315.29114
2025-06-30 11:00:00,254.41017
2025-06-30 12:00:00,245.43257
2025-06-30 13:00:00,201.0242
2025-06-30 14:00:00,65.54139
2025-06-30 15:00:00,87.6568
2025-06-30 16:00:00,129.81256
2025-06-30 17:00:00,168.90948
2025-06-30 18:00:00,185.24191
2025-06-30 19:00:00,173.62135
2025-06-30 20:00:00,156.97563
2025-06-30 21:00:00,135.43253
2025-06-30 22:00:00,201.92427
2025-06-30 23:00:00,198.39156
2025-07-01 00:00:00,206.51328
2025-07-01 01:00:00,237.37494
2025-07-01 02:00:00,292.21796
2025-07-01 03:00:00,393.49707
2025-07-01 04:00:00,490.4922
2025-07-01 05:00:00,544.8879
2025-07-01 06:00:00,628.70447
2025-07-01 07:00:00,668.5426
2025-07-01 08:00:00,693.93494
2025-07-01 09:00:00,722.91565
2025-07-01 10:00:00,1018.5982
2025-07-01 11:00:00,891.6353
2025-07-01 12:00:00,670.2937
2025-07-01 13:00:00,267.18286
2025-07-01 14:00:00,65.72679
2025-07-01 15:00:00,39.403843
2025-07-01 16:00:00,36.20521
2025-07-01 17:00:00,48.44773
2025-07-01 18:00:00,61.932198
2025-07-01 19:00:00,75.035225
2025-07-01 20:00:00,85.84019
2025-07-01 21:00:00,83.613655
2025-07-01 22:00:00,100.92645
2025-07-01 23:00:00,124.53728
2025-07-02 00:00:00,148.98578
2025-07-02 01:00:00,190.39609
2025-07-02 02:00:00,332.73816
2025-07-02 03:00:00,643.5499
2025-07-02 04:00:00,987.9136
2025-07-02 05:00:00,1141.6276
2025-07-02 06:00:00,1183.6135
2025-07-02 07:00:00,1247.3093
2025-07-02 08:00:00,1283.261
2025-07-02 09:00:00,1145.8846
2025-07-02 10:00:00,969.8063
2025-07-02 11:00:00,817.20514
2025-07-02 12:00:00,675.349
2025-07-02 13:00:00,531.18054
2025-07-02 14:00:00,309.20065
2025-07-02 15:00:00,231.43666
2025-07-02 16:00:00,222.69739
2025-07-02 17:00:00,246.43846
2025-07-02 18:00:00,254.41609
2025-07-02 19:00:00,256.3809
2025-07-02 20:00:00,292.0483
2025-07-02 21:00:00,368.89243
2025-07-02 22:00:00,247.16164
2025-07-02 23:00:00,281.24033
2025-07-03 00:00:00,240.13898
2025-07-03 01:00:00,304.0738
2025-07-03 02:00:00,494.04517
2025-07-03 03:00:00,621.17053
2025-07-03 04:00:00,795.0546
2025-07-03 05:00:00,973.0719
2025-07-03 06:00:00,1202.0563
2025-07-03 07:00:00,1191.0867
2025-07-03 08:00:00,1312.5808
2025-07-03 09:00:00,1256.2428
2025-07-03 10:00:00,879.4395
2025-07-03 11:00:00,739.1682
2025-07-03 12:00:00,731.4375
2025-07-03 13:00:00,532.84424
2025-07-03 14:00:00,275.46954
2025-07-03 15:00:00,274.70236
2025-07-03 16:00:00,249.17683
2025-07-03 17:00:00,226.22183
2025-07-03 18:00:00,180.67403
2025-07-03 19:00:00,158.1332
2025-07-03 20:00:00,174.90794
2025-07-03 21:00:00,181.41676
2025-07-03 22:00:00,213.9013
2025-07-03 23:00:00,264.58035
2025-07-04 00:00:00,223.12886
2025-07-04 01:00:00,285.75266
2025-07-04 02:00:00,448.317
2025-07-04 03:00:00,579.8471
2025-07-04 04:00:00,709.2562
2025-07-04 05:00:00,868.5114
2025-07-04 06:00:00,888.8043
2025-07-04 07:00:00,948.24084
2025-07-04 08:00:00,1002.9046
2025-07-04 09:00:00,1051.7158
2025-07-04 10:00:00,962.1861
2025-07-04 11:00:00,1035.4281
2025-07-04 12:00:00,547.2976
2025-07-04 13:00:00,272.804
2025-07-04 14:00:00,214.21666
2025-07-04 15:00:00,192.86812
2025-07-04 16:00:00,166.4534
2025-07-04 17:00:00,127.117386
2025-07-04 18:00:00,121.589485
2025-07-04 19:00:00,126.6771
2025-07-04 20:00:00,154.21513
2025-07-04 21:00:00,184.13095
2025-07-04 22:00:00,91.854034
2025-07-04 23:00:00,78.42703
2025-07-05 00:00:00,76.385605
2025-07-05 01:00:00,121.095764
2025-07-05 02:00:00,222.61658
2025-07-05 03:00:00,368.47345
2025-07-05 04:00:00,538.023
2025-07-05 05:00:00,751.743
2025-07-05 06:00:00,1063.4086
2025-07-05 07:00:00,1111.4557
2025-07-05 08:00:00,1094.0449
2025-07-05 09:00:00,967.5925
2025-07-05 10:00:00,941.4408
2025-07-05 11:00:00,878.12006
2025-07-05 12:00:00,600.1698
2025-07-05 13:00:00,361.15317
2025-07-05 14:00:00,207.91316
2025-07-05 15:00:00,140.18504
2025-07-05 16:00:00,100.17121
2025-07-05 17:00:00,112.017624
2025-07-05 18:00:00,120.90415
2025-07-05 19:00:00,102.896454
2025-07-05 20:00:00,109.80828
2025-07-05 21:00:00,139.49442
2025-07-05 22:00:00,71.91734
2025-07-05 23:00:00,77.870995
2025-07-06 00:00:00,75.31957
2025-07-06 01:00:00,92.37937
2025-07-06 02:00:00,197.48837
2025-07-06 03:00:00,323.28494
2025-07-06 04:00:00,485.6309
2025-07-06 05:00:00,684.2441
2025-07-06 06:00:00,845.9841
2025-07-06 07:00:00,984.70905
2025-07-06 08:00:00,834.716
2025-07-06 09:00:00,506.81873
2025-07-06 10:00:00,479.12296
2025-07-06 11:00:00,571.12305
2025-07-06 12:00:00,617.0823
2025-07-06 13:00:00,346.4696
2025-07-06 14:00:00,70.85147
2025-07-06 15:00:00,60.783424
2025-07-06 16:00:00,65.857506
2025-07-06 17:00:00,104.448204
2025-07-06 18:00:00,153.68054
2025-07-06 19:00:00,183.66188
2025-07-06 20:00:00,210.88525
2025-07-06 21:00:00,253.16809
2025-07-06 22:00:00,184.34041
2025-07-06 23:00:00,233.92851
2025-07-07 00:00:00,180.31273
2025-07-07 01:00:00,173.335
2025-07-07 02:00:00,226.73
2025-07-07 03:00:00,274.02554
2025-07-07 04:00:00,449.0221
2025-07-07 05:00:00,575.58655
2025-07-07 06:00:00,581.25946
2025-07-07 07:00:00,625.1767
2025-07-07 08:00:00,718.41064
2025-07-07 09:00:00,816.6839
2025-07-07 10:00:00,806.6133
2025-07-07 11:00:00,687.1968
2025-07-07 12:00:00,591.4775
2025-07-07 13:00:00,237.25336
2025-07-07 14:00:00,80.41483
2025-07-07 15:00:00,89.026764
2025-07-07 16:00:00,97.47942
2025-07-07 17:00:00,99.20066
2025-07-07 18:00:00,93.87061
2025-07-07 19:00:00,88.97734
2025-07-07 20:00:00,67.71449
2025-07-07 21:00:00,82.597
2025-07-07 22:00:00,46.354992
2025-07-07 23:00:00,51.12695
2025-07-08 00:00:00,44.459408
2025-07-08 01:00:00,61.409756
2025-07-08 02:00:00,159.8418
2025-07-08 03:00:00,370.65042
2025-07-08 04:00:00,657.9775
2025-07-08 05:00:00,920.63116
2025-07-08 06:00:00,1079.932
2025-07-08 07:00:00,1135.8289
2025-07-08 08:00:00,1125.43
2025-07-08 09:00:00,1213.6299
2025-07-08 10:00:00,1236.8335
2025-07-08 11:00:00,1190.298
2025-07-08 12:00:00,526.2198
2025-07-08 13:00:00,363.41885
2025-07-08 14:00:00,126.660164
2025-07-08 15:00:00,66.46578
2025-07-08 16:00:00,51.034184
2025-07-08 17:00:00,51.45501
2025-07-08 18:00:00,44.10338
2025-07-08 19:00:00,53.842598
2025-07-08 20:00:00,64.23582
2025-07-08 21:00:00,86.16782
2025-07-08 22:00:00,206.00719
2025-07-08 23:00:00,231.76122
2025-07-09 00:00:00,263.17673
2025-07-09 01:00:00,355.26324
2025-07-09 02:00:00,440.42715
2025-07-09 03:00:00,481.05438
2025-07-09 04:00:00,560.2189
2025-07-09 05:00:00,738.873
2025-07-09 06:00:00,947.91345
2025-07-09 07:00:00,1025.79
2025-07-09 08:00:00,1027.1519
2025-07-09 09:00:00,890.22943
2025-07-09 10:00:00,824.24994
2025-07-09 11:00:00,714.4347
2025-07-09 12:00:00,283.8518
2025-07-09 13:00:00,181.56332
2025-07-09 14:00:00,121.48716
2025-07-09 15:00:00,110.44504
2025-07-09 16:00:00,160.85165
2025-07-09 17:00:00,179.51065
2025-07-09 18:00:00,196.17688
2025-07-09 19:00:00,189.06392
2025-07-09 20:00:00,201.73761
2025-07-09 21:00:00,204.80972
2025-07-09 22:00:00,215.35602
2025-07-09 23:00:00,239.681
2025-07-10 00:00:00,246.39641
2025-07-10 01:00:00,238.2952
2025-07-10 02:00:00,234.01285
2025-07-10 03:00:00,250.25072
2025-07-10 04:00:00,314.01862
2025-07-10 05:00:00,363.38422
2025-07-10 06:00:00,443.99344
2025-07-10 07:00:00,485.20914
2025-07-10 08:00:00,377.49304
2025-07-10 09:00:00,408.3372
2025-07-10 10:00:00,456.70428
2025-07-10 11:00:00,411.76825
2025-07-10 12:00:00,395.79254
2025-07-10 13:00:00,247.95656
2025-07-10 14:00:00,100.0575
2025-07-10 15:00:00,49.392643
2025-07-10 16:00:00,32.82899
2025-07-10 17:00:00,32.173542
2025-07-10 18:00:00,36.3627
2025-07-10 19:00:00,41.504868
2025-07-10 20:00:00,46.616276
2025-07-10 21:00:00,51.867218
2025-07-10 22:00:00,60.375713
2025-07-10 23:00:00,50.937138
2025-07-11 00:00:00,41.026573
2025-07-11 01:00:00,57.514626
2025-07-11 02:00:00,146.84483
2025-07-11 03:00:00,325.91397
2025-07-11 04:00:00,508.09454
2025-07-11 05:00:00,734.3097
2025-07-11 06:00:00,899.75867
2025-07-11 07:00:00,1003.06665
2025-07-11 08:00:00,1004.7304
2025-07-11 09:00:00,1007.4734
2025-07-11 10:00:00,817.0446
2025-07-11 11:00:00,546.1759
2025-07-11 12:00:00,387.0072
2025-07-11 13:00:00,188.50758
2025-07-11 14:00:00,99.404884
2025-07-11 15:00:00,113.12458
2025-07-11 16:00:00,133.9073
2025-07-11 17:00:00,103.72601
2025-07-11 18:00:00,61.78477
2025-07-11 19:00:00,38.153275
2025-07-11 20:00:00,45.16316
2025-07-11 21:00:00,51.537464
2025-07-11 22:00:00,107.00768
2025-07-11 23:00:00,131.42542
2025-07-12 00:00:00,113.14383
2025-07-12 01:00:00,111.4987
2025-07-12 02:00:00,196.92996
2025-07-12 03:00:00,374.91418
2025-07-12 04:00:00,610.9177
2025-07-12 05:00:00,785.5237
2025-07-12 06:00:00,919.98596
2025-07-12 07:00:00,1017.7983
2025-07-12 08:00:00,1089.0791
2025-07-12 09:00:00,1123.1418
2025-07-12 10:00:00,1046.4873
2025-07-12 11:00:00,824.2621
2025-07-12 12:00:00,237.91345
2025-07-12 13:00:00,291.0305
2025-07-12 14:00:00,176.13654
2025-07-12 15:00:00,124.01166
2025-07-12 16:00:00,77.5257
2025-07-12 17:00:00,64.83249
2025-07-12 18:00:00,50.72271
2025-07-12 19:00:00,44.898624
2025-07-12 20:00:00,45.65124
2025-07-12 21:00:00,55.531837
2025-07-12 22:00:00,88.1588
2025-07-12 23:00:00,93.90361
2025-07-13 00:00:00,107.04204
2025-07-13 01:00:00,141.32451
2025-07-13 02:00:00,231.7742
2025-07-13 03:00:00,376.88538
2025-07-13 04:00:00,580.371
2025-07-13 05:00:00,890.5867
2025-07-13 06:00:00,1016.21985
2025-07-13 07:00:00,1090.9884
2025-07-13 08:00:00,994.2269
2025-07-13 09:00:00,904.4422
2025-07-13 10:00:00,316.07852
2025-07-13 11:00:00,312.08426
2025-07-13 12:00:00,376.29453
2025-07-13 13:00:00,366.70422
2025-07-13 14:00:00,319.42722
2025-07-13 15:00:00,279.67316
2025-07-13 16:00:00,329.6144
2025-07-13 17:00:00,429.4375
2025-07-13 18:00:00,425.63617
2025-07-13 19:00:00,364.54028
2025-07-13 20:00:00,338.41
2025-07-13 21:00:00,468.90704
2025-07-13 22:00:00,462.40567
2025-07-13 23:00:00,505.894
2025-07-14 00:00:00,496.6653
2025-07-14 01:00:00,524.0927
2025-07-14 02:00:00,565.1669
2025-07-14 03:00:00,632.9318
2025-07-14 04:00:00,759.7533
2025-07-14 05:00:00,836.714
2025-07-14 06:00:00,992.16693
2025-07-14 07:00:00,1053.7147
2025-07-14 08:00:00,1145.6332
2025-07-14 09:00:00,1258.7904
2025-07-14 10:00:00,1074.185
2025-07-14 11:00:00,1014.8834
2025-07-14 12:00:00,856.0189
2025-07-14 13:00:00,730.2403
2025-07-14 14:00:00,675.37787
2025-07-14 15:00:00,701.06104
2025-07-14 16:00:00,716.927
2025-07-14 17:00:00,710.43005
2025-07-14 18:00:00,694.2171
2025-07-14 19:00:00,658.6743
2025-07-14 20:00:00,616.215
2025-07-14 21:00:00,573.6119
2025-07-14 22:00:00,658.2112
2025-07-14 23:00:00,643.93994
2025-07-15 00:00:00,629.1459
2025-07-15 01:00:00,621.937
2025-07-15 02:00:00,645.1249
2025-07-15 03:00:00,747.36
2025-07-15 04:00:00,882.2958
2025-07-15 05:00:00,979.3445
2025-07-15 06:00:00,998.90515
2025-07-15 07:00:00,901.1955
2025-07-15 08:00:00,923.803
2025-07-15 09:00:00,987.98206
2025-07-15 10:00:00,691.0012
2025-07-15 11:00:00,786.9045
2025-07-15 12:00:00,719.6099
2025-07-15 13:00:00,583.30835
2025-07-15 14:00:00,357.5685
2025-07-15 15:00:00,286.44543
2025-07-15 16:00:00,305.35165
2025-07-15 17:00:00,309.16214
2025-07-15 18:00:00,303.84937
2025-07-15 19:00:00,286.34073
2025-07-15 20:00:00,265.16913
2025-07-15 21:00:00,247.85707
2025-07-15 22:00:00,268.9722
2025-07-15 23:00:00,263.77814
2025-07-16 00:00:00,245.04144
2025-07-16 01:00:00,240.93005
2025-07-16 02:00:00,296.92117
2025-07-16 03:00:00,399.26733
2025-07-16 04:00:00,533.37573
2025-07-16 05:00:00,707.1449
2025-07-16 06:00:00,819.7213
2025-07-16 07:00:00,911.75745
2025-07-16 08:00:00,911.2037
2025-07-16 09:00:00,828.8269
2025-07-16 10:00:00,823.54736
2025-07-16 11:00:00,732.6085
2025-07-16 12:00:00,591.2232
2025-07-16 13:00:00,355.56943
2025-07-16 14:00:00,184.45018
2025-07-16 15:00:00,185.01207
2025-07-16 16:00:00,188.477
2025-07-16 17:00:00,191.62598
2025-07-16 18:00:00,191.4463
2025-07-16 19:00:00,190.43143
2025-07-16 20:00:00,196.33281
2025-07-16 21:00:00,217.91951
2025-07-16 22:00:00,290.26224
2025-07-16 23:00:00,391.5675
2025-07-17 00:00:00,439.27753
2025-07-17 01:00:00,469.1618
2025-07-17 02:00:00,507.4547
2025-07-17 03:00:00,524.64795
2025-07-17 04:00:00,547.5025
2025-07-17 05:00:00,661.5575
2025-07-17 06:00:00,763.60486
2025-07-17 07:00:00,843.69885
2025-07-17 08:00:00,788.72046
2025-07-17 09:00:00,694.0711
2025-07-17 10:00:00,568.5669
2025-07-17 11:00:00,528.4766
2025-07-17 12:00:00,423.9427
2025-07-17 13:00:00,235.25356
2025-07-17 14:00:00,140.3626
2025-07-17 15:00:00,125.17748
2025-07-17 16:00:00,112.13362
2025-07-17 17:00:00,98.281784
2025-07-17 18:00:00,88.94443
2025-07-17 19:00:00,112.0627
2025-07-17 20:00:00,136.76178
2025-07-17 21:00:00,162.46953
2025-07-17 22:00:00,367.546
2025-07-17 23:00:00,451.36826
2025-07-18 00:00:00,552.514
2025-07-18 01:00:00,686.09033
2025-07-18 02:00:00,872.57104
2025-07-18 03:00:00,979.4295
2025-07-18 04:00:00,1090.3129
2025-07-18 05:00:00,1231.7015
2025-07-18 06:00:00,1240.4255
2025-07-18 07:00:00,1290.7975
2025-07-18 08:00:00,1378.6138
2025-07-18 09:00:00,1470.3778
2025-07-18 10:00:00,1074.7715
2025-07-18 11:00:00,924.4858
2025-07-18 12:00:00,875.97076
2025-07-18 13:00:00,856.805
2025-07-18 14:00:00,841.76733
2025-07-18 15:00:00,819.6554
2025-07-18 16:00:00,817.11365
2025-07-18 17:00:00,800.92725
2025-07-18 18:00:00,773.89594
2025-07-18 19:00:00,764.1438
2025-07-18 20:00:00,768.84686
2025-07-18 21:00:00,760.09595
2025-07-18 22:00:00,747.61127
2025-07-18 23:00:00,729.6167
2025-07-19 00:00:00,713.3878
2025-07-19 01:00:00,703.9811
2025-07-19 02:00:00,726.60547
2025-07-19 03:00:00,832.257
2025-07-19 04:00:00,962.3186
2025-07-19 05:00:00,1058.3146
2025-07-19 06:00:00,1201.3649
2025-07-19 07:00:00,1296.1249
2025-07-19 08:00:00,1365.283
2025-07-19 09:00:00,1375.8136
2025-07-19 10:00:00,1056.9237
2025-07-19 11:00:00,1022.81696
2025-07-19 12:00:00,962.9677
2025-07-19 13:00:00,707.49
2025-07-19 14:00:00,295.65833
2025-07-19 15:00:00,258.0481
2025-07-19 16:00:00,323.5612
2025-07-19 17:00:00,376.94946
2025-07-19 18:00:00,365.6469
2025-07-19 19:00:00,343.3044
2025-07-19 20:00:00,337.61035
2025-07-19 21:00:00,313.25992
2025-07-19 22:00:00,150.85414
2025-07-19 23:00:00,115.3193
2025-07-20 00:00:00,93.8637
2025-07-20 01:00:00,124.17762
2025-07-20 02:00:00,291.4164
2025-07-20 03:00:00,411.8078
2025-07-20 04:00:00,557.944
2025-07-20 05:00:00,835.3658
2025-07-20 06:00:00,981.02625
2025-07-20 07:00:00,1075.277
2025-07-20 08:00:00,1098.673
2025-07-20 09:00:00,1037.5894
2025-07-20 10:00:00,949.72546
2025-07-20 11:00:00,997.32947
2025-07-20 12:00:00,852.656
2025-07-20 13:00:00,365.69684
2025-07-20 14:00:00,149.4571
2025-07-20 15:00:00,143.5504
2025-07-20 16:00:00,159.96703
2025-07-20 17:00:00,132.39024
2025-07-20 18:00:00,114.82265
2025-07-20 19:00:00,129.87111
2025-07-20 20:00:00,151.42447
2025-07-20 21:00:00,156.56126
2025-07-20 22:00:00,138.29453
2025-07-20 23:00:00,153.31786
2025-07-21 00:00:00,146.91638
2025-07-21 01:00:00,164.54875
2025-07-21 02:00:00,239.45143
2025-07-21 03:00:00,326.3936
2025-07-21 04:00:00,441.2738
2025-07-21 05:00:00,639.8713
2025-07-21 06:00:00,661.675
2025-07-21 07:00:00,619.4182
2025-07-21 08:00:00,618.038
2025-07-21 09:00:00,588.0676
2025-07-21 10:00:00,511.65195
2025-07-21 11:00:00,532.0092
2025-07-21 12:00:00,500.55316
2025-07-21 13:00:00,367.00574
2025-07-21 14:00:00,215.28387
2025-07-21 15:00:00,150.28783
2025-07-21 16:00:00,128.34766
2025-07-21 17:00:00,127.72751
2025-07-21 18:00:00,118.45537
2025-07-21 19:00:00,105.284645
2025-07-21 20:00:00,126.64261
2025-07-21 21:00:00,135.07515
2025-07-21 22:00:00,117.94864
2025-07-21 23:00:00,110.59215
2025-07-22 00:00:00,94.80869
2025-07-22 01:00:00,98.504684
2025-07-22 02:00:00,144.3111
2025-07-22 03:00:00,224.31621
2025-07-22 04:00:00,357.9432
2025-07-22 05:00:00,634.6473
2025-07-22 06:00:00,872.78735
2025-07-22 07:00:00,954.2213
2025-07-22 08:00:00,1045.7644
2025-07-22 09:00:00,1013.6217
2025-07-22 10:00:00,571.3784
2025-07-22 11:00:00,422.98035
2025-07-22 12:00:00,377.63226
2025-07-22 13:00:00,273.3509
2025-07-22 14:00:00,131.4801
2025-07-22 15:00:00,150.64348
2025-07-22 16:00:00,166.87244
2025-07-22 17:00:00,156.90298
2025-07-22 18:00:00,161.54602
2025-07-22 19:00:00,165.60963
2025-07-22 20:00:00,178.12369
2025-07-22 21:00:00,194.32187
2025-07-22 22:00:00,211.68811
2025-07-22 23:00:00,209.50545
2025-07-23 00:00:00,223.1843
2025-07-23 01:00:00,277.15564
2025-07-23 02:00:00,365.45242
2025-07-23 03:00:00,398.81445
2025-07-23 04:00:00,430.00116
2025-07-23 05:00:00,412.47665
2025-07-23 06:00:00,396.21725
2025-07-23 07:00:00,441.98798
2025-07-23 08:00:00,475.06992
2025-07-23 09:00:00,463.44696
2025-07-23 10:00:00,503.33417
2025-07-23 11:00:00,569.74347
2025-07-23 12:00:00,564.09424
2025-07-23 13:00:00,527.82983
2025-07-23 14:00:00,190.40594
2025-07-23 15:00:00,105.282265
2025-07-23 16:00:00,93.181366
2025-07-23 17:00:00,108.41117
2025-07-23 18:00:00,105.97706
2025-07-23 19:00:00,120.14207
2025-07-23 20:00:00,138.56642
2025-07-23 21:00:00,162.76471
2025-07-23 22:00:00,201.87383
2025-07-23 23:00:00,189.41486
2025-07-24 00:00:00,211.09384
2025-07-24 01:00:00,262.43237
2025-07-24 02:00:00,371.94812
2025-07-24 03:00:00,454.25388
2025-07-24 04:00:00,571.1115
2025-07-24 05:00:00,751.65076
2025-07-24 06:00:00,889.39404
2025-07-24 07:00:00,1069.1271
2025-07-24 08:00:00,1129.844
2025-07-24 09:00:00,1167.6536
2025-07-24 10:00:00,1136.9807
2025-07-24 11:00:00,1146.941
2025-07-24 12:00:00,1047.481
2025-07-24 13:00:00,281.1061
2025-07-24 14:00:00,112.27825
2025-07-24 15:00:00,88.14185
2025-07-24 16:00:00,69.0136
2025-07-24 17:00:00,61.90918
2025-07-24 18:00:00,76.07431
2025-07-24 19:00:00,85.915695
2025-07-24 20:00:00,106.52329
2025-07-24 21:00:00,133.50697
2025-07-24 22:00:00,130.60873
2025-07-24 23:00:00,146.89342
2025-07-25 00:00:00,186.10394
2025-07-25 01:00:00,229.10617
2025-07-25 02:00:00,311.92142
2025-07-25 03:00:00,439.96906
2025-07-25 04:00:00,669.474
2025-07-25 05:00:00,968.0907
2025-07-25 06:00:00,1145.3947
2025-07-25 07:00:00,1205.8131
2025-07-25 08:00:00,1224.4186
2025-07-25 09:00:00,1239.9744
2025-07-25 10:00:00,1230.4633
2025-07-25 11:00:00,1183.6277
2025-07-25 12:00:00,931.0467
2025-07-25 13:00:00,297.35577
2025-07-25 14:00:00,97.266045
2025-07-25 15:00:00,34.185135
2025-07-25 16:00:00,34.099693
2025-07-25 17:00:00,57.05587
2025-07-25 18:00:00,96.42401
2025-07-25 19:00:00,117.56704
2025-07-25 20:00:00,129.01137
2025-07-25 21:00:00,138.56828
2025-07-25 22:00:00,98.44464
2025-07-25 23:00:00,125.050446
2025-07-26 00:00:00,132.11554
2025-07-26 01:00:00,139.02226
2025-07-26 02:00:00,176.77951
2025-07-26 03:00:00,271.01724
2025-07-26 04:00:00,357.555
2025-07-26 05:00:00,470.94247
2025-07-26 06:00:00,619.28406
2025-07-26 07:00:00,803.00214
2025-07-26 08:00:00,941.34204
2025-07-26 09:00:00,1019.86945
2025-07-26 10:00:00,909.5994
2025-07-26 11:00:00,920.9685
2025-07-26 12:00:00,873.2725
2025-07-26 13:00:00,310.92905
2025-07-26 14:00:00,92.77268
2025-07-26 15:00:00,64.34519
2025-07-26 16:00:00,57.72395
2025-07-26 17:00:00,55.575645
2025-07-26 18:00:00,47.685368
2025-07-26 19:00:00,34.68697
2025-07-26 20:00:00,28.26606
2025-07-26 21:00:00,29.76088
2025-07-26 22:00:00,57.73893
2025-07-26 23:00:00,87.17941
2025-07-27 00:00:00,138.79878
2025-07-27 01:00:00,216.60036
2025-07-27 02:00:00,407.5665
2025-07-27 03:00:00,570.40607
2025-07-27 04:00:00,777.2497
2025-07-27 05:00:00,924.4957
2025-07-27 06:00:00,1036.0205
2025-07-27 07:00:00,1152.0482
2025-07-27 08:00:00,1201.9633
2025-07-27 09:00:00,1215.95
2025-07-27 10:00:00,1098.3732
2025-07-27 11:00:00,1029.5632
2025-07-27 12:00:00,857.7325
2025-07-27 13:00:00,388.8605
2025-07-27 14:00:00,78.62222
2025-07-27 15:00:00,63.81117
2025-07-27 16:00:00,78.76728
2025-07-27 17:00:00,89.98647
2025-07-27 18:00:00,86.59499
2025-07-27 19:00:00,78.21433
2025-07-27 20:00:00,70.58736
2025-07-27 21:00:00,58.555016
2025-07-27 22:00:00,53.299545
2025-07-27 23:00:00,51.661655
2025-07-28 00:00:00,58.455967
2025-07-28 01:00:00,82.135345
2025-07-28 02:00:00,187.2708
2025-07-28 03:00:00,387.14282
2025-07-28 04:00:00,586.47437
2025-07-28 05:00:00,770.1827
2025-07-28 06:00:00,908.1509
2025-07-28 07:00:00,1019.9773
2025-07-28 08:00:00,1100.4753
2025-07-28 09:00:00,1149.3572
2025-07-28 10:00:00,1001.5722
2025-07-28 11:00:00,934.7757
2025-07-28 12:00:00,466.82422
2025-07-28 13:00:00,269.42847
2025-07-28 14:00:00,63.5858
2025-07-28 15:00:00,95.381516
2025-07-28 16:00:00,152.26549
2025-07-28 17:00:00,193.07863
2025-07-28 18:00:00,205.83635
2025-07-28 19:00:00,196.131
2025-07-28 20:00:00,184.53586
2025-07-28 21:00:00,179.52985
2025-07-28 22:00:00,123.514046
2025-07-28 23:00:00,114.18671
2025-07-29 00:00:00,124.6185
2025-07-29 01:00:00,191.87544
2025-07-29 02:00:00,287.85428
2025-07-29 03:00:00,342.15582
2025-07-29 04:00:00,392.9976
2025-07-29 05:00:00,469.54468
2025-07-29 06:00:00,501.11658
2025-07-29 07:00:00,543.40955
2025-07-29 08:00:00,551.30676
2025-07-29 09:00:00,635.5257
2025-07-29 10:00:00,521.51935
2025-07-29 11:00:00,378.8119
2025-07-29 12:00:00,353.64468
2025-07-29 13:00:00,301.146
2025-07-29 14:00:00,234.93854
2025-07-29 15:00:00,219.46524
2025-07-29 16:00:00,216.88722
2025-07-29 17:00:00,204.27483
2025-07-29 18:00:00,158.2977
2025-07-29 19:00:00,150.22002
2025-07-29 20:00:00,158.51631
2025-07-29 21:00:00,162.80133
2025-07-29 22:00:00,181.64015
2025-07-29 23:00:00,229.70903
2025-07-30 00:00:00,254.08882
2025-07-30 01:00:00,286.2096
2025-07-30 02:00:00,363.89505
2025-07-30 03:00:00,487.57977
2025-07-30 04:00:00,572.8795
2025-07-30 05:00:00,670.97577
2025-07-30 06:00:00,764.0675
2025-07-30 07:00:00,781.5543
2025-07-30 08:00:00,613.8058
2025-07-30 09:00:00,689.9373
2025-07-30 10:00:00,623.21594
2025-07-30 11:00:00,383.63354
2025-07-30 12:00:00,277.5964
2025-07-30 13:00:00,227.10117
2025-07-30 14:00:00,126.610374
2025-07-30 15:00:00,113.92004
2025-07-30 16:00:00,125.263405
2025-07-30 17:00:00,152.88837
2025-07-30 18:00:00,145.41649
2025-07-30 19:00:00,144.69185
2025-07-30 20:00:00,145.76453
2025-07-30 21:00:00,151.75328
2025-07-30 22:00:00,180.69266
2025-07-30 23:00:00,197.32382
2025-07-31 00:00:00,210.70612
2025-07-31 01:00:00,220.32289
2025-07-31 02:00:00,250.60242
2025-07-31 03:00:00,304.813
2025-07-31 04:00:00,469.02634
2025-07-31 05:00:00,598.7214
2025-07-31 06:00:00,683.4079
2025-07-31 07:00:00,684.79205
2025-07-31 08:00:00,572.33685
2025-07-31 09:00:00,458.89316
2025-07-31 10:00:00,305.78113
2025-07-31 11:00:00,282.7003
2025-07-31 12:00:00,230.99614
2025-07-31 13:00:00,220.41776
2025-07-31 14:00:00,165.06152
2025-07-31 15:00:00,156.40585
2025-07-31 16:00:00,161.92953
2025-07-31 17:00:00,165.77945
2025-07-31 18:00:00,194.95049
2025-07-31 19:00:00,224.10309
2025-07-31 20:00:00,262.01566
2025-07-31 21:00:00,273.44717
2025-07-31 22:00:00,277.71606
2025-07-31 23:00:00,212.08994
2025-08-01 00:00:00,211.5373
2025-08-01 01:00:00,208.49602
2025-08-01 02:00:00,231.1748
2025-08-01 03:00:00,317.56198
2025-08-01 04:00:00,413.71597
2025-08-01 05:00:00,547.2502
2025-08-01 06:00:00,636.5861
2025-08-01 07:00:00,701.1506
2025-08-01 08:00:00,763.7484
2025-08-01 09:00:00,824.6403
2025-08-01 10:00:00,948.06366
2025-08-01 11:00:00,794.0458
2025-08-01 12:00:00,386.97952
2025-08-01 13:00:00,305.81943
2025-08-01 14:00:00,226.04678
2025-08-01 15:00:00,201.38405
2025-08-01 16:00:00,205.71416
2025-08-01 17:00:00,217.72383
2025-08-01 18:00:00,241.53795
2025-08-01 19:00:00,258.848
2025-08-01 20:00:00,303.25305
2025-08-01 21:00:00,363.49548
2025-08-01 22:00:00,396.6752
2025-08-01 23:00:00,367.12384
2025-08-02 00:00:00,340.4746
2025-08-02 01:00:00,333.33997
2025-08-02 02:00:00,437.52438
2025-08-02 03:00:00,583.7835
2025-08-02 04:00:00,700.58203
2025-08-02 05:00:00,764.4306
2025-08-02 06:00:00,839.92377
2025-08-02 07:00:00,963.7145
2025-08-02 08:00:00,1026.0657
2025-08-02 09:00:00,1011.8167
2025-08-02 10:00:00,1011.37744
2025-08-02 11:00:00,854.52435
2025-08-02 12:00:00,625.1322
2025-08-02 13:00:00,364.03503
2025-08-02 14:00:00,228.47856
2025-08-02 15:00:00,180.80562
2025-08-02 16:00:00,148.07193
2025-08-02 17:00:00,141.0601
2025-08-02 18:00:00,156.63051
2025-08-02 19:00:00,147.57402
2025-08-02 20:00:00,138.54398
2025-08-02 21:00:00,153.25473
2025-08-02 22:00:00,256.96298
2025-08-02 23:00:00,337.68097
2025-08-03 00:00:00,337.97742
2025-08-03 01:00:00,359.06393
2025-08-03 02:00:00,453.00436
2025-08-03 03:00:00,542.9003
2025-08-03 04:00:00,626.302
2025-08-03 05:00:00,714.14764
2025-08-03 06:00:00,827.86017
2025-08-03 07:00:00,908.38666
2025-08-03 08:00:00,958.1259
2025-08-03 09:00:00,970.2975
2025-08-03 10:00:00,821.59454
2025-08-03 11:00:00,757.4553
2025-08-03 12:00:00,639.766
2025-08-03 13:00:00,286.7402
2025-08-03 14:00:00,117.57843
2025-08-03 15:00:00,109.24129
2025-08-03 16:00:00,113.99564
2025-08-03 17:00:00,117.58261
2025-08-03 18:00:00,133.72975
2025-08-03 19:00:00,156.16928
2025-08-03 20:00:00,194.29968
2025-08-03 21:00:00,254.5977
2025-08-03 22:00:00,377.9321
2025-08-03 23:00:00,399.0912
2025-08-04 00:00:00,383.10843
2025-08-04 01:00:00,387.82565
2025-08-04 02:00:00,455.79892
2025-08-04 03:00:00,504.54456
2025-08-04 04:00:00,554.78345
2025-08-04 05:00:00,627.57874
2025-08-04 06:00:00,724.9221
2025-08-04 07:00:00,782.4442
2025-08-04 08:00:00,868.2598
2025-08-04 09:00:00,948.59283
2025-08-04 10:00:00,805.2712
2025-08-04 11:00:00,626.05615
2025-08-04 12:00:00,612.20044
2025-08-04 13:00:00,303.6009
2025-08-04 14:00:00,178.34747
2025-08-04 15:00:00,140.92896
2025-08-04 16:00:00,112.81305
2025-08-04 17:00:00,112.800255
2025-08-04 18:00:00,114.38031
2025-08-04 19:00:00,135.17099
2025-08-04 20:00:00,159.72232
2025-08-04 21:00:00,163.12865
2025-08-04 22:00:00,312.3142
2025-08-04 23:00:00,340.36566
2025-08-05 00:00:00,350.80508
2025-08-05 01:00:00,370.3924
2025-08-05 02:00:00,453.14758
2025-08-05 03:00:00,549.89246
2025-08-05 04:00:00,614.12506
2025-08-05 05:00:00,692.2539
2025-08-05 06:00:00,836.9484
2025-08-05 07:00:00,956.6144
2025-08-05 08:00:00,974.827
2025-08-05 09:00:00,1015.06055
2025-08-05 10:00:00,648.0787
2025-08-05 11:00:00,709.24963
2025-08-05 12:00:00,678.0051
2025-08-05 13:00:00,197.79941
2025-08-05 14:00:00,83.175674
2025-08-05 15:00:00,78.74038
2025-08-05 16:00:00,96.23549
2025-08-05 17:00:00,112.49148
2025-08-05 18:00:00,111.88929
2025-08-05 19:00:00,115.865875
2025-08-05 20:00:00,127.67205
2025-08-05 21:00:00,153.68625
2025-08-05 22:00:00,254.79631
2025-08-05 23:00:00,294.72995
2025-08-06 00:00:00,305.37698
2025-08-06 01:00:00,327.24466
2025-08-06 02:00:00,431.36765
2025-08-06 03:00:00,516.2238
2025-08-06 04:00:00,607.2459
2025-08-06 05:00:00,706.831
2025-08-06 06:00:00,811.8691
2025-08-06 07:00:00,910.1435
2025-08-06 08:00:00,1042.4508
2025-08-06 09:00:00,1167.7036
2025-08-06 10:00:00,798.3143
2025-08-06 11:00:00,726.6149
2025-08-06 12:00:00,630.1964
2025-08-06 13:00:00,271.99762
2025-08-06 14:00:00,90.62438
2025-08-06 15:00:00,66.91074
2025-08-06 16:00:00,57.588238
2025-08-06 17:00:00,60.984077
2025-08-06 18:00:00,82.68506
2025-08-06 19:00:00,131.16675
2025-08-06 20:00:00,193.72345
2025-08-06 21:00:00,230.47107
2025-08-06 22:00:00,251.5678
2025-08-06 23:00:00,249.77777
2025-08-07 00:00:00,266.41486
2025-08-07 01:00:00,308.47946
2025-08-07 02:00:00,387.68008
2025-08-07 03:00:00,472.23898
2025-08-07 04:00:00,584.5982
2025-08-07 05:00:00,740.4193
2025-08-07 06:00:00,929.30853
2025-08-07 07:00:00,1050.06
2025-08-07 08:00:00,1153.2235
2025-08-07 09:00:00,1206.5414
2025-08-07 10:00:00,1251.3302
2025-08-07 11:00:00,1118.0585
2025-08-07 12:00:00,1127.0978
2025-08-07 13:00:00,507.85495
2025-08-07 14:00:00,206.75594
2025-08-07 15:00:00,158.23206
2025-08-07 16:00:00,139.58246
2025-08-07 17:00:00,155.20018
2025-08-07 18:00:00,186.06976
2025-08-07 19:00:00,221.04918
2025-08-07 20:00:00,267.61795
2025-08-07 21:00:00,296.9109
2025-08-07 22:00:00,422.6795
2025-08-07 23:00:00,423.63208
2025-08-08 00:00:00,411.75916
2025-08-08 01:00:00,406.19763
2025-08-08 02:00:00,432.90402
2025-08-08 03:00:00,466.58
2025-08-08 04:00:00,518.1477
2025-08-08 05:00:00,604.37555
2025-08-08 06:00:00,735.905
2025-08-08 07:00:00,896.44104
2025-08-08 08:00:00,1013.99756
2025-08-08 09:00:00,1080.0166
2025-08-08 10:00:00,1085.226
2025-08-08 11:00:00,851.7942
2025-08-08 12:00:00,645.3847
2025-08-08 13:00:00,70.25562
2025-08-08 14:00:00,40.830933
2025-08-08 15:00:00,41.474224
2025-08-08 16:00:00,51.714024
2025-08-08 17:00:00,57.943115
2025-08-08 18:00:00,64.39207
2025-08-08 19:00:00,65.35214
2025-08-08 20:00:00,70.47062
2025-08-08 21:00:00,92.655525
2025-08-08 22:00:00,164.9846
2025-08-08 23:00:00,182.3019
2025-08-09 00:00:00,178.84613
2025-08-09 01:00:00,182.57808
2025-08-09 02:00:00,247.30861
2025-08-09 03:00:00,306.87918
2025-08-09 04:00:00,363.37643
2025-08-09 05:00:00,454.69345
2025-08-09 06:00:00,475.1654
2025-08-09 07:00:00,491.24405
2025-08-09 08:00:00,474.59485
2025-08-09 09:00:00,445.45044
2025-08-09 10:00:00,459.84903
2025-08-09 11:00:00,386.1186
2025-08-09 12:00:00,298.7898
2025-08-09 13:00:00,230.14204
2025-08-09 14:00:00,153.72974
2025-08-09 15:00:00,126.21542
2025-08-09 16:00:00,92.07173
2025-08-09 17:00:00,76.87075
2025-08-09 18:00:00,78.06149
2025-08-09 19:00:00,72.04948
2025-08-09 20:00:00,70.852776
2025-08-09 21:00:00,58.464523
2025-08-09 22:00:00,75.63903
2025-08-09 23:00:00,74.337425
2025-08-10 00:00:00,69.140945
2025-08-10 01:00:00,80.32407
2025-08-10 02:00:00,157.01376
2025-08-10 03:00:00,273.8729
2025-08-10 04:00:00,408.76392
2025-08-10 05:00:00,623.77814
2025-08-10 06:00:00,749.8455
2025-08-10 07:00:00,842.87274
2025-08-10 08:00:00,912.61115
2025-08-10 09:00:00,948.283
2025-08-10 10:00:00,866.2207
2025-08-10 11:00:00,842.6538
2025-08-10 12:00:00,754.8525
2025-08-10 13:00:00,303.26968
2025-08-10 14:00:00,148.00581
2025-08-10 15:00:00,112.32917
2025-08-10 16:00:00,112.2441
2025-08-10 17:00:00,124.09299
2025-08-10 18:00:00,125.90109
2025-08-10 19:00:00,114.72969
2025-08-10 20:00:00,115.448586
2025-08-10 21:00:00,121.74453
2025-08-10 22:00:00,191.57347
2025-08-10 23:00:00,221.1893
2025-08-11 00:00:00,262.0567
2025-08-11 01:00:00,325.0592
2025-08-11 02:00:00,403.48508
2025-08-11 03:00:00,481.9559
2025-08-11 04:00:00,544.248
2025-08-11 05:00:00,629.699
2025-08-11 06:00:00,753.28186
2025-08-11 07:00:00,859.64703
2025-08-11 08:00:00,1000.728
2025-08-11 09:00:00,1140.3038
2025-08-11 10:00:00,811.1409
2025-08-11 11:00:00,555.3395
2025-08-11 12:00:00,170.6419
2025-08-11 13:00:00,90.371735
2025-08-11 14:00:00,79.194046
2025-08-11 15:00:00,87.52919
2025-08-11 16:00:00,95.93882
2025-08-11 17:00:00,95.699066
2025-08-11 18:00:00,91.00754
2025-08-11 19:00:00,78.86071
2025-08-11 20:00:00,69.48264
2025-08-11 21:00:00,77.36738
2025-08-11 22:00:00,150.07819
2025-08-11 23:00:00,145.19028
2025-08-12 00:00:00,141.40009
2025-08-12 01:00:00,131.35939
2025-08-12 02:00:00,177.0374
2025-08-12 03:00:00,304.0182
2025-08-12 04:00:00,445.66754
2025-08-12 05:00:00,575.3808
2025-08-12 06:00:00,690.8622
2025-08-12 07:00:00,754.73987
2025-08-12 08:00:00,850.4109
2025-08-12 09:00:00,883.0991
2025-08-12 10:00:00,888.3592
2025-08-12 11:00:00,882.2561
2025-08-12 12:00:00,826.59644
2025-08-12 13:00:00,457.62222
2025-08-12 14:00:00,87.47877
2025-08-12 15:00:00,43.98907
2025-08-12 16:00:00,47.46345
2025-08-12 17:00:00,59.53549
2025-08-12 18:00:00,70.22866
2025-08-12 19:00:00,72.06731
2025-08-12 20:00:00,72.80965
2025-08-12 21:00:00,74.526825
2025-08-12 22:00:00,59.806408
2025-08-12 23:00:00,69.630646
2025-08-13 00:00:00,86.69501
2025-08-13 01:00:00,122.621
2025-08-13 02:00:00,240.71521
2025-08-13 03:00:00,367.60352
2025-08-13 04:00:00,490.61008
2025-08-13 05:00:00,620.8888
2025-08-13 06:00:00,827.2771
2025-08-13 07:00:00,986.29987
2025-08-13 08:00:00,924.2455
2025-08-13 09:00:00,1051.0986
2025-08-13 10:00:00,990.9179
2025-08-13 11:00:00,1026.1423
2025-08-13 12:00:00,807.8538
2025-08-13 13:00:00,130.80876
2025-08-13 14:00:00,40.78061
2025-08-13 15:00:00,33.035885
2025-08-13 16:00:00,45.516758
2025-08-13 17:00:00,80.12183
2025-08-13 18:00:00,119.53115
2025-08-13 19:00:00,150.48328
2025-08-13 20:00:00,167.02127
2025-08-13 21:00:00,186.1601
2025-08-13 22:00:00,71.62293
2025-08-13 23:00:00,149.91322
2025-08-14 00:00:00,201.6465
2025-08-14 01:00:00,226.34535
2025-08-14 02:00:00,227.16345
2025-08-14 03:00:00,231.35155
2025-08-14 04:00:00,223.008
2025-08-14 05:00:00,224.58215
2025-08-14 06:00:00,256.41202
2025-08-14 07:00:00,303.589
2025-08-14 08:00:00,374.57175
2025-08-14 09:00:00,446.49374
2025-08-14 10:00:00,448.13812
2025-08-14 11:00:00,475.98132
2025-08-14 12:00:00,451.75388
2025-08-14 13:00:00,370.02786
2025-08-14 14:00:00,216.78049
2025-08-14 15:00:00,157.69167
2025-08-14 16:00:00,165.69447
2025-08-14 17:00:00,125.96042
2025-08-14 18:00:00,109.64975
2025-08-14 19:00:00,106.55137
2025-08-14 20:00:00,116.602684
2025-08-14 21:00:00,135.461
2025-08-14 22:00:00,118.12257
2025-08-14 23:00:00,131.7839
2025-08-15 00:00:00,119.32066
2025-08-15 01:00:00,113.428986
2025-08-15 02:00:00,173.2512
2025-08-15 03:00:00,276.16714
2025-08-15 04:00:00,418.06827
2025-08-15 05:00:00,566.3714
2025-08-15 06:00:00,771.7963
2025-08-15 07:00:00,852.0404
2025-08-15 08:00:00,943.9966
2025-08-15 09:00:00,940.7537
2025-08-15 10:00:00,701.11206
2025-08-15 11:00:00,677.10266
2025-08-15 12:00:00,514.1806
2025-08-15 13:00:00,159.99765
2025-08-15 14:00:00,95.15207
2025-08-15 15:00:00,91.96359
2025-08-15 16:00:00,117.27875
2025-08-15 17:00:00,145.79005
2025-08-15 18:00:00,167.5441
2025-08-15 19:00:00,152.68599
2025-08-15 20:00:00,153.10382
2025-08-15 21:00:00,156.78563
2025-08-15 22:00:00,74.89471
2025-08-15 23:00:00,84.73538
2025-08-16 00:00:00,104.076164
2025-08-16 01:00:00,119.58305
2025-08-16 02:00:00,205.04955
2025-08-16 03:00:00,321.02667
2025-08-16 04:00:00,476.13367
2025-08-16 05:00:00,653.21967
2025-08-16 06:00:00,868.31757
2025-08-16 07:00:00,1078.9866
2025-08-16 08:00:00,1048.9073
2025-08-16 09:00:00,1017.6119
2025-08-16 10:00:00,894.1577
2025-08-16 11:00:00,354.83466
2025-08-16 12:00:00,338.57114
2025-08-16 13:00:00,261.76083
2025-08-16 14:00:00,172.74185
2025-08-16 15:00:00,130.85587
2025-08-16 16:00:00,130.21747
2025-08-16 17:00:00,145.79239
2025-08-16 18:00:00,147.0856
2025-08-16 19:00:00,152.25012
2025-08-16 20:00:00,154.01376
2025-08-16 21:00:00,169.43266
2025-08-16 22:00:00,167.42891
2025-08-16 23:00:00,176.72133
2025-08-17 00:00:00,181.23569
2025-08-17 01:00:00,183.28741
2025-08-17 02:00:00,253.26707
2025-08-17 03:00:00,391.10608
2025-08-17 04:00:00,582.62445
2025-08-17 05:00:00,857.93884
2025-08-17 06:00:00,1027.0778
2025-08-17 07:00:00,1102.8619
2025-08-17 08:00:00,1112.8418
2025-08-17 09:00:00,1030.4358
2025-08-17 10:00:00,810.34875
2025-08-17 11:00:00,519.45435
2025-08-17 12:00:00,494.1337
2025-08-17 13:00:00,410.66434
2025-08-17 14:00:00,291.12198
2025-08-17 15:00:00,262.44443
2025-08-17 16:00:00,232.19086
2025-08-17 17:00:00,206.27261
2025-08-17 18:00:00,210.67607
2025-08-17 19:00:00,241.06
2025-08-17 20:00:00,268.82837
2025-08-17 21:00:00,289.97845
2025-08-17 22:00:00,240.98824
2025-08-17 23:00:00,268.04218
2025-08-18 00:00:00,304.13153
2025-08-18 01:00:00,345.07956
2025-08-18 02:00:00,436.00278
2025-08-18 03:00:00,559.93536
2025-08-18 04:00:00,649.0995
2025-08-18 05:00:00,727.55865
2025-08-18 06:00:00,876.57916
2025-08-18 07:00:00,1050.5634
2025-08-18 08:00:00,1112.7329
2025-08-18 09:00:00,1158.7701
2025-08-18 10:00:00,1041.437
2025-08-18 11:00:00,915.8445
2025-08-18 12:00:00,870.2668
2025-08-18 13:00:00,562.4952
2025-08-18 14:00:00,213.21925
2025-08-18 15:00:00,184.21764
2025-08-18 16:00:00,190.25644
2025-08-18 17:00:00,186.41478
2025-08-18 18:00:00,190.28159
2025-08-18 19:00:00,195.75943
2025-08-18 20:00:00,200.65805
2025-08-18 21:00:00,176.99344
2025-08-18 22:00:00,135.09422
2025-08-18 23:00:00,156.02399
2025-08-19 00:00:00,188.54092
2025-08-19 01:00:00,214.52415
2025-08-19 02:00:00,323.53906
2025-08-19 03:00:00,492.67065
2025-08-19 04:00:00,751.2978
2025-08-19 05:00:00,1038.2698
2025-08-19 06:00:00,1139.9066
2025-08-19 07:00:00,1338.7817
2025-08-19 08:00:00,1309.5939
2025-08-19 09:00:00,1364.8137
2025-08-19 10:00:00,1062.0876
2025-08-19 11:00:00,476.853
2025-08-19 12:00:00,469.6857
2025-08-19 13:00:00,417.86832
2025-08-19 14:00:00,343.36108
2025-08-19 15:00:00,315.50952
2025-08-19 16:00:00,311.32394
2025-08-19 17:00:00,355.06595
2025-08-19 18:00:00,420.25433
2025-08-19 19:00:00,454.00812
2025-08-19 20:00:00,431.1339
2025-08-19 21:00:00,368.20605
2025-08-19 22:00:00,328.80136
2025-08-19 23:00:00,333.15543
2025-08-20 00:00:00,369.0011
2025-08-20 01:00:00,448.0741
2025-08-20 02:00:00,595.05396
2025-08-20 03:00:00,678.23914
2025-08-20 04:00:00,790.63196
2025-08-20 05:00:00,962.6632
2025-08-20 06:00:00,1178.6333
2025-08-20 07:00:00,1281.8994
2025-08-20 08:00:00,1152.6274
2025-08-20 09:00:00,1196.5612
2025-08-20 10:00:00,1137.0773
2025-08-20 11:00:00,1031.8944
2025-08-20 12:00:00,861.85425
2025-08-20 13:00:00,566.7121
2025-08-20 14:00:00,347.26215
2025-08-20 15:00:00,316.61227
2025-08-20 16:00:00,314.24454
2025-08-20 17:00:00,321.07092
2025-08-20 18:00:00,307.21066
2025-08-20 19:00:00,260.5316
2025-08-20 20:00:00,224.8416
2025-08-20 21:00:00,232.58385
2025-08-20 22:00:00,237.43144
2025-08-20 23:00:00,207.36417
2025-08-21 00:00:00,284.0511
2025-08-21 01:00:00,338.24097
2025-08-21 02:00:00,480.38055
2025-08-21 03:00:00,638.1849
2025-08-21 04:00:00,777.5566
2025-08-21 05:00:00,890.0466
2025-08-21 06:00:00,974.58014
2025-08-21 07:00:00,1009.2614
2025-08-21 08:00:00,1001.39
2025-08-21 09:00:00,979.77
2025-08-21 10:00:00,1018.3716
2025-08-21 11:00:00,702.57904
2025-08-21 12:00:00,287.52173
2025-08-21 13:00:00,132.26317
2025-08-21 14:00:00,51.70056
2025-08-21 15:00:00,45.990307
2025-08-21 16:00:00,44.604286
2025-08-21 17:00:00,46.700348
2025-08-21 18:00:00,40.871876
2025-08-21 19:00:00,33.157375
2025-08-21 20:00:00,47.125294
2025-08-21 21:00:00,103.58627
2025-08-21 22:00:00,35.698242
2025-08-21 23:00:00,62.70344
2025-08-22 00:00:00,87.0517
2025-08-22 01:00:00,120.61081
2025-08-22 02:00:00,197.968
2025-08-22 03:00:00,273.28644
2025-08-22 04:00:00,394.52594
2025-08-22 05:00:00,470.84607
2025-08-22 06:00:00,603.50195
2025-08-22 07:00:00,678.1747
2025-08-22 08:00:00,634.1787
2025-08-22 09:00:00,652.22327
2025-08-22 10:00:00,590.4982
2025-08-22 11:00:00,474.72913
2025-08-22 12:00:00,420.07993
2025-08-22 13:00:00,192.52429
2025-08-22 14:00:00,103.839676
2025-08-22 15:00:00,102.64238
2025-08-22 16:00:00,129.73265
2025-08-22 17:00:00,120.53976
2025-08-22 18:00:00,106.49372
2025-08-22 19:00:00,72.59427
2025-08-22 20:00:00,63.542236
2025-08-22 21:00:00,115.67188
2025-08-22 22:00:00,71.0076
2025-08-22 23:00:00,65.02548
2025-08-23 00:00:00,84.980934
2025-08-23 01:00:00,90.86563
2025-08-23 02:00:00,192.31688
2025-08-23 03:00:00,347.078
2025-08-23 04:00:00,552.80505
2025-08-23 05:00:00,741.65717
2025-08-23 06:00:00,861.7533
2025-08-23 07:00:00,886.6668
2025-08-23 08:00:00,749.0403
2025-08-23 09:00:00,659.61224
2025-08-23 10:00:00,552.4627
2025-08-23 11:00:00,377.6297
2025-08-23 12:00:00,239.56934
2025-08-23 13:00:00,149.31177
2025-08-23 14:00:00,154.45879
2025-08-23 15:00:00,165.2875
2025-08-23 16:00:00,126.724075
2025-08-23 17:00:00,102.0866
2025-08-23 18:00:00,82.78334
2025-08-23 19:00:00,67.57405
2025-08-23 20:00:00,87.320175
2025-08-23 21:00:00,101.42326
2025-08-23 22:00:00,187.40773
2025-08-23 23:00:00,214.10603
2025-08-24 00:00:00,213.1331
2025-08-24 01:00:00,257.18372
2025-08-24 02:00:00,371.83313
2025-08-24 03:00:00,480.90768
2025-08-24 04:00:00,648.6084
2025-08-24 05:00:00,864.8783
2025-08-24 06:00:00,1070.1012
2025-08-24 07:00:00,1194.3163
2025-08-24 08:00:00,775.9783
2025-08-24 09:00:00,611.41956
2025-08-24 10:00:00,677.6242
2025-08-24 11:00:00,442.59988
2025-08-24 12:00:00,328.18484
2025-08-24 13:00:00,222.07343
2025-08-24 14:00:00,211.0997
2025-08-24 15:00:00,230.19766
2025-08-24 16:00:00,222.28926
2025-08-24 17:00:00,196.83487
2025-08-24 18:00:00,212.62556
2025-08-24 19:00:00,268.76508
2025-08-24 20:00:00,364.7313
2025-08-24 21:00:00,454.97473
2025-08-24 22:00:00,400.64548
2025-08-24 23:00:00,372.4023
2025-08-25 00:00:00,456.71252
2025-08-25 01:00:00,514.4299
2025-08-25 02:00:00,575.4458
2025-08-25 03:00:00,617.91815
2025-08-25 04:00:00,692.44354
2025-08-25 05:00:00,768.156
2025-08-25 06:00:00,833.19226
2025-08-25 07:00:00,729.1847
2025-08-25 08:00:00,744.3493
2025-08-25 09:00:00,562.7175
2025-08-25 10:00:00,481.39462
2025-08-25 11:00:00,542.74884
2025-08-25 12:00:00,543.11346
2025-08-25 13:00:00,514.6408
2025-08-25 14:00:00,473.4489
2025-08-25 15:00:00,469.62656
2025-08-25 16:00:00,480.82062
2025-08-25 17:00:00,483.83368
2025-08-25 18:00:00,446.82715
2025-08-25 19:00:00,428.38165
2025-08-25 20:00:00,439.20328
2025-08-25 21:00:00,445.23865
2025-08-25 22:00:00,453.1316
2025-08-25 23:00:00,466.61868
2025-08-26 00:00:00,476.96997
2025-08-26 01:00:00,480.90167
2025-08-26 02:00:00,485.93347
2025-08-26 03:00:00,520.951
2025-08-26 04:00:00,617.7683
2025-08-26 05:00:00,800.39624
2025-08-26 06:00:00,971.69586
2025-08-26 07:00:00,1042.4438
2025-08-26 08:00:00,929.2689
2025-08-26 09:00:00,853.82104
2025-08-26 10:00:00,607.73737
2025-08-26 11:00:00,506.24066
2025-08-26 12:00:00,479.16852
2025-08-26 13:00:00,429.0696
2025-08-26 14:00:00,335.86047
2025-08-26 15:00:00,263.74002
2025-08-26 16:00:00,256.72037
2025-08-26 17:00:00,286.57327
2025-08-26 18:00:00,284.0653
2025-08-26 19:00:00,284.5781
2025-08-26 20:00:00,260.44284
2025-08-26 21:00:00,260.29355
2025-08-26 22:00:00,198.82353
2025-08-26 23:00:00,197.5101
2025-08-27 00:00:00,183.54068
2025-08-27 01:00:00,191.31479
2025-08-27 02:00:00,280.00275
2025-08-27 03:00:00,377.92828
2025-08-27 04:00:00,477.80585
2025-08-27 05:00:00,618.4162
2025-08-27 06:00:00,779.0693
2025-08-27 07:00:00,874.12006
2025-08-27 08:00:00,943.21423
2025-08-27 09:00:00,956.9402
2025-08-27 10:00:00,913.77814
2025-08-27 11:00:00,754.34766
2025-08-27 12:00:00,580.97375
2025-08-27 13:00:00,203.9107
2025-08-27 14:00:00,72.37742
2025-08-27 15:00:00,52.09079
2025-08-27 16:00:00,55.880547
2025-08-27 17:00:00,63.083656
2025-08-27 18:00:00,68.06382
2025-08-27 19:00:00,65.63115
2025-08-27 20:00:00,58.114033
2025-08-27 21:00:00,54.130672
2025-08-27 22:00:00,89.76618
2025-08-27 23:00:00,92.09442
2025-08-28 00:00:00,94.850525
2025-08-28 01:00:00,116.31912
2025-08-28 02:00:00,174.33742
2025-08-28 03:00:00,273.8157
2025-08-28 04:00:00,471.9752
2025-08-28 05:00:00,635.45166
2025-08-28 06:00:00,785.12646
2025-08-28 07:00:00,892.9963
2025-08-28 08:00:00,977.07733
2025-08-28 09:00:00,902.15265
2025-08-28 10:00:00,874.7736
2025-08-28 11:00:00,742.9721
2025-08-28 12:00:00,524.5705
2025-08-28 13:00:00,222.62442
2025-08-28 14:00:00,128.03368
2025-08-28 15:00:00,164.73499
2025-08-28 16:00:00,178.0796
2025-08-28 17:00:00,205.53488
2025-08-28 18:00:00,190.363
2025-08-28 19:00:00,158.30988
2025-08-28 20:00:00,142.1721
2025-08-28 21:00:00,168.98262
2025-08-28 22:00:00,184.96626
2025-08-28 23:00:00,205.2825
2025-08-29 00:00:00,238.46977
2025-08-29 01:00:00,294.75885
2025-08-29 02:00:00,355.996
2025-08-29 03:00:00,449.32825
2025-08-29 04:00:00,568.9712
2025-08-29 05:00:00,683.77985
2025-08-29 06:00:00,717.493
2025-08-29 07:00:00,712.5656
2025-08-29 08:00:00,650.5153
2025-08-29 09:00:00,655.81177
2025-08-29 10:00:00,611.59845
2025-08-29 11:00:00,599.058
2025-08-29 12:00:00,521.9395
2025-08-29 13:00:00,456.04236
2025-08-29 14:00:00,439.0469
2025-08-29 15:00:00,419.10767
2025-08-29 16:00:00,395.72842
2025-08-29 17:00:00,376.49704
2025-08-29 18:00:00,372.01453
2025-08-29 19:00:00,386.58047
2025-08-29 20:00:00,395.48492
2025-08-29 21:00:00,384.44424
2025-08-29 22:00:00,354.2158
2025-08-29 23:00:00,349.31262
2025-08-30 00:00:00,359.14914
2025-08-30 01:00:00,373.0783
2025-08-30 02:00:00,432.3648
2025-08-30 03:00:00,470.7197
2025-08-30 04:00:00,545.9578
2025-08-30 05:00:00,615.0133
2025-08-30 06:00:00,742.7875
2025-08-30 07:00:00,877.8518
2025-08-30 08:00:00,917.4313
2025-08-30 09:00:00,884.2964
2025-08-30 10:00:00,868.7238
2025-08-30 11:00:00,586.5884
2025-08-30 12:00:00,505.2847
2025-08-30 13:00:00,345.87866
2025-08-30 14:00:00,250.15149
2025-08-30 15:00:00,271.6904
2025-08-30 16:00:00,276.07605
2025-08-30 17:00:00,293.89627
2025-08-30 18:00:00,287.35223
2025-08-30 19:00:00,197.2186
2025-08-30 20:00:00,232.92612
2025-08-30 21:00:00,309.29202
2025-08-30 22:00:00,234.18863
2025-08-30 23:00:00,265.41745
2025-08-31 00:00:00,297.92078
2025-08-31 01:00:00,306.23956
2025-08-31 02:00:00,353.7605
2025-08-31 03:00:00,421.82855
2025-08-31 04:00:00,494.3401
2025-08-31 05:00:00,570.9501
2025-08-31 06:00:00,599.2541
2025-08-31 07:00:00,621.5258
2025-08-31 08:00:00,548.2749
2025-08-31 09:00:00,585.8836
2025-08-31 10:00:00,362.936
2025-08-31 11:00:00,417.4176
2025-08-31 12:00:00,396.2783
2025-08-31 13:00:00,306.69644
2025-08-31 14:00:00,292.7522
2025-08-31 15:00:00,345.90384
2025-08-31 16:00:00,384.55432
2025-08-31 17:00:00,360.73517
2025-08-31 18:00:00,292.24423
2025-08-31 19:00:00,265.20618
2025-08-31 20:00:00,274.7019
2025-08-31 21:00:00,282.75882
2025-08-31 22:00:00,301.34796
2025-08-31 23:00:00,306.5736
2025-09-01 00:00:00,255.35512
2025-09-01 01:00:00,230.86781
2025-09-01 02:00:00,254.77168
2025-09-01 03:00:00,299.36285
2025-09-01 04:00:00,339.40775
2025-09-01 05:00:00,404.73853
2025-09-01 06:00:00,497.59265
2025-09-01 07:00:00,694.09235
2025-09-01 08:00:00,703.08484
2025-09-01 09:00:00,556.44525
2025-09-01 10:00:00,539.32056
2025-09-01 11:00:00,512.90735
2025-09-01 12:00:00,520.623
2025-09-01 13:00:00,552.581
2025-09-01 14:00:00,560.4649
2025-09-01 15:00:00,579.41235
2025-09-01 16:00:00,563.30505
2025-09-01 17:00:00,542.8785
2025-09-01 18:00:00,500.7859
2025-09-01 19:00:00,463.27655
2025-09-01 20:00:00,428.78152
2025-09-01 21:00:00,410.1917
2025-09-01 22:00:00,427.76642
2025-09-01 23:00:00,383.7288
2025-09-02 00:00:00,356.8273
2025-09-02 01:00:00,382.54706
2025-09-02 02:00:00,428.1533
2025-09-02 03:00:00,490.1691
2025-09-02 04:00:00,542.53296
2025-09-02 05:00:00,567.49945
2025-09-02 06:00:00,621.7395
2025-09-02 07:00:00,635.3289
2025-09-02 08:00:00,556.76263
2025-09-02 09:00:00,563.77936
2025-09-02 10:00:00,597.82806
2025-09-02 11:00:00,519.10767
2025-09-02 12:00:00,496.246
2025-09-02 13:00:00,460.13477
2025-09-02 14:00:00,459.0407
2025-09-02 15:00:00,459.86038
2025-09-02 16:00:00,432.84232
2025-09-02 17:00:00,417.2847
2025-09-02 18:00:00,390.14108
2025-09-02 19:00:00,353.88513
2025-09-02 20:00:00,329.20798
2025-09-02 21:00:00,315.776
2025-09-02 22:00:00,251.22656
2025-09-02 23:00:00,234.08482
2025-09-03 00:00:00,242.18358
2025-09-03 01:00:00,256.39163
2025-09-03 02:00:00,277.75797
2025-09-03 03:00:00,289.30328
2025-09-03 04:00:00,302.71326
2025-09-03 05:00:00,410.26923
2025-09-03 06:00:00,574.05743
2025-09-03 07:00:00,695.4824
2025-09-03 08:00:00,809.31244
2025-09-03 09:00:00,837.4536
2025-09-03 10:00:00,603.1254
2025-09-03 11:00:00,488.1632
2025-09-03 12:00:00,382.6371
2025-09-03 13:00:00,314.99573
2025-09-03 14:00:00,295.91565
2025-09-03 15:00:00,311.56192
2025-09-03 16:00:00,277.61313
2025-09-03 17:00:00,234.43839
2025-09-03 18:00:00,188.38617
2025-09-03 19:00:00,157.32225
2025-09-03 20:00:00,139.74757
2025-09-03 21:00:00,138.23712
2025-09-03 22:00:00,189.80899
2025-09-03 23:00:00,183.97885
2025-09-04 00:00:00,170.58
2025-09-04 01:00:00,150.35162
2025-09-04 02:00:00,191.39404
2025-09-04 03:00:00,256.99374
2025-09-04 04:00:00,357.2493
2025-09-04 05:00:00,587.85333
2025-09-04 06:00:00,803.5559
2025-09-04 07:00:00,974.2615
2025-09-04 08:00:00,1052.9275
2025-09-04 09:00:00,1056.6753
2025-09-04 10:00:00,518.6143
2025-09-04 11:00:00,462.34985
2025-09-04 12:00:00,402.14365
2025-09-04 13:00:00,299.33176
2025-09-04 14:00:00,229.34285
2025-09-04 15:00:00,224.32507
2025-09-04 16:00:00,214.5984
2025-09-04 17:00:00,195.21336
2025-09-04 18:00:00,173.15465
2025-09-04 19:00:00,162.13899
2025-09-04 20:00:00,157.97386
2025-09-04 21:00:00,171.49957
2025-09-04 22:00:00,226.31026
2025-09-04 23:00:00,321.19336
2025-09-05 00:00:00,411.08563
2025-09-05 01:00:00,513.29663
2025-09-05 02:00:00,722.21765
2025-09-05 03:00:00,870.8912
2025-09-05 04:00:00,947.31213
2025-09-05 05:00:00,1056.3358
2025-09-05 06:00:00,1123.6251
2025-09-05 07:00:00,1180.5922
2025-09-05 08:00:00,1258.6611
2025-09-05 09:00:00,909.0876
2025-09-05 10:00:00,692.41315
2025-09-05 11:00:00,607.3176
2025-09-05 12:00:00,589.3092
2025-09-05 13:00:00,528.7468
2025-09-05 14:00:00,489.10217
2025-09-05 15:00:00,508.77612
2025-09-05 16:00:00,522.84735
2025-09-05 17:00:00,531.73444
2025-09-05 18:00:00,529.7798
2025-09-05 19:00:00,518.3818
2025-09-05 20:00:00,503.30188
2025-09-05 21:00:00,478.83255
2025-09-05 22:00:00,455.39288
2025-09-05 23:00:00,461.47614
2025-09-06 00:00:00,463.8036
2025-09-06 01:00:00,474.04797
2025-09-06 02:00:00,542.5437
2025-09-06 03:00:00,630.223
2025-09-06 04:00:00,695.8486
2025-09-06 05:00:00,775.95764
2025-09-06 06:00:00,821.8334
2025-09-06 07:00:00,816.2103
2025-09-06 08:00:00,833.36475
2025-09-06 09:00:00,892.83295
2025-09-06 10:00:00,885.74255
2025-09-06 11:00:00,717.61017
2025-09-06 12:00:00,556.76373
2025-09-06 13:00:00,411.18362
2025-09-06 14:00:00,325.1807
2025-09-06 15:00:00,360.11566
2025-09-06 16:00:00,387.3
2025-09-06 17:00:00,406.14972
2025-09-06 18:00:00,411.2167
2025-09-06 19:00:00,408.86597
2025-09-06 20:00:00,396.89142
2025-09-06 21:00:00,364.52173
2025-09-06 22:00:00,278.20444
2025-09-06 23:00:00,270.08536
2025-09-07 00:00:00,275.3864
2025-09-07 01:00:00,289.14096
2025-09-07 02:00:00,380.33954
2025-09-07 03:00:00,531.28467
2025-09-07 04:00:00,729.905
2025-09-07 05:00:00,841.7683
2025-09-07 06:00:00,944.46796
2025-09-07 07:00:00,1107.8688
2025-09-07 08:00:00,1102.3439
2025-09-07 09:00:00,698.66626
2025-09-07 10:00:00,652.78204
2025-09-07 11:00:00,473.20563
2025-09-07 12:00:00,377.70087
2025-09-07 13:00:00,136.71442
2025-09-07 14:00:00,87.316765
2025-09-07 15:00:00,78.02877
2025-09-07 16:00:00,68.44194
2025-09-07 17:00:00,65.1615
2025-09-07 18:00:00,76.91261
2025-09-07 19:00:00,94.502106
2025-09-07 20:00:00,109.44626
2025-09-07 21:00:00,115.03648
2025-09-07 22:00:00,107.14956
2025-09-07 23:00:00,120.585976
2025-09-08 00:00:00,131.94635
2025-09-08 01:00:00,137.19896
2025-09-08 02:00:00,185.04488
2025-09-08 03:00:00,330.42517
2025-09-08 04:00:00,522.4599
2025-09-08 05:00:00,749.5982
2025-09-08 06:00:00,971.6342
2025-09-08 07:00:00,1036.5532
2025-09-08 08:00:00,1083.8594
2025-09-08 09:00:00,1070.826
2025-09-08 10:00:00,1007.1259
2025-09-08 11:00:00,814.52075
2025-09-08 12:00:00,523.6403
2025-09-08 13:00:00,54.363773
2025-09-08 14:00:00,46.853844
2025-09-08 15:00:00,46.34324
2025-09-08 16:00:00,58.544796
2025-09-08 17:00:00,76.52634
2025-09-08 18:00:00,89.866554
2025-09-08 19:00:00,99.73169
2025-09-08 20:00:00,111.243095
2025-09-08 21:00:00,120.23453
2025-09-08 22:00:00,144.51428
2025-09-08 23:00:00,171.31154
2025-09-09 00:00:00,186.56332
2025-09-09 01:00:00,193.91077
2025-09-09 02:00:00,254.99113
2025-09-09 03:00:00,358.57117
2025-09-09 04:00:00,538.61224
2025-09-09 05:00:00,733.7989
2025-09-09 06:00:00,841.28815
2025-09-09 07:00:00,937.41876
2025-09-09 08:00:00,1048.2808
2025-09-09 09:00:00,1037.269
2025-09-09 10:00:00,1037.7827
2025-09-09 11:00:00,973.06354
2025-09-09 12:00:00,858.30835
2025-09-09 13:00:00,206.92
2025-09-09 14:00:00,171.44519
2025-09-09 15:00:00,210.44435
2025-09-09 16:00:00,262.9773
2025-09-09 17:00:00,310.18118
2025-09-09 18:00:00,326.7964
2025-09-09 19:00:00,324.02402
2025-09-09 20:00:00,316.93933
2025-09-09 21:00:00,334.53766
2025-09-09 22:00:00,343.21292
2025-09-09 23:00:00,364.17603
2025-09-10 00:00:00,387.48828
2025-09-10 01:00:00,416.92038
2025-09-10 02:00:00,506.90118
2025-09-10 03:00:00,624.24805
2025-09-10 04:00:00,790.85693
2025-09-10 05:00:00,959.9152
2025-09-10 06:00:00,1111.1564
2025-09-10 07:00:00,1217.3281
2025-09-10 08:00:00,1293.412
2025-09-10 09:00:00,1353.6757
2025-09-10 10:00:00,1322.2506
2025-09-10 11:00:00,1294.5592
2025-09-10 12:00:00,1163.0175
2025-09-10 13:00:00,866.9882
2025-09-10 14:00:00,692.4917
2025-09-10 15:00:00,600.3579
2025-09-10 16:00:00,546.23486
2025-09-10 17:00:00,528.8304
2025-09-10 18:00:00,471.38672
2025-09-10 19:00:00,414.29254
2025-09-10 20:00:00,387.10522
2025-09-10 21:00:00,379.4557
2025-09-10 22:00:00,430.58194
2025-09-10 23:00:00,419.83832
2025-09-11 00:00:00,429.98657
2025-09-11 01:00:00,453.46378
2025-09-11 02:00:00,546.1011
2025-09-11 03:00:00,642.0895
2025-09-11 04:00:00,778.00977
2025-09-11 05:00:00,1006.9414
2025-09-11 06:00:00,1213.0793
2025-09-11 07:00:00,1346.5825
2025-09-11 08:00:00,1483.6382
2025-09-11 09:00:00,1500.0839
2025-09-11 10:00:00,1349.7998
2025-09-11 11:00:00,1276.3323
2025-09-11 12:00:00,942.511
2025-09-11 13:00:00,305.32733
2025-09-11 14:00:00,183.30771
2025-09-11 15:00:00,156.32578
2025-09-11 16:00:00,133.80743
2025-09-11 17:00:00,118.087234
2025-09-11 18:00:00,109.68238
2025-09-11 19:00:00,111.96816
2025-09-11 20:00:00,136.47194
2025-09-11 21:00:00,184.36572
2025-09-11 22:00:00,278.28552
2025-09-11 23:00:00,324.2408
2025-09-12 00:00:00,359.42554
2025-09-12 01:00:00,361.69202
2025-09-12 02:00:00,401.6625
2025-09-12 03:00:00,463.80606
2025-09-12 04:00:00,556.9643
2025-09-12 05:00:00,712.90814
2025-09-12 06:00:00,973.65015
2025-09-12 07:00:00,1232.8384
2025-09-12 08:00:00,1325.0917
2025-09-12 09:00:00,1375.0586
2025-09-12 10:00:00,1215.8064
2025-09-12 11:00:00,1137.932
2025-09-12 12:00:00,534.44946
2025-09-12 13:00:00,145.87408
2025-09-12 14:00:00,78.59027
2025-09-12 15:00:00,50.240704
2025-09-12 16:00:00,41.781326
2025-09-12 17:00:00,45.693256
2025-09-12 18:00:00,49.45095
2025-09-12 19:00:00,59.999928
2025-09-12 20:00:00,69.81433
2025-09-12 21:00:00,90.40789
2025-09-12 22:00:00,153.94046
2025-09-12 23:00:00,179.69453
2025-09-13 00:00:00,201.87558
2025-09-13 01:00:00,220.04532
2025-09-13 02:00:00,284.23886
2025-09-13 03:00:00,346.2348
2025-09-13 04:00:00,435.45944
2025-09-13 05:00:00,563.0782
2025-09-13 06:00:00,751.61505
2025-09-13 07:00:00,915.8286
2025-09-13 08:00:00,1012.1203
2025-09-13 09:00:00,1049.1505
2025-09-13 10:00:00,1097.9866
2025-09-13 11:00:00,1022.06616
2025-09-13 12:00:00,447.82874
2025-09-13 13:00:00,131.2629
2025-09-13 14:00:00,48.552444
2025-09-13 15:00:00,31.193396
2025-09-13 16:00:00,21.427074
2025-09-13 17:00:00,24.265322
2025-09-13 18:00:00,29.180183
2025-09-13 19:00:00,35.701866
2025-09-13 20:00:00,43.551773
2025-09-13 21:00:00,51.950607
2025-09-13 22:00:00,44.569706
2025-09-13 23:00:00,51.922314
2025-09-14 00:00:00,59.75
2025-09-14 01:00:00,78.76499
2025-09-14 02:00:00,142.33272
2025-09-14 03:00:00,230.16074
2025-09-14 04:00:00,396.66614
2025-09-14 05:00:00,669.7876
2025-09-14 06:00:00,936.3789
2025-09-14 07:00:00,1087.3224
2025-09-14 08:00:00,1184.0991
2025-09-14 09:00:00,1222.8254
2025-09-14 10:00:00,1234.4028
2025-09-14 11:00:00,1075.6166
2025-09-14 12:00:00,477.3347
2025-09-14 13:00:00,78.24712
2025-09-14 14:00:00,47.884956
2025-09-14 15:00:00,48.023937
2025-09-14 16:00:00,50.906734
2025-09-14 17:00:00,57.31875
2025-09-14 18:00:00,59.439564
2025-09-14 19:00:00,57.859936
2025-09-14 20:00:00,61.13729
2025-09-14 21:00:00,71.40019
2025-09-14 22:00:00,96.891335
2025-09-14 23:00:00,148.94836
2025-09-15 00:00:00,204.74419
2025-09-15 01:00:00,250.70137
2025-09-15 02:00:00,320.51016
2025-09-15 03:00:00,392.27478
2025-09-15 04:00:00,493.27008
2025-09-15 05:00:00,637.96686
2025-09-15 06:00:00,862.0235
2025-09-15 07:00:00,1120.789
2025-09-15 08:00:00,1275.6195
2025-09-15 09:00:00,1328.6575
2025-09-15 10:00:00,1328.1172
2025-09-15 11:00:00,1269.2507
2025-09-15 12:00:00,380.09277
2025-09-15 13:00:00,73.62543
2025-09-15 14:00:00,41.949852
2025-09-15 15:00:00,38.627934
2025-09-15 16:00:00,38.886673
2025-09-15 17:00:00,34.695946
2025-09-15 18:00:00,32.231606
2025-09-15 19:00:00,30.466084
2025-09-15 20:00:00,40.93788
2025-09-15 21:00:00,68.16857
2025-09-15 22:00:00,115.20697
2025-09-15 23:00:00,153.81062
2025-09-16 00:00:00,166.32906
2025-09-16 01:00:00,162.53159
2025-09-16 02:00:00,215.44931
2025-09-16 03:00:00,319.07413
2025-09-16 04:00:00,437.59985
2025-09-16 05:00:00,556.58606
2025-09-16 06:00:00,696.23126
2025-09-16 07:00:00,866.10034
2025-09-16 08:00:00,1077.3486
2025-09-16 09:00:00,1244.8325
2025-09-16 10:00:00,1282.0552
2025-09-16 11:00:00,1122.4784
2025-09-16 12:00:00,361.44376
2025-09-16 13:00:00,83.37256
2025-09-16 14:00:00,74.14625
2025-09-16 15:00:00,82.09996
2025-09-16 16:00:00,111.10949
2025-09-16 17:00:00,145.46445
2025-09-16 18:00:00,157.66847
2025-09-16 19:00:00,153.51462
2025-09-16 20:00:00,127.17141
2025-09-16 21:00:00,93.88982
2025-09-16 22:00:00,36.723827
2025-09-16 23:00:00,53.05632
2025-09-17 00:00:00,88.54559
2025-09-17 01:00:00,123.69605
2025-09-17 02:00:00,190.00647
2025-09-17 03:00:00,297.33997
2025-09-17 04:00:00,475.2044
2025-09-17 05:00:00,678.1127
2025-09-17 06:00:00,925.95825
2025-09-17 07:00:00,1124.9508
2025-09-17 08:00:00,1242.2056
2025-09-17 09:00:00,1267.4346
2025-09-17 10:00:00,592.6661
2025-09-17 11:00:00,550.49786
2025-09-17 12:00:00,379.53638
2025-09-17 13:00:00,129.45343
2025-09-17 14:00:00,92.43433
2025-09-17 15:00:00,99.25203
2025-09-17 16:00:00,110.675156
2025-09-17 17:00:00,120.71851
2025-09-17 18:00:00,121.9962
2025-09-17 19:00:00,114.75244
2025-09-17 20:00:00,92.01982
2025-09-17 21:00:00,91.97862
2025-09-17 22:00:00,81.46952
2025-09-17 23:00:00,95.59396
2025-09-18 00:00:00,102.82248
2025-09-18 01:00:00,100.63878
2025-09-18 02:00:00,144.26823
2025-09-18 03:00:00,250.28249
2025-09-18 04:00:00,442.4982
2025-09-18 05:00:00,679.23724
2025-09-18 06:00:00,929.3438
2025-09-18 07:00:00,1157.3113
2025-09-18 08:00:00,1225.9014
2025-09-18 09:00:00,1238.2736
2025-09-18 10:00:00,942.7871
2025-09-18 11:00:00,621.21985
2025-09-18 12:00:00,322.41663
2025-09-18 13:00:00,62.754215
2025-09-18 14:00:00,34.629776
2025-09-18 15:00:00,27.865026
2025-09-18 16:00:00,30.28706
2025-09-18 17:00:00,36.3427
2025-09-18 18:00:00,44.74413
2025-09-18 19:00:00,53.13291
2025-09-18 20:00:00,57.93169
2025-09-18 21:00:00,62.861217
2025-09-18 22:00:00,44.550274
2025-09-18 23:00:00,47.79274
2025-09-19 00:00:00,46.514633
2025-09-19 01:00:00,44.16498
2025-09-19 02:00:00,97.53659
2025-09-19 03:00:00,219.84833
2025-09-19 04:00:00,436.57117
2025-09-19 05:00:00,995.4116
2025-09-19 06:00:00,1258.7441
2025-09-19 07:00:00,1323.2231
2025-09-19 08:00:00,1489.7184
2025-09-19 09:00:00,1559.9984
2025-09-19 10:00:00,1445.6663
2025-09-19 11:00:00,1275.1633
2025-09-19 12:00:00,504.7847
2025-09-19 13:00:00,137.08286
2025-09-19 14:00:00,66.80068
2025-09-19 15:00:00,55.7415
2025-09-19 16:00:00,40.109486
2025-09-19 17:00:00,26.339653
2025-09-19 18:00:00,21.433222
2025-09-19 19:00:00,25.9928
2025-09-19 20:00:00,31.63886
2025-09-19 21:00:00,35.02526
2025-09-19 22:00:00,42.351845
2025-09-19 23:00:00,46.775436
2025-09-20 00:00:00,58.117413
2025-09-20 01:00:00,70.79416
2025-09-20 02:00:00,118.87173
2025-09-20 03:00:00,262.8674
2025-09-20 04:00:00,681.6644
2025-09-20 05:00:00,1176.1497
2025-09-20 06:00:00,1356.7749
2025-09-20 07:00:00,1449.0415
2025-09-20 08:00:00,1535.8047
2025-09-20 09:00:00,1591.7081
2025-09-20 10:00:00,1610.3345
2025-09-20 11:00:00,1517.9628
2025-09-20 12:00:00,642.1942
2025-09-20 13:00:00,198.95334
2025-09-20 14:00:00,110.50109
2025-09-20 15:00:00,83.585266
2025-09-20 16:00:00,74.91451
2025-09-20 17:00:00,64.3937
2025-09-20 18:00:00,56.074894
2025-09-20 19:00:00,50.379322
2025-09-20 20:00:00,48.87042
2025-09-20 21:00:00,48.585373
2025-09-20 22:00:00,58.008934
2025-09-20 23:00:00,57.12394
2025-09-21 00:00:00,59.66903
2025-09-21 01:00:00,68.662186
2025-09-21 02:00:00,112.28265
2025-09-21 03:00:00,219.28049
2025-09-21 04:00:00,497.16226
2025-09-21 05:00:00,1030.6201
2025-09-21 06:00:00,1275.236
2025-09-21 07:00:00,1385.322
2025-09-21 08:00:00,1498.5721
2025-09-21 09:00:00,1572.7233
2025-09-21 10:00:00,1592.1713
2025-09-21 11:00:00,1521.7546
2025-09-21 12:00:00,373.9205
2025-09-21 13:00:00,119.18569
2025-09-21 14:00:00,98.10173
2025-09-21 15:00:00,90.6634
2025-09-21 16:00:00,78.23936
2025-09-21 17:00:00,58.891678
2025-09-21 18:00:00,47.957348
2025-09-21 19:00:00,40.65123
2025-09-21 20:00:00,35.672417
2025-09-21 21:00:00,34.72669
2025-09-21 22:00:00,45.284492
2025-09-21 23:00:00,57.24904
2025-09-22 00:00:00,70.50197
2025-09-22 01:00:00,88.12465
2025-09-22 02:00:00,141.96149
2025-09-22 03:00:00,253.3218
2025-09-22 04:00:00,469.16647
2025-09-22 05:00:00,941.4124
2025-09-22 06:00:00,1404.175
2025-09-22 07:00:00,1643.7336
2025-09-22 08:00:00,1779.99
2025-09-22 09:00:00,1854.4336
2025-09-22 10:00:00,1738.9163
2025-09-22 11:00:00,1607.0387
2025-09-22 12:00:00,477.7854
2025-09-22 13:00:00,173.16011
2025-09-22 14:00:00,157.4102
2025-09-22 15:00:00,149.99757
2025-09-22 16:00:00,129.11429
2025-09-22 17:00:00,101.12665
2025-09-22 18:00:00,84.907295
2025-09-22 19:00:00,69.3779
2025-09-22 20:00:00,55.952564
2025-09-22 21:00:00,53.091454
2025-09-22 22:00:00,71.50993
2025-09-22 23:00:00,85.16247
2025-09-23 00:00:00,104.97795
2025-09-23 01:00:00,136.14253
2025-09-23 02:00:00,212.24107
2025-09-23 03:00:00,335.31573
2025-09-23 04:00:00,514.3669
2025-09-23 05:00:00,821.6097
2025-09-23 06:00:00,1386.341
2025-09-23 07:00:00,1707.0355
2025-09-23 08:00:00,1789.9321
2025-09-23 09:00:00,1810.4563
2025-09-23 10:00:00,1680.0889
2025-09-23 11:00:00,1540.9312
2025-09-23 12:00:00,448.20157
2025-09-23 13:00:00,161.50726
2025-09-23 14:00:00,129.02147
2025-09-23 15:00:00,109.29997
2025-09-23 16:00:00,91.53948
2025-09-23 17:00:00,77.54478
2025-09-23 18:00:00,64.44443
2025-09-23 19:00:00,57.476208
2025-09-23 20:00:00,54.84689
2025-09-23 21:00:00,58.450714
2025-09-23 22:00:00,99.732285
2025-09-23 23:00:00,136.19203
2025-09-24 00:00:00,175.36508
2025-09-24 01:00:00,205.675
2025-09-24 02:00:00,270.5618
2025-09-24 03:00:00,378.42673
2025-09-24 04:00:00,543.04974
2025-09-24 05:00:00,798.47296
2025-09-24 06:00:00,1133.8607
2025-09-24 07:00:00,1326.6879
2025-09-24 08:00:00,1428.2504
2025-09-24 09:00:00,1450.9547
2025-09-24 10:00:00,1405.2438
2025-09-24 11:00:00,1297.1078
2025-09-24 12:00:00,339.40845
2025-09-24 13:00:00,98.53276
2025-09-24 14:00:00,68.21462
2025-09-24 15:00:00,58.385597
2025-09-24 16:00:00,51.603844
2025-09-24 17:00:00,45.80225
2025-09-24 18:00:00,45.981705
2025-09-24 19:00:00,48.56271
2025-09-24 20:00:00,51.406044
2025-09-24 21:00:00,56.27264
2025-09-24 22:00:00,96.03246
2025-09-24 23:00:00,125.901794
2025-09-25 00:00:00,154.97612
2025-09-25 01:00:00,174.44858
2025-09-25 02:00:00,233.62909
2025-09-25 03:00:00,337.09775
2025-09-25 04:00:00,504.4937
2025-09-25 05:00:00,800.4444
2025-09-25 06:00:00,1235.2175
2025-09-25 07:00:00,1413.4723
2025-09-25 08:00:00,1476.5256
2025-09-25 09:00:00,1483.7153
2025-09-25 10:00:00,1507.828
2025-09-25 11:00:00,1410.4773
2025-09-25 12:00:00,264.19836
2025-09-25 13:00:00,79.331154
2025-09-25 14:00:00,61.878014
2025-09-25 15:00:00,55.5534
2025-09-25 16:00:00,55.153305
2025-09-25 17:00:00,54.091175
2025-09-25 18:00:00,51.259804
2025-09-25 19:00:00,48.98102
2025-09-25 20:00:00,46.7533
2025-09-25 21:00:00,45.38777
2025-09-25 22:00:00,58.603844
2025-09-25 23:00:00,61.877705
2025-09-26 00:00:00,66.985596
2025-09-26 01:00:00,73.602486
2025-09-26 02:00:00,119.51982
2025-09-26 03:00:00,224.60149
2025-09-26 04:00:00,455.9639
2025-09-26 05:00:00,935.7249
2025-09-26 06:00:00,1231.2212
2025-09-26 07:00:00,1361.5428
2025-09-26 08:00:00,1460.164
2025-09-26 09:00:00,1508.5687
2025-09-26 10:00:00,1533.2699
2025-09-26 11:00:00,1449.174
2025-09-26 12:00:00,329.48978
2025-09-26 13:00:00,112.44429
2025-09-26 14:00:00,75.74807
2025-09-26 15:00:00,58.461597
2025-09-26 16:00:00,50.779694
2025-09-26 17:00:00,46.333466
2025-09-26 18:00:00,44.937813
2025-09-26 19:00:00,43.15211
2025-09-26 20:00:00,43.961445
2025-09-26 21:00:00,47.121704
2025-09-26 22:00:00,59.013718
2025-09-26 23:00:00,61.709473
2025-09-27 00:00:00,65.17935
2025-09-27 01:00:00,59.95166
2025-09-27 02:00:00,82.393456
2025-09-27 03:00:00,162.11104
2025-09-27 04:00:00,379.61676
2025-09-27 05:00:00,809.1433
2025-09-27 06:00:00,1031.5464
2025-09-27 07:00:00,1183.5198
2025-09-27 08:00:00,1301.5829
2025-09-27 09:00:00,1389.6683
2025-09-27 10:00:00,1509.66
2025-09-27 11:00:00,939.815
2025-09-27 12:00:00,308.24744
2025-09-27 13:00:00,89.004684
2025-09-27 14:00:00,70.48806
2025-09-27 15:00:00,68.61276
2025-09-27 16:00:00,67.116844
2025-09-27 17:00:00,70.35595
2025-09-27 18:00:00,69.73737
2025-09-27 19:00:00,70.388054
2025-09-27 20:00:00,66.28309
2025-09-27 21:00:00,67.26963
2025-09-27 22:00:00,122.97775
2025-09-27 23:00:00,146.78186
2025-09-28 00:00:00,144.58769
2025-09-28 01:00:00,150.5125
2025-09-28 02:00:00,337.47974
2025-09-28 03:00:00,653.07056
2025-09-28 04:00:00,876.8438
2025-09-28 05:00:00,1060.8501
2025-09-28 06:00:00,1198.8718
2025-09-28 07:00:00,1292.0132
2025-09-28 08:00:00,1333.8063
2025-09-28 09:00:00,1350.1165
2025-09-28 10:00:00,1429.8478
2025-09-28 11:00:00,1366.212
2025-09-28 12:00:00,657.6113
2025-09-28 13:00:00,140.34346
2025-09-28 14:00:00,80.90624
2025-09-28 15:00:00,72.532265
2025-09-28 16:00:00,83.62047
2025-09-28 17:00:00,112.67798
2025-09-28 18:00:00,147.48901
2025-09-28 19:00:00,174.34471
2025-09-28 20:00:00,179.16777
2025-09-28 21:00:00,153.7763
2025-09-28 22:00:00,148.45949
2025-09-28 23:00:00,136.21269
2025-09-29 00:00:00,118.054794
2025-09-29 01:00:00,109.6031
2025-09-29 02:00:00,239.97333
2025-09-29 03:00:00,548.6471
2025-09-29 04:00:00,823.5697
2025-09-29 05:00:00,1024.6536
2025-09-29 06:00:00,1179.3027
2025-09-29 07:00:00,1303.9984
2025-09-29 08:00:00,1377.7415
2025-09-29 09:00:00,1398.7327
2025-09-29 10:00:00,1105.1871
2025-09-29 11:00:00,927.745
2025-09-29 12:00:00,592.00024
2025-09-29 13:00:00,100.72793
2025-09-29 14:00:00,85.9935
2025-09-29 15:00:00,84.79983
2025-09-29 16:00:00,63.44744
2025-09-29 17:00:00,56.91392
2025-09-29 18:00:00,64.40553
2025-09-29 19:00:00,75.52488
2025-09-29 20:00:00,76.99701
2025-09-29 21:00:00,62.20041
2025-09-29 22:00:00,34.406944
2025-09-29 23:00:00,33.25043
2025-09-30 00:00:00,64.61093
2025-09-30 01:00:00,88.20994
2025-09-30 02:00:00,125.57318
2025-09-30 03:00:00,233.00932
2025-09-30 04:00:00,437.67657
2025-09-30 05:00:00,673.19214
2025-09-30 06:00:00,889.15295
2025-09-30 07:00:00,1057.5474
2025-09-30 08:00:00,1126.6047
2025-09-30 09:00:00,1141.1871
2025-09-30 10:00:00,624.4263
2025-09-30 11:00:00,531.6495
2025-09-30 12:00:00,424.2259
2025-09-30 13:00:00,327.52527
2025-09-30 14:00:00,280.30087
2025-09-30 15:00:00,254.6919
2025-09-30 16:00:00,218.28174
2025-09-30 17:00:00,154.09882
2025-09-30 18:00:00,89.60485
2025-09-30 19:00:00,65.565895
2025-09-30 20:00:00,49.779022
2025-09-30 21:00:00,57.583164
2025-09-30 22:00:00,73.00569
2025-09-30 23:00:00,81.323204
2025-10-01 00:00:00,67.55946
2025-10-01 01:00:00,60.52745
2025-10-01 02:00:00,126.218864
2025-10-01 03:00:00,350.8789
2025-10-01 04:00:00,562.21655
2025-10-01 05:00:00,712.2356
2025-10-01 06:00:00,873.1803
2025-10-01 07:00:00,976.0385
2025-10-01 08:00:00,1047.3767
2025-10-01 09:00:00,1096.7742
2025-10-01 10:00:00,1081.3636
2025-10-01 11:00:00,966.07947
2025-10-01 12:00:00,381.725
2025-10-01 13:00:00,90.19937
2025-10-01 14:00:00,77.46816
2025-10-01 15:00:00,82.38783
2025-10-01 16:00:00,89.76259
2025-10-01 17:00:00,93.92167
2025-10-01 18:00:00,99.542625
2025-10-01 19:00:00,96.06485
2025-10-01 20:00:00,90.59146
2025-10-01 21:00:00,75.2673
2025-10-01 22:00:00,68.58888
2025-10-01 23:00:00,27.092173
2025-10-02 00:00:00,22.158764
2025-10-02 01:00:00,30.227959
2025-10-02 02:00:00,84.20902
2025-10-02 03:00:00,228.59439
2025-10-02 04:00:00,504.60397
2025-10-02 05:00:00,876.0041
2025-10-02 06:00:00,1113.9473
2025-10-02 07:00:00,1241.8363
2025-10-02 08:00:00,1315.6371
2025-10-02 09:00:00,1237.9781
2025-10-02 10:00:00,601.50494
2025-10-02 11:00:00,448.6279
2025-10-02 12:00:00,359.4922
2025-10-02 13:00:00,186.8485
2025-10-02 14:00:00,179.68504
2025-10-02 15:00:00,239.21371
2025-10-02 16:00:00,250.43353
2025-10-02 17:00:00,268.2953
2025-10-02 18:00:00,278.388
2025-10-02 19:00:00,273.6689
2025-10-02 20:00:00,266.47675
2025-10-02 21:00:00,263.15475
2025-10-02 22:00:00,212.77658
2025-10-02 23:00:00,216.25377
2025-10-03 00:00:00,216.35329
2025-10-03 01:00:00,184.42511
2025-10-03 02:00:00,252.73242
2025-10-03 03:00:00,417.55408
2025-10-03 04:00:00,582.0089
2025-10-03 05:00:00,778.91235
2025-10-03 06:00:00,1005.0493
2025-10-03 07:00:00,1021.5842
2025-10-03 08:00:00,1131.1993
2025-10-03 09:00:00,1162.889
2025-10-03 10:00:00,1204.551
2025-10-03 11:00:00,311.95105
2025-10-03 12:00:00,223.66252
2025-10-03 13:00:00,96.89074
2025-10-03 14:00:00,69.34424
2025-10-03 15:00:00,55.41758
2025-10-03 16:00:00,45.843124
2025-10-03 17:00:00,36.71619
2025-10-03 18:00:00,31.475422
2025-10-03 19:00:00,26.644629
2025-10-03 20:00:00,25.52326
2025-10-03 21:00:00,24.662169
2025-10-03 22:00:00,22.22214
2025-10-03 23:00:00,30.308283
2025-10-04 00:00:00,39.493847
2025-10-04 01:00:00,49.30288
2025-10-04 02:00:00,91.53
2025-10-04 03:00:00,259.71417
2025-10-04 04:00:00,676.82654
2025-10-04 05:00:00,907.6072
2025-10-04 06:00:00,1137.3202
2025-10-04 07:00:00,1351.2284
2025-10-04 08:00:00,1427.5886
2025-10-04 09:00:00,1469.8292
2025-10-04 10:00:00,1422.1089
2025-10-04 11:00:00,1329.8516
2025-10-04 12:00:00,244.34087
2025-10-04 13:00:00,64.15129
2025-10-04 14:00:00,51.45381
2025-10-04 15:00:00,50.863388
2025-10-04 16:00:00,54.00365
2025-10-04 17:00:00,56.774273
2025-10-04 18:00:00,55.373848
2025-10-04 19:00:00,53.67203
2025-10-04 20:00:00,57.151867
2025-10-04 21:00:00,67.13329
2025-10-04 22:00:00,84.03784
2025-10-04 23:00:00,112.653915
2025-10-05 00:00:00,157.43591
2025-10-05 01:00:00,209.53656
2025-10-05 02:00:00,305.1379
2025-10-05 03:00:00,457.61533
2025-10-05 04:00:00,709.729
2025-10-05 05:00:00,947.38135
2025-10-05 06:00:00,1109.0001
2025-10-05 07:00:00,1239.4133
2025-10-05 08:00:00,1334.6304
2025-10-05 09:00:00,1361.244
2025-10-05 10:00:00,1204.8278
2025-10-05 11:00:00,1074.7346
2025-10-05 12:00:00,126.12361
2025-10-05 13:00:00,40.765907
2025-10-05 14:00:00,35.737938
2025-10-05 15:00:00,37.14906
2025-10-05 16:00:00,44.31765
2025-10-05 17:00:00,54.31662
2025-10-05 18:00:00,59.202152
2025-10-05 19:00:00,57.933258
2025-10-05 20:00:00,67.093956
2025-10-05 21:00:00,85.07337
2025-10-05 22:00:00,111.032814
2025-10-05 23:00:00,132.35988
2025-10-06 00:00:00,148.95735
2025-10-06 01:00:00,138.02855
2025-10-06 02:00:00,164.61989
2025-10-06 03:00:00,248.06404
2025-10-06 04:00:00,325.84503
2025-10-06 05:00:00,464.4153
2025-10-06 06:00:00,625.25037
2025-10-06 07:00:00,499.0546
2025-10-06 08:00:00,396.05255
2025-10-06 09:00:00,425.02945
2025-10-06 10:00:00,433.15076
2025-10-06 11:00:00,410.82166
2025-10-06 12:00:00,326.55325
2025-10-06 13:00:00,253.66893
2025-10-06 14:00:00,231.2361
2025-10-06 15:00:00,209.19502
2025-10-06 16:00:00,175.08308
2025-10-06 17:00:00,159.5725
2025-10-06 18:00:00,170.5932
2025-10-06 19:00:00,193.17702
2025-10-06 20:00:00,193.60513
2025-10-06 21:00:00,215.13033
2025-10-06 22:00:00,196.95334
2025-10-06 23:00:00,145.81584
2025-10-07 00:00:00,139.85637
2025-10-07 01:00:00,125.82542
2025-10-07 02:00:00,158.61194
2025-10-07 03:00:00,257.2792
2025-10-07 04:00:00,486.23825
2025-10-07 05:00:00,738.76935
2025-10-07 06:00:00,961.45435
2025-10-07 07:00:00,1025.7012
2025-10-07 08:00:00,963.0695
2025-10-07 09:00:00,908.69275
2025-10-07 10:00:00,639.394
2025-10-07 11:00:00,326.2599
2025-10-07 12:00:00,199.5185
2025-10-07 13:00:00,153.2202
2025-10-07 14:00:00,158.3633
2025-10-07 15:00:00,176.88258
2025-10-07 16:00:00,163.15741
2025-10-07 17:00:00,132.87807
2025-10-07 18:00:00,90.14663
2025-10-07 19:00:00,66.16164
2025-10-07 20:00:00,69.679214
2025-10-07 21:00:00,67.20519
2025-10-07 22:00:00,63.335682
2025-10-07 23:00:00,56.701466
2025-10-08 00:00:00,63.434795
2025-10-08 01:00:00,73.46607
2025-10-08 02:00:00,143.35632
2025-10-08 03:00:00,304.84872
2025-10-08 04:00:00,541.96875
2025-10-08 05:00:00,758.9947
2025-10-08 06:00:00,874.33704
2025-10-08 07:00:00,957.7447
2025-10-08 08:00:00,1007.35565
2025-10-08 09:00:00,1026.8334
2025-10-08 10:00:00,914.1926
2025-10-08 11:00:00,770.1669
2025-10-08 12:00:00,530.76575
2025-10-08 13:00:00,190.19331
2025-10-08 14:00:00,159.06781
2025-10-08 15:00:00,152.27301
2025-10-08 16:00:00,119.29112
2025-10-08 17:00:00,97.38878
2025-10-08 18:00:00,99.51856
2025-10-08 19:00:00,105.75552
2025-10-08 20:00:00,107.467255
2025-10-08 21:00:00,102.15315
2025-10-08 22:00:00,86.00901
2025-10-08 23:00:00,78.75347
2025-10-09 00:00:00,75.11733
2025-10-09 01:00:00,79.54959
2025-10-09 02:00:00,125.80573
2025-10-09 03:00:00,260.89346
2025-10-09 04:00:00,567.0324
2025-10-09 05:00:00,830.66345
2025-10-09 06:00:00,1025.8707
2025-10-09 07:00:00,1193.5972
2025-10-09 08:00:00,1305.6581
2025-10-09 09:00:00,1385.2947
2025-10-09 10:00:00,1435.8157
2025-10-09 11:00:00,1373.8861
2025-10-09 12:00:00,260.88052
2025-10-09 13:00:00,108.137596
2025-10-09 14:00:00,101.99323
2025-10-09 15:00:00,109.67888
2025-10-09 16:00:00,104.06797
2025-10-09 17:00:00,91.55249
2025-10-09 18:00:00,85.48878
2025-10-09 19:00:00,83.81915
2025-10-09 20:00:00,80.779495
2025-10-09 21:00:00,79.69621
2025-10-09 22:00:00,86.44898
2025-10-09 23:00:00,77.009895
2025-10-10 00:00:00,71.62009
2025-10-10 01:00:00,69.058075
2025-10-10 02:00:00,93.85382
2025-10-10 03:00:00,169.23088
2025-10-10 04:00:00,380.2753
2025-10-10 05:00:00,1017.34283
2025-10-10 06:00:00,1220.4167
2025-10-10 07:00:00,1380.1678
2025-10-10 08:00:00,1530.1166
2025-10-10 09:00:00,1627.0647
2025-10-10 10:00:00,1652.5043
2025-10-10 11:00:00,1611.9116
2025-10-10 12:00:00,106.91013
2025-10-10 13:00:00,40.548405
2025-10-10 14:00:00,30.421904
2025-10-10 15:00:00,26.863419
2025-10-10 16:00:00,23.987906
2025-10-10 17:00:00,19.700886
2025-10-10 18:00:00,20.820147
2025-10-10 19:00:00,25.079329
2025-10-10 20:00:00,28.769835
2025-10-10 21:00:00,31.01151
2025-10-10 22:00:00,30.906462
2025-10-10 23:00:00,32.77789
2025-10-11 00:00:00,36.54833
2025-10-11 01:00:00,39.942963
2025-10-11 02:00:00,61.910202
2025-10-11 03:00:00,138.15988
2025-10-11 04:00:00,372.0667
2025-10-11 05:00:00,1017.0332
2025-10-11 06:00:00,1353.045
2025-10-11 07:00:00,1621.9222
2025-10-11 08:00:00,1740.4781
2025-10-11 09:00:00,1748.6772
2025-10-11 10:00:00,1774.3135
2025-10-11 11:00:00,1596.1034
2025-10-11 12:00:00,151.30556
2025-10-11 13:00:00,54.43521
2025-10-11 14:00:00,47.051445
2025-10-11 15:00:00,48.8395
2025-10-11 16:00:00,55.000107
2025-10-11 17:00:00,58.28221
2025-10-11 18:00:00,62.236115
2025-10-11 19:00:00,63.25258
2025-10-11 20:00:00,65.99446
2025-10-11 21:00:00,68.64352
2025-10-11 22:00:00,75.2317
2025-10-11 23:00:00,76.16697
2025-10-12 00:00:00,79.132454
2025-10-12 01:00:00,74.0071
2025-10-12 02:00:00,99.55872
2025-10-12 03:00:00,185.0228
2025-10-12 04:00:00,328.83942
2025-10-12 05:00:00,631.03064
2025-10-12 06:00:00,999.6323
2025-10-12 07:00:00,1253.2911
2025-10-12 08:00:00,1419.5615
2025-10-12 09:00:00,1501.8336
2025-10-12 10:00:00,1542.4504
2025-10-12 11:00:00,1411.8977
2025-10-12 12:00:00,143.28552
2025-10-12 13:00:00,62.32938
2025-10-12 14:00:00,50.56961
2025-10-12 15:00:00,46.196815
2025-10-12 16:00:00,44.296432
2025-10-12 17:00:00,43.342533
2025-10-12 18:00:00,42.965897
2025-10-12 19:00:00,43.30045
2025-10-12 20:00:00,42.306168
2025-10-12 21:00:00,42.89917
2025-10-12 22:00:00,39.8988
2025-10-12 23:00:00,38.659863
2025-10-13 00:00:00,38.726635
2025-10-13 01:00:00,37.702347
2025-10-13 02:00:00,49.325966
2025-10-13 03:00:00,107.39145
2025-10-13 04:00:00,242.41873
2025-10-13 05:00:00,570.3435
2025-10-13 06:00:00,1168.1937
2025-10-13 07:00:00,1413.2847
2025-10-13 08:00:00,1530.2902
2025-10-13 09:00:00,1569.9019
2025-10-13 10:00:00,1564.0658
2025-10-13 11:00:00,1443.6729
2025-10-13 12:00:00,74.98937
2025-10-13 13:00:00,35.790524
2025-10-13 14:00:00,31.137999
2025-10-13 15:00:00,25.405884
2025-10-13 16:00:00,22.534283
2025-10-13 17:00:00,20.755651
2025-10-13 18:00:00,20.72366
2025-10-13 19:00:00,22.6969
2025-10-13 20:00:00,24.824228
2025-10-13 21:00:00,26.939394
2025-10-13 22:00:00,35.046776
2025-10-13 23:00:00,36.202744
2025-10-14 00:00:00,36.349407
2025-10-14 01:00:00,35.13031
2025-10-14 02:00:00,43.878517
2025-10-14 03:00:00,98.38731
2025-10-14 04:00:00,276.63632
2025-10-14 05:00:00,983.00836
2025-10-14 06:00:00,1200.6703
2025-10-14 07:00:00,1345.4241
2025-10-14 08:00:00,1454.5526
2025-10-14 09:00:00,1516.5864
2025-10-14 10:00:00,1601.3043
2025-10-14 11:00:00,1522.2925
2025-10-14 12:00:00,40.636063
2025-10-14 13:00:00,30.207779
2025-10-14 14:00:00,29.751741
2025-10-14 15:00:00,30.124249
2025-10-14 16:00:00,29.549622
2025-10-14 17:00:00,28.289423
2025-10-14 18:00:00,26.998735
2025-10-14 19:00:00,26.456858
2025-10-14 20:00:00,26.067837
2025-10-14 21:00:00,26.612036
2025-10-14 22:00:00,32.54979
2025-10-14 23:00:00,34.34887
2025-10-15 00:00:00,34.223087
2025-10-15 01:00:00,31.688972
2025-10-15 02:00:00,36.761585
2025-10-15 03:00:00,93.88228
2025-10-15 04:00:00,219.5575
2025-10-15 05:00:00,752.38257
2025-10-15 06:00:00,1613.5316
2025-10-15 07:00:00,1768.7522
2025-10-15 08:00:00,1802.1743
2025-10-15 09:00:00,1809.6636
2025-10-15 10:00:00,1819.8678
2025-10-15 11:00:00,1267.6631
2025-10-15 12:00:00,60.62516
2025-10-15 13:00:00,33.882374
2025-10-15 14:00:00,30.231306
2025-10-15 15:00:00,29.43301
2025-10-15 16:00:00,30.569656
2025-10-15 17:00:00,32.627605
2025-10-15 18:00:00,34.63078
2025-10-15 19:00:00,34.76701
2025-10-15 20:00:00,33.607494
2025-10-15 21:00:00,34.234417
2025-10-15 22:00:00,41.40839
2025-10-15 23:00:00,39.993362
2025-10-16 00:00:00,40.50148
2025-10-16 01:00:00,39.640324
2025-10-16 02:00:00,52.61267
2025-10-16 03:00:00,108.37035
2025-10-16 04:00:00,228.94908
2025-10-16 05:00:00,592.2263
2025-10-16 06:00:00,1310.9797
2025-10-16 07:00:00,1466.1167
2025-10-16 08:00:00,1543.0066
2025-10-16 09:00:00,1561.4767
2025-10-16 10:00:00,1542.5986
2025-10-16 11:00:00,1374.0303
2025-10-16 12:00:00,55.653942
2025-10-16 13:00:00,29.022419
2025-10-16 14:00:00,24.830795
2025-10-16 15:00:00,22.732248
2025-10-16 16:00:00,21.233986
2025-10-16 17:00:00,20.431711
2025-10-16 18:00:00,20.717283
2025-10-16 19:00:00,22.125542
2025-10-16 20:00:00,23.733665
2025-10-16 21:00:00,24.801796
2025-10-16 22:00:00,31.822481
2025-10-16 23:00:00,33.366177
2025-10-17 00:00:00,34.93246
2025-10-17 01:00:00,35.399506
2025-10-17 02:00:00,46.40679
2025-10-17 03:00:00,101.14604
2025-10-17 04:00:00,257.39667
2025-10-17 05:00:00,748.2184
2025-10-17 06:00:00,1203.5527
2025-10-17 07:00:00,1350.0016
2025-10-17 08:00:00,1447.3689
2025-10-17 09:00:00,1508.9951
2025-10-17 10:00:00,1491.6814
2025-10-17 11:00:00,1386.3142
2025-10-17 12:00:00,70.26696
2025-10-17 13:00:00,33.006886
2025-10-17 14:00:00,28.606213
2025-10-17 15:00:00,26.045595
2025-10-17 16:00:00,24.515799
2025-10-17 17:00:00,24.74447
2025-10-17 18:00:00,26.513905
2025-10-17 19:00:00,28.442932
2025-10-17 20:00:00,29.809282
2025-10-17 21:00:00,29.816828
2025-10-17 22:00:00,34.595997
2025-10-17 23:00:00,34.793915
2025-10-18 00:00:00,33.36128
2025-10-18 01:00:00,31.857676
2025-10-18 02:00:00,43.030968
2025-10-18 03:00:00,114.08692
2025-10-18 04:00:00,287.28036
2025-10-18 05:00:00,951.199
2025-10-18 06:00:00,1234.3383
2025-10-18 07:00:00,1427.2238
2025-10-18 08:00:00,1549.3795
2025-10-18 09:00:00,1612.1467
2025-10-18 10:00:00,1670.0322
2025-10-18 11:00:00,1353.7471
2025-10-18 12:00:00,65.93284
2025-10-18 13:00:00,33.133137
2025-10-18 14:00:00,28.608849
2025-10-18 15:00:00,26.420828
2025-10-18 16:00:00,24.727812
2025-10-18 17:00:00,23.5391
2025-10-18 18:00:00,23.799788
2025-10-18 19:00:00,26.05624
2025-10-18 20:00:00,27.588137
2025-10-18 21:00:00,28.505447
2025-10-18 22:00:00,25.46261
2025-10-18 23:00:00,26.55849
2025-10-19 00:00:00,25.507526
2025-10-19 01:00:00,23.423481
2025-10-19 02:00:00,28.838667
2025-10-19 03:00:00,92.52368
2025-10-19 04:00:00,348.01578
2025-10-19 05:00:00,1072.1105
2025-10-19 06:00:00,1457.6412
2025-10-19 07:00:00,1560.2288
2025-10-19 08:00:00,1604.0679
2025-10-19 09:00:00,1650.6589
2025-10-19 10:00:00,1580.8843
2025-10-19 11:00:00,1179.0021
2025-10-19 12:00:00,90.3109
2025-10-19 13:00:00,45.88927
2025-10-19 14:00:00,37.697044
2025-10-19 15:00:00,35.794693
2025-10-19 16:00:00,34.134018
2025-10-19 17:00:00,34.619354
2025-10-19 18:00:00,35.542416
2025-10-19 19:00:00,37.44947
2025-10-19 20:00:00,40.864338
2025-10-19 21:00:00,42.676292
2025-10-19 22:00:00,31.315912
2025-10-19 23:00:00,31.432749
2025-10-20 00:00:00,32.758514
2025-10-20 01:00:00,30.75896
2025-10-20 02:00:00,45.148636
2025-10-20 03:00:00,105.16049
2025-10-20 04:00:00,229.65074
2025-10-20 05:00:00,570.6869
2025-10-20 06:00:00,1128.3994
2025-10-20 07:00:00,1501.1265
2025-10-20 08:00:00,1703.7329
2025-10-20 09:00:00,1707.6652
2025-10-20 10:00:00,1635.8231
2025-10-20 11:00:00,1250.4075
2025-10-20 12:00:00,76.48245
2025-10-20 13:00:00,42.77068
2025-10-20 14:00:00,36.38227
2025-10-20 15:00:00,33.426514
2025-10-20 16:00:00,31.552742
2025-10-20 17:00:00,30.08622
2025-10-20 18:00:00,25.928993
2025-10-20 19:00:00,21.327435
2025-10-20 20:00:00,18.044682
2025-10-20 21:00:00,15.729199
2025-10-20 22:00:00,27.184727
2025-10-20 23:00:00,39.2358
2025-10-21 00:00:00,45.94931
2025-10-21 01:00:00,49.452404
2025-10-21 02:00:00,65.60114
2025-10-21 03:00:00,122.33514
2025-10-21 04:00:00,278.92673
2025-10-21 05:00:00,563.29175
2025-10-21 06:00:00,852.93945
2025-10-21 07:00:00,1130.23
2025-10-21 08:00:00,1381.3817
2025-10-21 09:00:00,1412.5675
2025-10-21 10:00:00,1169.54
2025-10-21 11:00:00,663.2927
2025-10-21 12:00:00,90.268074
2025-10-21 13:00:00,60.17589
2025-10-21 14:00:00,54.58554
2025-10-21 15:00:00,43.395985
2025-10-21 16:00:00,30.766996
2025-10-21 17:00:00,24.029383
2025-10-21 18:00:00,21.815996
2025-10-21 19:00:00,22.86874
2025-10-21 20:00:00,23.854382
2025-10-21 21:00:00,26.670164
2025-10-21 22:00:00,17.87485
2025-10-21 23:00:00,25.358606
2025-10-22 00:00:00,28.550303
2025-10-22 01:00:00,25.60793
2025-10-22 02:00:00,37.16239
2025-10-22 03:00:00,81.09461
2025-10-22 04:00:00,246.33717
2025-10-22 05:00:00,680.1878
2025-10-22 06:00:00,1256.8441
2025-10-22 07:00:00,1521.851
2025-10-22 08:00:00,1589.7756
2025-10-22 09:00:00,1622.2772
2025-10-22 10:00:00,1553.7833
2025-10-22 11:00:00,1092.5847
2025-10-22 12:00:00,89.45621
2025-10-22 13:00:00,47.137466
2025-10-22 14:00:00,40.263256
2025-10-22 15:00:00,39.03293
2025-10-22 16:00:00,41.071827
2025-10-22 17:00:00,43.31139
2025-10-22 18:00:00,40.887203
2025-10-22 19:00:00,37.64849
2025-10-22 20:00:00,33.478073
2025-10-22 21:00:00,31.516762
2025-10-22 22:00:00,42.125107
2025-10-22 23:00:00,45.15585
2025-10-23 00:00:00,48.975346
2025-10-23 01:00:00,49.999218
2025-10-23 02:00:00,61.142826
2025-10-23 03:00:00,121.56015
2025-10-23 04:00:00,242.67041
2025-10-23 05:00:00,568.05023
2025-10-23 06:00:00,1247.1797
2025-10-23 07:00:00,1602.9264
2025-10-23 08:00:00,1807.7903
2025-10-23 09:00:00,1929.2697
2025-10-23 10:00:00,1750.4929
2025-10-23 11:00:00,1288.6003
2025-10-23 12:00:00,71.600136
2025-10-23 13:00:00,40.760868
2025-10-23 14:00:00,38.94676
2025-10-23 15:00:00,39.100494
2025-10-23 16:00:00,36.08531
2025-10-23 17:00:00,28.213364
2025-10-23 18:00:00,21.868757
2025-10-23 19:00:00,20.341496
2025-10-23 20:00:00,21.858343
2025-10-23 21:00:00,24.18962
2025-10-23 22:00:00,25.885777
2025-10-23 23:00:00,25.408813
2025-10-24 00:00:00,26.393578
2025-10-24 01:00:00,26.556917
2025-10-24 02:00:00,31.73475
2025-10-24 03:00:00,83.47464
2025-10-24 04:00:00,223.14027
2025-10-24 05:00:00,669.19995
2025-10-24 06:00:00,1556.487
2025-10-24 07:00:00,1855.4342
2025-10-24 08:00:00,1983.535
2025-10-24 09:00:00,2033.2692
2025-10-24 10:00:00,2087.897
2025-10-24 11:00:00,1368.2935
2025-10-24 12:00:00,46.49257
2025-10-24 13:00:00,30.946098
2025-10-24 14:00:00,28.908676
2025-10-24 15:00:00,25.462461
2025-10-24 16:00:00,20.954588
2025-10-24 17:00:00,18.197395
2025-10-24 18:00:00,17.962502
2025-10-24 19:00:00,19.005371
2025-10-24 20:00:00,22.360352
2025-10-24 21:00:00,24.6071
2025-10-24 22:00:00,23.462069
2025-10-24 23:00:00,22.599838
2025-10-25 00:00:00,21.226238
2025-10-25 01:00:00,20.70588
2025-10-25 02:00:00,28.490923
2025-10-25 03:00:00,89.69713
2025-10-25 04:00:00,220.40758
2025-10-25 05:00:00,956.3268
2025-10-25 06:00:00,1978.4503
2025-10-25 07:00:00,2055.6008
2025-10-25 08:00:00,2091.0679
2025-10-25 09:00:00,2079.8667
2025-10-25 10:00:00,1835.6707
2025-10-25 11:00:00,973.7364
2025-10-25 12:00:00,63.85856
2025-10-25 13:00:00,38.226677
2025-10-25 14:00:00,33.410328
2025-10-25 15:00:00,28.6293
2025-10-25 16:00:00,24.913637
2025-10-25 17:00:00,22.717657
2025-10-25 18:00:00,22.517126
2025-10-25 19:00:00,21.929926
2025-10-25 20:00:00,21.45897
2025-10-25 21:00:00,20.4699
2025-10-25 22:00:00,17.827341
2025-10-25 23:00:00,16.878778
2025-10-26 00:00:00,17.974121
2025-10-26 01:00:00,17.981752
2025-10-26 02:00:00,19.563719
2025-10-26 03:00:00,75.9227
2025-10-26 04:00:00,195.94191
2025-10-26 05:00:00,793.5476
2025-10-26 06:00:00,1380.7589
2025-10-26 07:00:00,1581.6316
2025-10-26 08:00:00,1724.6978
2025-10-26 09:00:00,1774.3519
2025-10-26 10:00:00,1593.0103
2025-10-26 11:00:00,974.07666
2025-10-26 12:00:00,52.65428
2025-10-26 13:00:00,34.949276
2025-10-26 14:00:00,31.49821
2025-10-26 15:00:00,29.583977
2025-10-26 16:00:00,28.860804
2025-10-26 17:00:00,28.281288
2025-10-26 18:00:00,26.89427
2025-10-26 19:00:00,22.682505
2025-10-26 20:00:00,18.54197
2025-10-26 21:00:00,18.079771
2025-10-26 22:00:00,20.139328
2025-10-26 23:00:00,26.84346
2025-10-27 00:00:00,33.57195
2025-10-27 01:00:00,37.202717
2025-10-27 02:00:00,52.40876
2025-10-27 03:00:00,107.05972
2025-10-27 04:00:00,246.86069
2025-10-27 05:00:00,620.7975
2025-10-27 06:00:00,958.721
2025-10-27 07:00:00,1176.8087
2025-10-27 08:00:00,1266.14
2025-10-27 09:00:00,1265.1207
2025-10-27 10:00:00,990.829
2025-10-27 11:00:00,477.48944
2025-10-27 12:00:00,370.93524
2025-10-27 13:00:00,314.14673
2025-10-27 14:00:00,282.94598
2025-10-27 15:00:00,282.13214
2025-10-27 16:00:00,290.49063
2025-10-27 17:00:00,284.76047
2025-10-27 18:00:00,251.11403
2025-10-27 19:00:00,186.41617
2025-10-27 20:00:00,146.07191
2025-10-27 21:00:00,113.10539
2025-10-27 22:00:00,93.23583
2025-10-27 23:00:00,89.698654
2025-10-28 00:00:00,94.5959
2025-10-28 01:00:00,92.041824
2025-10-28 02:00:00,134.44202
2025-10-28 03:00:00,258.31982
2025-10-28 04:00:00,545.7594
2025-10-28 05:00:00,802.61383
2025-10-28 06:00:00,927.0769
2025-10-28 07:00:00,1003.2294
2025-10-28 08:00:00,1054.8961
2025-10-28 09:00:00,1095.3439
2025-10-28 10:00:00,991.14966
2025-10-28 11:00:00,882.31464
2025-10-28 12:00:00,335.85257
2025-10-28 13:00:00,110.194786
2025-10-28 14:00:00,85.742805
2025-10-28 15:00:00,67.388504
2025-10-28 16:00:00,59.809128
2025-10-28 17:00:00,50.902237
2025-10-28 18:00:00,44.974117
2025-10-28 19:00:00,38.236855
2025-10-28 20:00:00,32.701134
2025-10-28 21:00:00,28.74615
2025-10-28 22:00:00,36.36038
2025-10-28 23:00:00,41.08464
2025-10-29 00:00:00,48.462048
2025-10-29 01:00:00,47.731644
2025-10-29 02:00:00,68.323456
2025-10-29 03:00:00,191.56772
2025-10-29 04:00:00,406.1766
2025-10-29 05:00:00,643.0098
2025-10-29 06:00:00,856.0249
2025-10-29 07:00:00,1060.8383
2025-10-29 08:00:00,1206.7778
2025-10-29 09:00:00,1289.0457
2025-10-29 10:00:00,1237.093
2025-10-29 11:00:00,1146.7242
2025-10-29 12:00:00,102.19818
2025-10-29 13:00:00,46.081234
2025-10-29 14:00:00,42.426537
2025-10-29 15:00:00,36.857426
2025-10-29 16:00:00,33.14667
2025-10-29 17:00:00,32.731388
2025-10-29 18:00:00,32.053642
2025-10-29 19:00:00,35.760746
2025-10-29 20:00:00,40.92457
2025-10-29 21:00:00,43.238163
2025-10-29 22:00:00,40.887665
2025-10-29 23:00:00,53.370174
2025-10-30 00:00:00,48.405365
2025-10-30 01:00:00,41.55763
2025-10-30 02:00:00,54.130527
2025-10-30 03:00:00,101.716
2025-10-30 04:00:00,226.05275
2025-10-30 05:00:00,475.60413
2025-10-30 06:00:00,739.1141
2025-10-30 07:00:00,860.8409
2025-10-30 08:00:00,827.10236
2025-10-30 09:00:00,714.9183
2025-10-30 10:00:00,693.20306
2025-10-30 11:00:00,599.7019
2025-10-30 12:00:00,229.98166
2025-10-30 13:00:00,79.55101
2025-10-30 14:00:00,79.87431
2025-10-30 15:00:00,94.56264
2025-10-30 16:00:00,104.70127
2025-10-30 17:00:00,126.599236
2025-10-30 18:00:00,140.2542
2025-10-30 19:00:00,139.53442
2025-10-30 20:00:00,114.97577
2025-10-30 21:00:00,86.24861
2025-10-30 22:00:00,141.78127
2025-10-30 23:00:00,66.291885
2025-10-31 00:00:00,47.504517
2025-10-31 01:00:00,45.962196
2025-10-31 02:00:00,77.736206
2025-10-31 03:00:00,231.47552
2025-10-31 04:00:00,466.68872
2025-10-31 05:00:00,793.6161
2025-10-31 06:00:00,980.90533
2025-10-31 07:00:00,1074.5603
2025-10-31 08:00:00,1137.7776
2025-10-31 09:00:00,1186.898
2025-10-31 10:00:00,1004.78674
2025-10-31 11:00:00,965.2796
2025-10-31 12:00:00,46.968613
2025-10-31 13:00:00,27.429638
2025-10-31 14:00:00,30.610252
2025-10-31 15:00:00,38.052067
2025-10-31 16:00:00,43.751076
2025-10-31 17:00:00,50.09884
2025-10-31 18:00:00,56.046085
2025-10-31 19:00:00,58.401405
2025-10-31 20:00:00,57.33575
2025-10-31 21:00:00,53.30402
2025-10-31 22:00:00,57.369015
2025-10-31 23:00:00,54.483185
2025-11-01 00:00:00,49.148243
2025-11-01 01:00:00,46.512863
2025-11-01 02:00:00,55.77605
2025-11-01 03:00:00,127.016
2025-11-01 04:00:00,285.13174
2025-11-01 05:00:00,659.42737
2025-11-01 06:00:00,1455.6215
2025-11-01 07:00:00,1835.6511
2025-11-01 08:00:00,1975.5267
2025-11-01 09:00:00,1998.9312
2025-11-01 10:00:00,1985.3137
2025-11-01 11:00:00,1247.196
2025-11-01 12:00:00,75.671135
2025-11-01 13:00:00,41.42936
2025-11-01 14:00:00,37.546555
2025-11-01 15:00:00,39.27822
2025-11-01 16:00:00,42.37824
2025-11-01 17:00:00,47.016884
2025-11-01 18:00:00,50.342518
2025-11-01 19:00:00,54.040295
2025-11-01 20:00:00,56.061737
2025-11-01 21:00:00,58.94753
2025-11-01 22:00:00,75.40917
2025-11-01 23:00:00,74.437195
2025-11-02 00:00:00,80.517914
2025-11-02 01:00:00,79.864975
2025-11-02 02:00:00,93.732834
2025-11-02 03:00:00,156.01477
2025-11-02 04:00:00,290.818
2025-11-02 05:00:00,749.40717
2025-11-02 06:00:00,1457.1606
2025-11-02 07:00:00,1608.9988
2025-11-02 08:00:00,1685.8174
2025-11-02 09:00:00,1725.3477
2025-11-02 10:00:00,1679.6233
2025-11-02 11:00:00,1090.0586
2025-11-02 12:00:00,108.4191
2025-11-02 13:00:00,60.54865
2025-11-02 14:00:00,54.219406
2025-11-02 15:00:00,54.937084
2025-11-02 16:00:00,58.31621
2025-11-02 17:00:00,61.75502
2025-11-02 18:00:00,66.0365
2025-11-02 19:00:00,72.32825
2025-11-02 20:00:00,77.73867
2025-11-02 21:00:00,81.54296
2025-11-02 22:00:00,79.01875
2025-11-02 23:00:00,81.24197
2025-11-03 00:00:00,83.20502
2025-11-03 01:00:00,87.36462
2025-11-03 02:00:00,108.75006
2025-11-03 03:00:00,171.83278
2025-11-03 04:00:00,282.06525
2025-11-03 05:00:00,498.96902
2025-11-03 06:00:00,856.12103
2025-11-03 07:00:00,1263.2681
2025-11-03 08:00:00,1529.0106
2025-11-03 09:00:00,1654.9996
2025-11-03 10:00:00,1634.8839
2025-11-03 11:00:00,762.74744
2025-11-03 12:00:00,78.14756
2025-11-03 13:00:00,37.649033
2025-11-03 14:00:00,23.901838
2025-11-03 15:00:00,18.777245
2025-11-03 16:00:00,20.77782
2025-11-03 17:00:00,25.249336
2025-11-03 18:00:00,28.874123
2025-11-03 19:00:00,30.567873
2025-11-03 20:00:00,31.099035
2025-11-03 21:00:00,31.636545
2025-11-03 22:00:00,46.089737
2025-11-03 23:00:00,62.76029
2025-11-04 00:00:00,56.583946
2025-11-04 01:00:00,42.819847
2025-11-04 02:00:00,39.140812
2025-11-04 03:00:00,65.34791
2025-11-04 04:00:00,141.58807
2025-11-04 05:00:00,263.01364
2025-11-04 06:00:00,447.81586
2025-11-04 07:00:00,664.6205
2025-11-04 08:00:00,838.04193
2025-11-04 09:00:00,1005.24146
2025-11-04 10:00:00,1033.3555
2025-11-04 11:00:00,444.56754
2025-11-04 12:00:00,163.12791
2025-11-04 13:00:00,112.78467
2025-11-04 14:00:00,99.98113
2025-11-04 15:00:00,102.956566
2025-11-04 16:00:00,103.66508
2025-11-04 17:00:00,91.80777
2025-11-04 18:00:00,80.94058
2025-11-04 19:00:00,69.28825
2025-11-04 20:00:00,63.683887
2025-11-04 21:00:00,59.262833
2025-11-04 22:00:00,45.510178
2025-11-04 23:00:00,43.85672
2025-11-05 00:00:00,35.55794
2025-11-05 01:00:00,31.461702
2025-11-05 02:00:00,40.08861
2025-11-05 03:00:00,80.041824
2025-11-05 04:00:00,209.06703
2025-11-05 05:00:00,392.13138
2025-11-05 06:00:00,606.3797
2025-11-05 07:00:00,949.96796
2025-11-05 08:00:00,1744.3387
2025-11-05 09:00:00,2111.4136
2025-11-05 10:00:00,1896.3
2025-11-05 11:00:00,1180.0424
2025-11-05 12:00:00,120.827156
2025-11-05 13:00:00,81.155045
2025-11-05 14:00:00,105.08523
2025-11-05 15:00:00,158.7246
2025-11-05 16:00:00,214.40727
2025-11-05 17:00:00,247.14053
2025-11-05 18:00:00,245.76222
2025-11-05 19:00:00,211.28029
2025-11-05 20:00:00,177.09254
2025-11-05 21:00:00,160.3086
2025-11-05 22:00:00,187.81903
2025-11-05 23:00:00,179.50848
2025-11-06 00:00:00,159.78076
2025-11-06 01:00:00,137.4492
2025-11-06 02:00:00,146.18198
2025-11-06 03:00:00,220.88852
2025-11-06 04:00:00,347.94812
2025-11-06 05:00:00,724.3469
2025-11-06 06:00:00,963.2023
2025-11-06 07:00:00,1074.08
2025-11-06 08:00:00,1140.935
2025-11-06 09:00:00,1179.8174
2025-11-06 10:00:00,1130.5342
2025-11-06 11:00:00,780.0226
2025-11-06 12:00:00,101.35037
2025-11-06 13:00:00,58.27595
2025-11-06 14:00:00,52.491177
2025-11-06 15:00:00,55.175
2025-11-06 16:00:00,60.59793
2025-11-06 17:00:00,65.83005
2025-11-06 18:00:00,71.69872
2025-11-06 19:00:00,77.06656
2025-11-06 20:00:00,85.023254
2025-11-06 21:00:00,91.85781
2025-11-06 22:00:00,108.21203
2025-11-06 23:00:00,109.58249
2025-11-07 00:00:00,105.22872
2025-11-07 01:00:00,97.50683
2025-11-07 02:00:00,112.956985
2025-11-07 03:00:00,182.02174
2025-11-07 04:00:00,290.79877
2025-11-07 05:00:00,450.26776
2025-11-07 06:00:00,669.0941
2025-11-07 07:00:00,881.30865
2025-11-07 08:00:00,1026.7487
2025-11-07 09:00:00,1115.9331
2025-11-07 10:00:00,1108.6583
2025-11-07 11:00:00,559.7417
2025-11-07 12:00:00,88.1019
2025-11-07 13:00:00,57.771175
2025-11-07 14:00:00,53.837284
2025-11-07 15:00:00,55.939213
2025-11-07 16:00:00,56.11684
2025-11-07 17:00:00,55.31897
2025-11-07 18:00:00,54.55914
2025-11-07 19:00:00,58.026222
2025-11-07 20:00:00,61.66391
2025-11-07 21:00:00,64.968475
2025-11-07 22:00:00,63.46857
2025-11-07 23:00:00,67.02394
2025-11-08 00:00:00,66.93412
2025-11-08 01:00:00,58.20232
2025-11-08 02:00:00,56.70332
2025-11-08 03:00:00,93.20211
2025-11-08 04:00:00,176.69847
2025-11-08 05:00:00,482.12875
2025-11-08 06:00:00,841.49615
2025-11-08 07:00:00,1023.2461
2025-11-08 08:00:00,1140.4547
2025-11-08 09:00:00,1215.1803
2025-11-08 10:00:00,1218.1761
2025-11-08 11:00:00,621.225
2025-11-08 12:00:00,85.086914
2025-11-08 13:00:00,50.9242
2025-11-08 14:00:00,44.527428
2025-11-08 15:00:00,44.22513
2025-11-08 16:00:00,45.351456
2025-11-08 17:00:00,47.711163
2025-11-08 18:00:00,49.562115
2025-11-08 19:00:00,52.598724
2025-11-08 20:00:00,55.603127
2025-11-08 21:00:00,59.1024
2025-11-08 22:00:00,53.05754
2025-11-08 23:00:00,53.54373
2025-11-09 00:00:00,55.606834
2025-11-09 01:00:00,54.85419
2025-11-09 02:00:00,62.758183
2025-11-09 03:00:00,115.47791
2025-11-09 04:00:00,224.21664
2025-11-09 05:00:00,553.72095
2025-11-09 06:00:00,822.27
2025-11-09 07:00:00,957.7723
2025-11-09 08:00:00,1071.359
2025-11-09 09:00:00,1152.1505
2025-11-09 10:00:00,1171.9176
2025-11-09 11:00:00,568.13043
2025-11-09 12:00:00,76.31582
2025-11-09 13:00:00,48.036793
2025-11-09 14:00:00,43.25807
2025-11-09 15:00:00,43.525562
2025-11-09 16:00:00,45.76801
2025-11-09 17:00:00,48.049904
2025-11-09 18:00:00,49.264034
2025-11-09 19:00:00,48.986507
2025-11-09 20:00:00,47.632397
2025-11-09 21:00:00,46.166225
2025-11-09 22:00:00,39.263824
2025-11-09 23:00:00,38.20956
2025-11-10 00:00:00,38.6461
2025-11-10 01:00:00,38.384533
2025-11-10 02:00:00,40.120697
2025-11-10 03:00:00,75.44126
2025-11-10 04:00:00,160.72855
2025-11-10 05:00:00,448.03543
2025-11-10 06:00:00,886.1792
2025-11-10 07:00:00,1058.6383
2025-11-10 08:00:00,1197.4937
2025-11-10 09:00:00,1292.0103
2025-11-10 10:00:00,1315.2617
2025-11-10 11:00:00,387.96722
2025-11-10 12:00:00,42.785667
2025-11-10 13:00:00,23.449797
2025-11-10 14:00:00,19.376516
2025-11-10 15:00:00,16.776031
2025-11-10 16:00:00,16.333147
2025-11-10 17:00:00,17.431965
2025-11-10 18:00:00,20.356901
2025-11-10 19:00:00,25.01962
2025-11-10 20:00:00,28.548342
2025-11-10 21:00:00,31.727049
2025-11-10 22:00:00,37.67406
2025-11-10 23:00:00,39.7121
2025-11-11 00:00:00,42.73566
2025-11-11 01:00:00,43.050194
2025-11-11 02:00:00,48.412403
2025-11-11 03:00:00,89.29576
2025-11-11 04:00:00,191.19217
2025-11-11 05:00:00,540.94
2025-11-11 06:00:00,850.75195
2025-11-11 07:00:00,974.407
2025-11-11 08:00:00,1072.6665
2025-11-11 09:00:00,1144.2848
2025-11-11 10:00:00,1170.4822
2025-11-11 11:00:00,535.6667
2025-11-11 12:00:00,80.15018
2025-11-11 13:00:00,51.61551
2025-11-11 14:00:00,47.93405
2025-11-11 15:00:00,51.033623
2025-11-11 16:00:00,57.365902
2025-11-11 17:00:00,64.81721
2025-11-11 18:00:00,71.66025
2025-11-11 19:00:00,78.972046
2025-11-11 20:00:00,80.645996
2025-11-11 21:00:00,80.339226
2025-11-11 22:00:00,57.69407
2025-11-11 23:00:00,53.71417
2025-11-12 00:00:00,52.654465
2025-11-12 01:00:00,54.785816
2025-11-12 02:00:00,67.4636
2025-11-12 03:00:00,124.810555
2025-11-12 04:00:00,258.3325
2025-11-12 05:00:00,553.54047
2025-11-12 06:00:00,907.4651
2025-11-12 07:00:00,1102.8755
2025-11-12 08:00:00,1237.1927
2025-11-12 09:00:00,1309.9526
2025-11-12 10:00:00,1269.9506
2025-11-12 11:00:00,517.33514
2025-11-12 12:00:00,81.166565
2025-11-12 13:00:00,49.96205
2025-11-12 14:00:00,42.96313
2025-11-12 15:00:00,40.191647
2025-11-12 16:00:00,39.60885
2025-11-12 17:00:00,39.64833
2025-11-12 18:00:00,39.720863
2025-11-12 19:00:00,41.213734
2025-11-12 20:00:00,43.870323
2025-11-12 21:00:00,47.665146
2025-11-12 22:00:00,45.819523
2025-11-12 23:00:00,50.153465
2025-11-13 00:00:00,55.41764
2025-11-13 01:00:00,55.545376
2025-11-13 02:00:00,62.661835
2025-11-13 03:00:00,112.27807
2025-11-13 04:00:00,224.8493
2025-11-13 05:00:00,551.3818
2025-11-13 06:00:00,932.1866
2025-11-13 07:00:00,1082.1433
2025-11-13 08:00:00,1228.5378
2025-11-13 09:00:00,1346.5311
2025-11-13 10:00:00,1288.9945
2025-11-13 11:00:00,473.34183
2025-11-13 12:00:00,79.08917
2025-11-13 13:00:00,52.60474
2025-11-13 14:00:00,46.429676
2025-11-13 15:00:00,45.8897
2025-11-13 16:00:00,46.561386
2025-11-13 17:00:00,46.85193
2025-11-13 18:00:00,47.17453
2025-11-13 19:00:00,47.967808
2025-11-13 20:00:00,49.93298
2025-11-13 21:00:00,52.42152
2025-11-13 22:00:00,45.4118
2025-11-13 23:00:00,45.815407
2025-11-14 00:00:00,47.951763
2025-11-14 01:00:00,47.81796
2025-11-14 02:00:00,50.99051
2025-11-14 03:00:00,88.17293
2025-11-14 04:00:00,170.00221
2025-11-14 05:00:00,391.7151
2025-11-14 06:00:00,761.9327
2025-11-14 07:00:00,957.6941
2025-11-14 08:00:00,1095.6017
2025-11-14 09:00:00,1175.1003
2025-11-14 10:00:00,1170.1041
2025-11-14 11:00:00,482.87878
2025-11-14 12:00:00,62.67571
2025-11-14 13:00:00,39.34233
2025-11-14 14:00:00,34.215874
2025-11-14 15:00:00,33.979977
2025-11-14 16:00:00,35.375732
2025-11-14 17:00:00,38.216854
2025-11-14 18:00:00,41.2226
2025-11-14 19:00:00,43.506603
2025-11-14 20:00:00,44.903427
2025-11-14 21:00:00,46.13578
2025-11-14 22:00:00,40.63282
2025-11-14 23:00:00,40.839752
2025-11-15 00:00:00,41.05449
2025-11-15 01:00:00,40.471973
2025-11-15 02:00:00,44.115757
2025-11-15 03:00:00,82.68949
2025-11-15 04:00:00,179.04883
2025-11-15 05:00:00,476.53757
2025-11-15 06:00:00,715.1163
2025-11-15 07:00:00,867.60345
2025-11-15 08:00:00,995.1593
2025-11-15 09:00:00,1085.5216
2025-11-15 10:00:00,1084.4679
2025-11-15 11:00:00,538.5227
2025-11-15 12:00:00,69.31911
2025-11-15 13:00:00,44.80279
2025-11-15 14:00:00,39.555836
2025-11-15 15:00:00,39.69718
2025-11-15 16:00:00,41.950287
2025-11-15 17:00:00,45.206074
2025-11-15 18:00:00,47.599564
2025-11-15 19:00:00,49.7067
2025-11-15 20:00:00,49.680275
2025-11-15 21:00:00,47.06735
2025-11-15 22:00:00,41.01494
2025-11-15 23:00:00,41.8667
2025-11-16 00:00:00,46.06462
2025-11-16 01:00:00,45.813126
2025-11-16 02:00:00,43.928883
2025-11-16 03:00:00,80.343346
2025-11-16 04:00:00,174.70073
2025-11-16 05:00:00,407.32257
2025-11-16 06:00:00,656.2571
2025-11-16 07:00:00,835.39417
2025-11-16 08:00:00,984.3346
2025-11-16 09:00:00,1064.1965
2025-11-16 10:00:00,1077.3309
2025-11-16 11:00:00,635.2225
2025-11-16 12:00:00,86.594826
2025-11-16 13:00:00,55.64895
2025-11-16 14:00:00,47.98085
2025-11-16 15:00:00,43.342117
2025-11-16 16:00:00,42.38794
2025-11-16 17:00:00,44.625557
2025-11-16 18:00:00,45.87894
2025-11-16 19:00:00,44.319023
2025-11-16 20:00:00,42.491318
2025-11-16 21:00:00,42.15343
2025-11-16 22:00:00,32.904102
2025-11-16 23:00:00,31.65892
2025-11-17 00:00:00,30.958643
2025-11-17 01:00:00,31.763927
2025-11-17 02:00:00,33.709667
2025-11-17 03:00:00,66.928444
2025-11-17 04:00:00,153.64856
2025-11-17 05:00:00,381.74442
2025-11-17 06:00:00,700.05804
2025-11-17 07:00:00,847.75775
2025-11-17 08:00:00,953.12964
2025-11-17 09:00:00,1015.7805
2025-11-17 10:00:00,1030.9624
2025-11-17 11:00:00,284.96945
2025-11-17 12:00:00,32.928272
2025-11-17 13:00:00,23.575378
2025-11-17 14:00:00,20.670662
2025-11-17 15:00:00,17.726154
2025-11-17 16:00:00,15.576028
2025-11-17 17:00:00,14.492999
2025-11-17 18:00:00,13.786472
2025-11-17 19:00:00,13.593797
2025-11-17 20:00:00,15.24996
2025-11-17 21:00:00,18.26158
2025-11-17 22:00:00,17.979618
2025-11-17 23:00:00,20.852089
2025-11-18 00:00:00,23.138245
2025-11-18 01:00:00,24.62867
2025-11-18 02:00:00,27.235828
2025-11-18 03:00:00,57.760693
2025-11-18 04:00:00,138.93985
2025-11-18 05:00:00,417.6419
2025-11-18 06:00:00,784.57227
2025-11-18 07:00:00,897.829
2025-11-18 08:00:00,981.14685
2025-11-18 09:00:00,1027.7013
2025-11-18 10:00:00,1044.1973
2025-11-18 11:00:00,484.58118
2025-11-18 12:00:00,52.506508
2025-11-18 13:00:00,28.6515
2025-11-18 14:00:00,21.55203
2025-11-18 15:00:00,20.34571
2025-11-18 16:00:00,21.011879
2025-11-18 17:00:00,22.332474
2025-11-18 18:00:00,24.763924
2025-11-18 19:00:00,27.824287
2025-11-18 20:00:00,30.896399
2025-11-18 21:00:00,32.286205
2025-11-18 22:00:00,28.706352
2025-11-18 23:00:00,25.860376
2025-11-19 00:00:00,24.613365
2025-11-19 01:00:00,22.689297
2025-11-19 02:00:00,21.884699
2025-11-19 03:00:00,51.51911
2025-11-19 04:00:00,135.65826
2025-11-19 05:00:00,325.2489
2025-11-19 06:00:00,804.74335
2025-11-19 07:00:00,981.7595
2025-11-19 08:00:00,1074.7108
2025-11-19 09:00:00,1120.7303
2025-11-19 10:00:00,1142.4886
2025-11-19 11:00:00,398.76675
2025-11-19 12:00:00,30.395056
2025-11-19 13:00:00,21.665249
2025-11-19 14:00:00,19.918022
2025-11-19 15:00:00,19.03572
2025-11-19 16:00:00,18.531473
2025-11-19 17:00:00,18.144669
2025-11-19 18:00:00,17.720617
2025-11-19 19:00:00,18.542744
2025-11-19 20:00:00,20.484808
2025-11-19 21:00:00,23.50857
2025-11-19 22:00:00,23.488169
2025-11-19 23:00:00,25.592026
2025-11-20 00:00:00,28.178505
2025-11-20 01:00:00,28.111399
2025-11-20 02:00:00,25.502867
2025-11-20 03:00:00,49.163433
2025-11-20 04:00:00,128.1593
2025-11-20 05:00:00,357.1571
2025-11-20 06:00:00,839.5242
2025-11-20 07:00:00,1094.4087
2025-11-20 08:00:00,1214.6505
2025-11-20 09:00:00,1270.0779
2025-11-20 10:00:00,1224.6381
2025-11-20 11:00:00,424.88513
2025-11-20 12:00:00,34.966408
2025-11-20 13:00:00,29.08918
2025-11-20 14:00:00,31.069605
2025-11-20 15:00:00,32.518307
2025-11-20 16:00:00,34.230377
2025-11-20 17:00:00,33.881126
2025-11-20 18:00:00,31.702261
2025-11-20 19:00:00,28.74995
2025-11-20 20:00:00,26.738438
2025-11-20 21:00:00,25.512505
2025-11-20 22:00:00,30.180418
2025-11-20 23:00:00,29.773079
2025-11-21 00:00:00,27.848997
2025-11-21 01:00:00,31.290844
2025-11-21 02:00:00,36.704636
2025-11-21 03:00:00,80.46362
2025-11-21 04:00:00,212.23149
2025-11-21 05:00:00,576.8753
2025-11-21 06:00:00,1157.9613
2025-11-21 07:00:00,1394.9086
2025-11-21 08:00:00,1484.4332
2025-11-21 09:00:00,1545.7056
2025-11-21 10:00:00,1535.1478
2025-11-21 11:00:00,589.09705
2025-11-21 12:00:00,30.290176
2025-11-21 13:00:00,31.825882
2025-11-21 14:00:00,34.60929
2025-11-21 15:00:00,35.8616
2025-11-21 16:00:00,34.884598
2025-11-21 17:00:00,32.512463
2025-11-21 18:00:00,29.836426
2025-11-21 19:00:00,27.213684
2025-11-21 20:00:00,26.511341
2025-11-21 21:00:00,26.630116
2025-11-21 22:00:00,24.087017
2025-11-21 23:00:00,23.043552
2025-11-22 00:00:00,22.230146
2025-11-22 01:00:00,20.003246
2025-11-22 02:00:00,18.765131
2025-11-22 03:00:00,47.175674
2025-11-22 04:00:00,148.1072
2025-11-22 05:00:00,407.6067
2025-11-22 06:00:00,1259.3617
2025-11-22 07:00:00,1466.5358
2025-11-22 08:00:00,1603.7493
2025-11-22 09:00:00,1672.667
2025-11-22 10:00:00,1634.1746
2025-11-22 11:00:00,434.93872
2025-11-22 12:00:00,31.482384
2025-11-22 13:00:00,23.534718
2025-11-22 14:00:00,22.723825
2025-11-22 15:00:00,21.115686
2025-11-22 16:00:00,19.508818
2025-11-22 17:00:00,18.541235
2025-11-22 18:00:00,18.786278
2025-11-22 19:00:00,20.709698
2025-11-22 20:00:00,23.906872
2025-11-22 21:00:00,26.816801
2025-11-22 22:00:00,19.303867
2025-11-22 23:00:00,19.318281
2025-11-23 00:00:00,19.375025
2025-11-23 01:00:00,18.424297
2025-11-23 02:00:00,17.515427
2025-11-23 03:00:00,47.804935
2025-11-23 04:00:00,137.66129
2025-11-23 05:00:00,362.70056
2025-11-23 06:00:00,829.23596
2025-11-23 07:00:00,1210.0979
2025-11-23 08:00:00,1353.28
2025-11-23 09:00:00,1444.5938
2025-11-23 10:00:00,1345.6715
2025-11-23 11:00:00,487.20535
2025-11-23 12:00:00,66.15005
2025-11-23 13:00:00,41.963436
2025-11-23 14:00:00,35.9918
2025-11-23 15:00:00,32.85922
2025-11-23 16:00:00,30.65374
2025-11-23 17:00:00,27.845688
2025-11-23 18:00:00,25.729904
2025-11-23 19:00:00,24.807016
2025-11-23 20:00:00,24.736425
2025-11-23 21:00:00,23.07633
2025-11-23 22:00:00,23.30984
2025-11-23 23:00:00,20.023348
2025-11-24 00:00:00,20.123924
2025-11-24 01:00:00,20.749907
2025-11-24 02:00:00,21.207983
2025-11-24 03:00:00,51.530483
2025-11-24 04:00:00,149.78745
2025-11-24 05:00:00,442.0968
2025-11-24 06:00:00,864.78705
2025-11-24 07:00:00,1057.6754
2025-11-24 08:00:00,1188.9302
2025-11-24 09:00:00,1281.1332
2025-11-24 10:00:00,1228.8917
2025-11-24 11:00:00,656.9504
2025-11-24 12:00:00,52.40215
2025-11-24 13:00:00,31.499826
2025-11-24 14:00:00,25.581097
2025-11-24 15:00:00,24.234549
2025-11-24 16:00:00,24.091856
2025-11-24 17:00:00,25.16603
2025-11-24 18:00:00,25.884954
2025-11-24 19:00:00,27.574932
2025-11-24 20:00:00,28.264925
2025-11-24 21:00:00,29.53114
2025-11-24 22:00:00,29.393335
2025-11-24 23:00:00,31.78863
2025-11-25 00:00:00,33.852776
2025-11-25 01:00:00,33.52772
2025-11-25 02:00:00,35.87008
2025-11-25 03:00:00,71.35907
2025-11-25 04:00:00,161.21472
2025-11-25 05:00:00,457.18677
2025-11-25 06:00:00,789.59106
2025-11-25 07:00:00,928.1933
2025-11-25 08:00:00,1036.6887
2025-11-25 09:00:00,1109.234
2025-11-25 10:00:00,1104.4177
2025-11-25 11:00:00,578.0784
2025-11-25 12:00:00,60.897926
2025-11-25 13:00:00,35.309628
2025-11-25 14:00:00,31.16668
2025-11-25 15:00:00,32.06921
2025-11-25 16:00:00,35.47161
2025-11-25 17:00:00,39.231968
2025-11-25 18:00:00,42.592167
2025-11-25 19:00:00,45.875572
2025-11-25 20:00:00,47.238144
2025-11-25 21:00:00,47.114044
2025-11-25 22:00:00,36.70532
2025-11-25 23:00:00,34.89133
2025-11-26 00:00:00,32.783382
2025-11-26 01:00:00,29.368969
2025-11-26 02:00:00,28.442286
2025-11-26 03:00:00,58.31135
2025-11-26 04:00:00,140.44333
2025-11-26 05:00:00,405.96832
2025-11-26 06:00:00,723.10596
2025-11-26 07:00:00,840.6373
2025-11-26 08:00:00,933.48627
2025-11-26 09:00:00,990.4361
2025-11-26 10:00:00,966.8368
2025-11-26 11:00:00,369.25925
2025-11-26 12:00:00,51.437584
2025-11-26 13:00:00,33.83299
2025-11-26 14:00:00,29.06948
2025-11-26 15:00:00,25.442032
2025-11-26 16:00:00,21.565727
2025-11-26 17:00:00,17.812193
2025-11-26 18:00:00,15.489579
2025-11-26 19:00:00,14.564053
2025-11-26 20:00:00,14.479042
2025-11-26 21:00:00,15.36575
2025-11-26 22:00:00,18.015373
2025-11-26 23:00:00,20.98789
2025-11-27 00:00:00,24.80907
2025-11-27 01:00:00,26.896229
2025-11-27 02:00:00,27.14189
2025-11-27 03:00:00,49.17685
2025-11-27 04:00:00,125.35025
2025-11-27 05:00:00,450.64685
2025-11-27 06:00:00,630.65295
2025-11-27 07:00:00,738.553
2025-11-27 08:00:00,850.72314
2025-11-27 09:00:00,885.48016
2025-11-27 10:00:00,861.81464
2025-11-27 11:00:00,279.30493
2025-11-27 12:00:00,42.620136
2025-11-27 13:00:00,31.039196
2025-11-27 14:00:00,26.746243
2025-11-27 15:00:00,23.43585
2025-11-27 16:00:00,20.129309
2025-11-27 17:00:00,18.848797
2025-11-27 18:00:00,18.682978
2025-11-27 19:00:00,20.14545
2025-11-27 20:00:00,22.476418
2025-11-27 21:00:00,27.225502
2025-11-27 22:00:00,27.327961
2025-11-27 23:00:00,30.408663
2025-11-28 00:00:00,33.71633
2025-11-28 01:00:00,33.341324
2025-11-28 02:00:00,33.040054
2025-11-28 03:00:00,63.85315
2025-11-28 04:00:00,149.28925
2025-11-28 05:00:00,387.94672
2025-11-28 06:00:00,557.6836
2025-11-28 07:00:00,658.9339
2025-11-28 08:00:00,729.827
2025-11-28 09:00:00,785.71576
2025-11-28 10:00:00,763.00635
2025-11-28 11:00:00,395.4602
2025-11-28 12:00:00,62.902237
2025-11-28 13:00:00,40.89057
2025-11-28 14:00:00,37.025017
2025-11-28 15:00:00,39.770924
2025-11-28 16:00:00,45.563866
2025-11-28 17:00:00,52.137726
2025-11-28 18:00:00,58.250046
2025-11-28 19:00:00,65.8982
2025-11-28 20:00:00,72.51767
2025-11-28 21:00:00,75.93126
2025-11-28 22:00:00,67.15463
2025-11-28 23:00:00,67.84693
2025-11-29 00:00:00,69.433876
2025-11-29 01:00:00,68.11505
2025-11-29 02:00:00,78.86761
2025-11-29 03:00:00,132.13594
2025-11-29 04:00:00,205.48175
2025-11-29 05:00:00,305.35858
2025-11-29 06:00:00,454.39346
2025-11-29 07:00:00,688.07935
2025-11-29 08:00:00,1001.5617
2025-11-29 09:00:00,1261.1798
2025-11-29 10:00:00,1110.2742
2025-11-29 11:00:00,457.4819
2025-11-29 12:00:00,79.52957
2025-11-29 13:00:00,53.732697
2025-11-29 14:00:00,51.265648
2025-11-29 15:00:00,53.16788
2025-11-29 16:00:00,55.307262
2025-11-29 17:00:00,56.001026
2025-11-29 18:00:00,57.3258
2025-11-29 19:00:00,64.2013
2025-11-29 20:00:00,73.90352
2025-11-29 21:00:00,80.72705
2025-11-29 22:00:00,63.28497
2025-11-29 23:00:00,65.506004
2025-11-30 00:00:00,66.80328
2025-11-30 01:00:00,65.549324
2025-11-30 02:00:00,68.50729
2025-11-30 03:00:00,113.252594
2025-11-30 04:00:00,198.90167
2025-11-30 05:00:00,353.24808
2025-11-30 06:00:00,678.59827
2025-11-30 07:00:00,918.85315
2025-11-30 08:00:00,1010.7654
2025-11-30 09:00:00,1039.8207
2025-11-30 10:00:00,1014.85077
2025-11-30 11:00:00,646.0823
2025-11-30 12:00:00,100.74539
2025-11-30 13:00:00,60.71819
2025-11-30 14:00:00,51.1332
2025-11-30 15:00:00,45.947216
2025-11-30 16:00:00,43.99289
2025-11-30 17:00:00,43.020706
2025-11-30 18:00:00,41.988037
2025-11-30 19:00:00,41.514874
2025-11-30 20:00:00,41.098434
2025-11-30 21:00:00,40.591995
2025-11-30 22:00:00,28.204477
2025-11-30 23:00:00,25.831911
2025-12-01 00:00:00,21.971607
2025-12-01 01:00:00,18.213398
2025-12-01 02:00:00,14.649442
2025-12-01 03:00:00,32.946274
2025-12-01 04:00:00,106.659874
2025-12-01 05:00:00,250.76857
2025-12-01 06:00:00,509.74347
2025-12-01 07:00:00,752.2037
2025-12-01 08:00:00,934.6877
2025-12-01 09:00:00,1036.1372
2025-12-01 10:00:00,1061.9396
2025-12-01 11:00:00,159.5166
2025-12-01 12:00:00,50.160065
2025-12-01 13:00:00,38.53103
2025-12-01 14:00:00,32.91014
2025-12-01 15:00:00,28.626492
2025-12-01 16:00:00,24.980745
2025-12-01 17:00:00,25.24201
2025-12-01 18:00:00,26.423311
2025-12-01 19:00:00,28.028784
2025-12-01 20:00:00,27.704052
2025-12-01 21:00:00,28.092236
2025-12-01 22:00:00,37.6182
2025-12-01 23:00:00,36.433174
2025-12-02 00:00:00,34.715897
2025-12-02 01:00:00,34.651695
2025-12-02 02:00:00,34.928017
2025-12-02 03:00:00,62.487885
2025-12-02 04:00:00,129.87091
2025-12-02 05:00:00,255.46046
2025-12-02 06:00:00,417.83023
2025-12-02 07:00:00,604.37
2025-12-02 08:00:00,823.8825
2025-12-02 09:00:00,1028.182
2025-12-02 10:00:00,1038.7034
2025-12-02 11:00:00,397.22095
2025-12-02 12:00:00,68.91184
2025-12-02 13:00:00,53.97634
2025-12-02 14:00:00,59.741512
2025-12-02 15:00:00,69.90291
2025-12-02 16:00:00,76.26153
2025-12-02 17:00:00,77.73494
2025-12-02 18:00:00,73.95356
2025-12-02 19:00:00,66.09195
2025-12-02 20:00:00,57.27415
2025-12-02 21:00:00,51.241142
2025-12-02 22:00:00,44.473526
2025-12-02 23:00:00,43.33855
2025-12-03 00:00:00,45.785557
2025-12-03 01:00:00,48.24649
2025-12-03 02:00:00,50.935585
2025-12-03 03:00:00,84.94067
2025-12-03 04:00:00,175.27277
2025-12-03 05:00:00,382.43866
2025-12-03 06:00:00,547.8576
2025-12-03 07:00:00,681.734
2025-12-03 08:00:00,801.70374
2025-12-03 09:00:00,893.75085
2025-12-03 10:00:00,901.05414
2025-12-03 11:00:00,514.79144
2025-12-03 12:00:00,82.77259
2025-12-03 13:00:00,56.005966
2025-12-03 14:00:00,55.837032
2025-12-03 15:00:00,62.818447
2025-12-03 16:00:00,68.43425
2025-12-03 17:00:00,66.07312
2025-12-03 18:00:00,60.085674
2025-12-03 19:00:00,56.35927
2025-12-03 20:00:00,56.784634
2025-12-03 21:00:00,58.962425
2025-12-03 22:00:00,55.80016
2025-12-03 23:00:00,60.070213
2025-12-04 00:00:00,67.43858
2025-12-04 01:00:00,74.20521
2025-12-04 02:00:00,82.868645
2025-12-04 03:00:00,130.36676
2025-12-04 04:00:00,247.37779
2025-12-04 05:00:00,432.14383
2025-12-04 06:00:00,531.8207
2025-12-04 07:00:00,649.74
2025-12-04 08:00:00,812.3075
2025-12-04 09:00:00,938.2467
2025-12-04 10:00:00,997.52563
2025-12-04 11:00:00,587.6471
2025-12-04 12:00:00,79.49195
2025-12-04 13:00:00,44.190395
2025-12-04 14:00:00,33.517296
2025-12-04 15:00:00,32.990845
2025-12-04 16:00:00,33.936207
2025-12-04 17:00:00,35.111294
2025-12-04 18:00:00,37.958538
2025-12-04 19:00:00,40.958214
2025-12-04 20:00:00,41.049206
2025-12-04 21:00:00,39.38207
2025-12-04 22:00:00,35.799923
2025-12-04 23:00:00,37.096016
2025-12-05 00:00:00,35.420643
2025-12-05 01:00:00,33.312485
2025-12-05 02:00:00,31.706457
2025-12-05 03:00:00,52.802734
2025-12-05 04:00:00,117.47776
2025-12-05 05:00:00,328.90894
2025-12-05 06:00:00,669.0478
2025-12-05 07:00:00,777.86224
2025-12-05 08:00:00,843.54
2025-12-05 09:00:00,886.842
2025-12-05 10:00:00,881.45514
2025-12-05 11:00:00,401.083
2025-12-05 12:00:00,75.70579
2025-12-05 13:00:00,51.19941
2025-12-05 14:00:00,46.198467
2025-12-05 15:00:00,48.04975
2025-12-05 16:00:00,53.495327
2025-12-05 17:00:00,57.866646
2025-12-05 18:00:00,59.92641
2025-12-05 19:00:00,60.849075
2025-12-05 20:00:00,63.102245
2025-12-05 21:00:00,69.651276
2025-12-05 22:00:00,86.867325
2025-12-05 23:00:00,101.87513
2025-12-06 00:00:00,119.25405
2025-12-06 01:00:00,130.79224
2025-12-06 02:00:00,139.55745
2025-12-06 03:00:00,203.07074
2025-12-06 04:00:00,286.96945
2025-12-06 05:00:00,367.32312
2025-12-06 06:00:00,451.66196
2025-12-06 07:00:00,546.5527
2025-12-06 08:00:00,635.2084
2025-12-06 09:00:00,697.1858
2025-12-06 10:00:00,682.0287
2025-12-06 11:00:00,500.00403
2025-12-06 12:00:00,138.66084
2025-12-06 13:00:00,118.111015
2025-12-06 14:00:00,117.32988
2025-12-06 15:00:00,119.865135
2025-12-06 16:00:00,114.23897
2025-12-06 17:00:00,118.16843
2025-12-06 18:00:00,114.207146
2025-12-06 19:00:00,108.778015
2025-12-06 20:00:00,106.30841
2025-12-06 21:00:00,109.45577
2025-12-06 22:00:00,117.12486
2025-12-06 23:00:00,119.408035
2025-12-07 00:00:00,118.3582
2025-12-07 01:00:00,112.85861
2025-12-07 02:00:00,111.91914
2025-12-07 03:00:00,162.34923
2025-12-07 04:00:00,245.55945
2025-12-07 05:00:00,339.66364
2025-12-07 06:00:00,427.35446
2025-12-07 07:00:00,506.90695
2025-12-07 08:00:00,591.98517
2025-12-07 09:00:00,664.5574
2025-12-07 10:00:00,680.9015
2025-12-07 11:00:00,461.16876
2025-12-07 12:00:00,102.60835
2025-12-07 13:00:00,86.07408
2025-12-07 14:00:00,93.28119
2025-12-07 15:00:00,99.473236
2025-12-07 16:00:00,96.55203
2025-12-07 17:00:00,91.335724
2025-12-07 18:00:00,85.36088
2025-12-07 19:00:00,81.8078
2025-12-07 20:00:00,83.27859
2025-12-07 21:00:00,84.738434
2025-12-07 22:00:00,83.78655
2025-12-07 23:00:00,87.38324
2025-12-08 00:00:00,98.792656
2025-12-08 01:00:00,105.909904
2025-12-08 02:00:00,111.927315
2025-12-08 03:00:00,161.14272
2025-12-08 04:00:00,244.07082
2025-12-08 05:00:00,340.6311
2025-12-08 06:00:00,437.86325
2025-12-08 07:00:00,530.1051
2025-12-08 08:00:00,619.4865
2025-12-08 09:00:00,688.66174
2025-12-08 10:00:00,734.7889
2025-12-08 11:00:00,555.77673
2025-12-08 12:00:00,121.26171
2025-12-08 13:00:00,90.488235
2025-12-08 14:00:00,82.081505
2025-12-08 15:00:00,87.825096
2025-12-08 16:00:00,102.18589
2025-12-08 17:00:00,112.730225
2025-12-08 18:00:00,121.20787
2025-12-08 19:00:00,123.22451
2025-12-08 20:00:00,124.619316
2025-12-08 21:00:00,128.54596
2025-12-08 22:00:00,116.865616
2025-12-08 23:00:00,123.05029
2025-12-09 00:00:00,130.20293
2025-12-09 01:00:00,128.871
2025-12-09 02:00:00,129.27098
2025-12-09 03:00:00,188.54979
2025-12-09 04:00:00,283.39896
2025-12-09 05:00:00,381.51788
2025-12-09 06:00:00,498.70547
2025-12-09 07:00:00,638.8469
2025-12-09 08:00:00,763.2667
2025-12-09 09:00:00,840.9546
2025-12-09 10:00:00,850.0729
2025-12-09 11:00:00,520.24695
2025-12-09 12:00:00,100.259964
2025-12-09 13:00:00,68.62156
2025-12-09 14:00:00,62.094463
2025-12-09 15:00:00,61.370586
2025-12-09 16:00:00,62.72412
2025-12-09 17:00:00,71.8154
2025-12-09 18:00:00,89.09618
2025-12-09 19:00:00,105.73817
2025-12-09 20:00:00,107.75596
2025-12-09 21:00:00,104.81462
2025-12-09 22:00:00,98.00163
2025-12-09 23:00:00,96.30155
2025-12-10 00:00:00,90.1304
2025-12-10 01:00:00,81.23261
2025-12-10 02:00:00,79.28677
2025-12-10 03:00:00,118.973595
2025-12-10 04:00:00,195.13199
2025-12-10 05:00:00,331.9902
2025-12-10 06:00:00,511.888
2025-12-10 07:00:00,668.4369
2025-12-10 08:00:00,792.5711
2025-12-10 09:00:00,884.7804
2025-12-10 10:00:00,886.8152
2025-12-10 11:00:00,338.8617
2025-12-10 12:00:00,59.97314
2025-12-10 13:00:00,36.697254
2025-12-10 14:00:00,30.871923
2025-12-10 15:00:00,28.376654
2025-12-10 16:00:00,28.703108
2025-12-10 17:00:00,31.084204
2025-12-10 18:00:00,31.824492
2025-12-10 19:00:00,32.5537
2025-12-10 20:00:00,33.88829
2025-12-10 21:00:00,35.861862
2025-12-10 22:00:00,27.120502
2025-12-10 23:00:00,30.119257
2025-12-11 00:00:00,35.23781
2025-12-11 01:00:00,38.210052
2025-12-11 02:00:00,40.824215
2025-12-11 03:00:00,61.85415
2025-12-11 04:00:00,119.64382
2025-12-11 05:00:00,233.54092
2025-12-11 06:00:00,464.40036
2025-12-11 07:00:00,665.62646
2025-12-11 08:00:00,778.0637
2025-12-11 09:00:00,850.03235
2025-12-11 10:00:00,844.6442
2025-12-11 11:00:00,306.17267
2025-12-11 12:00:00,54.178276
2025-12-11 13:00:00,34.974777
2025-12-11 14:00:00,31.290699
2025-12-11 15:00:00,30.350653
2025-12-11 16:00:00,29.409248
2025-12-11 17:00:00,29.30458
2025-12-11 18:00:00,28.728176
2025-12-11 19:00:00,30.096298
2025-12-11 20:00:00,32.12811
2025-12-11 21:00:00,35.35174
2025-12-11 22:00:00,30.529701
2025-12-11 23:00:00,28.086536
2025-12-12 00:00:00,26.49281
2025-12-12 01:00:00,25.774668
2025-12-12 02:00:00,24.92304
2025-12-12 03:00:00,39.387623
2025-12-12 04:00:00,93.46781
2025-12-12 05:00:00,207.18053
2025-12-12 06:00:00,422.43845
2025-12-12 07:00:00,608.10364
2025-12-12 08:00:00,721.687
2025-12-12 09:00:00,786.76404
2025-12-12 10:00:00,775.61053
2025-12-12 11:00:00,76.1742
2025-12-12 12:00:00,21.09326
2025-12-12 13:00:00,21.367678
2025-12-12 14:00:00,20.908981
2025-12-12 15:00:00,24.39811
2025-12-12 16:00:00,26.496532
2025-12-12 17:00:00,27.042221
2025-12-12 18:00:00,28.022812
2025-12-12 19:00:00,28.409119
2025-12-12 20:00:00,26.849808
2025-12-12 21:00:00,23.980932
2025-12-12 22:00:00,21.73347
2025-12-12 23:00:00,19.144888
2025-12-13 00:00:00,19.429262
2025-12-13 01:00:00,21.234097
2025-12-13 02:00:00,22.816046
2025-12-13 03:00:00,38.597496
2025-12-13 04:00:00,109.30933
2025-12-13 05:00:00,244.44217
2025-12-13 06:00:00,469.19867
2025-12-13 07:00:00,642.10034
2025-12-13 08:00:00,790.3429
2025-12-13 09:00:00,861.0655
2025-12-13 10:00:00,811.53687
2025-12-13 11:00:00,183.8503
2025-12-13 12:00:00,54.853092
2025-12-13 13:00:00,39.518734
2025-12-13 14:00:00,36.413864
2025-12-13 15:00:00,34.78277
2025-12-13 16:00:00,33.585236
2025-12-13 17:00:00,31.152813
2025-12-13 18:00:00,29.45595
2025-12-13 19:00:00,28.048096
2025-12-13 20:00:00,26.732918
2025-12-13 21:00:00,24.26423
2025-12-13 22:00:00,24.290264
2025-12-13 23:00:00,22.897133
2025-12-14 00:00:00,22.915024
2025-12-14 01:00:00,22.535704
2025-12-14 02:00:00,19.795313
2025-12-14 03:00:00,33.530144
2025-12-14 04:00:00,82.166046
2025-12-14 05:00:00,208.93925
2025-12-14 06:00:00,426.85266
2025-12-14 07:00:00,625.1658
2025-12-14 08:00:00,744.28
2025-12-14 09:00:00,801.51733
2025-12-14 10:00:00,747.9766
2025-12-14 11:00:00,52.61267
2025-12-14 12:00:00,18.454409
2025-12-14 13:00:00,20.187227
2025-12-14 14:00:00,22.917852
2025-12-14 15:00:00,22.394886
2025-12-14 16:00:00,20.97855
2025-12-14 17:00:00,18.843359
2025-12-14 18:00:00,17.998133
2025-12-14 19:00:00,19.483736
2025-12-14 20:00:00,22.340254
2025-12-14 21:00:00,25.868286
2025-12-14 22:00:00,26.958336
2025-12-14 23:00:00,32.45426
2025-12-15 00:00:00,37.985886
2025-12-15 01:00:00,38.524864
2025-12-15 02:00:00,38.44158
2025-12-15 03:00:00,57.578316
2025-12-15 04:00:00,118.10408
2025-12-15 05:00:00,295.29495
2025-12-15 06:00:00,575.7021
2025-12-15 07:00:00,747.28546
2025-12-15 08:00:00,835.5776
2025-12-15 09:00:00,875.6907
2025-12-15 10:00:00,839.4468
2025-12-15 11:00:00,562.9034
2025-12-15 12:00:00,68.40552
2025-12-15 13:00:00,40.86808
2025-12-15 14:00:00,38.12361
2025-12-15 15:00:00,41.013172
2025-12-15 16:00:00,44.656944
2025-12-15 17:00:00,48.810246
2025-12-15 18:00:00,53.08386
2025-12-15 19:00:00,58.150654
2025-12-15 20:00:00,64.044
2025-12-15 21:00:00,74.192345
2025-12-15 22:00:00,95.75517
2025-12-15 23:00:00,109.12971
2025-12-16 00:00:00,118.104065
2025-12-16 01:00:00,112.074455
2025-12-16 02:00:00,111.580475
2025-12-16 03:00:00,177.85426
2025-12-16 04:00:00,291.24432
2025-12-16 05:00:00,415.42563
2025-12-16 06:00:00,507.2611
2025-12-16 07:00:00,591.7476
2025-12-16 08:00:00,666.842
2025-12-16 09:00:00,724.1406
2025-12-16 10:00:00,727.7875
2025-12-16 11:00:00,664.56165
2025-12-16 12:00:00,136.10356
2025-12-16 13:00:00,83.90694
2025-12-16 14:00:00,80.74438
2025-12-16 15:00:00,85.27183
2025-12-16 16:00:00,87.7418
2025-12-16 17:00:00,88.32672
2025-12-16 18:00:00,92.94255
2025-12-16 19:00:00,101.1063
2025-12-16 20:00:00,109.35557
2025-12-16 21:00:00,120.3067
2025-12-16 22:00:00,133.61797
2025-12-16 23:00:00,142.23262
2025-12-17 00:00:00,146.99533
2025-12-17 01:00:00,141.91309
2025-12-17 02:00:00,132.99762
2025-12-17 03:00:00,177.89468
2025-12-17 04:00:00,257.45273
2025-12-17 05:00:00,354.97876
2025-12-17 06:00:00,457.77997
2025-12-17 07:00:00,565.3239
2025-12-17 08:00:00,663.0915
2025-12-17 09:00:00,730.1032
2025-12-17 10:00:00,711.002
2025-12-17 11:00:00,573.82806
2025-12-17 12:00:00,87.60927
2025-12-17 13:00:00,50.549496
2025-12-17 14:00:00,45.433804
2025-12-17 15:00:00,44.222843
2025-12-17 16:00:00,43.45613
2025-12-17 17:00:00,45.098343
2025-12-17 18:00:00,45.67312
2025-12-17 19:00:00,46.854774
2025-12-17 20:00:00,48.035378
2025-12-17 21:00:00,49.529003
2025-12-17 22:00:00,52.417667
2025-12-17 23:00:00,52.507397
2025-12-18 00:00:00,46.68938
2025-12-18 01:00:00,44.58684
2025-12-18 02:00:00,42.57577
2025-12-18 03:00:00,67.016525
2025-12-18 04:00:00,118.64171
2025-12-18 05:00:00,220.4484
2025-12-18 06:00:00,377.39407
2025-12-18 07:00:00,526.3257
2025-12-18 08:00:00,631.1707
2025-12-18 09:00:00,692.428
2025-12-18 10:00:00,572.7721
2025-12-18 11:00:00,463.4122
2025-12-18 12:00:00,59.564037
2025-12-18 13:00:00,33.586327
2025-12-18 14:00:00,29.70464
2025-12-18 15:00:00,28.714777
2025-12-18 16:00:00,27.680445
2025-12-18 17:00:00,25.089556
2025-12-18 18:00:00,23.511328
2025-12-18 19:00:00,27.351347
2025-12-18 20:00:00,33.30456
2025-12-18 21:00:00,39.57783
2025-12-18 22:00:00,40.98138
2025-12-18 23:00:00,48.280304
2025-12-19 00:00:00,57.411163
2025-12-19 01:00:00,62.104683
2025-12-19 02:00:00,62.96602
2025-12-19 03:00:00,93.25785
2025-12-19 04:00:00,163.15009
2025-12-19 05:00:00,307.7012
2025-12-19 06:00:00,445.9083
2025-12-19 07:00:00,540.0094
2025-12-19 08:00:00,619.51447
2025-12-19 09:00:00,680.98065
2025-12-19 10:00:00,665.3295
2025-12-19 11:00:00,416.30368
2025-12-19 12:00:00,52.489323
2025-12-19 13:00:00,29.78595
2025-12-19 14:00:00,27.357471
2025-12-19 15:00:00,27.632256
2025-12-19 16:00:00,30.421875
2025-12-19 17:00:00,33.556286
2025-12-19 18:00:00,35.584885
2025-12-19 19:00:00,36.417347
2025-12-19 20:00:00,36.27293
2025-12-19 21:00:00,35.188633
2025-12-19 22:00:00,20.832825
2025-12-19 23:00:00,21.019688
2025-12-20 00:00:00,21.330627
2025-12-20 01:00:00,27.17465
2025-12-20 02:00:00,27.83333
2025-12-20 03:00:00,47.27818
2025-12-20 04:00:00,81.148636
2025-12-20 05:00:00,176.42871
2025-12-20 06:00:00,342.34192
2025-12-20 07:00:00,535.18097
2025-12-20 08:00:00,682.4182
2025-12-20 09:00:00,742.66486
2025-12-20 10:00:00,637.5531
2025-12-20 11:00:00,353.36703
2025-12-20 12:00:00,64.62265
2025-12-20 13:00:00,56.16898
2025-12-20 14:00:00,61.845596
2025-12-20 15:00:00,67.091774
2025-12-20 16:00:00,71.05303
2025-12-20 17:00:00,70.20354
2025-12-20 18:00:00,68.132454
2025-12-20 19:00:00,62.683647
2025-12-20 20:00:00,57.87535
2025-12-20 21:00:00,56.100433
2025-12-20 22:00:00,57.17711
2025-12-20 23:00:00,62.15173
2025-12-21 00:00:00,69.47969
2025-12-21 01:00:00,82.011185
2025-12-21 02:00:00,95.33982
2025-12-21 03:00:00,113.47694
2025-12-21 04:00:00,133.20052
2025-12-21 05:00:00,170.43341
2025-12-21 06:00:00,251.94258
2025-12-21 07:00:00,333.67688
2025-12-21 08:00:00,408.35187
2025-12-21 09:00:00,454.5868
2025-12-21 10:00:00,422.0031
2025-12-21 11:00:00,372.62152
2025-12-21 12:00:00,75.95617
2025-12-21 13:00:00,43.659386
2025-12-21 14:00:00,37.82797
2025-12-21 15:00:00,36.87798
2025-12-21 16:00:00,38.060947
2025-12-21 17:00:00,39.037384
2025-12-21 18:00:00,40.066887
2025-12-21 19:00:00,42.437866
2025-12-21 20:00:00,43.94082
2025-12-21 21:00:00,42.89179
2025-12-21 22:00:00,47.017643
2025-12-21 23:00:00,58.42507
2025-12-22 00:00:00,79.00194
2025-12-22 01:00:00,88.116394
2025-12-22 02:00:00,80.498535
2025-12-22 03:00:00,77.185745
2025-12-22 04:00:00,84.67753
2025-12-22 05:00:00,127.82428
2025-12-22 06:00:00,251.90297
2025-12-22 07:00:00,324.32837
2025-12-22 08:00:00,380.4577
2025-12-22 09:00:00,423.6617
2025-12-22 10:00:00,408.77344
2025-12-22 11:00:00,320.49725
2025-12-22 12:00:00,23.551485
2025-12-22 13:00:00,19.48183
2025-12-22 14:00:00,18.646248
2025-12-22 15:00:00,17.795221
2025-12-22 16:00:00,17.43717
2025-12-22 17:00:00,17.348951
2025-12-22 18:00:00,18.357023
2025-12-22 19:00:00,21.29887
2025-12-22 20:00:00,24.815508
2025-12-22 21:00:00,30.27361
2025-12-22 22:00:00,33.625164
2025-12-22 23:00:00,43.747692
2025-12-23 00:00:00,52.751835
2025-12-23 01:00:00,63.3732
2025-12-23 02:00:00,75.50483
2025-12-23 03:00:00,116.56181
2025-12-23 04:00:00,193.95792
2025-12-23 05:00:00,305.87195
2025-12-23 06:00:00,448.98755
2025-12-23 07:00:00,592.3059
2025-12-23 08:00:00,707.2238
2025-12-23 09:00:00,775.0946
2025-12-23 10:00:00,747.3681
2025-12-23 11:00:00,699.24243
2025-12-23 12:00:00,238.95415
2025-12-23 13:00:00,178.69205
2025-12-23 14:00:00,176.95279
2025-12-23 15:00:00,170.54309
2025-12-23 16:00:00,165.23
2025-12-23 17:00:00,158.5147
2025-12-23 18:00:00,159.59554
2025-12-23 19:00:00,169.83191
2025-12-23 20:00:00,180.291
2025-12-23 21:00:00,184.90773
2025-12-23 22:00:00,214.30225
2025-12-23 23:00:00,211.1541
2025-12-24 00:00:00,203.29031
2025-12-24 01:00:00,200.62654
2025-12-24 02:00:00,198.27434
2025-12-24 03:00:00,245.21513
2025-12-24 04:00:00,322.32843
2025-12-24 05:00:00,434.49216
2025-12-24 06:00:00,610.7788
2025-12-24 07:00:00,848.2325
2025-12-24 08:00:00,1002.842
2025-12-24 09:00:00,1061.3138
2025-12-24 10:00:00,1055.2566
2025-12-24 11:00:00,967.76227
2025-12-24 12:00:00,127.81274
2025-12-24 13:00:00,69.03064
2025-12-24 14:00:00,55.798725
2025-12-24 15:00:00,46.667747
2025-12-24 16:00:00,43.752686
2025-12-24 17:00:00,47.941917
2025-12-24 18:00:00,53.777977
2025-12-24 19:00:00,58.825573
2025-12-24 20:00:00,58.92599
2025-12-24 21:00:00,58.21543
2025-12-24 22:00:00,59.88886
2025-12-24 23:00:00,63.136093
2025-12-25 00:00:00,67.374054
2025-12-25 01:00:00,68.76252
2025-12-25 02:00:00,61.512394
2025-12-25 03:00:00,85.578575
2025-12-25 04:00:00,144.73073
2025-12-25 05:00:00,250.40764
2025-12-25 06:00:00,467.7159
2025-12-25 07:00:00,742.5025
2025-12-25 08:00:00,911.924
2025-12-25 09:00:00,987.6054
2025-12-25 10:00:00,1006.9359
2025-12-25 11:00:00,699.3092
2025-12-25 12:00:00,29.515982
2025-12-25 13:00:00,15.749167
2025-12-25 14:00:00,12.37514
2025-12-25 15:00:00,11.589531
2025-12-25 16:00:00,11.858071
2025-12-25 17:00:00,12.410802
2025-12-25 18:00:00,13.645657
2025-12-25 19:00:00,14.901502
2025-12-25 20:00:00,15.596173
2025-12-25 21:00:00,16.2833
2025-12-25 22:00:00,21.834986
2025-12-25 23:00:00,25.063501
2025-12-26 00:00:00,25.647911
2025-12-26 01:00:00,21.748451
2025-12-26 02:00:00,18.213537
2025-12-26 03:00:00,29.58399
2025-12-26 04:00:00,68.7461
2025-12-26 05:00:00,171.7369
2025-12-26 06:00:00,427.1535
2025-12-26 07:00:00,754.67664
2025-12-26 08:00:00,915.53033
2025-12-26 09:00:00,1002.2569
2025-12-26 10:00:00,954.40607
2025-12-26 11:00:00,540.15405
2025-12-26 12:00:00,45.759155
2025-12-26 13:00:00,22.3133
2025-12-26 14:00:00,20.038576
2025-12-26 15:00:00,21.004335
2025-12-26 16:00:00,24.073172
2025-12-26 17:00:00,28.618414
2025-12-26 18:00:00,31.298637
2025-12-26 19:00:00,31.920795
2025-12-26 20:00:00,30.887999
2025-12-26 21:00:00,31.933393
2025-12-26 22:00:00,31.932991
2025-12-26 23:00:00,34.52957
2025-12-27 00:00:00,38.410282
2025-12-27 01:00:00,42.08465
2025-12-27 02:00:00,46.18883
2025-12-27 03:00:00,70.776344
2025-12-27 04:00:00,139.10005
2025-12-27 05:00:00,322.09113
2025-12-27 06:00:00,543.07275
2025-12-27 07:00:00,667.8164
2025-12-27 08:00:00,751.21893
2025-12-27 09:00:00,798.00446
2025-12-27 10:00:00,789.88727
2025-12-27 11:00:00,618.46857
2025-12-27 12:00:00,54.740543
2025-12-27 13:00:00,29.364601
2025-12-27 14:00:00,24.492266
2025-12-27 15:00:00,23.55733
2025-12-27 16:00:00,22.000633
2025-12-27 17:00:00,22.383682
2025-12-27 18:00:00,23.155159
2025-12-27 19:00:00,25.066221
2025-12-27 20:00:00,26.374052
2025-12-27 21:00:00,27.439491
2025-12-27 22:00:00,31.531929
2025-12-27 23:00:00,33.413017
2025-12-28 00:00:00,33.16428
2025-12-28 01:00:00,33.99486
2025-12-28 02:00:00,36.59053
2025-12-28 03:00:00,49.135777
2025-12-28 04:00:00,81.28169
2025-12-28 05:00:00,163.37062
2025-12-28 06:00:00,386.32327
2025-12-28 07:00:00,550.2635
2025-12-28 08:00:00,638.26556
2025-12-28 09:00:00,699.65063
2025-12-28 10:00:00,720.87805
2025-12-28 11:00:00,647.2514
2025-12-28 12:00:00,45.2964
2025-12-28 13:00:00,27.476568
2025-12-28 14:00:00,24.477226
2025-12-28 15:00:00,25.58484
2025-12-28 16:00:00,27.390827
2025-12-28 17:00:00,24.704601
2025-12-28 18:00:00,18.874994
2025-12-28 19:00:00,14.768689
2025-12-28 20:00:00,14.315216
2025-12-28 21:00:00,14.698738
2025-12-28 22:00:00,17.046013
2025-12-28 23:00:00,23.013159
2025-12-29 00:00:00,30.354101
2025-12-29 01:00:00,31.982536
2025-12-29 02:00:00,35.096996
2025-12-29 03:00:00,46.6901
2025-12-29 04:00:00,65.74831
2025-12-29 05:00:00,132.96997
2025-12-29 06:00:00,300.38452
2025-12-29 07:00:00,482.1534
2025-12-29 08:00:00,607.91656
2025-12-29 09:00:00,684.444
2025-12-29 10:00:00,639.20746
2025-12-29 11:00:00,543.1196
2025-12-29 12:00:00,39.17991
2025-12-29 13:00:00,25.4819
2025-12-29 14:00:00,26.080023
2025-12-29 15:00:00,23.045166
2025-12-29 16:00:00,21.74813
2025-12-29 17:00:00,20.025293
2025-12-29 18:00:00,18.156597
2025-12-29 19:00:00,15.542672
2025-12-29 20:00:00,15.074222
2025-12-29 21:00:00,15.984511
2025-12-29 22:00:00,15.374037
2025-12-29 23:00:00,15.709442
2025-12-30 00:00:00,20.900198
2025-12-30 01:00:00,26.992247
2025-12-30 02:00:00,31.63624
2025-12-30 03:00:00,47.000023
2025-12-30 04:00:00,55.711967
2025-12-30 05:00:00,115.02856
2025-12-30 06:00:00,259.90985
2025-12-30 07:00:00,438.9658
2025-12-30 08:00:00,557.3783
2025-12-30 09:00:00,632.54407
2025-12-30 10:00:00,648.81146
2025-12-30 11:00:00,591.34827
2025-12-30 12:00:00,52.594837
2025-12-30 13:00:00,25.861748
2025-12-30 14:00:00,21.233086
2025-12-30 15:00:00,20.113829
2025-12-30 16:00:00,18.524263
2025-12-30 17:00:00,15.884085
2025-12-30 18:00:00,14.742136
2025-12-30 19:00:00,17.854294
2025-12-30 20:00:00,21.933182
2025-12-30 21:00:00,26.037067
2025-12-30 22:00:00,32.896873
2025-12-30 23:00:00,31.381472
2025-12-31 00:00:00,36.578033
2025-12-31 01:00:00,46.96664
2025-12-31 02:00:00,65.74859
2025-12-31 03:00:00,99.29837
2025-12-31 04:00:00,149.61774
2025-12-31 05:00:00,221.43623
2025-12-31 06:00:00,338.84418
2025-12-31 07:00:00,485.75867
2025-12-31 08:00:00,633.16656
2025-12-31 09:00:00,747.3884
2025-12-31 10:00:00,657.78375
2025-12-31 11:00:00,570.06616
2025-12-31 12:00:00,163.13643
2025-12-31 13:00:00,135.79239
2025-12-31 14:00:00,156.54266
2025-12-31 15:00:00,183.57591
2025-12-31 16:00:00,203.14609
2025-12-31 17:00:00,215.54393
2025-12-31 18:00:00,216.06729
2025-12-31 19:00:00,207.1702
2025-12-31 20:00:00,193.22348
2025-12-31 21:00:00,174.23982
2025-12-31 22:00:00,100.32105
2025-12-31 23:00:00,136.31633
2026-01-01 00:00:00,172.44888
2026-01-01 01:00:00,199.65863
2026-01-01 02:00:00,221.07379
2026-01-01 03:00:00,242.74475
2026-01-01 04:00:00,271.9427
2026-01-01 05:00:00,355.60413
2026-01-01 06:00:00,430.64954
2026-01-01 07:00:00,547.23364
2026-01-01 08:00:00,651.49097
2026-01-01 09:00:00,687.6671
2026-01-01 10:00:00,467.4672
2026-01-01 11:00:00,282.26
2026-01-01 12:00:00,98.59311
2026-01-01 13:00:00,70.57372
2026-01-01 14:00:00,72.85089
2026-01-01 15:00:00,65.56025
2026-01-01 16:00:00,72.38776
2026-01-01 17:00:00,78.40943
2026-01-01 18:00:00,96.077034
2026-01-01 19:00:00,130.84158
2026-01-01 20:00:00,159.1237
2026-01-01 21:00:00,170.50816
2026-01-01 22:00:00,193.02373
2026-01-01 23:00:00,208.51274
2026-01-02 00:00:00,192.96477
2026-01-02 01:00:00,125.14087
2026-01-02 02:00:00,94.87217
2026-01-02 03:00:00,176.12938
2026-01-02 04:00:00,371.42175
2026-01-02 05:00:00,607.5129
2026-01-02 06:00:00,829.6866
2026-01-02 07:00:00,1004.83
2026-01-02 08:00:00,1164.2197
2026-01-02 09:00:00,1238.0388
2026-01-02 10:00:00,986.21313
2026-01-02 11:00:00,865.65393
2026-01-02 12:00:00,229.85847
2026-01-02 13:00:00,102.550026
2026-01-02 14:00:00,71.85883
2026-01-02 15:00:00,60.077206
2026-01-02 16:00:00,53.187454
2026-01-02 17:00:00,43.762905
2026-01-02 18:00:00,39.997227
2026-01-02 19:00:00,39.425823
2026-01-02 20:00:00,40.481205
2026-01-02 21:00:00,42.093407
2026-01-02 22:00:00,47.154243
2026-01-02 23:00:00,50.741974
2026-01-03 00:00:00,62.097775
2026-01-03 01:00:00,65.400406
2026-01-03 02:00:00,73.487434
2026-01-03 03:00:00,116.09746
2026-01-03 04:00:00,226.06248
2026-01-03 05:00:00,849.7894
2026-01-03 06:00:00,922.21295
2026-01-03 07:00:00,959.4897
2026-01-03 08:00:00,1039.3871
2026-01-03 09:00:00,1099.98
2026-01-03 10:00:00,1110.1172
2026-01-03 11:00:00,1092.0687
2026-01-03 12:00:00,96.8992
2026-01-03 13:00:00,48.89969
2026-01-03 14:00:00,40.333076
2026-01-03 15:00:00,32.80635
2026-01-03 16:00:00,29.658375
2026-01-03 17:00:00,26.587547
2026-01-03 18:00:00,23.88022
2026-01-03 19:00:00,23.52247
2026-01-03 20:00:00,27.698704
2026-01-03 21:00:00,30.232475
2026-01-03 22:00:00,38.574837
2026-01-03 23:00:00,44.46162
2026-01-04 00:00:00,48.104515
2026-01-04 01:00:00,55.419956
2026-01-04 02:00:00,61.35324
2026-01-04 03:00:00,97.76377
2026-01-04 04:00:00,232.521
2026-01-04 05:00:00,885.1092
2026-01-04 06:00:00,1072.172
2026-01-04 07:00:00,1102.1312
2026-01-04 08:00:00,1204.7083
2026-01-04 09:00:00,1181.0665
2026-01-04 10:00:00,989.9197
2026-01-04 11:00:00,961.96594
2026-01-04 12:00:00,66.48584
2026-01-04 13:00:00,35.0587
2026-01-04 14:00:00,32.428143
2026-01-04 15:00:00,36.52788
2026-01-04 16:00:00,37.032463
2026-01-04 17:00:00,40.962635
2026-01-04 18:00:00,43.65871
2026-01-04 19:00:00,46.746773
2026-01-04 20:00:00,48.86046
2026-01-04 21:00:00,50.36702
2026-01-04 22:00:00,65.71761
2026-01-04 23:00:00,65.855865
2026-01-05 00:00:00,65.510345
2026-01-05 01:00:00,57.57397
2026-01-05 02:00:00,50.978065
2026-01-05 03:00:00,77.556305
2026-01-05 04:00:00,153.70667
2026-01-05 05:00:00,342.0579
2026-01-05 06:00:00,635.49835
2026-01-05 07:00:00,812.265
2026-01-05 08:00:00,882.2059
2026-01-05 09:00:00,929.9997
2026-01-05 10:00:00,675.4219
2026-01-05 11:00:00,651.9423
2026-01-05 12:00:00,96.588135
2026-01-05 13:00:00,52.921
2026-01-05 14:00:00,53.73552
2026-01-05 15:00:00,56.38703
2026-01-05 16:00:00,58.54103
2026-01-05 17:00:00,59.87828
2026-01-05 18:00:00,65.26402
2026-01-05 19:00:00,66.36698
2026-01-05 20:00:00,67.65547
2026-01-05 21:00:00,67.42558
2026-01-05 22:00:00,56.174416
2026-01-05 23:00:00,66.76144
2026-01-06 00:00:00,70.93851
2026-01-06 01:00:00,70.341095
2026-01-06 02:00:00,65.2361
2026-01-06 03:00:00,95.82697
2026-01-06 04:00:00,166.76317
2026-01-06 05:00:00,312.78778
2026-01-06 06:00:00,458.39578
2026-01-06 07:00:00,593.7141
2026-01-06 08:00:00,701.0332
2026-01-06 09:00:00,750.40295
2026-01-06 10:00:00,694.83923
2026-01-06 11:00:00,651.6029
2026-01-06 12:00:00,141.23758
2026-01-06 13:00:00,68.5602
2026-01-06 14:00:00,59.62245
2026-01-06 15:00:00,58.57999
2026-01-06 16:00:00,58.940865
2026-01-06 17:00:00,57.173233
2026-01-06 18:00:00,54.336655
2026-01-06 19:00:00,52.904404
2026-01-06 20:00:00,52.785534
2026-01-06 21:00:00,55.389057
2026-01-06 22:00:00,49.779343
2026-01-06 23:00:00,57.376244
2026-01-07 00:00:00,60.53076
2026-01-07 01:00:00,59.041996
2026-01-07 02:00:00,58.152725
2026-01-07 03:00:00,95.32861
2026-01-07 04:00:00,160.93959
2026-01-07 05:00:00,350.60507
2026-01-07 06:00:00,510.3943
2026-01-07 07:00:00,597.9624
2026-01-07 08:00:00,678.62274
2026-01-07 09:00:00,741.88745
2026-01-07 10:00:00,637.8044
2026-01-07 11:00:00,621.502
2026-01-07 12:00:00,134.7608
2026-01-07 13:00:00,66.450134
2026-01-07 14:00:00,55.30421
2026-01-07 15:00:00,51.20152
2026-01-07 16:00:00,49.90815
2026-01-07 17:00:00,50.19495
2026-01-07 18:00:00,54.81312
2026-01-07 19:00:00,63.928883
2026-01-07 20:00:00,73.94544
2026-01-07 21:00:00,77.92068
2026-01-07 22:00:00,66.58865
2026-01-07 23:00:00,61.0384
2026-01-08 00:00:00,73.602196
2026-01-08 01:00:00,91.32384
2026-01-08 02:00:00,104.866425
2026-01-08 03:00:00,117.4233
2026-01-08 04:00:00,117.661934
2026-01-08 05:00:00,154.07925
2026-01-08 06:00:00,273.89526
2026-01-08 07:00:00,335.37762
2026-01-08 08:00:00,391.659
2026-01-08 09:00:00,453.61945
2026-01-08 10:00:00,478.13153
2026-01-08 11:00:00,465.692
2026-01-08 12:00:00,60.66268
2026-01-08 13:00:00,31.100164
2026-01-08 14:00:00,28.208113
2026-01-08 15:00:00,27.289423
2026-01-08 16:00:00,28.403784
2026-01-08 17:00:00,30.362967
2026-01-08 18:00:00,33.70224
2026-01-08 19:00:00,37.802773
2026-01-08 20:00:00,44.348633
2026-01-08 21:00:00,50.26749
2026-01-08 22:00:00,57.653385
2026-01-08 23:00:00,59.439354
2026-01-09 00:00:00,61.14839
2026-01-09 01:00:00,69.552414
2026-01-09 02:00:00,70.84498
2026-01-09 03:00:00,80.985886
2026-01-09 04:00:00,105.257675
2026-01-09 05:00:00,170.05115
2026-01-09 06:00:00,272.22736
2026-01-09 07:00:00,371.19373
2026-01-09 08:00:00,467.20126
2026-01-09 09:00:00,552.5487
2026-01-09 10:00:00,584.2156
2026-01-09 11:00:00,539.6409
2026-01-09 12:00:00,81.16131
2026-01-09 13:00:00,57.054672
2026-01-09 14:00:00,59.60311
2026-01-09 15:00:00,64.44954
2026-01-09 16:00:00,62.997177
2026-01-09 17:00:00,61.429146
2026-01-09 18:00:00,67.1007
2026-01-09 19:00:00,72.32196
2026-01-09 20:00:00,79.413414
2026-01-09 21:00:00,82.50313
2026-01-09 22:00:00,81.29468
2026-01-09 23:00:00,80.49915
2026-01-10 00:00:00,77.55665
2026-01-10 01:00:00,71.54235
2026-01-10 02:00:00,71.29892
2026-01-10 03:00:00,106.80252
2026-01-10 04:00:00,161.7871
2026-01-10 05:00:00,230.14449
2026-01-10 06:00:00,337.79022
2026-01-10 07:00:00,477.65775
2026-01-10 08:00:00,619.5255
2026-01-10 09:00:00,741.1696
2026-01-10 10:00:00,684.72534
2026-01-10 11:00:00,658.4723
2026-01-10 12:00:00,164.64256
2026-01-10 13:00:00,102.27728
2026-01-10 14:00:00,107.61826
2026-01-10 15:00:00,112.376495
2026-01-10 16:00:00,112.3418
2026-01-10 17:00:00,106.52244
2026-01-10 18:00:00,96.908516
2026-01-10 19:00:00,93.362366
2026-01-10 20:00:00,90.64046
2026-01-10 21:00:00,95.13036
2026-01-10 22:00:00,94.27526
2026-01-10 23:00:00,103.191574
2026-01-11 00:00:00,107.4788
2026-01-11 01:00:00,105.1069
2026-01-11 02:00:00,98.32302
2026-01-11 03:00:00,136.19698
2026-01-11 04:00:00,196.27908
2026-01-11 05:00:00,269.44165
2026-01-11 06:00:00,392.7866
2026-01-11 07:00:00,604.35706
2026-01-11 08:00:00,727.7
2026-01-11 09:00:00,760.6891
2026-01-11 10:00:00,710.04407
2026-01-11 11:00:00,654.0472
2026-01-11 12:00:00,172.59052
2026-01-11 13:00:00,92.946396
2026-01-11 14:00:00,92.514725
2026-01-11 15:00:00,98.26224
2026-01-11 16:00:00,103.12201
2026-01-11 17:00:00,105.94897
2026-01-11 18:00:00,108.77061
2026-01-11 19:00:00,112.2482
2026-01-11 20:00:00,113.20453
2026-01-11 21:00:00,112.673485
2026-01-11 22:00:00,96.22509
2026-01-11 23:00:00,80.2833
2026-01-12 00:00:00,64.29872
2026-01-12 01:00:00,50.977936
2026-01-12 02:00:00,44.250244
2026-01-12 03:00:00,73.50789
2026-01-12 04:00:00,149.08348
2026-01-12 05:00:00,261.83322
2026-01-12 06:00:00,393.74634
2026-01-12 07:00:00,523.2641
2026-01-12 08:00:00,656.7545
2026-01-12 09:00:00,756.31915
2026-01-12 10:00:00,783.3162
2026-01-12 11:00:00,706.58844
2026-01-12 12:00:00,75.21995
2026-01-12 13:00:00,43.990185
2026-01-12 14:00:00,39.672302
2026-01-12 15:00:00,36.265396
2026-01-12 16:00:00,31.041702
2026-01-12 17:00:00,25.941622
2026-01-12 18:00:00,22.578115
2026-01-12 19:00:00,22.234818
2026-01-12 20:00:00,21.819878
2026-01-12 21:00:00,21.381355
2026-01-12 22:00:00,20.126856
2026-01-12 23:00:00,19.98884
2026-01-13 00:00:00,24.059282
2026-01-13 01:00:00,27.474926
2026-01-13 02:00:00,25.879766
2026-01-13 03:00:00,36.31742
2026-01-13 04:00:00,85.5163
2026-01-13 05:00:00,220.80878
2026-01-13 06:00:00,365.76883
2026-01-13 07:00:00,560.6426
2026-01-13 08:00:00,782.19366
2026-01-13 09:00:00,879.4771
2026-01-13 10:00:00,877.0549
2026-01-13 11:00:00,791.6817
2026-01-13 12:00:00,159.197
2026-01-13 13:00:00,76.58741
2026-01-13 14:00:00,66.197975
2026-01-13 15:00:00,63.624622
2026-01-13 16:00:00,59.326435
2026-01-13 17:00:00,53.915337
2026-01-13 18:00:00,50.49676
2026-01-13 19:00:00,51.140167
2026-01-13 20:00:00,54.863365
2026-01-13 21:00:00,62.48059
2026-01-13 22:00:00,59.43782
2026-01-13 23:00:00,71.318924
2026-01-14 00:00:00,87.97024
2026-01-14 01:00:00,96.3274
2026-01-14 02:00:00,99.252884
2026-01-14 03:00:00,138.13304
2026-01-14 04:00:00,197.80673
2026-01-14 05:00:00,290.47226
2026-01-14 06:00:00,410.00867
2026-01-14 07:00:00,523.12036
2026-01-14 08:00:00,618.56696
2026-01-14 09:00:00,683.4292
2026-01-14 10:00:00,691.7443
2026-01-14 11:00:00,645.79614
2026-01-14 12:00:00,129.4149
2026-01-14 13:00:00,57.744274
2026-01-14 14:00:00,45.549316
2026-01-14 15:00:00,40.88972
2026-01-14 16:00:00,40.381973
2026-01-14 17:00:00,42.304165
2026-01-14 18:00:00,39.946335
2026-01-14 19:00:00,37.537052
2026-01-14 20:00:00,35.585907
2026-01-14 21:00:00,35.98176
2026-01-14 22:00:00,32.470417
2026-01-14 23:00:00,35.90009
2026-01-15 00:00:00,56.43918
2026-01-15 01:00:00,77.6615
2026-01-15 02:00:00,96.07052
2026-01-15 03:00:00,116.20712
2026-01-15 04:00:00,143.13907
2026-01-15 05:00:00,183.93301
2026-01-15 06:00:00,274.96054
2026-01-15 07:00:00,388.08603
2026-01-15 08:00:00,479.47842
2026-01-15 09:00:00,532.43134
2026-01-15 10:00:00,536.5392
2026-01-15 11:00:00,509.75995
2026-01-15 12:00:00,152.37097
2026-01-15 13:00:00,63.839752
2026-01-15 14:00:00,56.112118
2026-01-15 15:00:00,55.288803
2026-01-15 16:00:00,55.84052
2026-01-15 17:00:00,56.17943
2026-01-15 18:00:00,56.966167
2026-01-15 19:00:00,56.95822
2026-01-15 20:00:00,56.929985
2026-01-15 21:00:00,58.679947
2026-01-15 22:00:00,46.53118
2026-01-15 23:00:00,45.765804
2026-01-16 00:00:00,42.774292
2026-01-16 01:00:00,40.5697
2026-01-16 02:00:00,45.535397
2026-01-16 03:00:00,74.810585
2026-01-16 04:00:00,126.4761
2026-01-16 05:00:00,212.42871
2026-01-16 06:00:00,326.4957
2026-01-16 07:00:00,441.53152
2026-01-16 08:00:00,537.65753
2026-01-16 09:00:00,588.0393
2026-01-16 10:00:00,577.7779
2026-01-16 11:00:00,408.17288
2026-01-16 12:00:00,61.020844
2026-01-16 13:00:00,26.28733
2026-01-16 14:00:00,20.884449
2026-01-16 15:00:00,20.25049
2026-01-16 16:00:00,20.33855
2026-01-16 17:00:00,20.016129
2026-01-16 18:00:00,20.394812
2026-01-16 19:00:00,19.980404
2026-01-16 20:00:00,20.434921
2026-01-16 21:00:00,20.494682
2026-01-16 22:00:00,20.523012
2026-01-16 23:00:00,20.165092
2026-01-17 00:00:00,21.053015
2026-01-17 01:00:00,24.146538
2026-01-17 02:00:00,22.866169
2026-01-17 03:00:00,29.489147
2026-01-17 04:00:00,59.487717
2026-01-17 05:00:00,125.01163
2026-01-17 06:00:00,233.53741
2026-01-17 07:00:00,354.495
2026-01-17 08:00:00,466.48282
2026-01-17 09:00:00,555.22656
2026-01-17 10:00:00,601.63525
2026-01-17 11:00:00,266.62744
2026-01-17 12:00:00,68.94121
2026-01-17 13:00:00,46.10508
2026-01-17 14:00:00,43.93407
2026-01-17 15:00:00,40.696762
2026-01-17 16:00:00,36.841274
2026-01-17 17:00:00,33.098846
2026-01-17 18:00:00,30.430786
2026-01-17 19:00:00,28.702553
2026-01-17 20:00:00,27.41502
2026-01-17 21:00:00,25.12709
2026-01-17 22:00:00,24.241606
2026-01-17 23:00:00,22.429842
2026-01-18 00:00:00,22.115757
2026-01-18 01:00:00,23.888012
2026-01-18 02:00:00,24.528969
2026-01-18 03:00:00,42.887264
2026-01-18 04:00:00,87.74947
2026-01-18 05:00:00,187.08209
2026-01-18 06:00:00,330.53296
2026-01-18 07:00:00,505.13028
2026-01-18 08:00:00,665.6206
2026-01-18 09:00:00,780.64984
2026-01-18 10:00:00,819.28314
2026-01-18 11:00:00,710.25507
2026-01-18 12:00:00,103.41791
2026-01-18 13:00:00,58.409134
2026-01-18 14:00:00,55.1902
2026-01-18 15:00:00,55.529667
2026-01-18 16:00:00,55.945328
2026-01-18 17:00:00,61.48503
2026-01-18 18:00:00,61.082836
2026-01-18 19:00:00,56.924652
2026-01-18 20:00:00,56.427807
2026-01-18 21:00:00,53.33732
2026-01-18 22:00:00,43.896088
2026-01-18 23:00:00,42.248
2026-01-19 00:00:00,36.191
2026-01-19 01:00:00,31.777306
2026-01-19 02:00:00,27.950111
2026-01-19 03:00:00,37.898636
2026-01-19 04:00:00,84.29414
2026-01-19 05:00:00,179.0658
2026-01-19 06:00:00,357.6609
2026-01-19 07:00:00,523.58386
2026-01-19 08:00:00,691.2209
2026-01-19 09:00:00,812.8928
2026-01-19 10:00:00,808.9854
2026-01-19 11:00:00,673.73883
2026-01-19 12:00:00,70.51302
2026-01-19 13:00:00,35.120018
2026-01-19 14:00:00,28.852371
2026-01-19 15:00:00,26.890373
2026-01-19 16:00:00,27.381783
2026-01-19 17:00:00,28.112757
2026-01-19 18:00:00,28.442032
2026-01-19 19:00:00,29.255232
2026-01-19 20:00:00,30.911768
2026-01-19 21:00:00,34.929996
2026-01-19 22:00:00,43.905277
2026-01-19 23:00:00,44.62419
2026-01-20 00:00:00,45.126328
2026-01-20 01:00:00,44.691166
2026-01-20 02:00:00,44.74392
2026-01-20 03:00:00,63.567528
2026-01-20 04:00:00,118.20016
2026-01-20 05:00:00,238.10005
2026-01-20 06:00:00,492.62057
2026-01-20 07:00:00,762.1701
2026-01-20 08:00:00,1117.8826
2026-01-20 09:00:00,1292.461
2026-01-20 10:00:00,1311.5988
2026-01-20 11:00:00,1033.1028
2026-01-20 12:00:00,92.617676
2026-01-20 13:00:00,48.96348
2026-01-20 14:00:00,43.295578
2026-01-20 15:00:00,43.741943
2026-01-20 16:00:00,48.18254
2026-01-20 17:00:00,53.626034
2026-01-20 18:00:00,55.963135
2026-01-20 19:00:00,53.16628
2026-01-20 20:00:00,49.55417
2026-01-20 21:00:00,47.322388
2026-01-20 22:00:00,40.753666
2026-01-20 23:00:00,38.321026
2026-01-21 00:00:00,37.503418
2026-01-21 01:00:00,33.940628
2026-01-21 02:00:00,33.085453
2026-01-21 03:00:00,53.903976
2026-01-21 04:00:00,116.90141
2026-01-21 05:00:00,215.52457
2026-01-21 06:00:00,477.14523
2026-01-21 07:00:00,828.76373
2026-01-21 08:00:00,1073.6768
2026-01-21 09:00:00,1165.1644
2026-01-21 10:00:00,1094.3721
2026-01-21 11:00:00,1017.1166
2026-01-21 12:00:00,84.53621
2026-01-21 13:00:00,40.158222
2026-01-21 14:00:00,36.405552
2026-01-21 15:00:00,38.701042
2026-01-21 16:00:00,40.902523
2026-01-21 17:00:00,39.994267
2026-01-21 18:00:00,35.183613
2026-01-21 19:00:00,30.147627
2026-01-21 20:00:00,26.731297
2026-01-21 21:00:00,25.304188
2026-01-21 22:00:00,24.14529
2026-01-21 23:00:00,22.97435
2026-01-22 00:00:00,21.762867
2026-01-22 01:00:00,19.174217
2026-01-22 02:00:00,17.725101
2026-01-22 03:00:00,27.270195
2026-01-22 04:00:00,90.05414
2026-01-22 05:00:00,222.86293
2026-01-22 06:00:00,422.86618
2026-01-22 07:00:00,575.6408
2026-01-22 08:00:00,663.38916
2026-01-22 09:00:00,720.5642
2026-01-22 10:00:00,697.3003
2026-01-22 11:00:00,664.0784
2026-01-22 12:00:00,176.5274
2026-01-22 13:00:00,123.37077
2026-01-22 14:00:00,147.63148
2026-01-22 15:00:00,192.68277
2026-01-22 16:00:00,250.04198
2026-01-22 17:00:00,280.91653
2026-01-22 18:00:00,318.87625
2026-01-22 19:00:00,340.6126
2026-01-22 20:00:00,343.37833
2026-01-22 21:00:00,353.94196
2026-01-22 22:00:00,400.06946
2026-01-22 23:00:00,405.38293
2026-01-23 00:00:00,393.4037
2026-01-23 01:00:00,379.70956
2026-01-23 02:00:00,382.21277
2026-01-23 03:00:00,405.9135
2026-01-23 04:00:00,432.37094
2026-01-23 05:00:00,530.24396
2026-01-23 06:00:00,633.418
2026-01-23 07:00:00,719.7134
2026-01-23 08:00:00,803.327
2026-01-23 09:00:00,813.4344
2026-01-23 10:00:00,566.2025
2026-01-23 11:00:00,510.3764
2026-01-23 12:00:00,333.89755
2026-01-23 13:00:00,234.15944
2026-01-23 14:00:00,215.87286
2026-01-23 15:00:00,165.88153
2026-01-23 16:00:00,125.02047
2026-01-23 17:00:00,113.28367
2026-01-23 18:00:00,137.6365
2026-01-23 19:00:00,175.33403
2026-01-23 20:00:00,209.33696
2026-01-23 21:00:00,233.8384
2026-01-23 22:00:00,165.6074
2026-01-23 23:00:00,178.81938
2026-01-24 00:00:00,189.95229
2026-01-24 01:00:00,182.64473
2026-01-24 02:00:00,188.34264
2026-01-24 03:00:00,233.77568
2026-01-24 04:00:00,311.01843
2026-01-24 05:00:00,399.72205
2026-01-24 06:00:00,504.35352
2026-01-24 07:00:00,577.98016
2026-01-24 08:00:00,655.11456
2026-01-24 09:00:00,704.77325
2026-01-24 10:00:00,577.19476
2026-01-24 11:00:00,548.07983
2026-01-24 12:00:00,354.01422
2026-01-24 13:00:00,252.85806
2026-01-24 14:00:00,244.61467
2026-01-24 15:00:00,226.03336
2026-01-24 16:00:00,216.1149
2026-01-24 17:00:00,213.79688
2026-01-24 18:00:00,214.20854
2026-01-24 19:00:00,204.79666
2026-01-24 20:00:00,185.34224
2026-01-24 21:00:00,157.12857
2026-01-24 22:00:00,140.20345
2026-01-24 23:00:00,131.81221
2026-01-25 00:00:00,119.79078
2026-01-25 01:00:00,108.59133
2026-01-25 02:00:00,117.6155
2026-01-25 03:00:00,166.23828
2026-01-25 04:00:00,238.20564
2026-01-25 05:00:00,329.99707
2026-01-25 06:00:00,446.53003
2026-01-25 07:00:00,570.7421
2026-01-25 08:00:00,679.3307
2026-01-25 09:00:00,749.3205
2026-01-25 10:00:00,753.2646
2026-01-25 11:00:00,734.21606
2026-01-25 12:00:00,132.29742
2026-01-25 13:00:00,53.215054
2026-01-25 14:00:00,45.32332
2026-01-25 15:00:00,40.970062
2026-01-25 16:00:00,37.62054
2026-01-25 17:00:00,39.76295
2026-01-25 18:00:00,38.176807
2026-01-25 19:00:00,32.88033
2026-01-25 20:00:00,26.93988
2026-01-25 21:00:00,25.779613
2026-01-25 22:00:00,33.715637
2026-01-25 23:00:00,35.04271
2026-01-26 00:00:00,33.432663
2026-01-26 01:00:00,34.665207
2026-01-26 02:00:00,35.034126
2026-01-26 03:00:00,50.97626
2026-01-26 04:00:00,113.33039
2026-01-26 05:00:00,291.90564
2026-01-26 06:00:00,492.59863
2026-01-26 07:00:00,606.82025
2026-01-26 08:00:00,686.654
2026-01-26 09:00:00,752.2558
2026-01-26 10:00:00,747.593
2026-01-26 11:00:00,636.1076
2026-01-26 12:00:00,84.80744
2026-01-26 13:00:00,36.522038
2026-01-26 14:00:00,30.012922
2026-01-26 15:00:00,23.752483
2026-01-26 16:00:00,18.893478
2026-01-26 17:00:00,23.644602
2026-01-26 18:00:00,25.220802
2026-01-26 19:00:00,26.369934
2026-01-26 20:00:00,31.057533
2026-01-26 21:00:00,36.70178
2026-01-26 22:00:00,60.456017
2026-01-26 23:00:00,74.154495
2026-01-27 00:00:00,83.914696
2026-01-27 01:00:00,87.82509
2026-01-27 02:00:00,98.880974
2026-01-27 03:00:00,154.51936
2026-01-27 04:00:00,253.24861
2026-01-27 05:00:00,358.1246
2026-01-27 06:00:00,427.0246
2026-01-27 07:00:00,525.0848
2026-01-27 08:00:00,683.96375
2026-01-27 09:00:00,703.72925
2026-01-27 10:00:00,573.7666
2026-01-27 11:00:00,581.9599
2026-01-27 12:00:00,493.5007
2026-01-27 13:00:00,319.8555
2026-01-27 14:00:00,270.44556
2026-01-27 15:00:00,236.02185
2026-01-27 16:00:00,214.14398
2026-01-27 17:00:00,178.42924
2026-01-27 18:00:00,169.51952
2026-01-27 19:00:00,154.57854
2026-01-27 20:00:00,128.20425
2026-01-27 21:00:00,80.54913
2026-01-27 22:00:00,102.411385
2026-01-27 23:00:00,157.285
2026-01-28 00:00:00,201.06328
2026-01-28 01:00:00,216.38293
2026-01-28 02:00:00,190.17094
2026-01-28 03:00:00,253.12688
2026-01-28 04:00:00,423.43103
2026-01-28 05:00:00,520.8469
2026-01-28 06:00:00,623.2139
2026-01-28 07:00:00,829.5048
2026-01-28 08:00:00,952.83057
2026-01-28 09:00:00,1108.229
2026-01-28 10:00:00,979.07
2026-01-28 11:00:00,895.96954
2026-01-28 12:00:00,274.9172
2026-01-28 13:00:00,74.582596
2026-01-28 14:00:00,53.726616
2026-01-28 15:00:00,46.279766
2026-01-28 16:00:00,41.740414
2026-01-28 17:00:00,38.940025
2026-01-28 18:00:00,40.35746
2026-01-28 19:00:00,49.13524
2026-01-28 20:00:00,58.52974
2026-01-28 21:00:00,74.71093
2026-01-28 22:00:00,107.254326
2026-01-28 23:00:00,115.19809
2026-01-29 00:00:00,106.86179
2026-01-29 01:00:00,91.89192
2026-01-29 02:00:00,81.24792
2026-01-29 03:00:00,128.04475
2026-01-29 04:00:00,224.31808
2026-01-29 05:00:00,376.7084
2026-01-29 06:00:00,545.5506
2026-01-29 07:00:00,647.37085
2026-01-29 08:00:00,718.46875
2026-01-29 09:00:00,764.9295
2026-01-29 10:00:00,748.3045
2026-01-29 11:00:00,745.6795
2026-01-29 12:00:00,252.1661
2026-01-29 13:00:00,59.437588
2026-01-29 14:00:00,41.85592
2026-01-29 15:00:00,37.636642
2026-01-29 16:00:00,31.778843
2026-01-29 17:00:00,28.538786
2026-01-29 18:00:00,29.019646
2026-01-29 19:00:00,35.598274
2026-01-29 20:00:00,44.207573
2026-01-29 21:00:00,55.29429
2026-01-29 22:00:00,68.99415
2026-01-29 23:00:00,63.631187
2026-01-30 00:00:00,54.404556
2026-01-30 01:00:00,45.12973
2026-01-30 02:00:00,47.992016
2026-01-30 03:00:00,87.30273
2026-01-30 04:00:00,169.73077
2026-01-30 05:00:00,324.43402
2026-01-30 06:00:00,452.91437
2026-01-30 07:00:00,544.49066
2026-01-30 08:00:00,635.80927
2026-01-30 09:00:00,696.0106
2026-01-30 10:00:00,714.069
2026-01-30 11:00:00,695.7335
2026-01-30 12:00:00,71.63065
2026-01-30 13:00:00,21.328474
2026-01-30 14:00:00,16.530994
2026-01-30 15:00:00,16.568352
2026-01-30 16:00:00,17.972912
2026-01-30 17:00:00,20.035847
2026-01-30 18:00:00,23.052559
2026-01-30 19:00:00,26.39673
2026-01-30 20:00:00,27.641243
2026-01-30 21:00:00,25.093338
2026-01-30 22:00:00,22.523748
2026-01-30 23:00:00,17.972256
2026-01-31 00:00:00,15.7584505
2026-01-31 01:00:00,25.010155
2026-01-31 02:00:00,30.797277
2026-01-31 03:00:00,50.8427
2026-01-31 04:00:00,68.64774
2026-01-31 05:00:00,147.26418
2026-01-31 06:00:00,277.7062
2026-01-31 07:00:00,478.91116
2026-01-31 08:00:00,587.7215
2026-01-31 09:00:00,640.2297
2026-01-31 10:00:00,610.9088
2026-01-31 11:00:00,605.9123
2026-01-31 12:00:00,377.00992
2026-01-31 13:00:00,163.67259
2026-01-31 14:00:00,155.0728
2026-01-31 15:00:00,140.09955
2026-01-31 16:00:00,136.28668
2026-01-31 17:00:00,121.19034
2026-01-31 18:00:00,120.90692
2026-01-31 19:00:00,115.924866
2026-01-31 20:00:00,119.86163
2026-01-31 21:00:00,107.532265
2026-01-31 22:00:00,66.07036
2026-01-31 23:00:00,62.879482
2026-02-01 00:00:00,62.43372
2026-02-01 01:00:00,59.45508
2026-02-01 02:00:00,59.391914
2026-02-01 03:00:00,102.47849
2026-02-01 04:00:00,189.66367
2026-02-01 05:00:00,321.0222
2026-02-01 06:00:00,427.0085
2026-02-01 07:00:00,536.025
2026-02-01 08:00:00,687.31396
2026-02-01 09:00:00,759.96643
2026-02-01 10:00:00,681.35175
2026-02-01 11:00:00,660.07166
2026-02-01 12:00:00,114.21503
2026-02-01 13:00:00,38.83804
2026-02-01 14:00:00,30.195202
2026-02-01 15:00:00,27.204473
2026-02-01 16:00:00,28.790884
2026-02-01 17:00:00,33.118576
2026-02-01 18:00:00,38.754597
2026-02-01 19:00:00,50.20736
2026-02-01 20:00:00,58.470104
2026-02-01 21:00:00,57.657227
2026-02-01 22:00:00,41.857513
2026-02-01 23:00:00,41.00083
2026-02-02 00:00:00,45.337982
2026-02-02 01:00:00,68.148155
2026-02-02 02:00:00,87.25324
2026-02-02 03:00:00,112.86411
2026-02-02 04:00:00,140.85611
2026-02-02 05:00:00,236.72968
2026-02-02 06:00:00,394.19125
2026-02-02 07:00:00,607.49365
2026-02-02 08:00:00,769.6942
2026-02-02 09:00:00,858.26294
2026-02-02 10:00:00,880.09155
2026-02-02 11:00:00,823.3555
2026-02-02 12:00:00,220.88106
2026-02-02 13:00:00,64.18905
2026-02-02 14:00:00,44.828472
2026-02-02 15:00:00,40.82462
2026-02-02 16:00:00,40.59631
2026-02-02 17:00:00,43.01522
2026-02-02 18:00:00,45.149776
2026-02-02 19:00:00,45.92672
2026-02-02 20:00:00,41.474873
2026-02-02 21:00:00,38.935204
2026-02-02 22:00:00,37.31966
2026-02-02 23:00:00,36.25951
2026-02-03 00:00:00,38.744125
2026-02-03 01:00:00,43.97592
2026-02-03 02:00:00,49.28578
2026-02-03 03:00:00,73.428635
2026-02-03 04:00:00,95.31005
2026-02-03 05:00:00,163.4463
2026-02-03 06:00:00,397.87054
2026-02-03 07:00:00,596.83093
2026-02-03 08:00:00,761.975
2026-02-03 09:00:00,864.8878
2026-02-03 10:00:00,892.8972
2026-02-03 11:00:00,837.9537
2026-02-03 12:00:00,64.11102
2026-02-03 13:00:00,32.81466
2026-02-03 14:00:00,33.180676
2026-02-03 15:00:00,34.9943
2026-02-03 16:00:00,31.880373
2026-02-03 17:00:00,25.958681
2026-02-03 18:00:00,20.774677
2026-02-03 19:00:00,15.682691
2026-02-03 20:00:00,15.888933
2026-02-03 21:00:00,20.98908
2026-02-03 22:00:00,27.87147
2026-02-03 23:00:00,34.14175
2026-02-04 00:00:00,39.277924
2026-02-04 01:00:00,39.30018
2026-02-04 02:00:00,38.243843
2026-02-04 03:00:00,57.820644
2026-02-04 04:00:00,131.36127
2026-02-04 05:00:00,379.45856
2026-02-04 06:00:00,632.8262
2026-02-04 07:00:00,821.97107
2026-02-04 08:00:00,966.64087
2026-02-04 09:00:00,1064.5043
2026-02-04 10:00:00,1102.1991
2026-02-04 11:00:00,1045.5016
2026-02-04 12:00:00,216.47928
2026-02-04 13:00:00,78.53814
2026-02-04 14:00:00,67.130486
2026-02-04 15:00:00,66.70224
2026-02-04 16:00:00,65.473625
2026-02-04 17:00:00,64.90509
2026-02-04 18:00:00,65.666725
2026-02-04 19:00:00,69.964584
2026-02-04 20:00:00,76.07212
2026-02-04 21:00:00,83.667244
2026-02-04 22:00:00,118.73776
2026-02-04 23:00:00,131.07591
2026-02-05 00:00:00,130.65129
2026-02-05 01:00:00,120.627785
2026-02-05 02:00:00,118.38836
2026-02-05 03:00:00,162.04416
2026-02-05 04:00:00,234.73941
2026-02-05 05:00:00,340.3757
2026-02-05 06:00:00,495.12274
2026-02-05 07:00:00,664.522
2026-02-05 08:00:00,805.08734
2026-02-05 09:00:00,901.8119
2026-02-05 10:00:00,975.9601
2026-02-05 11:00:00,940.8031
2026-02-05 12:00:00,208.65567
2026-02-05 13:00:00,77.71121
2026-02-05 14:00:00,62.195324
2026-02-05 15:00:00,61.775772
2026-02-05 16:00:00,63.567196
2026-02-05 17:00:00,64.74804
2026-02-05 18:00:00,63.905975
2026-02-05 19:00:00,64.05247
2026-02-05 20:00:00,63.618404
2026-02-05 21:00:00,65.521515
2026-02-05 22:00:00,79.92791
2026-02-05 23:00:00,84.12257
2026-02-06 00:00:00,85.62835
2026-02-06 01:00:00,90.41633
2026-02-06 02:00:00,96.177605
2026-02-06 03:00:00,139.05344
2026-02-06 04:00:00,235.64153
2026-02-06 05:00:00,418.39957
2026-02-06 06:00:00,596.10236
2026-02-06 07:00:00,700.1065
2026-02-06 08:00:00,774.74054
2026-02-06 09:00:00,829.8817
2026-02-06 10:00:00,857.5642
2026-02-06 11:00:00,823.3336
2026-02-06 12:00:00,249.77437
2026-02-06 13:00:00,85.03449
2026-02-06 14:00:00,68.19618
2026-02-06 15:00:00,66.62089
2026-02-06 16:00:00,69.77665
2026-02-06 17:00:00,76.26068
2026-02-06 18:00:00,79.90749
2026-02-06 19:00:00,84.08085
2026-02-06 20:00:00,84.17627
2026-02-06 21:00:00,87.40657
2026-02-06 22:00:00,82.45996
2026-02-06 23:00:00,92.72786
2026-02-07 00:00:00,102.6571
2026-02-07 01:00:00,115.88709
2026-02-07 02:00:00,127.242584
2026-02-07 03:00:00,184.94272
2026-02-07 04:00:00,301.49026
2026-02-07 05:00:00,483.26154
2026-02-07 06:00:00,673.05005
2026-02-07 07:00:00,846.42993
2026-02-07 08:00:00,975.06085
2026-02-07 09:00:00,1078.5128
2026-02-07 10:00:00,1049.6631
2026-02-07 11:00:00,969.3951
2026-02-07 12:00:00,295.0122
2026-02-07 13:00:00,109.77102
2026-02-07 14:00:00,92.23127
2026-02-07 15:00:00,95.121124
2026-02-07 16:00:00,99.77724
2026-02-07 17:00:00,100.99387
2026-02-07 18:00:00,100.872986
2026-02-07 19:00:00,101.92103
2026-02-07 20:00:00,100.58738
2026-02-07 21:00:00,95.357605
2026-02-07 22:00:00,93.90996
2026-02-07 23:00:00,80.30684
2026-02-08 00:00:00,73.06269
2026-02-08 01:00:00,68.33961
2026-02-08 02:00:00,71.38001
2026-02-08 03:00:00,118.36941
2026-02-08 04:00:00,212.69034
2026-02-08 05:00:00,347.6257
2026-02-08 06:00:00,514.2152
2026-02-08 07:00:00,680.7855
2026-02-08 08:00:00,830.0715
2026-02-08 09:00:00,925.04626
2026-02-08 10:00:00,972.202
2026-02-08 11:00:00,892.82
2026-02-08 12:00:00,142.25308
2026-02-08 13:00:00,45.121082
2026-02-08 14:00:00,34.73526
2026-02-08 15:00:00,30.347586
2026-02-08 16:00:00,26.535273
2026-02-08 17:00:00,24.668987
2026-02-08 18:00:00,22.639921
2026-02-08 19:00:00,22.199455
2026-02-08 20:00:00,21.605555
2026-02-08 21:00:00,20.756504
2026-02-08 22:00:00,17.915033
2026-02-08 23:00:00,15.461102
2026-02-09 00:00:00,15.993892
2026-02-09 01:00:00,15.794376
2026-02-09 02:00:00,16.011517
2026-02-09 03:00:00,26.172806
2026-02-09 04:00:00,89.87327
2026-02-09 05:00:00,194.77435
2026-02-09 06:00:00,373.40448
2026-02-09 07:00:00,530.07806
2026-02-09 08:00:00,652.3378
2026-02-09 09:00:00,755.2174
2026-02-09 10:00:00,849.6886
2026-02-09 11:00:00,715.81525
2026-02-09 12:00:00,77.73331
2026-02-09 13:00:00,50.866245
2026-02-09 14:00:00,49.310112
2026-02-09 15:00:00,50.470943
2026-02-09 16:00:00,50.487717
2026-02-09 17:00:00,46.75787
2026-02-09 18:00:00,44.72137
2026-02-09 19:00:00,37.069828
2026-02-09 20:00:00,32.854992
2026-02-09 21:00:00,32.302414
2026-02-09 22:00:00,39.37656
2026-02-09 23:00:00,43.02871
2026-02-10 00:00:00,40.77563
2026-02-10 01:00:00,38.06602
2026-02-10 02:00:00,40.739445
2026-02-10 03:00:00,70.21961
2026-02-10 04:00:00,146.63759
2026-02-10 05:00:00,260.3204
2026-02-10 06:00:00,399.4693
2026-02-10 07:00:00,524.6741
2026-02-10 08:00:00,637.3064
2026-02-10 09:00:00,728.06506
2026-02-10 10:00:00,881.49615
2026-02-10 11:00:00,690.0508
2026-02-10 12:00:00,39.388844
2026-02-10 13:00:00,33.34869
2026-02-10 14:00:00,37.274044
2026-02-10 15:00:00,44.56683
2026-02-10 16:00:00,49.79585
2026-02-10 17:00:00,51.682755
2026-02-10 18:00:00,48.927227
2026-02-10 19:00:00,41.79367
2026-02-10 20:00:00,31.325169
2026-02-10 21:00:00,21.385622
2026-02-10 22:00:00,32.577454
2026-02-10 23:00:00,43.516655
2026-02-11 00:00:00,39.11257
2026-02-11 01:00:00,32.690746
2026-02-11 02:00:00,33.333065
2026-02-11 03:00:00,61.00324
2026-02-11 04:00:00,129.40063
2026-02-11 05:00:00,270.32767
2026-02-11 06:00:00,465.92072
2026-02-11 07:00:00,657.5325
2026-02-11 08:00:00,827.96564
2026-02-11 09:00:00,949.4279
2026-02-11 10:00:00,1002.62585
2026-02-11 11:00:00,945.09705
2026-02-11 12:00:00,232.81215
2026-02-11 13:00:00,101.90667
2026-02-11 14:00:00,106.04796
2026-02-11 15:00:00,116.23734
2026-02-11 16:00:00,116.41553
2026-02-11 17:00:00,110.40497
2026-02-11 18:00:00,104.48727
2026-02-11 19:00:00,95.63954
2026-02-11 20:00:00,90.70286
2026-02-11 21:00:00,88.98899
2026-02-11 22:00:00,103.33444
2026-02-11 23:00:00,99.495544
2026-02-12 00:00:00,87.745995
2026-02-12 01:00:00,82.661476
2026-02-12 02:00:00,87.807785
2026-02-12 03:00:00,137.39734
2026-02-12 04:00:00,224.59297
2026-02-12 05:00:00,337.68286
2026-02-12 06:00:00,506.6667
2026-02-12 07:00:00,771.05
2026-02-12 08:00:00,1024.0756
2026-02-12 09:00:00,1153.7722
2026-02-12 10:00:00,1183.711
2026-02-12 11:00:00,1102.5433
2026-02-12 12:00:00,178.23718
2026-02-12 13:00:00,60.682266
2026-02-12 14:00:00,42.936913
2026-02-12 15:00:00,33.617386
2026-02-12 16:00:00,27.83182
2026-02-12 17:00:00,25.585274
2026-02-12 18:00:00,27.199623
2026-02-12 19:00:00,29.161047
2026-02-12 20:00:00,30.305103
2026-02-12 21:00:00,33.005707
2026-02-12 22:00:00,38.696644
2026-02-12 23:00:00,41.281185
2026-02-13 00:00:00,41.27407
2026-02-13 01:00:00,40.885597
2026-02-13 02:00:00,42.567852
2026-02-13 03:00:00,69.064064
2026-02-13 04:00:00,135.02739
2026-02-13 05:00:00,265.21133
2026-02-13 06:00:00,532.40967
2026-02-13 07:00:00,761.2258
2026-02-13 08:00:00,896.6125
2026-02-13 09:00:00,973.7802
2026-02-13 10:00:00,986.93604
2026-02-13 11:00:00,922.514
2026-02-13 12:00:00,87.062355
2026-02-13 13:00:00,26.64216
2026-02-13 14:00:00,19.630678
2026-02-13 15:00:00,17.476988
2026-02-13 16:00:00,16.518322
2026-02-13 17:00:00,16.499937
2026-02-13 18:00:00,17.123085
2026-02-13 19:00:00,17.445463
2026-02-13 20:00:00,17.1816
2026-02-13 21:00:00,16.770988
2026-02-13 22:00:00,18.472637
2026-02-13 23:00:00,19.780098
2026-02-14 00:00:00,23.370205
2026-02-14 01:00:00,26.670898
2026-02-14 02:00:00,30.425154
2026-02-14 03:00:00,53.262325
2026-02-14 04:00:00,123.8329
2026-02-14 05:00:00,309.72583
2026-02-14 06:00:00,573.43195
2026-02-14 07:00:00,776.7707
2026-02-14 08:00:00,934.28375
2026-02-14 09:00:00,1072.0923
2026-02-14 10:00:00,1108.4083
2026-02-14 11:00:00,1004.9454
2026-02-14 12:00:00,136.11888
2026-02-14 13:00:00,45.01468
2026-02-14 14:00:00,32.587006
2026-02-14 15:00:00,28.520184
2026-02-14 16:00:00,27.786633
2026-02-14 17:00:00,30.56313
2026-02-14 18:00:00,34.19054
2026-02-14 19:00:00,36.047054
2026-02-14 20:00:00,35.02194
2026-02-14 21:00:00,32.346813
2026-02-14 22:00:00,26.090137
2026-02-14 23:00:00,27.001675
2026-02-15 00:00:00,31.05935
2026-02-15 01:00:00,36.12486
2026-02-15 02:00:00,40.527103
2026-02-15 03:00:00,64.58096
2026-02-15 04:00:00,131.3604
2026-02-15 05:00:00,273.183
2026-02-15 06:00:00,507.29257
2026-02-15 07:00:00,782.08826
2026-02-15 08:00:00,1030.7415
2026-02-15 09:00:00,1277.0258
2026-02-15 10:00:00,1215.327
2026-02-15 11:00:00,1050.1617
2026-02-15 12:00:00,83.20385
2026-02-15 13:00:00,32.634705
2026-02-15 14:00:00,29.020943
2026-02-15 15:00:00,28.851929
2026-02-15 16:00:00,27.034609
2026-02-15 17:00:00,24.522772
2026-02-15 18:00:00,22.512617
2026-02-15 19:00:00,20.74102
2026-02-15 20:00:00,19.473494
2026-02-15 21:00:00,18.503273
2026-02-15 22:00:00,18.608257
2026-02-15 23:00:00,20.551033
2026-02-16 00:00:00,26.662308
2026-02-16 01:00:00,29.84314
2026-02-16 02:00:00,31.889263
2026-02-16 03:00:00,50.307327
2026-02-16 04:00:00,116.61836
2026-02-16 05:00:00,243.69896
2026-02-16 06:00:00,432.3588
2026-02-16 07:00:00,769.5547
2026-02-16 08:00:00,1172.8113
2026-02-16 09:00:00,1417.7103
2026-02-16 10:00:00,1585.7115
2026-02-16 11:00:00,856.0182
2026-02-16 12:00:00,144.28809
2026-02-16 13:00:00,73.74252
2026-02-16 14:00:00,67.43619
2026-02-16 15:00:00,66.46223
2026-02-16 16:00:00,65.97438
2026-02-16 17:00:00,63.77267
2026-02-16 18:00:00,60.30164
2026-02-16 19:00:00,57.42498
2026-02-16 20:00:00,56.422535
2026-02-16 21:00:00,57.793766
2026-02-16 22:00:00,59.82225
2026-02-16 23:00:00,67.38327
2026-02-17 00:00:00,67.419716
2026-02-17 01:00:00,69.41529
2026-02-17 02:00:00,75.57033
2026-02-17 03:00:00,118.20138
2026-02-17 04:00:00,199.25458
2026-02-17 05:00:00,311.61462
2026-02-17 06:00:00,449.23196
2026-02-17 07:00:00,633.17096
2026-02-17 08:00:00,827.1408
2026-02-17 09:00:00,956.76733
2026-02-17 10:00:00,978.0765
2026-02-17 11:00:00,869.4497
2026-02-17 12:00:00,143.80785
2026-02-17 13:00:00,53.833405
2026-02-17 14:00:00,41.468994
2026-02-17 15:00:00,37.821156
2026-02-17 16:00:00,35.818996
2026-02-17 17:00:00,35.113644
2026-02-17 18:00:00,32.98041
2026-02-17 19:00:00,31.840342
2026-02-17 20:00:00,30.614326
2026-02-17 21:00:00,27.570301
2026-02-17 22:00:00,35.58971
2026-02-17 23:00:00,31.68466
2026-02-18 00:00:00,41.34481
2026-02-18 01:00:00,39.747025
2026-02-18 02:00:00,45.837875
2026-02-18 03:00:00,78.20156
2026-02-18 04:00:00,169.66527
2026-02-18 05:00:00,292.57492
2026-02-18 06:00:00,426.00388
2026-02-18 07:00:00,532.6721
2026-02-18 08:00:00,656.6358
2026-02-18 09:00:00,534.9135
2026-02-18 10:00:00,513.6192
2026-02-18 11:00:00,496.39523
2026-02-18 12:00:00,370.32562
2026-02-18 13:00:00,166.22906
2026-02-18 14:00:00,55.69036
2026-02-18 15:00:00,34.31063
2026-02-18 16:00:00,25.263962
2026-02-18 17:00:00,16.549463
2026-02-18 18:00:00,15.493587
2026-02-18 19:00:00,19.521679
2026-02-18 20:00:00,18.279657
2026-02-18 21:00:00,17.870485
2026-02-18 22:00:00,29.110466
2026-02-18 23:00:00,30.871336
2026-02-19 00:00:00,31.334925
2026-02-19 01:00:00,30.553223
2026-02-19 02:00:00,34.854248
2026-02-19 03:00:00,53.157703
2026-02-19 04:00:00,127.66245
2026-02-19 05:00:00,303.8663
2026-02-19 06:00:00,588.9856
2026-02-19 07:00:00,856.908
2026-02-19 08:00:00,1073.6099
2026-02-19 09:00:00,1239.4316
2026-02-19 10:00:00,1161.1229
2026-02-19 11:00:00,962.9749
2026-02-19 12:00:00,245.77971
2026-02-19 13:00:00,76.1996
2026-02-19 14:00:00,49.51843
2026-02-19 15:00:00,40.644604
2026-02-19 16:00:00,37.15525
2026-02-19 17:00:00,33.643997
2026-02-19 18:00:00,29.752396
2026-02-19 19:00:00,28.035852
2026-02-19 20:00:00,30.269707
2026-02-19 21:00:00,34.874474
2026-02-19 22:00:00,50.092052
2026-02-19 23:00:00,50.17576
2026-02-20 00:00:00,46.420773
2026-02-20 01:00:00,41.658146
2026-02-20 02:00:00,39.226063
2026-02-20 03:00:00,69.1184
2026-02-20 04:00:00,135.33223
2026-02-20 05:00:00,295.80432
2026-02-20 06:00:00,592.31506
2026-02-20 07:00:00,879.447
2026-02-20 08:00:00,1139.6069
2026-02-20 09:00:00,1359.0184
2026-02-20 10:00:00,1272.5161
2026-02-20 11:00:00,1191.343
2026-02-20 12:00:00,213.72565
2026-02-20 13:00:00,55.816044
2026-02-20 14:00:00,39.8647
2026-02-20 15:00:00,36.14922
2026-02-20 16:00:00,34.197662
2026-02-20 17:00:00,34.595943
2026-02-20 18:00:00,39.044704
2026-02-20 19:00:00,43.51236
2026-02-20 20:00:00,47.11003
2026-02-20 21:00:00,49.450928
2026-02-20 22:00:00,55.243736
2026-02-20 23:00:00,54.382545
2026-02-21 00:00:00,57.509663
2026-02-21 01:00:00,59.920048
2026-02-21 02:00:00,64.89759
2026-02-21 03:00:00,107.53244
2026-02-21 04:00:00,211.50897
2026-02-21 05:00:00,424.86313
2026-02-21 06:00:00,773.5167
2026-02-21 07:00:00,1128.9359
2026-02-21 08:00:00,1412.8928
2026-02-21 09:00:00,1601.7052
2026-02-21 10:00:00,1370.9775
2026-02-21 11:00:00,1299.9996
2026-02-21 12:00:00,198.88554
2026-02-21 13:00:00,52.437294
2026-02-21 14:00:00,34.875072
2026-02-21 15:00:00,28.582575
2026-02-21 16:00:00,23.821226
2026-02-21 17:00:00,22.471312
2026-02-21 18:00:00,24.472729
2026-02-21 19:00:00,27.707136
2026-02-21 20:00:00,28.307209
2026-02-21 21:00:00,26.881681
2026-02-21 22:00:00,32.002026
2026-02-21 23:00:00,28.874151
2026-02-22 00:00:00,25.899847
2026-02-22 01:00:00,23.324944
2026-02-22 02:00:00,23.982033
2026-02-22 03:00:00,45.48832
2026-02-22 04:00:00,113.39375
2026-02-22 05:00:00,302.59082
2026-02-22 06:00:00,729.01373
2026-02-22 07:00:00,1226.559
2026-02-22 08:00:00,1497.4153
2026-02-22 09:00:00,1643.4836
2026-02-22 10:00:00,1649.5543
2026-02-22 11:00:00,1526.67
2026-02-22 12:00:00,88.95948
2026-02-22 13:00:00,40.671566
2026-02-22 14:00:00,41.14157
2026-02-22 15:00:00,46.903336
2026-02-22 16:00:00,50.129063
2026-02-22 17:00:00,46.13804
2026-02-22 18:00:00,38.63362
2026-02-22 19:00:00,31.27491
2026-02-22 20:00:00,23.63262
2026-02-22 21:00:00,18.318731
2026-02-22 22:00:00,16.32524
2026-02-22 23:00:00,16.41283
2026-02-23 00:00:00,18.451117
2026-02-23 01:00:00,23.555088
2026-02-23 02:00:00,27.699453
2026-02-23 03:00:00,54.760975
2026-02-23 04:00:00,146.88083
2026-02-23 05:00:00,352.2801
2026-02-23 06:00:00,639.5136
2026-02-23 07:00:00,1009.4496
2026-02-23 08:00:00,1379.0397
2026-02-23 09:00:00,1570.5391
2026-02-23 10:00:00,1882.9476
2026-02-23 11:00:00,1630.8473
2026-02-23 12:00:00,147.5288
2026-02-23 13:00:00,70.14592
2026-02-23 14:00:00,60.36527
2026-02-23 15:00:00,56.280216
2026-02-23 16:00:00,47.478092
2026-02-23 17:00:00,40.72827
2026-02-23 18:00:00,36.210926
2026-02-23 19:00:00,35.66675
2026-02-23 20:00:00,37.378613
2026-02-23 21:00:00,39.12655
2026-02-23 22:00:00,36.98505
2026-02-23 23:00:00,37.27453
2026-02-24 00:00:00,41.71893
2026-02-24 01:00:00,38.36819
2026-02-24 02:00:00,27.862988
2026-02-24 03:00:00,51.372
2026-02-24 04:00:00,136.35551
2026-02-24 05:00:00,316.65244
2026-02-24 06:00:00,619.8823
2026-02-24 07:00:00,939.7492
2026-02-24 08:00:00,1358.6516
2026-02-24 09:00:00,1638.1151
2026-02-24 10:00:00,1860.0022
2026-02-24 11:00:00,1687.995
2026-02-24 12:00:00,148.9591
2026-02-24 13:00:00,58.061543
2026-02-24 14:00:00,49.85908
2026-02-24 15:00:00,52.495472
2026-02-24 16:00:00,54.801926
2026-02-24 17:00:00,55.495865
2026-02-24 18:00:00,52.41764
2026-02-24 19:00:00,49.038593
2026-02-24 20:00:00,46.184105
2026-02-24 21:00:00,41.749634
2026-02-24 22:00:00,29.283758
2026-02-24 23:00:00,27.685667
2026-02-25 00:00:00,26.770239
2026-02-25 01:00:00,26.550386
2026-02-25 02:00:00,28.88533
2026-02-25 03:00:00,56.013573
2026-02-25 04:00:00,145.54808
2026-02-25 05:00:00,349.08945
2026-02-25 06:00:00,713.1019
2026-02-25 07:00:00,1155.9772
2026-02-25 08:00:00,1507.754
2026-02-25 09:00:00,1745.6212
2026-02-25 10:00:00,1954.0006
2026-02-25 11:00:00,1802.2147
2026-02-25 12:00:00,149.12907
2026-02-25 13:00:00,51.694725
2026-02-25 14:00:00,41.54407
2026-02-25 15:00:00,40.55777
2026-02-25 16:00:00,40.81753
2026-02-25 17:00:00,40.240303
2026-02-25 18:00:00,39.760906
2026-02-25 19:00:00,37.877804
2026-02-25 20:00:00,36.32877
2026-02-25 21:00:00,36.280533
2026-02-25 22:00:00,38.54478
2026-02-25 23:00:00,38.86838
2026-02-26 00:00:00,39.281498
2026-02-26 01:00:00,37.888554
2026-02-26 02:00:00,40.418655
2026-02-26 03:00:00,75.61756
2026-02-26 04:00:00,163.78049
2026-02-26 05:00:00,354.10464
2026-02-26 06:00:00,701.2827
2026-02-26 07:00:00,1154.8562
2026-02-26 08:00:00,1763.5826
2026-02-26 09:00:00,2059.5813
2026-02-26 10:00:00,2064.5137
2026-02-26 11:00:00,1864.5045
2026-02-26 12:00:00,205.67848
2026-02-26 13:00:00,61.954857
2026-02-26 14:00:00,46.383698
2026-02-26 15:00:00,43.48621
2026-02-26 16:00:00,42.090996
2026-02-26 17:00:00,44.097122
2026-02-26 18:00:00,48.220303
2026-02-26 19:00:00,50.65847
2026-02-26 20:00:00,48.073105
2026-02-26 21:00:00,40.66682
2026-02-26 22:00:00,30.89115
2026-02-26 23:00:00,25.803528
2026-02-27 00:00:00,23.67247
2026-02-27 01:00:00,24.871563
2026-02-27 02:00:00,27.86645
2026-02-27 03:00:00,53.424854
2026-02-27 04:00:00,137.94969
2026-02-27 05:00:00,323.62643
2026-02-27 06:00:00,610.4772
2026-02-27 07:00:00,1001.90814
2026-02-27 08:00:00,1395.0598
2026-02-27 09:00:00,1638.2975
2026-02-27 10:00:00,1651.7753
2026-02-27 11:00:00,1305.0131
2026-02-27 12:00:00,101.9425
2026-02-27 13:00:00,47.66879
2026-02-27 14:00:00,41.78038
2026-02-27 15:00:00,38.99486
2026-02-27 16:00:00,38.584087
2026-02-27 17:00:00,40.522697
2026-02-27 18:00:00,35.753143
2026-02-27 19:00:00,27.0453
2026-02-27 20:00:00,27.316927
2026-02-27 21:00:00,27.28788
2026-02-27 22:00:00,20.982264
2026-02-27 23:00:00,22.276325
2026-02-28 00:00:00,24.559593
2026-02-28 01:00:00,21.946413
2026-02-28 02:00:00,22.297121
2026-02-28 03:00:00,41.242966
2026-02-28 04:00:00,111.997734
2026-02-28 05:00:00,264.88165
2026-02-28 06:00:00,595.79803
2026-02-28 07:00:00,1192.6362
2026-02-28 08:00:00,1844.2186
2026-02-28 09:00:00,2191.5222
2026-02-28 10:00:00,1997.9393
2026-02-28 11:00:00,1896.1775
2026-02-28 12:00:00,210.80692
2026-02-28 13:00:00,69.57294
2026-02-28 14:00:00,58.87662
2026-02-28 15:00:00,59.09982
2026-02-28 16:00:00,61.208275
2026-02-28 17:00:00,62.181534
2026-02-28 18:00:00,57.207794
2026-02-28 19:00:00,53.867664
2026-02-28 20:00:00,49.624264
2026-02-28 21:00:00,48.977917
2026-02-28 22:00:00,40.92727
2026-02-28 23:00:00,43.02595
2026-03-01 00:00:00,46.413227
2026-03-01 01:00:00,52.8886
2026-03-01 02:00:00,63.92333
2026-03-01 03:00:00,111.65551
2026-03-01 04:00:00,219.87251
2026-03-01 05:00:00,438.64984
2026-03-01 06:00:00,795.5209
2026-03-01 07:00:00,1799.5264
2026-03-01 08:00:00,2248.8535
2026-03-01 09:00:00,2404.0757
2026-03-01 10:00:00,2248.172
2026-03-01 11:00:00,1941.2578
2026-03-01 12:00:00,376.7552
2026-03-01 13:00:00,97.28278
2026-03-01 14:00:00,73.824295
2026-03-01 15:00:00,76.51016
2026-03-01 16:00:00,83.07939
2026-03-01 17:00:00,89.15342
2026-03-01 18:00:00,90.480896
2026-03-01 19:00:00,88.54155
2026-03-01 20:00:00,82.20043
2026-03-01 21:00:00,78.461
2026-03-01 22:00:00,77.3917
2026-03-01 23:00:00,73.82762
2026-03-02 00:00:00,74.825066
2026-03-02 01:00:00,75.13776
2026-03-02 02:00:00,84.30082
2026-03-02 03:00:00,147.33731
2026-03-02 04:00:00,277.41
2026-03-02 05:00:00,487.74335
2026-03-02 06:00:00,803.00116
2026-03-02 07:00:00,1208.1919
2026-03-02 08:00:00,1782.687
2026-03-02 09:00:00,2155.747
2026-03-02 10:00:00,2211.0847
2026-03-02 11:00:00,2033.6453
2026-03-02 12:00:00,617.3557
2026-03-02 13:00:00,169.57452
2026-03-02 14:00:00,132.77094
2026-03-02 15:00:00,134.05386
2026-03-02 16:00:00,137.73889
2026-03-02 17:00:00,139.83423
2026-03-02 18:00:00,137.74303
2026-03-02 19:00:00,136.59653
2026-03-02 20:00:00,134.73969
2026-03-02 21:00:00,134.30252
2026-03-02 22:00:00,148.36546
2026-03-02 23:00:00,141.94058
2026-03-03 00:00:00,145.87523
2026-03-03 01:00:00,148.53731
2026-03-03 02:00:00,163.19774
2026-03-03 03:00:00,251.86049
2026-03-03 04:00:00,410.8456
2026-03-03 05:00:00,646.2073
2026-03-03 06:00:00,963.375
2026-03-03 07:00:00,1164.8408
2026-03-03 08:00:00,1267.1954
2026-03-03 09:00:00,1340.6528
2026-03-03 10:00:00,1311.4285
2026-03-03 11:00:00,1245.7698
2026-03-03 12:00:00,486.60535
2026-03-03 13:00:00,151.3347
2026-03-03 14:00:00,111.1343
2026-03-03 15:00:00,94.976494
2026-03-03 16:00:00,84.19095
2026-03-03 17:00:00,82.08383
2026-03-03 18:00:00,80.62132
2026-03-03 19:00:00,76.71503
2026-03-03 20:00:00,72.82207
2026-03-03 21:00:00,72.831665
2026-03-03 22:00:00,73.41472
2026-03-03 23:00:00,74.29616
2026-03-04 00:00:00,71.58146
2026-03-04 01:00:00,68.19208
2026-03-04 02:00:00,79.94497
2026-03-04 03:00:00,147.6058
2026-03-04 04:00:00,274.4529
2026-03-04 05:00:00,501.6913
2026-03-04 06:00:00,801.8484
2026-03-04 07:00:00,1044.9949
2026-03-04 08:00:00,1199.2476
2026-03-04 09:00:00,1315.9943
2026-03-04 10:00:00,1234.4655
2026-03-04 11:00:00,1170.4323
2026-03-04 12:00:00,595.57117
2026-03-04 13:00:00,160.19946
2026-03-04 14:00:00,113.895294
2026-03-04 15:00:00,113.49508
2026-03-04 16:00:00,123.29866
2026-03-04 17:00:00,136.19272
2026-03-04 18:00:00,138.96776
2026-03-04 19:00:00,141.72763
2026-03-04 20:00:00,147.8926
2026-03-04 21:00:00,159.2726
2026-03-04 22:00:00,166.52422
2026-03-04 23:00:00,173.82584
2026-03-05 00:00:00,174.43225
2026-03-05 01:00:00,166.71072
2026-03-05 02:00:00,180.5051
2026-03-05 03:00:00,294.89465
2026-03-05 04:00:00,445.57297
2026-03-05 05:00:00,569.43085
2026-03-05 06:00:00,707.99774
2026-03-05 07:00:00,887.41974
2026-03-05 08:00:00,1081.7694
2026-03-05 09:00:00,1238.1348
2026-03-05 10:00:00,1238.972
2026-03-05 11:00:00,1217.2188
2026-03-05 12:00:00,536.26587
2026-03-05 13:00:00,112.08436
2026-03-05 14:00:00,72.725266
2026-03-05 15:00:00,64.35556
2026-03-05 16:00:00,60.714832
2026-03-05 17:00:00,62.64141
2026-03-05 18:00:00,69.35334
2026-03-05 19:00:00,70.778244
2026-03-05 20:00:00,65.092445
2026-03-05 21:00:00,57.157295
2026-03-05 22:00:00,49.511864
2026-03-05 23:00:00,45.70466
2026-03-06 00:00:00,43.844486
2026-03-06 01:00:00,37.782257
2026-03-06 02:00:00,34.83008
2026-03-06 03:00:00,80.86002
2026-03-06 04:00:00,182.92804
2026-03-06 05:00:00,343.13028
2026-03-06 06:00:00,557.44354
2026-03-06 07:00:00,865.3663
2026-03-06 08:00:00,1138.0587
2026-03-06 09:00:00,1300.525
2026-03-06 10:00:00,1323.8704
2026-03-06 11:00:00,1273.7239
2026-03-06 12:00:00,140.61118
2026-03-06 13:00:00,44.463993
2026-03-06 14:00:00,38.1985
2026-03-06 15:00:00,41.182186
2026-03-06 16:00:00,44.439354
2026-03-06 17:00:00,45.12332
2026-03-06 18:00:00,42.347137
2026-03-06 19:00:00,39.22596
2026-03-06 20:00:00,38.710712
2026-03-06 21:00:00,39.41472
2026-03-06 22:00:00,46.30985
2026-03-06 23:00:00,42.51223
2026-03-07 00:00:00,37.99697
2026-03-07 01:00:00,36.653683
2026-03-07 02:00:00,40.425446
2026-03-07 03:00:00,93.505936
2026-03-07 04:00:00,192.39957
2026-03-07 05:00:00,371.7263
2026-03-07 06:00:00,669.2896
2026-03-07 07:00:00,998.82733
2026-03-07 08:00:00,1246.8555
2026-03-07 09:00:00,1399.315
2026-03-07 10:00:00,1481.8003
2026-03-07 11:00:00,1430.9358
2026-03-07 12:00:00,133.64984
2026-03-07 13:00:00,46.755737
2026-03-07 14:00:00,39.49792
2026-03-07 15:00:00,39.73188
2026-03-07 16:00:00,38.09105
2026-03-07 17:00:00,33.389435
2026-03-07 18:00:00,27.908655
2026-03-07 19:00:00,22.071716
2026-03-07 20:00:00,18.557201
2026-03-07 21:00:00,16.655119
2026-03-07 22:00:00,17.010176
2026-03-07 23:00:00,15.280488
2026-03-08 00:00:00,14.733456
2026-03-08 01:00:00,15.227307
2026-03-08 02:00:00,17.097475
2026-03-08 03:00:00,52.458057
2026-03-08 04:00:00,152.21248
2026-03-08 05:00:00,347.20883
2026-03-08 06:00:00,604.95905
2026-03-08 07:00:00,938.002
2026-03-08 08:00:00,1259.8035
2026-03-08 09:00:00,1501.0194
2026-03-08 10:00:00,1571.0754
2026-03-08 11:00:00,1457.6553
2026-03-08 12:00:00,226.75977
2026-03-08 13:00:00,68.42751
2026-03-08 14:00:00,49.71575
2026-03-08 15:00:00,46.394115
2026-03-08 16:00:00,45.812305
2026-03-08 17:00:00,46.19871
2026-03-08 18:00:00,46.3564
2026-03-08 19:00:00,45.203663
2026-03-08 20:00:00,41.413162
2026-03-08 21:00:00,39.74534
2026-03-08 22:00:00,35.44339
2026-03-08 23:00:00,40.684708
2026-03-09 00:00:00,46.790737
2026-03-09 01:00:00,49.419376
2026-03-09 02:00:00,56.9571
2026-03-09 03:00:00,117.89895
2026-03-09 04:00:00,246.86098
2026-03-09 05:00:00,431.29858
2026-03-09 06:00:00,691.8699
2026-03-09 07:00:00,946.75073
2026-03-09 08:00:00,1177.0438
2026-03-09 09:00:00,1364.7528
2026-03-09 10:00:00,1344.7731
2026-03-09 11:00:00,1320.9058
2026-03-09 12:00:00,246.34224
2026-03-09 13:00:00,69.41711
2026-03-09 14:00:00,52.378048
2026-03-09 15:00:00,47.66152
2026-03-09 16:00:00,40.974022
2026-03-09 17:00:00,33.5083
2026-03-09 18:00:00,27.374008
2026-03-09 19:00:00,21.60322
2026-03-09 20:00:00,17.245502
2026-03-09 21:00:00,15.852732
2026-03-09 22:00:00,19.39285
2026-03-09 23:00:00,23.156944
2026-03-10 00:00:00,28.415817
2026-03-10 01:00:00,33.6856
2026-03-10 02:00:00,40.0534
2026-03-10 03:00:00,93.275696
2026-03-10 04:00:00,203.88359
2026-03-10 05:00:00,391.75165
2026-03-10 06:00:00,652.5894
2026-03-10 07:00:00,1004.6744
2026-03-10 08:00:00,1364.0348
2026-03-10 09:00:00,1629.4756
2026-03-10 10:00:00,1772.5806
2026-03-10 11:00:00,1649.4933
2026-03-10 12:00:00,235.1806
2026-03-10 13:00:00,67.474304
2026-03-10 14:00:00,49.59482
2026-03-10 15:00:00,45.63662
2026-03-10 16:00:00,40.285103
2026-03-10 17:00:00,32.32575
2026-03-10 18:00:00,26.072876
2026-03-10 19:00:00,25.104538
2026-03-10 20:00:00,23.314503
2026-03-10 21:00:00,22.050514
2026-03-10 22:00:00,24.878216
2026-03-10 23:00:00,26.10444
2026-03-11 00:00:00,29.495544
2026-03-11 01:00:00,34.464138
2026-03-11 02:00:00,43.858555
2026-03-11 03:00:00,93.64979
2026-03-11 04:00:00,201.89684
2026-03-11 05:00:00,376.77258
2026-03-11 06:00:00,738.5349
2026-03-11 07:00:00,1764.918
2026-03-11 08:00:00,2518.8591
2026-03-11 09:00:00,2653.0737
2026-03-11 10:00:00,2316.9788
2026-03-11 11:00:00,2010.8536
2026-03-11 12:00:00,279.6141
2026-03-11 13:00:00,58.403008
2026-03-11 14:00:00,39.336826
2026-03-11 15:00:00,33.71349
2026-03-11 16:00:00,32.263065
2026-03-11 17:00:00,35.093204
2026-03-11 18:00:00,38.622528
2026-03-11 19:00:00,40.961353
2026-03-11 20:00:00,40.791332
2026-03-11 21:00:00,42.317825
2026-03-11 22:00:00,51.25698
2026-03-11 23:00:00,50.997807
2026-03-12 00:00:00,50.743073
2026-03-12 01:00:00,51.334805
2026-03-12 02:00:00,60.457207
2026-03-12 03:00:00,94.12166
2026-03-12 04:00:00,164.22487
2026-03-12 05:00:00,364.68796
2026-03-12 06:00:00,882.19305
2026-03-12 07:00:00,1547.6774
2026-03-12 08:00:00,2042.8673
2026-03-12 09:00:00,2299.2563
2026-03-12 10:00:00,1180.4291
2026-03-12 11:00:00,1120.8402
2026-03-12 12:00:00,200.37283
2026-03-12 13:00:00,79.151146
2026-03-12 14:00:00,54.54512
2026-03-12 15:00:00,46.36993
2026-03-12 16:00:00,48.21767
2026-03-12 17:00:00,55.205666
2026-03-12 18:00:00,57.397545
2026-03-12 19:00:00,55.42916
2026-03-12 20:00:00,59.757843
2026-03-12 21:00:00,81.80215
2026-03-12 22:00:00,113.10826
2026-03-12 23:00:00,110.25625
2026-03-13 00:00:00,105.77917
2026-03-13 01:00:00,101.51406
2026-03-13 02:00:00,128.48344
2026-03-13 03:00:00,218.37868
2026-03-13 04:00:00,305.97702
2026-03-13 05:00:00,479.1966
2026-03-13 06:00:00,911.67975
2026-03-13 07:00:00,1144.0161
2026-03-13 08:00:00,1356.0708
2026-03-13 09:00:00,1499.5786
2026-03-13 10:00:00,1462.0713
2026-03-13 11:00:00,1344.0875
2026-03-13 12:00:00,570.5047
2026-03-13 13:00:00,120.080986
2026-03-13 14:00:00,85.01558
2026-03-13 15:00:00,83.72865
2026-03-13 16:00:00,101.54886
2026-03-13 17:00:00,123.46865
2026-03-13 18:00:00,145.98485
2026-03-13 19:00:00,145.92278
2026-03-13 20:00:00,136.23314
2026-03-13 21:00:00,113.932365
2026-03-13 22:00:00,128.96797
2026-03-13 23:00:00,103.585236
2026-03-14 00:00:00,90.16564
2026-03-14 01:00:00,77.08544
2026-03-14 02:00:00,82.43416
2026-03-14 03:00:00,168.76953
2026-03-14 04:00:00,281.2451
2026-03-14 05:00:00,438.16858
2026-03-14 06:00:00,647.24243
2026-03-14 07:00:00,866.7283
2026-03-14 08:00:00,1109.9082
2026-03-14 09:00:00,1217.6401
2026-03-14 10:00:00,1009.51404
2026-03-14 11:00:00,776.8784
2026-03-14 12:00:00,188.50153
2026-03-14 13:00:00,42.988216
2026-03-14 14:00:00,27.847685
2026-03-14 15:00:00,33.145966
2026-03-14 16:00:00,33.880608
2026-03-14 17:00:00,31.523335
2026-03-14 18:00:00,29.266699
2026-03-14 19:00:00,30.71257
2026-03-14 20:00:00,30.429043
2026-03-14 21:00:00,29.359404
2026-03-14 22:00:00,50.305595
2026-03-14 23:00:00,61.06322
2026-03-15 00:00:00,61.54584
2026-03-15 01:00:00,116.527054
2026-03-15 02:00:00,176.34055
2026-03-15 03:00:00,255.53447
2026-03-15 04:00:00,429.02478
2026-03-15 05:00:00,733.7506
2026-03-15 06:00:00,1091.6377
2026-03-15 07:00:00,1331.5433
2026-03-15 08:00:00,1604.2329
2026-03-15 09:00:00,1782.51
2026-03-15 10:00:00,1273.905
2026-03-15 11:00:00,1227.119
2026-03-15 12:00:00,823.70795
2026-03-15 13:00:00,390.73462
2026-03-15 14:00:00,320.91937
2026-03-15 15:00:00,263.0851
2026-03-15 16:00:00,210.47945
2026-03-15 17:00:00,189.00633
2026-03-15 18:00:00,195.41223
2026-03-15 19:00:00,221.84898
2026-03-15 20:00:00,259.45825
2026-03-15 21:00:00,272.3008
2026-03-15 22:00:00,263.35727
2026-03-15 23:00:00,248.06998
2026-03-16 00:00:00,258.86108
2026-03-16 01:00:00,280.63422
2026-03-16 02:00:00,325.68564
2026-03-16 03:00:00,438.9848
2026-03-16 04:00:00,603.5693
2026-03-16 05:00:00,769.4075
2026-03-16 06:00:00,911.7051
2026-03-16 07:00:00,1083.7585
2026-03-16 08:00:00,1384.4448
2026-03-16 09:00:00,1843.5468
2026-03-16 10:00:00,2666.5518
2026-03-16 11:00:00,2196.8625
2026-03-16 12:00:00,388.29965
2026-03-16 13:00:00,191.04155
2026-03-16 14:00:00,200.17606
2026-03-16 15:00:00,199.96638
2026-03-16 16:00:00,189.57019
2026-03-16 17:00:00,163.65898
2026-03-16 18:00:00,136.50926
2026-03-16 19:00:00,115.00446
2026-03-16 20:00:00,101.24997
2026-03-16 21:00:00,92.41968
2026-03-16 22:00:00,109.49713
2026-03-16 23:00:00,100.40542
2026-03-17 00:00:00,84.76026
2026-03-17 01:00:00,67.75945
2026-03-17 02:00:00,73.96965
2026-03-17 03:00:00,132.76753
2026-03-17 04:00:00,250.60426
2026-03-17 05:00:00,461.6885
2026-03-17 06:00:00,723.20917
2026-03-17 07:00:00,914.603
2026-03-17 08:00:00,1069.6266
2026-03-17 09:00:00,1209.5782
2026-03-17 10:00:00,1348.195
2026-03-17 11:00:00,1360.5936
2026-03-17 12:00:00,694.4445
2026-03-17 13:00:00,141.83566
2026-03-17 14:00:00,114.062454
2026-03-17 15:00:00,99.249115
2026-03-17 16:00:00,79.13162
2026-03-17 17:00:00,66.66269
2026-03-17 18:00:00,57.338802
2026-03-17 19:00:00,49.1853
2026-03-17 20:00:00,48.841427
2026-03-17 21:00:00,53.712788
2026-03-17 22:00:00,40.411385
2026-03-17 23:00:00,42.90322
2026-03-18 00:00:00,46.98996
2026-03-18 01:00:00,51.12633
2026-03-18 02:00:00,71.790985
2026-03-18 03:00:00,131.16168
2026-03-18 04:00:00,239.28754
2026-03-18 05:00:00,521.42694
2026-03-18 06:00:00,857.17303
2026-03-18 07:00:00,1122.5337
2026-03-18 08:00:00,1415.7437
2026-03-18 09:00:00,1698.2483
2026-03-18 10:00:00,1024.0061
2026-03-18 11:00:00,519.5979
2026-03-18 12:00:00,371.63
2026-03-18 13:00:00,200.61137
2026-03-18 14:00:00,278.52533
2026-03-18 15:00:00,321.02475
2026-03-18 16:00:00,251.73256
2026-03-18 17:00:00,218.0682
2026-03-18 18:00:00,196.21475
2026-03-18 19:00:00,173.95885
2026-03-18 20:00:00,165.18613
2026-03-18 21:00:00,171.13722
2026-03-18 22:00:00,116.21245
2026-03-18 23:00:00,125.89945
2026-03-19 00:00:00,128.50362
2026-03-19 01:00:00,99.821014
2026-03-19 02:00:00,93.25229
2026-03-19 03:00:00,160.1436
2026-03-19 04:00:00,247.3983
2026-03-19 05:00:00,390.72812
2026-03-19 06:00:00,688.7512
2026-03-19 07:00:00,1090.7065
2026-03-19 08:00:00,1253.4475
2026-03-19 09:00:00,960.2079
2026-03-19 10:00:00,703.83044
2026-03-19 11:00:00,688.40436
2026-03-19 12:00:00,650.6582
2026-03-19 13:00:00,545.53436
2026-03-19 14:00:00,409.6399
2026-03-19 15:00:00,306.21353
2026-03-19 16:00:00,239.87083
2026-03-19 17:00:00,188.983
2026-03-19 18:00:00,140.2385
2026-03-19 19:00:00,85.29733
2026-03-19 20:00:00,56.697586
2026-03-19 21:00:00,58.817215
2026-03-19 22:00:00,76.28799
2026-03-19 23:00:00,116.71195
2026-03-20 00:00:00,178.1275
2026-03-20 01:00:00,250.93602
2026-03-20 02:00:00,300.92346
2026-03-20 03:00:00,336.04382
2026-03-20 04:00:00,341.83945
2026-03-20 05:00:00,370.4994
2026-03-20 06:00:00,458.1311
2026-03-20 07:00:00,607.5127
2026-03-20 08:00:00,747.3636
2026-03-20 09:00:00,855.89453
2026-03-20 10:00:00,762.073
2026-03-20 11:00:00,742.277
2026-03-20 12:00:00,639.7463
2026-03-20 13:00:00,135.91457
2026-03-20 14:00:00,76.570946
2026-03-20 15:00:00,74.43972
2026-03-20 16:00:00,59.99728
2026-03-20 17:00:00,45.678036
2026-03-20 18:00:00,29.029943
2026-03-20 19:00:00,27.373062
2026-03-20 20:00:00,32.725796
2026-03-20 21:00:00,38.279205
2026-03-20 22:00:00,28.779839
2026-03-20 23:00:00,24.705965
2026-03-21 00:00:00,29.526157
2026-03-21 01:00:00,32.730568
2026-03-21 02:00:00,47.89913
2026-03-21 03:00:00,71.71539
2026-03-21 04:00:00,182.54298
2026-03-21 05:00:00,435.3403
2026-03-21 06:00:00,688.4136
2026-03-21 07:00:00,966.60736
2026-03-21 08:00:00,1221.3866
2026-03-21 09:00:00,1450.84
2026-03-21 10:00:00,1551.1921
2026-03-21 11:00:00,1597.7484
2026-03-21 12:00:00,805.5197
2026-03-21 13:00:00,149.10753
2026-03-21 14:00:00,100.22652
2026-03-21 15:00:00,85.18513
2026-03-21 16:00:00,63.65383
2026-03-21 17:00:00,47.61809
2026-03-21 18:00:00,43.18633
2026-03-21 19:00:00,45.433517
2026-03-21 20:00:00,46.607094
2026-03-21 21:00:00,46.104042
2026-03-21 22:00:00,48.403065
2026-03-21 23:00:00,54.940342
2026-03-22 00:00:00,52.01834
2026-03-22 01:00:00,46.44978
2026-03-22 02:00:00,65.63242
2026-03-22 03:00:00,184.27608
2026-03-22 04:00:00,409.83206
2026-03-22 05:00:00,661.6516
2026-03-22 06:00:00,886.4464
2026-03-22 07:00:00,1136.8395
2026-03-22 08:00:00,1461.3885
2026-03-22 09:00:00,1815.2059
2026-03-22 10:00:00,1786.9535
2026-03-22 11:00:00,1733.402
2026-03-22 12:00:00,730.26654
2026-03-22 13:00:00,93.68829
2026-03-22 14:00:00,59.491962
2026-03-22 15:00:00,53.717724
2026-03-22 16:00:00,52.060043
2026-03-22 17:00:00,45.969975
2026-03-22 18:00:00,41.618053
2026-03-22 19:00:00,39.187855
2026-03-22 20:00:00,35.36467
2026-03-22 21:00:00,33.51651
2026-03-22 22:00:00,58.502228
2026-03-22 23:00:00,85.20919
2026-03-23 00:00:00,122.870544
2026-03-23 01:00:00,145.9679
2026-03-23 02:00:00,150.63242
2026-03-23 03:00:00,195.06453
2026-03-23 04:00:00,232.15123
2026-03-23 05:00:00,309.68243
2026-03-23 06:00:00,483.2945
2026-03-23 07:00:00,676.8031
2026-03-23 08:00:00,825.03546
2026-03-23 09:00:00,930.8474
2026-03-23 10:00:00,1180.3109
2026-03-23 11:00:00,789.52454
2026-03-23 12:00:00,591.19653
2026-03-23 13:00:00,39.83009
2026-03-23 14:00:00,29.8959
2026-03-23 15:00:00,29.381548
2026-03-23 16:00:00,25.583193
2026-03-23 17:00:00,21.568293
2026-03-23 18:00:00,22.147625
2026-03-23 19:00:00,19.829277
2026-03-23 20:00:00,21.58769
2026-03-23 21:00:00,22.043047
2026-03-23 22:00:00,23.012794
2026-03-23 23:00:00,22.460472
2026-03-24 00:00:00,24.213089
2026-03-24 01:00:00,24.039925
2026-03-24 02:00:00,42.90665
2026-03-24 03:00:00,128.99387
2026-03-24 04:00:00,413.48212
2026-03-24 05:00:00,1103.8939
2026-03-24 06:00:00,1398.9883
2026-03-24 07:00:00,1659.4797
2026-03-24 08:00:00,1976.2706
2026-03-24 09:00:00,2165.939
2026-03-24 10:00:00,2176.291
2026-03-24 11:00:00,2073.6526
2026-03-24 12:00:00,859.5101
2026-03-24 13:00:00,149.3784
2026-03-24 14:00:00,92.54572
2026-03-24 15:00:00,84.84902
2026-03-24 16:00:00,76.74504
2026-03-24 17:00:00,65.807304
2026-03-24 18:00:00,58.55364
2026-03-24 19:00:00,52.812958
2026-03-24 20:00:00,46.407978
2026-03-24 21:00:00,42.340347
2026-03-24 22:00:00,33.904137
2026-03-24 23:00:00,35.149273
2026-03-25 00:00:00,35.571255
2026-03-25 01:00:00,38.00217
2026-03-25 02:00:00,49.90182
2026-03-25 03:00:00,112.857414
2026-03-25 04:00:00,357.85077
2026-03-25 05:00:00,836.2678
2026-03-25 06:00:00,1040.9637
2026-03-25 07:00:00,1187.745
2026-03-25 08:00:00,1394.5175
2026-03-25 09:00:00,1741.1813
2026-03-25 10:00:00,2082.1729
2026-03-25 11:00:00,2006.0875
2026-03-25 12:00:00,268.69556
2026-03-25 13:00:00,75.473015
2026-03-25 14:00:00,52.36102
2026-03-25 15:00:00,57.16542
2026-03-25 16:00:00,64.06651
2026-03-25 17:00:00,69.778404
2026-03-25 18:00:00,65.09234
2026-03-25 19:00:00,56.692577
2026-03-25 20:00:00,47.266132
2026-03-25 21:00:00,45.730953
2026-03-25 22:00:00,77.45986
2026-03-25 23:00:00,83.75123
2026-03-26 00:00:00,73.4134
2026-03-26 01:00:00,35.53969
2026-03-26 02:00:00,31.965996
2026-03-26 03:00:00,106.64918
2026-03-26 04:00:00,206.39842
2026-03-26 05:00:00,404.1175
2026-03-26 06:00:00,943.02856
2026-03-26 07:00:00,1345.4357
2026-03-26 08:00:00,1762.3623
2026-03-26 09:00:00,1889.6858
2026-03-26 10:00:00,1617.3304
2026-03-26 11:00:00,298.4126
2026-03-26 12:00:00,206.2971
2026-03-26 13:00:00,129.92064
2026-03-26 14:00:00,104.34281
2026-03-26 15:00:00,91.52146
2026-03-26 16:00:00,79.97531
2026-03-26 17:00:00,70.80383
2026-03-26 18:00:00,63.82492
2026-03-26 19:00:00,64.96637
2026-03-26 20:00:00,84.07547
2026-03-26 21:00:00,119.67089
2026-03-26 22:00:00,156.92006
2026-03-26 23:00:00,167.68156
2026-03-27 00:00:00,178.45502
2026-03-27 01:00:00,194.25061
2026-03-27 02:00:00,265.50558
2026-03-27 03:00:00,343.433
2026-03-27 04:00:00,432.4936
2026-03-27 05:00:00,627.6424
2026-03-27 06:00:00,1002.0178
2026-03-27 07:00:00,1341.225
2026-03-27 08:00:00,1672.5074
2026-03-27 09:00:00,1799.6095
2026-03-27 10:00:00,1654.3862
2026-03-27 11:00:00,1721.5063
2026-03-27 12:00:00,635.0461
2026-03-27 13:00:00,100.377625
2026-03-27 14:00:00,71.247665
2026-03-27 15:00:00,68.44094
2026-03-27 16:00:00,52.263496
2026-03-27 17:00:00,40.78755
2026-03-27 18:00:00,39.838387
2026-03-27 19:00:00,44.006283
2026-03-27 20:00:00,43.075912
2026-03-27 21:00:00,39.250828
2026-03-27 22:00:00,39.4843
2026-03-27 23:00:00,40.75818
2026-03-28 00:00:00,34.661243
2026-03-28 01:00:00,30.005535
2026-03-28 02:00:00,43.832954
2026-03-28 03:00:00,118.286446
2026-03-28 04:00:00,419.33118
2026-03-28 05:00:00,1113.1656
2026-03-28 06:00:00,1352.58
2026-03-28 07:00:00,1524.836
2026-03-28 08:00:00,1697.9515
2026-03-28 09:00:00,1855.7621
2026-03-28 10:00:00,2048.3389
2026-03-28 11:00:00,2019.5244
2026-03-28 12:00:00,420.46524
2026-03-28 13:00:00,56.474106
2026-03-28 14:00:00,46.092934
2026-03-28 15:00:00,54.29498
2026-03-28 16:00:00,58.48884
2026-03-28 17:00:00,61.364902
2026-03-28 18:00:00,65.03358
2026-03-28 19:00:00,64.99135
2026-03-28 20:00:00,62.879227
2026-03-28 21:00:00,67.49209
2026-03-28 22:00:00,85.72977
2026-03-28 23:00:00,96.35012
2026-03-29 00:00:00,108.31693
2026-03-29 01:00:00,123.72542
2026-03-29 02:00:00,175.79965
2026-03-29 03:00:00,296.03552
2026-03-29 04:00:00,483.2518
2026-03-29 05:00:00,768.9766
2026-03-29 06:00:00,1135.3523
2026-03-29 07:00:00,1561.4886
2026-03-29 08:00:00,1964.4186
2026-03-29 09:00:00,2223.709
2026-03-29 10:00:00,2522.4058
2026-03-29 11:00:00,2207.3206
2026-03-29 12:00:00,225.85713
2026-03-29 13:00:00,217.41245
2026-03-29 14:00:00,259.5409
2026-03-29 15:00:00,305.39294
2026-03-29 16:00:00,298.85754
2026-03-29 17:00:00,213.36438
2026-03-29 18:00:00,126.55364
2026-03-29 19:00:00,85.969826
2026-03-29 20:00:00,71.3112
2026-03-29 21:00:00,60.646114
2026-03-29 22:00:00,40.594913
2026-03-29 23:00:00,38.399845
2026-03-30 00:00:00,39.246212
2026-03-30 01:00:00,44.687965
2026-03-30 02:00:00,65.10539
2026-03-30 03:00:00,128.43524
2026-03-30 04:00:00,241.83955
2026-03-30 05:00:00,415.9498
2026-03-30 06:00:00,704.1942
2026-03-30 07:00:00,1359.0088
2026-03-30 08:00:00,1804.7338
2026-03-30 09:00:00,1771.1494
2026-03-30 10:00:00,1065.5457
2026-03-30 11:00:00,794.7432
2026-03-30 12:00:00,570.63007
2026-03-30 13:00:00,396.4955
2026-03-30 14:00:00,227.70613
2026-03-30 15:00:00,115.81369
2026-03-30 16:00:00,60.205967
2026-03-30 17:00:00,63.007694
2026-03-30 18:00:00,61.72196
2026-03-30 19:00:00,47.22554
2026-03-30 20:00:00,65.51767
2026-03-30 21:00:00,77.84473
2026-03-30 22:00:00,44.654232
2026-03-30 23:00:00,45.126644
2026-03-31 00:00:00,46.158127
2026-03-31 01:00:00,47.54904
2026-03-31 02:00:00,77.81765
2026-03-31 03:00:00,169.94162
2026-03-31 04:00:00,383.3171
2026-03-31 05:00:00,754.9391
2026-03-31 06:00:00,1189.5847
2026-03-31 07:00:00,1512.7876
2026-03-31 08:00:00,1810.2566
2026-03-31 09:00:00,1906.8997
2026-03-31 10:00:00,1843.4789
2026-03-31 11:00:00,1353.0914
2026-03-31 12:00:00,546.3296
2026-03-31 13:00:00,61.801846
2026-03-31 14:00:00,47.892696
2026-03-31 15:00:00,104.712814
2026-03-31 16:00:00,146.80202
2026-03-31 17:00:00,150.17546
2026-03-31 18:00:00,131.52167
2026-03-31 19:00:00,121.82503
2026-03-31 20:00:00,117.60656
2026-03-31 21:00:00,119.67285
2026-03-31 22:00:00,110.52123
2026-03-31 23:00:00,74.73011
2026-04-01 00:00:00,50.621326
2026-04-01 01:00:00,40.730038
2026-04-01 02:00:00,74.911285
2026-04-01 03:00:00,181.12
2026-04-01 04:00:00,306.05902
2026-04-01 05:00:00,503.9709
2026-04-01 06:00:00,776.0875
2026-04-01 07:00:00,1001.6886
2026-04-01 08:00:00,1180.1863
2026-04-01 09:00:00,1548.3441
2026-04-01 10:00:00,1724.1509
2026-04-01 11:00:00,1293.098
2026-04-01 12:00:00,326.65067
2026-04-01 13:00:00,109.038124
2026-04-01 14:00:00,69.62022
2026-04-01 15:00:00,56.95692
2026-04-01 16:00:00,52.77351
2026-04-01 17:00:00,47.476654
2026-04-01 18:00:00,57.874706
2026-04-01 19:00:00,63.316456
2026-04-01 20:00:00,62.384098
2026-04-01 21:00:00,63.824146
2026-04-01 22:00:00,72.831665
2026-04-01 23:00:00,63.54216
2026-04-02 00:00:00,51.369083
2026-04-02 01:00:00,41.95238
2026-04-02 02:00:00,57.130405
2026-04-02 03:00:00,118.31263
2026-04-02 04:00:00,222.21657
2026-04-02 05:00:00,500.91382
2026-04-02 06:00:00,1053.9407
2026-04-02 07:00:00,1519.9081
2026-04-02 08:00:00,1755.6542
2026-04-02 09:00:00,1829.6218
2026-04-02 10:00:00,2373.848
2026-04-02 11:00:00,1979.7714
2026-04-02 12:00:00,521.0287
2026-04-02 13:00:00,64.80083
2026-04-02 14:00:00,37.578476
2026-04-02 15:00:00,27.812038
2026-04-02 16:00:00,26.192877
2026-04-02 17:00:00,27.883678
2026-04-02 18:00:00,28.741615
2026-04-02 19:00:00,30.584248
2026-04-02 20:00:00,34.992977
2026-04-02 21:00:00,40.870255
2026-04-02 22:00:00,151.4666
2026-04-02 23:00:00,285.03088
2026-04-03 00:00:00,384.0311
2026-04-03 01:00:00,419.66226
2026-04-03 02:00:00,418.42346
2026-04-03 03:00:00,417.80118
2026-04-03 04:00:00,481.7616
2026-04-03 05:00:00,531.4854
2026-04-03 06:00:00,652.7034
2026-04-03 07:00:00,981.57794
2026-04-03 08:00:00,1494.8191
2026-04-03 09:00:00,1639.1073
2026-04-03 10:00:00,1494.8411
2026-04-03 11:00:00,918.3455
2026-04-03 12:00:00,407.00854
2026-04-03 13:00:00,163.35994
2026-04-03 14:00:00,226.28717
2026-04-03 15:00:00,323.81958
2026-04-03 16:00:00,247.88
2026-04-03 17:00:00,170.33012
2026-04-03 18:00:00,144.1224
2026-04-03 19:00:00,138.4341
2026-04-03 20:00:00,133.3251
2026-04-03 21:00:00,118.174675
2026-04-03 22:00:00,126.362335
2026-04-03 23:00:00,102.4841
2026-04-04 00:00:00,79.35055
2026-04-04 01:00:00,80.40825
2026-04-04 02:00:00,108.741844
2026-04-04 03:00:00,169.43207
2026-04-04 04:00:00,296.78296
2026-04-04 05:00:00,480.85587
2026-04-04 06:00:00,842.8367
2026-04-04 07:00:00,1278.6177
2026-04-04 08:00:00,1574.9058
2026-04-04 09:00:00,1775.4531
2026-04-04 10:00:00,1380.071
2026-04-04 11:00:00,1327.5793
2026-04-04 12:00:00,667.23267
2026-04-04 13:00:00,170.77882
2026-04-04 14:00:00,98.015045
2026-04-04 15:00:00,63.043575
2026-04-04 16:00:00,50.052822
2026-04-04 17:00:00,40.681175
2026-04-04 18:00:00,49.744263
2026-04-04 19:00:00,64.71045
2026-04-04 20:00:00,72.560036
2026-04-04 21:00:00,71.997284
2026-04-04 22:00:00,43.06077
2026-04-04 23:00:00,47.731655
2026-04-05 00:00:00,61.525078
2026-04-05 01:00:00,61.075912
2026-04-05 02:00:00,130.29126
2026-04-05 03:00:00,237.73827
2026-04-05 04:00:00,414.38394
2026-04-05 05:00:00,680.7988
2026-04-05 06:00:00,1329.9725
2026-04-05 07:00:00,2165.9395
2026-04-05 08:00:00,2554.265
2026-04-05 09:00:00,2410.5913
2026-04-05 10:00:00,1508.2887
2026-04-05 11:00:00,1741.5465
2026-04-05 12:00:00,1526.905
2026-04-05 13:00:00,96.59351
2026-04-05 14:00:00,49.793034
2026-04-05 15:00:00,46.423485
2026-04-05 16:00:00,49.20579
2026-04-05 17:00:00,60.11238
2026-04-05 18:00:00,74.71244
2026-04-05 19:00:00,84.68137
2026-04-05 20:00:00,81.43333
2026-04-05 21:00:00,71.216805
2026-04-05 22:00:00,41.915474
2026-04-05 23:00:00,43.66252
2026-04-06 00:00:00,34.305073
2026-04-06 01:00:00,25.270985
2026-04-06 02:00:00,41.529522
2026-04-06 03:00:00,126.71426
2026-04-06 04:00:00,345.67075
2026-04-06 05:00:00,2079.4507
2026-04-06 06:00:00,2404.3381
2026-04-06 07:00:00,2584.3718
2026-04-06 08:00:00,2708.0603
2026-04-06 09:00:00,2788.5498
2026-04-06 10:00:00,3384.2957
2026-04-06 11:00:00,2788.5046
2026-04-06 12:00:00,1275.7655
2026-04-06 13:00:00,139.47122
2026-04-06 14:00:00,64.145546
2026-04-06 15:00:00,58.28001
2026-04-06 16:00:00,53.190086
2026-04-06 17:00:00,43.626495
2026-04-06 18:00:00,36.78117
2026-04-06 19:00:00,32.03813
2026-04-06 20:00:00,27.899092
2026-04-06 21:00:00,27.933582
2026-04-06 22:00:00,76.231155
2026-04-06 23:00:00,86.02734
2026-04-07 00:00:00,102.90398
2026-04-07 01:00:00,130.8159
2026-04-07 02:00:00,218.68211
2026-04-07 03:00:00,341.0807
2026-04-07 04:00:00,510.98987
2026-04-07 05:00:00,766.557
2026-04-07 06:00:00,1368.7286
2026-04-07 07:00:00,1709.2329
2026-04-07 08:00:00,2078.0303
2026-04-07 09:00:00,1473.3282
2026-04-07 10:00:00,341.8726
2026-04-07 11:00:00,283.8896
2026-04-07 12:00:00,334.75995
2026-04-07 13:00:00,293.59415
2026-04-07 14:00:00,227.85684
2026-04-07 15:00:00,217.27129
2026-04-07 16:00:00,227.71088
2026-04-07 17:00:00,243.12878
2026-04-07 18:00:00,320.55792
2026-04-07 19:00:00,386.88797
2026-04-07 20:00:00,390.34164
2026-04-07 21:00:00,360.76785
2026-04-07 22:00:00,138.86774
2026-04-07 23:00:00,135.659
2026-04-08 00:00:00,111.6564
2026-04-08 01:00:00,117.71662
2026-04-08 02:00:00,209.05078
2026-04-08 03:00:00,422.66992
2026-04-08 04:00:00,673.7953
2026-04-08 05:00:00,875.9038
2026-04-08 06:00:00,1126.0967
2026-04-08 07:00:00,1334.8964
2026-04-08 08:00:00,1528.3951
2026-04-08 09:00:00,1683.9877
2026-04-08 10:00:00,1481.5442
2026-04-08 11:00:00,985.75665
2026-04-08 12:00:00,810.1861
2026-04-08 13:00:00,225.19017
2026-04-08 14:00:00,204.70549
2026-04-08 15:00:00,234.88869
2026-04-08 16:00:00,214.31601
2026-04-08 17:00:00,180.25253
2026-04-08 18:00:00,165.79471
2026-04-08 19:00:00,173.76822
2026-04-08 20:00:00,188.17001
2026-04-08 21:00:00,190.15314
2026-04-08 22:00:00,182.73361
2026-04-08 23:00:00,142.67104
2026-04-09 00:00:00,110.21438
2026-04-09 01:00:00,85.65792
2026-04-09 02:00:00,160.63582
2026-04-09 03:00:00,258.326
2026-04-09 04:00:00,370.8358
2026-04-09 05:00:00,609.88727
2026-04-09 06:00:00,1717.1178
2026-04-09 07:00:00,2064.594
2026-04-09 08:00:00,2167.5122
2026-04-09 09:00:00,2255.3276
2026-04-09 10:00:00,2855.8245
2026-04-09 11:00:00,2758.1665
2026-04-09 12:00:00,702.15063
2026-04-09 13:00:00,76.04448
2026-04-09 14:00:00,59.22377
2026-04-09 15:00:00,77.111786
2026-04-09 16:00:00,102.70951
2026-04-09 17:00:00,115.68628
2026-04-09 18:00:00,123.66897
2026-04-09 19:00:00,121.66228
2026-04-09 20:00:00,112.09641
2026-04-09 21:00:00,101.964226
2026-04-09 22:00:00,70.13547
2026-04-09 23:00:00,80.37492
2026-04-10 00:00:00,111.27253
2026-04-10 01:00:00,156.4601
2026-04-10 02:00:00,274.86212
2026-04-10 03:00:00,530.31433
2026-04-10 04:00:00,835.25665
2026-04-10 05:00:00,1054.2274
2026-04-10 06:00:00,1222.1129
2026-04-10 07:00:00,1359.6212
2026-04-10 08:00:00,1453.3059
2026-04-10 09:00:00,1587.4922
2026-04-10 10:00:00,1980.4576
2026-04-10 11:00:00,1977.2472
2026-04-10 12:00:00,1676.7792
2026-04-10 13:00:00,472.20908
2026-04-10 14:00:00,254.71463
2026-04-10 15:00:00,221.5782
2026-04-10 16:00:00,228.05371
2026-04-10 17:00:00,257.31525
2026-04-10 18:00:00,255.1708
2026-04-10 19:00:00,257.96707
2026-04-10 20:00:00,264.40833
2026-04-10 21:00:00,266.98035
2026-04-10 22:00:00,182.75655
2026-04-10 23:00:00,147.18918
2026-04-11 00:00:00,147.59514
2026-04-11 01:00:00,177.97983
2026-04-11 02:00:00,298.62305
2026-04-11 03:00:00,454.60336
2026-04-11 04:00:00,716.3082
2026-04-11 05:00:00,951.6932
2026-04-11 06:00:00,1189.8086
2026-04-11 07:00:00,1586.6981
2026-04-11 08:00:00,1956.8384
2026-04-11 09:00:00,2151.3882
2026-04-11 10:00:00,2546.788
2026-04-11 11:00:00,2109.6587
2026-04-11 12:00:00,382.7006
2026-04-11 13:00:00,81.51956
2026-04-11 14:00:00,61.33766
2026-04-11 15:00:00,77.2381
2026-04-11 16:00:00,105.8121
2026-04-11 17:00:00,117.38146
2026-04-11 18:00:00,105.02503
2026-04-11 19:00:00,83.33912
2026-04-11 20:00:00,70.38825
2026-04-11 21:00:00,57.647163
2026-04-11 22:00:00,43.899628
2026-04-11 23:00:00,38.189083
2026-04-12 00:00:00,39.230793
2026-04-12 01:00:00,52.405865
2026-04-12 02:00:00,107.563156
2026-04-12 03:00:00,223.76096
2026-04-12 04:00:00,438.33496
2026-04-12 05:00:00,1305.5602
2026-04-12 06:00:00,1729.2936
2026-04-12 07:00:00,2031.112
2026-04-12 08:00:00,2233.941
2026-04-12 09:00:00,2366.8206
2026-04-12 10:00:00,2688.1406
2026-04-12 11:00:00,2739.86
2026-04-12 12:00:00,1202.8081
2026-04-12 13:00:00,157.25308
2026-04-12 14:00:00,107.092224
2026-04-12 15:00:00,115.70419
2026-04-12 16:00:00,115.956024
2026-04-12 17:00:00,104.08673
2026-04-12 18:00:00,91.66072
2026-04-12 19:00:00,84.21157
2026-04-12 20:00:00,91.63266
2026-04-12 21:00:00,94.45418
2026-04-12 22:00:00,82.609314
2026-04-12 23:00:00,71.57217
2026-04-13 00:00:00,67.50703
2026-04-13 01:00:00,54.41936
2026-04-13 02:00:00,88.182205
2026-04-13 03:00:00,228.39758
2026-04-13 04:00:00,513.9131
2026-04-13 05:00:00,1022.88477
2026-04-13 06:00:00,1447.4375
2026-04-13 07:00:00,1853.3224
2026-04-13 08:00:00,2099.2246
2026-04-13 09:00:00,2224.4026
2026-04-13 10:00:00,2303.5112
2026-04-13 11:00:00,2286.5356
2026-04-13 12:00:00,702.45416
2026-04-13 13:00:00,98.4794
2026-04-13 14:00:00,57.998886
2026-04-13 15:00:00,53.88389
2026-04-13 16:00:00,60.567783
2026-04-13 17:00:00,74.226585
2026-04-13 18:00:00,81.192116
2026-04-13 19:00:00,82.69334
2026-04-13 20:00:00,79.89211
2026-04-13 21:00:00,71.26035
2026-04-13 22:00:00,69.07583
2026-04-13 23:00:00,45.76025
2026-04-14 00:00:00,33.128143
2026-04-14 01:00:00,26.061844
2026-04-14 02:00:00,44.590805
2026-04-14 03:00:00,154.08456
2026-04-14 04:00:00,304.03226
2026-04-14 05:00:00,614.61414
2026-04-14 06:00:00,1249.4347
2026-04-14 07:00:00,1632.5688
2026-04-14 08:00:00,1881.6216
2026-04-14 09:00:00,2099.3484
2026-04-14 10:00:00,2413.9368
2026-04-14 11:00:00,2325.6218
2026-04-14 12:00:00,316.28418
2026-04-14 13:00:00,81.45059
2026-04-14 14:00:00,63.358997
2026-04-14 15:00:00,71.55445
2026-04-14 16:00:00,69.100334
2026-04-14 17:00:00,62.57635
2026-04-14 18:00:00,60.64918
2026-04-14 19:00:00,60.15655
2026-04-14 20:00:00,59.56536
2026-04-14 21:00:00,56.08249
2026-04-14 22:00:00,46.963223
2026-04-14 23:00:00,37.82669
2026-04-15 00:00:00,38.04369
2026-04-15 01:00:00,39.217884
2026-04-15 02:00:00,61.859356
2026-04-15 03:00:00,146.19327
2026-04-15 04:00:00,310.83548
2026-04-15 05:00:00,614.65936
2026-04-15 06:00:00,1027.3657
2026-04-15 07:00:00,1839.3677
2026-04-15 08:00:00,3318.6729
2026-04-15 09:00:00,3429.255
2026-04-15 10:00:00,3710.7153
2026-04-15 11:00:00,3743.1165
2026-04-15 12:00:00,878.93805
2026-04-15 13:00:00,96.21572
2026-04-15 14:00:00,50.861374
2026-04-15 15:00:00,40.953716
2026-04-15 16:00:00,37.040863
2026-04-15 17:00:00,34.740265
2026-04-15 18:00:00,33.614044
2026-04-15 19:00:00,33.924545
2026-04-15 20:00:00,34.01729
2026-04-15 21:00:00,32.825974
2026-04-15 22:00:00,32.592297
2026-04-15 23:00:00,24.76118
2026-04-16 00:00:00,18.857763
2026-04-16 01:00:00,17.92536
2026-04-16 02:00:00,28.068977
2026-04-16 03:00:00,96.330956
2026-04-16 04:00:00,253.15553
2026-04-16 05:00:00,745.1202
2026-04-16 06:00:00,1318.7156
2026-04-16 07:00:00,2353.2046
2026-04-16 08:00:00,3456.962
2026-04-16 09:00:00,3707.1526
2026-04-16 10:00:00,3648.9546
2026-04-16 11:00:00,3629.7534
2026-04-16 12:00:00,507.67578
2026-04-16 13:00:00,48.96347
2026-04-16 14:00:00,38.858585
2026-04-16 15:00:00,48.612133
2026-04-16 16:00:00,59.415726
2026-04-16 17:00:00,49.82209
2026-04-16 18:00:00,33.57034
2026-04-16 19:00:00,24.77882
2026-04-16 20:00:00,20.38894
2026-04-16 21:00:00,23.52587
2026-04-16 22:00:00,32.815235
2026-04-16 23:00:00,29.555565
2026-04-17 00:00:00,28.31559
2026-04-17 01:00:00,26.525162
2026-04-17 02:00:00,44.63968
2026-04-17 03:00:00,138.91162
2026-04-17 04:00:00,328.7359
2026-04-17 05:00:00,660.88
2026-04-17 06:00:00,1197.7922
2026-04-17 07:00:00,2085.1453
2026-04-17 08:00:00,2801.3813
2026-04-17 09:00:00,3046.3203
2026-04-17 10:00:00,2039.2794
2026-04-17 11:00:00,1030.8887
2026-04-17 12:00:00,703.5701
2026-04-17 13:00:00,434.03378
2026-04-17 14:00:00,255.24928
2026-04-17 15:00:00,153.19989
2026-04-17 16:00:00,84.64003
2026-04-17 17:00:00,55.05391
2026-04-17 18:00:00,44.14857
2026-04-17 19:00:00,35.797832
2026-04-17 20:00:00,25.641396
2026-04-17 21:00:00,18.241508
2026-04-17 22:00:00,32.930786
2026-04-17 23:00:00,36.786144
2026-04-18 00:00:00,39.38792
2026-04-18 01:00:00,43.156845
2026-04-18 02:00:00,79.65401
2026-04-18 03:00:00,182.03893
2026-04-18 04:00:00,371.1038
2026-04-18 05:00:00,691.9598
2026-04-18 06:00:00,1189.0543
2026-04-18 07:00:00,1733.5396
2026-04-18 08:00:00,2117.0854
2026-04-18 09:00:00,2460.8748
2026-04-18 10:00:00,2354.9758
2026-04-18 11:00:00,2609.816
2026-04-18 12:00:00,425.6352
2026-04-18 13:00:00,49.703983
2026-04-18 14:00:00,31.522524
2026-04-18 15:00:00,37.081066
2026-04-18 16:00:00,41.944828
2026-04-18 17:00:00,44.08562
2026-04-18 18:00:00,48.582348
2026-04-18 19:00:00,49.349434
2026-04-18 20:00:00,44.65969
2026-04-18 21:00:00,40.140137
2026-04-18 22:00:00,53.011993
2026-04-18 23:00:00,51.88655
2026-04-19 00:00:00,47.485424
2026-04-19 01:00:00,43.32017
2026-04-19 02:00:00,63.084854
2026-04-19 03:00:00,119.448875
2026-04-19 04:00:00,266.70288
2026-04-19 05:00:00,588.0944
2026-04-19 06:00:00,1678.8605
2026-04-19 07:00:00,2727.27
2026-04-19 08:00:00,3377.166
2026-04-19 09:00:00,3412.76
2026-04-19 10:00:00,2673.0278
2026-04-19 11:00:00,3003.115
2026-04-19 12:00:00,639.98883
2026-04-19 13:00:00,105.9314
2026-04-19 14:00:00,57.450138
2026-04-19 15:00:00,45.618687
2026-04-19 16:00:00,51.452675
2026-04-19 17:00:00,69.64316
2026-04-19 18:00:00,86.34927
2026-04-19 19:00:00,88.814064
2026-04-19 20:00:00,84.16427
2026-04-19 21:00:00,81.19212
2026-04-19 22:00:00,126.100235
2026-04-19 23:00:00,105.61041
2026-04-20 00:00:00,94.88272
2026-04-20 01:00:00,96.99808
2026-04-20 02:00:00,151.47275
2026-04-20 03:00:00,239.70522
2026-04-20 04:00:00,375.0453
2026-04-20 05:00:00,867.43964
2026-04-20 06:00:00,2422.4973
2026-04-20 07:00:00,3309.2876
2026-04-20 08:00:00,3579.1575
2026-04-20 09:00:00,3672.651
2026-04-20 10:00:00,3319.7212
2026-04-20 11:00:00,3457.3862
2026-04-20 12:00:00,2163.884
2026-04-20 13:00:00,263.89673
2026-04-20 14:00:00,139.54932
2026-04-20 15:00:00,113.29896
2026-04-20 16:00:00,104.1692
2026-04-20 17:00:00,98.70027
2026-04-20 18:00:00,96.65647
2026-04-20 19:00:00,100.2371
2026-04-20 20:00:00,116.72688
2026-04-20 21:00:00,130.45538
2026-04-20 22:00:00,86.70336
2026-04-20 23:00:00,75.30281
2026-04-21 00:00:00,68.84491
2026-04-21 01:00:00,68.185905
2026-04-21 02:00:00,109.70376
2026-04-21 03:00:00,239.4981
2026-04-21 04:00:00,492.88437
2026-04-21 05:00:00,1638.7911
2026-04-21 06:00:00,2984.8296
2026-04-21 07:00:00,3265.3672
2026-04-21 08:00:00,3411.1226
2026-04-21 09:00:00,3575.248
2026-04-21 10:00:00,3555.498
2026-04-21 11:00:00,3566.1582
2026-04-21 12:00:00,3210.29
2026-04-21 13:00:00,254.39444
2026-04-21 14:00:00,102.95132
2026-04-21 15:00:00,82.71611
2026-04-21 16:00:00,77.30461
2026-04-21 17:00:00,74.18881
2026-04-21 18:00:00,71.82387
2026-04-21 19:00:00,69.95611
2026-04-21 20:00:00,65.25802
2026-04-21 21:00:00,54.23772
2026-04-21 22:00:00,60.88602
2026-04-21 23:00:00,54.45012
2026-04-22 00:00:00,57.17102
2026-04-22 01:00:00,69.47933
2026-04-22 02:00:00,121.49844
2026-04-22 03:00:00,240.17004
2026-04-22 04:00:00,536.90674
2026-04-22 05:00:00,1468.2706
2026-04-22 06:00:00,2482.0576
2026-04-22 07:00:00,2955.8938
2026-04-22 08:00:00,3131.0325
2026-04-22 09:00:00,3254.5198
2026-04-22 10:00:00,3144.0774
2026-04-22 11:00:00,3110.41
2026-04-22 12:00:00,2447.6924
2026-04-22 13:00:00,143.10655
2026-04-22 14:00:00,62.606865
2026-04-22 15:00:00,46.242035
2026-04-22 16:00:00,41.449238
2026-04-22 17:00:00,45.602196
2026-04-22 18:00:00,62.006737
2026-04-22 19:00:00,87.61845
2026-04-22 20:00:00,102.5017
2026-04-22 21:00:00,103.63232
2026-04-22 22:00:00,137.3279
2026-04-22 23:00:00,166.96584
2026-04-23 00:00:00,180.02107
2026-04-23 01:00:00,187.79951
2026-04-23 02:00:00,238.7631
2026-04-23 03:00:00,311.60138
2026-04-23 04:00:00,430.42853
2026-04-23 05:00:00,694.80164
2026-04-23 06:00:00,2242.6545
2026-04-23 07:00:00,3497.752
2026-04-23 08:00:00,3637.9316
2026-04-23 09:00:00,3702.646
2026-04-23 10:00:00,3344.0947
2026-04-23 11:00:00,3280.008
2026-04-23 12:00:00,2116.087
2026-04-23 13:00:00,65.75674
2026-04-23 14:00:00,38.990166
2026-04-23 15:00:00,42.106346
2026-04-23 16:00:00,46.66903
2026-04-23 17:00:00,52.959717
2026-04-23 18:00:00,57.580597
2026-04-23 19:00:00,60.34801
2026-04-23 20:00:00,65.78934
2026-04-23 21:00:00,80.846535
2026-04-23 22:00:00,109.61691
2026-04-23 23:00:00,118.98368
2026-04-24 00:00:00,104.275665
2026-04-24 01:00:00,94.68395
2026-04-24 02:00:00,132.61133
2026-04-24 03:00:00,205.79173
2026-04-24 04:00:00,328.75073
2026-04-24 05:00:00,566.4232
2026-04-24 06:00:00,2133.5896
2026-04-24 07:00:00,3315.3428
2026-04-24 08:00:00,3654.059
2026-04-24 09:00:00,3804.3508
2026-04-24 10:00:00,3890.2063
2026-04-24 11:00:00,3112.0537
2026-04-24 12:00:00,292.89417
2026-04-24 13:00:00,51.139862
2026-04-24 14:00:00,39.547615
2026-04-24 15:00:00,38.605907
2026-04-24 16:00:00,38.672325
2026-04-24 17:00:00,44.14235
2026-04-24 18:00:00,54.718685
2026-04-24 19:00:00,65.013
2026-04-24 20:00:00,75.430824
2026-04-24 21:00:00,76.30999
2026-04-24 22:00:00,66.25618
2026-04-24 23:00:00,55.016792
2026-04-25 00:00:00,46.898335
2026-04-25 01:00:00,47.479904
2026-04-25 02:00:00,87.109924
2026-04-25 03:00:00,184.79681
2026-04-25 04:00:00,357.88663
2026-04-25 05:00:00,1075.0917
2026-04-25 06:00:00,1981.1583
2026-04-25 07:00:00,3354.878
2026-04-25 08:00:00,3590.815
2026-04-25 09:00:00,3674.65
2026-04-25 10:00:00,3750.8984
2026-04-25 11:00:00,3286.4434
2026-04-25 12:00:00,1195.1505
2026-04-25 13:00:00,302.02548
2026-04-25 14:00:00,133.16106
2026-04-25 15:00:00,86.12504
2026-04-25 16:00:00,83.59326
2026-04-25 17:00:00,88.067184
2026-04-25 18:00:00,108.27195
2026-04-25 19:00:00,132.23825
2026-04-25 20:00:00,132.89885
2026-04-25 21:00:00,114.05765
2026-04-25 22:00:00,56.83454
2026-04-25 23:00:00,62.065712
2026-04-26 00:00:00,67.43219
2026-04-26 01:00:00,80.15237
2026-04-26 02:00:00,149.01004
2026-04-26 03:00:00,294.7876
2026-04-26 04:00:00,608.63513
2026-04-26 05:00:00,1470.1681
2026-04-26 06:00:00,2392.7002
2026-04-26 07:00:00,3156.1462
2026-04-26 08:00:00,3307.2888
2026-04-26 09:00:00,3404.526
2026-04-26 10:00:00,4072.461
2026-04-26 11:00:00,4044.249
2026-04-26 12:00:00,2475.4597
2026-04-26 13:00:00,392.01633
2026-04-26 14:00:00,188.69917
2026-04-26 15:00:00,117.52892
2026-04-26 16:00:00,88.54068
2026-04-26 17:00:00,88.214485
2026-04-26 18:00:00,93.631
2026-04-26 19:00:00,84.09076
2026-04-26 20:00:00,70.58253
2026-04-26 21:00:00,57.004826
2026-04-26 22:00:00,51.87769
2026-04-26 23:00:00,54.927933
2026-04-27 00:00:00,54.861046
2026-04-27 01:00:00,50.990223
2026-04-27 02:00:00,76.44639
2026-04-27 03:00:00,173.98871
2026-04-27 04:00:00,404.34164
2026-04-27 05:00:00,963.88275
2026-04-27 06:00:00,1629.3477
2026-04-27 07:00:00,2099.2256
2026-04-27 08:00:00,2818.2898
2026-04-27 09:00:00,3614.6123
2026-04-27 10:00:00,3861.2888
2026-04-27 11:00:00,3516.9094
2026-04-27 12:00:00,2265.7961
2026-04-27 13:00:00,660.4191
2026-04-27 14:00:00,347.61365
2026-04-27 15:00:00,284.86023
2026-04-27 16:00:00,288.5449
2026-04-27 17:00:00,280.45258
2026-04-27 18:00:00,275.77246
2026-04-27 19:00:00,221.85712
2026-04-27 20:00:00,150.409
2026-04-27 21:00:00,106.45348
2026-04-27 22:00:00,177.16864
2026-04-27 23:00:00,154.21182
2026-04-28 00:00:00,127.96185
2026-04-28 01:00:00,136.88898
2026-04-28 02:00:00,275.50974
2026-04-28 03:00:00,588.67316
2026-04-28 04:00:00,962.96014
2026-04-28 05:00:00,1387.4911
2026-04-28 06:00:00,1868.9817
2026-04-28 07:00:00,2442.3867
2026-04-28 08:00:00,2845.122
2026-04-28 09:00:00,3045.7847
2026-04-28 10:00:00,1869.3793
2026-04-28 11:00:00,1094.555
2026-04-28 12:00:00,642.4641
2026-04-28 13:00:00,187.53995
2026-04-28 14:00:00,107.31679
2026-04-28 15:00:00,131.98534
2026-04-28 16:00:00,139.21945
2026-04-28 17:00:00,121.86001
2026-04-28 18:00:00,93.51674
2026-04-28 19:00:00,67.34266
2026-04-28 20:00:00,41.581467
2026-04-28 21:00:00,32.441353
2026-04-28 22:00:00,31.163776
2026-04-28 23:00:00,54.09292
2026-04-29 00:00:00,73.6149
2026-04-29 01:00:00,71.22036
2026-04-29 02:00:00,114.94692
2026-04-29 03:00:00,281.72934
2026-04-29 04:00:00,597.6992
2026-04-29 05:00:00,1098.9042
2026-04-29 06:00:00,1728.927
2026-04-29 07:00:00,2266.055
2026-04-29 08:00:00,2666.4978
2026-04-29 09:00:00,2880.5393
2026-04-29 10:00:00,2640.5667
2026-04-29 11:00:00,2214.1282
2026-04-29 12:00:00,1517.9581
2026-04-29 13:00:00,139.34033
2026-04-29 14:00:00,83.517166
2026-04-29 15:00:00,79.04571
2026-04-29 16:00:00,75.408
2026-04-29 17:00:00,61.324196
2026-04-29 18:00:00,45.054127
2026-04-29 19:00:00,34.54352
2026-04-29 20:00:00,35.02926
2026-04-29 21:00:00,43.372925
2026-04-29 22:00:00,65.833565
2026-04-29 23:00:00,69.7363
2026-04-30 00:00:00,49.798706
2026-04-30 01:00:00,45.865234
2026-04-30 02:00:00,121.30923
2026-04-30 03:00:00,360.24814
2026-04-30 04:00:00,770.05945
2026-04-30 05:00:00,1515.4258
2026-04-30 06:00:00,2142.5295
2026-04-30 07:00:00,2542.1086
2026-04-30 08:00:00,2939.8672
2026-04-30 09:00:00,3199.2876
2026-04-30 10:00:00,2061.7715
2026-04-30 11:00:00,1397.3003
2026-04-30 12:00:00,533.6987
2026-04-30 13:00:00,410.57336
2026-04-30 14:00:00,358.96753
2026-04-30 15:00:00,350.86536
2026-04-30 16:00:00,321.08374
2026-04-30 17:00:00,307.91
2026-04-30 18:00:00,342.75647
2026-04-30 19:00:00,382.5583
2026-04-30 20:00:00,403.94632
2026-04-30 21:00:00,419.89157
2026-04-30 22:00:00,422.32397
2026-04-30 23:00:00,363.75555
2026-05-01 00:00:00,298.46112
2026-05-01 01:00:00,309.36618
2026-05-01 02:00:00,411.23315
2026-05-01 03:00:00,551.45
2026-05-01 04:00:00,709.813
2026-05-01 05:00:00,908.88306
2026-05-01 06:00:00,1143.8129
2026-05-01 07:00:00,1389.522
2026-05-01 08:00:00,1654.6907
2026-05-01 09:00:00,1892.3253
2026-05-01 10:00:00,1838.115
2026-05-01 11:00:00,1734.7303
2026-05-01 12:00:00,1436.2646
2026-05-01 13:00:00,120.82203
2026-05-01 14:00:00,63.4098
2026-05-01 15:00:00,81.420364
2026-05-01 16:00:00,107.036804
2026-05-01 17:00:00,123.43881
2026-05-01 18:00:00,133.9912
2026-05-01 19:00:00,144.02785
2026-05-01 20:00:00,153.76863
2026-05-01 21:00:00,167.7915
2026-05-01 22:00:00,133.40814
2026-05-01 23:00:00,140.90683
2026-05-02 00:00:00,144.4598
2026-05-02 01:00:00,177.85883
2026-05-02 02:00:00,252.12798
2026-05-02 03:00:00,361.00128
2026-05-02 04:00:00,568.3106
2026-05-02 05:00:00,876.54767
2026-05-02 06:00:00,1262.7697
2026-05-02 07:00:00,1550.6685
2026-05-02 08:00:00,1858.1095
2026-05-02 09:00:00,2214.9512
2026-05-02 10:00:00,2619.6057
2026-05-02 11:00:00,2659.0413
2026-05-02 12:00:00,2320.2803
2026-05-02 13:00:00,142.54129
2026-05-02 14:00:00,156.76704
2026-05-02 15:00:00,152.76854
2026-05-02 16:00:00,119.51691
2026-05-02 17:00:00,106.99396
2026-05-02 18:00:00,111.35776
2026-05-02 19:00:00,120.95268
2026-05-02 20:00:00,123.76981
2026-05-02 21:00:00,126.549095
2026-05-02 22:00:00,113.963905
2026-05-02 23:00:00,128.56456
2026-05-03 00:00:00,145.35858
2026-05-03 01:00:00,191.85707
2026-05-03 02:00:00,296.46304
2026-05-03 03:00:00,449.14548
2026-05-03 04:00:00,685.90936
2026-05-03 05:00:00,985.3396
2026-05-03 06:00:00,1293.9489
2026-05-03 07:00:00,1508.3405
2026-05-03 08:00:00,1670.0726
2026-05-03 09:00:00,1786.2662
2026-05-03 10:00:00,1684.717
2026-05-03 11:00:00,1514.9073
2026-05-03 12:00:00,1162.1317
2026-05-03 13:00:00,414.81763
2026-05-03 14:00:00,247.32768
2026-05-03 15:00:00,362.68216
2026-05-03 16:00:00,438.11078
2026-05-03 17:00:00,464.48114
2026-05-03 18:00:00,458.6256
2026-05-03 19:00:00,462.73526
2026-05-03 20:00:00,469.0451
2026-05-03 21:00:00,429.12723
2026-05-03 22:00:00,373.26913
2026-05-03 23:00:00,424.16467
2026-05-04 00:00:00,417.61194
2026-05-04 01:00:00,414.27567
2026-05-04 02:00:00,458.31116
2026-05-04 03:00:00,554.3219
2026-05-04 04:00:00,718.4835
2026-05-04 05:00:00,987.2103
2026-05-04 06:00:00,1243.3335
2026-05-04 07:00:00,1412.394
2026-05-04 08:00:00,1536.7496
2026-05-04 09:00:00,1610.9141
2026-05-04 10:00:00,1264.1815
2026-05-04 11:00:00,1145.5336
2026-05-04 12:00:00,1022.80334
2026-05-04 13:00:00,885.7605
2026-05-04 14:00:00,691.9735
2026-05-04 15:00:00,613.0796
2026-05-04 16:00:00,481.922
2026-05-04 17:00:00,340.51007
2026-05-04 18:00:00,205.32513
2026-05-04 19:00:00,172.0982
2026-05-04 20:00:00,153.75961
2026-05-04 21:00:00,162.53365
2026-05-04 22:00:00,192.90009
2026-05-04 23:00:00,235.14908
2026-05-05 00:00:00,288.65662
2026-05-05 01:00:00,302.00726
2026-05-05 02:00:00,398.63242
2026-05-05 03:00:00,559.5539
2026-05-05 04:00:00,808.2576
2026-05-05 05:00:00,1157.6394
2026-05-05 06:00:00,1456.6226
2026-05-05 07:00:00,1508.1556
2026-05-05 08:00:00,1290.7483
2026-05-05 09:00:00,1022.9493
2026-05-05 10:00:00,826.9486
2026-05-05 11:00:00,781.47906
2026-05-05 12:00:00,770.32947
2026-05-05 13:00:00,380.17346
2026-05-05 14:00:00,165.01152
2026-05-05 15:00:00,194.4089
2026-05-05 16:00:00,185.01137
2026-05-05 17:00:00,143.17108
2026-05-05 18:00:00,94.741516
2026-05-05 19:00:00,59.7746
2026-05-05 20:00:00,38.435383
2026-05-05 21:00:00,28.135595
2026-05-05 22:00:00,21.52129
2026-05-05 23:00:00,16.290981
2026-05-06 00:00:00,20.92551
2026-05-06 01:00:00,32.51625
2026-05-06 02:00:00,136.63408
2026-05-06 03:00:00,342.53433
2026-05-06 04:00:00,798.42664
2026-05-06 05:00:00,1300.0602
2026-05-06 06:00:00,1661.7628
2026-05-06 07:00:00,1947.0253
2026-05-06 08:00:00,2205.837
2026-05-06 09:00:00,2385.4573
2026-05-06 10:00:00,2515.9546
2026-05-06 11:00:00,2554.1323
2026-05-06 12:00:00,2203.4988
2026-05-06 13:00:00,54.09242
2026-05-06 14:00:00,51.843143
2026-05-06 15:00:00,79.53511
2026-05-06 16:00:00,81.21844
2026-05-06 17:00:00,76.29993
2026-05-06 18:00:00,82.63833
2026-05-06 19:00:00,84.42539
2026-05-06 20:00:00,84.62878
2026-05-06 21:00:00,83.65736
2026-05-06 22:00:00,163.78835
2026-05-06 23:00:00,256.8152
2026-05-07 00:00:00,316.43497
2026-05-07 01:00:00,337.51898
2026-05-07 02:00:00,375.15485
2026-05-07 03:00:00,484.25253
2026-05-07 04:00:00,694.2569
2026-05-07 05:00:00,983.9068
2026-05-07 06:00:00,1287.3955
2026-05-07 07:00:00,1510.7697
2026-05-07 08:00:00,1715.6931
2026-05-07 09:00:00,1886.3599
2026-05-07 10:00:00,1782.4756
2026-05-07 11:00:00,1609.0292
2026-05-07 12:00:00,1436.5934
2026-05-07 13:00:00,826.7244
2026-05-07 14:00:00,496.52747
2026-05-07 15:00:00,415.11185
2026-05-07 16:00:00,366.66077
2026-05-07 17:00:00,327.2861
2026-05-07 18:00:00,282.51678
2026-05-07 19:00:00,243.16913
2026-05-07 20:00:00,207.79568
2026-05-07 21:00:00,198.92444
2026-05-07 22:00:00,186.67252
2026-05-07 23:00:00,211.01372
2026-05-08 00:00:00,257.00476
2026-05-08 01:00:00,321.30563
2026-05-08 02:00:00,439.7554
2026-05-08 03:00:00,579.1838
2026-05-08 04:00:00,776.7445
2026-05-08 05:00:00,1056.5028
2026-05-08 06:00:00,1339.213
2026-05-08 07:00:00,1620.2751
2026-05-08 08:00:00,1820.5713
2026-05-08 09:00:00,1934.8517
2026-05-08 10:00:00,1948.7228
2026-05-08 11:00:00,1865.8839
2026-05-08 12:00:00,1708.086
2026-05-08 13:00:00,370.57715
2026-05-08 14:00:00,271.06775
2026-05-08 15:00:00,277.33536
2026-05-08 16:00:00,227.12381
2026-05-08 17:00:00,172.36874
2026-05-08 18:00:00,124.715775
2026-05-08 19:00:00,104.87743
2026-05-08 20:00:00,94.89
2026-05-08 21:00:00,94.09999
2026-05-08 22:00:00,123.69528
2026-05-08 23:00:00,129.93222
2026-05-09 00:00:00,141.61774
2026-05-09 01:00:00,186.59236
2026-05-09 02:00:00,305.85632
2026-05-09 03:00:00,439.52945
2026-05-09 04:00:00,789.60736
2026-05-09 05:00:00,1277.5469
2026-05-09 06:00:00,1725.9438
2026-05-09 07:00:00,1978.0034
2026-05-09 08:00:00,2162.7236
2026-05-09 09:00:00,2311.7146
2026-05-09 10:00:00,2343.221
2026-05-09 11:00:00,2302.804
2026-05-09 12:00:00,1970.5679
2026-05-09 13:00:00,326.5724
2026-05-09 14:00:00,240.27197
2026-05-09 15:00:00,270.8641
2026-05-09 16:00:00,258.5012
2026-05-09 17:00:00,221.76096
2026-05-09 18:00:00,166.63492
2026-05-09 19:00:00,125.01817
2026-05-09 20:00:00,112.59561
2026-05-09 21:00:00,114.450226
2026-05-09 22:00:00,159.14616
2026-05-09 23:00:00,168.55844
2026-05-10 00:00:00,164.15407
2026-05-10 01:00:00,177.23488
2026-05-10 02:00:00,294.50067
2026-05-10 03:00:00,479.13806
2026-05-10 04:00:00,1072.2886
2026-05-10 05:00:00,1541.0189
2026-05-10 06:00:00,1811.8569
2026-05-10 07:00:00,2071.0671
2026-05-10 08:00:00,2261.3975
2026-05-10 09:00:00,2300.982
2026-05-10 10:00:00,2156.5076
2026-05-10 11:00:00,2068.6562
2026-05-10 12:00:00,1864.4059
2026-05-10 13:00:00,235.65118
2026-05-10 14:00:00,148.53485
2026-05-10 15:00:00,171.55855
2026-05-10 16:00:00,169.16077
2026-05-10 17:00:00,159.0149
2026-05-10 18:00:00,180.114
2026-05-10 19:00:00,210.79088
2026-05-10 20:00:00,229.22585
2026-05-10 21:00:00,238.4562
2026-05-10 22:00:00,266.56894
2026-05-10 23:00:00,242.75172
2026-05-11 00:00:00,209.10562
2026-05-11 01:00:00,244.77498
2026-05-11 02:00:00,365.84177
2026-05-11 03:00:00,516.57837
2026-05-11 04:00:00,812.1805
2026-05-11 05:00:00,1290.0377
2026-05-11 06:00:00,1607.5759
2026-05-11 07:00:00,1796.2903
2026-05-11 08:00:00,1997.7227
2026-05-11 09:00:00,2168.6572
2026-05-11 10:00:00,1995.1008
2026-05-11 11:00:00,1952.2805
2026-05-11 12:00:00,1717.8232
2026-05-11 13:00:00,201.22127
2026-05-11 14:00:00,70.71365
2026-05-11 15:00:00,56.285458
2026-05-11 16:00:00,54.73416
2026-05-11 17:00:00,65.39529
2026-05-11 18:00:00,80.17377
2026-05-11 19:00:00,100.14043
2026-05-11 20:00:00,116.907005
2026-05-11 21:00:00,132.05522
2026-05-11 22:00:00,262.92682
2026-05-11 23:00:00,272.147
2026-05-12 00:00:00,262.52765
2026-05-12 01:00:00,258.19653
2026-05-12 02:00:00,336.65173
2026-05-12 03:00:00,396.18335
2026-05-12 04:00:00,625.3808
2026-05-12 05:00:00,1079.2906
2026-05-12 06:00:00,1374.9111
2026-05-12 07:00:00,1615.4745
2026-05-12 08:00:00,1848.4109
2026-05-12 09:00:00,2114.8005
2026-05-12 10:00:00,1220.8884
2026-05-12 11:00:00,1225.2996
2026-05-12 12:00:00,1083.6151
2026-05-12 13:00:00,631.4011
2026-05-12 14:00:00,219.4638
2026-05-12 15:00:00,244.86324
2026-05-12 16:00:00,275.32947
2026-05-12 17:00:00,239.8707
2026-05-12 18:00:00,199.02817
2026-05-12 19:00:00,177.10497
2026-05-12 20:00:00,175.25853
2026-05-12 21:00:00,178.51164
2026-05-12 22:00:00,201.24266
2026-05-12 23:00:00,208.64517
2026-05-13 00:00:00,216.68849
2026-05-13 01:00:00,239.19452
2026-05-13 02:00:00,301.58722
2026-05-13 03:00:00,395.1322
2026-05-13 04:00:00,559.8434
2026-05-13 05:00:00,804.3814
2026-05-13 06:00:00,1109.9504
2026-05-13 07:00:00,1400.7872
2026-05-13 08:00:00,1701.8025
2026-05-13 09:00:00,2198.333
2026-05-13 10:00:00,1428.1125
2026-05-13 11:00:00,1494.436
2026-05-13 12:00:00,1219.2002
2026-05-13 13:00:00,82.569756
2026-05-13 14:00:00,39.155712
2026-05-13 15:00:00,53.623726
2026-05-13 16:00:00,118.92314
2026-05-13 17:00:00,153.65218
2026-05-13 18:00:00,133.06555
2026-05-13 19:00:00,73.81594
2026-05-13 20:00:00,40.811676
2026-05-13 21:00:00,45.422977
2026-05-13 22:00:00,40.819477
2026-05-13 23:00:00,38.48021
2026-05-14 00:00:00,46.996395
2026-05-14 01:00:00,77.48935
2026-05-14 02:00:00,178.5337
2026-05-14 03:00:00,324.3161
2026-05-14 04:00:00,593.7269
2026-05-14 05:00:00,984.8886
2026-05-14 06:00:00,1489.537
2026-05-14 07:00:00,1915.7996
2026-05-14 08:00:00,2332.5608
2026-05-14 09:00:00,2704.3484
2026-05-14 10:00:00,1808.5295
2026-05-14 11:00:00,1952.5074
2026-05-14 12:00:00,707.3633
2026-05-14 13:00:00,162.77332
2026-05-14 14:00:00,55.49214
2026-05-14 15:00:00,39.354927
2026-05-14 16:00:00,36.593185
2026-05-14 17:00:00,36.138702
2026-05-14 18:00:00,39.080833
2026-05-14 19:00:00,40.03887
2026-05-14 20:00:00,38.65309
2026-05-14 21:00:00,36.996857
2026-05-14 22:00:00,52.554317
2026-05-14 23:00:00,73.59283
2026-05-15 00:00:00,63.739918
2026-05-15 01:00:00,76.62867
2026-05-15 02:00:00,164.2676
2026-05-15 03:00:00,360.82117
2026-05-15 04:00:00,702.7902
2026-05-15 05:00:00,1054.9615
2026-05-15 06:00:00,1484.3406
2026-05-15 07:00:00,2015.4144
2026-05-15 08:00:00,2461.7332
2026-05-15 09:00:00,2673.6882
2026-05-15 10:00:00,2683.1873
2026-05-15 11:00:00,2229.8557
2026-05-15 12:00:00,1399.1073
2026-05-15 13:00:00,375.06387
2026-05-15 14:00:00,94.42135
2026-05-15 15:00:00,67.76905
2026-05-15 16:00:00,72.97954
2026-05-15 17:00:00,79.44574
2026-05-15 18:00:00,73.914375
2026-05-15 19:00:00,64.877045
2026-05-15 20:00:00,58.950455
2026-05-15 21:00:00,58.13237
2026-05-15 22:00:00,43.307117
2026-05-15 23:00:00,55.214863
2026-05-16 00:00:00,59.77106
2026-05-16 01:00:00,65.24024
2026-05-16 02:00:00,126.027
2026-05-16 03:00:00,248.58296
2026-05-16 04:00:00,556.51447
2026-05-16 05:00:00,919.0637
2026-05-16 06:00:00,1349.5981
2026-05-16 07:00:00,1820.1932
2026-05-16 08:00:00,2267.4595
2026-05-16 09:00:00,2802.5967
2026-05-16 10:00:00,3044.3572
2026-05-16 11:00:00,2947.8467
2026-05-16 12:00:00,2044.4946
2026-05-16 13:00:00,376.65817
2026-05-16 14:00:00,169.59227
2026-05-16 15:00:00,141.69882
2026-05-16 16:00:00,120.35818
2026-05-16 17:00:00,101.60799
2026-05-16 18:00:00,85.72971
2026-05-16 19:00:00,69.12385
2026-05-16 20:00:00,63.538
2026-05-16 21:00:00,61.719185
2026-05-16 22:00:00,51.279552
2026-05-16 23:00:00,60.294
2026-05-17 00:00:00,73.963234
2026-05-17 01:00:00,98.842926
2026-05-17 02:00:00,173.8817
2026-05-17 03:00:00,326.3361
2026-05-17 04:00:00,713.91327
2026-05-17 05:00:00,1347.9324
2026-05-17 06:00:00,2120.89
2026-05-17 07:00:00,2552.435
2026-05-17 08:00:00,2885.6484
2026-05-17 09:00:00,3104.7803
2026-05-17 10:00:00,3732.8508
2026-05-17 11:00:00,3526.586
2026-05-17 12:00:00,3110.9868
2026-05-17 13:00:00,855.45404
2026-05-17 14:00:00,241.76312
2026-05-17 15:00:00,154.96729
2026-05-17 16:00:00,156.69147
2026-05-17 17:00:00,158.01349
2026-05-17 18:00:00,142.64435
2026-05-17 19:00:00,116.03652
2026-05-17 20:00:00,98.00238
2026-05-17 21:00:00,90.372635
2026-05-17 22:00:00,64.38587
2026-05-17 23:00:00,73.266174
2026-05-18 00:00:00,81.877365
2026-05-18 01:00:00,99.24341
2026-05-18 02:00:00,179.21074
2026-05-18 03:00:00,336.67438
2026-05-18 04:00:00,758.4277
2026-05-18 05:00:00,1319.8121
2026-05-18 06:00:00,1823.543
2026-05-18 07:00:00,2340.8127
2026-05-18 08:00:00,2721.4382
2026-05-18 09:00:00,2987.469
2026-05-18 10:00:00,3134.4578
2026-05-18 11:00:00,3225.885
2026-05-18 12:00:00,3054.5823
2026-05-18 13:00:00,369.93768
2026-05-18 14:00:00,117.86614
2026-05-18 15:00:00,97.308846
2026-05-18 16:00:00,92.94853
2026-05-18 17:00:00,91.07233
2026-05-18 18:00:00,85.2213
2026-05-18 19:00:00,81.19638
2026-05-18 20:00:00,88.81571
2026-05-18 21:00:00,118.6816
2026-05-18 22:00:00,94.280495
2026-05-18 23:00:00,109.03269
2026-05-19 00:00:00,124.370735
2026-05-19 01:00:00,149.72646
2026-05-19 02:00:00,248.66287
2026-05-19 03:00:00,403.64886
2026-05-19 04:00:00,655.399
2026-05-19 05:00:00,1228.739
2026-05-19 06:00:00,1782.2855
2026-05-19 07:00:00,3030.5254
2026-05-19 08:00:00,3849.0078
2026-05-19 09:00:00,3973.8135
2026-05-19 10:00:00,4256.7236
2026-05-19 11:00:00,4095.0925
2026-05-19 12:00:00,2189.6516
2026-05-19 13:00:00,144.02446
2026-05-19 14:00:00,65.14752
2026-05-19 15:00:00,53.119633
2026-05-19 16:00:00,57.719063
2026-05-19 17:00:00,69.631966
2026-05-19 18:00:00,91.93779
2026-05-19 19:00:00,124.1493
2026-05-19 20:00:00,159.15138
2026-05-19 21:00:00,181.53265
2026-05-19 22:00:00,141.53673
2026-05-19 23:00:00,155.57047
2026-05-20 00:00:00,156.65941
2026-05-20 01:00:00,179.04149
2026-05-20 02:00:00,289.25964
2026-05-20 03:00:00,435.49667
2026-05-20 04:00:00,728.478
2026-05-20 05:00:00,1374.7306
2026-05-20 06:00:00,3131.6997
2026-05-20 07:00:00,3751.8694
2026-05-20 08:00:00,3837.84
2026-05-20 09:00:00,3908.5278
2026-05-20 10:00:00,3619.473
2026-05-20 11:00:00,3492.9028
2026-05-20 12:00:00,2928.3127
2026-05-20 13:00:00,175.73605
2026-05-20 14:00:00,111.19482
2026-05-20 15:00:00,136.65752
2026-05-20 16:00:00,174.88838
2026-05-20 17:00:00,207.70732
2026-05-20 18:00:00,244.81206
2026-05-20 19:00:00,276.0929
2026-05-20 20:00:00,289.59625
2026-05-20 21:00:00,270.86032
2026-05-20 22:00:00,268.75732
2026-05-20 23:00:00,307.41284
2026-05-21 00:00:00,393.8245
2026-05-21 01:00:00,548.1378
2026-05-21 02:00:00,678.2168
2026-05-21 03:00:00,763.4063
2026-05-21 04:00:00,917.2689
2026-05-21 05:00:00,1158.2218
2026-05-21 06:00:00,1532.3661
2026-05-21 07:00:00,2439.3352
2026-05-21 08:00:00,3658.7244
2026-05-21 09:00:00,3699.157
2026-05-21 10:00:00,3599.7698
2026-05-21 11:00:00,3552.387
2026-05-21 12:00:00,3150.6853
2026-05-21 13:00:00,368.72745
2026-05-21 14:00:00,204.75558
2026-05-21 15:00:00,170.58557
2026-05-21 16:00:00,139.0375
2026-05-21 17:00:00,130.237
2026-05-21 18:00:00,149.64949
2026-05-21 19:00:00,188.2954
2026-05-21 20:00:00,231.08107
2026-05-21 21:00:00,235.02179
2026-05-21 22:00:00,194.78853
2026-05-21 23:00:00,161.48114
2026-05-22 00:00:00,144.27164
2026-05-22 01:00:00,184.60175
2026-05-22 02:00:00,317.47327
2026-05-22 03:00:00,449.3125
2026-05-22 04:00:00,595.6678
2026-05-22 05:00:00,947.4414
2026-05-22 06:00:00,1993.4485
2026-05-22 07:00:00,3102.7485
2026-05-22 08:00:00,3291.9844
2026-05-22 09:00:00,3424.6597
2026-05-22 10:00:00,3375.968
2026-05-22 11:00:00,3393.5037
2026-05-22 12:00:00,2975.906
2026-05-22 13:00:00,724.4397
2026-05-22 14:00:00,401.72137
2026-05-22 15:00:00,329.2058
2026-05-22 16:00:00,238.14035
2026-05-22 17:00:00,153.72252
2026-05-22 18:00:00,112.38663
2026-05-22 19:00:00,92.54171
2026-05-22 20:00:00,78.40201
2026-05-22 21:00:00,68.17669
2026-05-22 22:00:00,44.717384
2026-05-22 23:00:00,46.41978
2026-05-23 00:00:00,53.182327
2026-05-23 01:00:00,66.13343
2026-05-23 02:00:00,120.57378
2026-05-23 03:00:00,279.76843
2026-05-23 04:00:00,845.3639
2026-05-23 05:00:00,2602.0032
2026-05-23 06:00:00,3140.5774
2026-05-23 07:00:00,3371.9248
2026-05-23 08:00:00,3524.3835
2026-05-23 09:00:00,3694.167
2026-05-23 10:00:00,2762.5007
2026-05-23 11:00:00,3062.2466
2026-05-23 12:00:00,2352.615
2026-05-23 13:00:00,502.07446
2026-05-23 14:00:00,159.59651
2026-05-23 15:00:00,119.13267
2026-05-23 16:00:00,91.23315
2026-05-23 17:00:00,64.41569
2026-05-23 18:00:00,51.28478
2026-05-23 19:00:00,54.41962
2026-05-23 20:00:00,80.558945
2026-05-23 21:00:00,102.72898
2026-05-23 22:00:00,80.31465
2026-05-23 23:00:00,82.41806
2026-05-24 00:00:00,91.62406
2026-05-24 01:00:00,124.78072
2026-05-24 02:00:00,229.72942
2026-05-24 03:00:00,458.89835
2026-05-24 04:00:00,784.29706
2026-05-24 05:00:00,1263.609
2026-05-24 06:00:00,2069.7537
2026-05-24 07:00:00,3033.1406
2026-05-24 08:00:00,3463.805
2026-05-24 09:00:00,3834.6772
2026-05-24 10:00:00,3535.2556
2026-05-24 11:00:00,3574.446
2026-05-24 12:00:00,3414.867
2026-05-24 13:00:00,261.96762
2026-05-24 14:00:00,59.127285
2026-05-24 15:00:00,48.401215
2026-05-24 16:00:00,79.73487
2026-05-24 17:00:00,143.57874
2026-05-24 18:00:00,214.88986
2026-05-24 19:00:00,272.50137
2026-05-24 20:00:00,327.81824
2026-05-24 21:00:00,402.22543
2026-05-24 22:00:00,419.13702
2026-05-24 23:00:00,436.52786
2026-05-25 00:00:00,418.75388
2026-05-25 01:00:00,437.2342
2026-05-25 02:00:00,552.8946
2026-05-25 03:00:00,726.6141
2026-05-25 04:00:00,946.71436
2026-05-25 05:00:00,1244.9154
2026-05-25 06:00:00,1586.6211
2026-05-25 07:00:00,1976.7539
2026-05-25 08:00:00,2333.1318
2026-05-25 09:00:00,2836.204
2026-05-25 10:00:00,4190.5166
2026-05-25 11:00:00,4092.2168
2026-05-25 12:00:00,2880.6875
2026-05-25 13:00:00,1393.5383
2026-05-25 14:00:00,308.97824
2026-05-25 15:00:00,97.046974
2026-05-25 16:00:00,99.33746
2026-05-25 17:00:00,134.49677
2026-05-25 18:00:00,158.18306
2026-05-25 19:00:00,146.76202
2026-05-25 20:00:00,120.71878
2026-05-25 21:00:00,100.646835
2026-05-25 22:00:00,90.71646
2026-05-25 23:00:00,61.757416
2026-05-26 00:00:00,53.85901
2026-05-26 01:00:00,73.48907
2026-05-26 02:00:00,158.98624
2026-05-26 03:00:00,318.09833
2026-05-26 04:00:00,718.0181
2026-05-26 05:00:00,2308.4976
2026-05-26 06:00:00,3107.0703
2026-05-26 07:00:00,3677.5007
2026-05-26 08:00:00,3900.0403
2026-05-26 09:00:00,3999.2585
2026-05-26 10:00:00,4415.64
2026-05-26 11:00:00,4499.036
2026-05-26 12:00:00,3357.6094
2026-05-26 13:00:00,205.73318
2026-05-26 14:00:00,139.1494
2026-05-26 15:00:00,156.84344
2026-05-26 16:00:00,143.96222
2026-05-26 17:00:00,102.41039
2026-05-26 18:00:00,72.18409
2026-05-26 19:00:00,53.5896
2026-05-26 20:00:00,41.625526
2026-05-26 21:00:00,39.498573
2026-05-26 22:00:00,42.601913
2026-05-26 23:00:00,54.44978
2026-05-27 00:00:00,69.22067
2026-05-27 01:00:00,87.84677
2026-05-27 02:00:00,136.88234
2026-05-27 03:00:00,243.47208
2026-05-27 04:00:00,582.08813
2026-05-27 05:00:00,1633.1644
2026-05-27 06:00:00,2149.517
2026-05-27 07:00:00,2486.8682
2026-05-27 08:00:00,2767.2644
2026-05-27 09:00:00,3156.4316
2026-05-27 10:00:00,3624.8372
2026-05-27 11:00:00,3603.4155
2026-05-27 12:00:00,3073.3813
2026-05-27 13:00:00,391.409
2026-05-27 14:00:00,100.977325
2026-05-27 15:00:00,62.536346
2026-05-27 16:00:00,47.869186
2026-05-27 17:00:00,46.724842
2026-05-27 18:00:00,48.79854
2026-05-27 19:00:00,64.57314
2026-05-27 20:00:00,96.01294
2026-05-27 21:00:00,125.42659
2026-05-27 22:00:00,92.77064
2026-05-27 23:00:00,128.98802
2026-05-28 00:00:00,157.04099
2026-05-28 01:00:00,210.8172
2026-05-28 02:00:00,329.16724
2026-05-28 03:00:00,464.76672
2026-05-28 04:00:00,626.0185
2026-05-28 05:00:00,787.79565
2026-05-28 06:00:00,945.35077
2026-05-28 07:00:00,1216.6993
2026-05-28 08:00:00,1638.2869
2026-05-28 09:00:00,2026.3523
2026-05-28 10:00:00,1758.8666
2026-05-28 11:00:00,1363.2083
2026-05-28 12:00:00,1015.08417
2026-05-28 13:00:00,316.27277
2026-05-28 14:00:00,128.57043
2026-05-28 15:00:00,270.4831
2026-05-28 16:00:00,296.76227
2026-05-28 17:00:00,234.44664
2026-05-28 18:00:00,237.95453
2026-05-28 19:00:00,285.50296
2026-05-28 20:00:00,378.1756
2026-05-28 21:00:00,461.38196
2026-05-28 22:00:00,389.97882
2026-05-28 23:00:00,332.52954
2026-05-29 00:00:00,358.9428
2026-05-29 01:00:00,499.65503
2026-05-29 02:00:00,604.49536
2026-05-29 03:00:00,629.7284
2026-05-29 04:00:00,727.8589
2026-05-29 05:00:00,913.64703
2026-05-29 06:00:00,1157.6954
2026-05-29 07:00:00,1392.5121
2026-05-29 08:00:00,1617.2786
2026-05-29 09:00:00,1827.9457
2026-05-29 10:00:00,1287.563
2026-05-29 11:00:00,1257.893
2026-05-29 12:00:00,1116.6808
2026-05-29 13:00:00,911.9836
2026-05-29 14:00:00,486.7493
2026-05-29 15:00:00,429.97675
2026-05-29 16:00:00,358.96942
2026-05-29 17:00:00,340.5625
2026-05-29 18:00:00,247.81992
2026-05-29 19:00:00,180.29834
2026-05-29 20:00:00,198.87451
2026-05-29 21:00:00,244.44867
2026-05-29 22:00:00,370.03207
2026-05-29 23:00:00,369.4604
2026-05-30 00:00:00,356.66547
2026-05-30 01:00:00,385.2143
2026-05-30 02:00:00,509.86337
2026-05-30 03:00:00,744.73376
2026-05-30 04:00:00,996.90533
2026-05-30 05:00:00,1231.8662
2026-05-30 06:00:00,1492.1534
2026-05-30 07:00:00,1726.7521
2026-05-30 08:00:00,1846.5675
2026-05-30 09:00:00,1907.848
2026-05-30 10:00:00,942.6576
2026-05-30 11:00:00,747.4902
2026-05-30 12:00:00,645.41437
2026-05-30 13:00:00,469.7122
2026-05-30 14:00:00,388.52625
2026-05-30 15:00:00,360.8948
2026-05-30 16:00:00,350.74078
2026-05-30 17:00:00,352.6193
2026-05-30 18:00:00,317.64648
2026-05-30 19:00:00,280.65866
2026-05-30 20:00:00,250.59729
2026-05-30 21:00:00,222.48488
2026-05-30 22:00:00,318.0218
2026-05-30 23:00:00,288.26804
2026-05-31 00:00:00,253.15276
2026-05-31 01:00:00,333.45126
2026-05-31 02:00:00,494.84195
2026-05-31 03:00:00,692.8158
2026-05-31 04:00:00,938.6715
2026-05-31 05:00:00,1277.5952
2026-05-31 06:00:00,1476.8701
2026-05-31 07:00:00,1438.5
2026-05-31 08:00:00,1370.6952
2026-05-31 09:00:00,1198.2834
2026-05-31 10:00:00,1179.5217
2026-05-31 11:00:00,1090.4563
2026-05-31 12:00:00,527.0784
2026-05-31 13:00:00,397.8061
2026-05-31 14:00:00,381.3284
2026-05-31 15:00:00,361.61026
2026-05-31 16:00:00,284.04483
2026-05-31 17:00:00,231.18692
2026-05-31 18:00:00,208.22354
2026-05-31 19:00:00,186.4873
2026-05-31 20:00:00,170.66733
2026-05-31 21:00:00,152.40102
2026-05-31 22:00:00,166.89088
2026-05-31 23:00:00,95.728615
2026-06-01 00:00:00,86.07983
2026-06-01 01:00:00,169.34724
2026-06-01 02:00:00,326.89993
2026-06-01 03:00:00,537.98883
2026-06-01 04:00:00,824.05414
2026-06-01 05:00:00,1072.5483
2026-06-01 06:00:00,1278.9078
2026-06-01 07:00:00,1459.0889
2026-06-01 08:00:00,1608.6903
2026-06-01 09:00:00,1737.4036
2026-06-01 10:00:00,1926.1647
2026-06-01 11:00:00,1764.1809
2026-06-01 12:00:00,1544.8258
2026-06-01 13:00:00,840.0197
2026-06-01 14:00:00,342.4346
2026-06-01 15:00:00,301.66235
2026-06-01 16:00:00,298.1329
2026-06-01 17:00:00,288.64957
2026-06-01 18:00:00,256.54236
2026-06-01 19:00:00,220.76105
2026-06-01 20:00:00,188.67355
2026-06-01 21:00:00,164.20189
2026-06-01 22:00:00,113.20198
2026-06-01 23:00:00,131.0652
2026-06-02 00:00:00,141.69635
2026-06-02 01:00:00,201.66446
2026-06-02 02:00:00,324.19614
2026-06-02 03:00:00,531.24915
2026-06-02 04:00:00,830.2991
2026-06-02 05:00:00,1166.0693
2026-06-02 06:00:00,1410.0719
2026-06-02 07:00:00,1641.984
2026-06-02 08:00:00,1738.0369
2026-06-02 09:00:00,1789.9744
2026-06-02 10:00:00,1440.1853
2026-06-02 11:00:00,1452.1715
2026-06-02 12:00:00,1388.4498
2026-06-02 13:00:00,1158.2003
2026-06-02 14:00:00,44.508846
2026-06-02 15:00:00,37.32756
2026-06-02 16:00:00,41.995277
2026-06-02 17:00:00,46.7613
2026-06-02 18:00:00,49.57419
2026-06-02 19:00:00,53.559933
2026-06-02 20:00:00,55.523502
2026-06-02 21:00:00,54.597397
2026-06-02 22:00:00,30.448277
2026-06-02 23:00:00,36.320946
2026-06-03 00:00:00,32.14635
2026-06-03 01:00:00,55.988388
2026-06-03 02:00:00,163.73613
2026-06-03 03:00:00,488.26633
2026-06-03 04:00:00,1142.8241
2026-06-03 05:00:00,1529.2468
2026-06-03 06:00:00,1740.7925
2026-06-03 07:00:00,1912.6205
2026-06-03 08:00:00,2084.227
2026-06-03 09:00:00,2211.7766
2026-06-03 10:00:00,2393.0034
2026-06-03 11:00:00,2456.6182
2026-06-03 12:00:00,2346.4543
2026-06-03 13:00:00,407.83896
2026-06-03 14:00:00,91.407745
2026-06-03 15:00:00,71.76573
2026-06-03 16:00:00,64.99321
2026-06-03 17:00:00,62.50839
2026-06-03 18:00:00,61.920597
2026-06-03 19:00:00,62.317856
2026-06-03 20:00:00,62.380825
2026-06-03 21:00:00,59.440495
2026-06-03 22:00:00,98.91417
2026-06-03 23:00:00,96.14707
2026-06-04 00:00:00,92.20134
2026-06-04 01:00:00,134.90038
2026-06-04 02:00:00,277.7067
2026-06-04 03:00:00,445.03336
2026-06-04 04:00:00,684.01526
2026-06-04 05:00:00,1033.6193
2026-06-04 06:00:00,2275.0671
2026-06-04 07:00:00,2780.0361
2026-06-04 08:00:00,3057.7444
2026-06-04 09:00:00,2868.0332
2026-06-04 10:00:00,1164.5118
2026-06-04 11:00:00,1063.6115
2026-06-04 12:00:00,870.83984
2026-06-04 13:00:00,298.45316
2026-06-04 14:00:00,52.49228
2026-06-04 15:00:00,45.123936
2026-06-04 16:00:00,68.119804
2026-06-04 17:00:00,104.77803
2026-06-04 18:00:00,135.39682
2026-06-04 19:00:00,116.05047
2026-06-04 20:00:00,71.543915
2026-06-04 21:00:00,61.51692
2026-06-04 22:00:00,139.64539
2026-06-04 23:00:00,244.66908
2026-06-05 00:00:00,297.15518
2026-06-05 01:00:00,302.87192
2026-06-05 02:00:00,332.13266
2026-06-05 03:00:00,460.50037
2026-06-05 04:00:00,715.882
2026-06-05 05:00:00,980.6641
2026-06-05 06:00:00,1267.4689
2026-06-05 07:00:00,1608.227
2026-06-05 08:00:00,1832.6307
2026-06-05 09:00:00,1952.9583
2026-06-05 10:00:00,1404.3799
2026-06-05 11:00:00,1469.9597
2026-06-05 12:00:00,1491.2562
2026-06-05 13:00:00,1154.8424
2026-06-05 14:00:00,72.123436
2026-06-05 15:00:00,63.570904
2026-06-05 16:00:00,58.203957
2026-06-05 17:00:00,48.703373
2026-06-05 18:00:00,37.407528
2026-06-05 19:00:00,35.903378
2026-06-05 20:00:00,39.75381
2026-06-05 21:00:00,45.57683
2026-06-05 22:00:00,44.443478
2026-06-05 23:00:00,42.575172
2026-06-06 00:00:00,34.741467
2026-06-06 01:00:00,49.807423
2026-06-06 02:00:00,148.80112
2026-06-06 03:00:00,440.79077
2026-06-06 04:00:00,1194.5068
2026-06-06 05:00:00,1619.8561
2026-06-06 06:00:00,1907.0145
2026-06-06 07:00:00,2167.8792
2026-06-06 08:00:00,2378.1453
2026-06-06 09:00:00,2507.8325
2026-06-06 10:00:00,2546.4595
2026-06-06 11:00:00,2444.065
2026-06-06 12:00:00,1942.5492
2026-06-06 13:00:00,518.89966
2026-06-06 14:00:00,185.10197
2026-06-06 15:00:00,163.73228
2026-06-06 16:00:00,175.29312
2026-06-06 17:00:00,182.07452
2026-06-06 18:00:00,193.42566
2026-06-06 19:00:00,199.88963
2026-06-06 20:00:00,207.0373
2026-06-06 21:00:00,210.0971
2026-06-06 22:00:00,210.84647
2026-06-06 23:00:00,184.45824
2026-06-07 00:00:00,137.34775
2026-06-07 01:00:00,174.32576
2026-06-07 02:00:00,321.5539
2026-06-07 03:00:00,476.29187
2026-06-07 04:00:00,614.7688
2026-06-07 05:00:00,1027.7505
2026-06-07 06:00:00,1491.6042
2026-06-07 07:00:00,2325.7546
2026-06-07 08:00:00,2692.8826
2026-06-07 09:00:00,2732.681
2026-06-07 10:00:00,3993.965
2026-06-07 11:00:00,1896.6001
2026-06-07 12:00:00,1175.6837
2026-06-07 13:00:00,304.61804
2026-06-07 14:00:00,136.26764
2026-06-07 15:00:00,119.68903
2026-06-07 16:00:00,114.85935
2026-06-07 17:00:00,109.17083
2026-06-07 18:00:00,112.71604
2026-06-07 19:00:00,117.85497
2026-06-07 20:00:00,123.847176
2026-06-07 21:00:00,123.0325
2026-06-07 22:00:00,210.60419
2026-06-07 23:00:00,212.49875
2026-06-08 00:00:00,208.37202
2026-06-08 01:00:00,267.45032
2026-06-08 02:00:00,410.68274
2026-06-08 03:00:00,615.8744
2026-06-08 04:00:00,920.5167
2026-06-08 05:00:00,1370.4719
2026-06-08 06:00:00,2127.2188
2026-06-08 07:00:00,2995.8743
2026-06-08 08:00:00,3195.5466
2026-06-08 09:00:00,3238.835
2026-06-08 10:00:00,3887.6821
2026-06-08 11:00:00,3217.5076
2026-06-08 12:00:00,1901.5814
2026-06-08 13:00:00,247.26616
2026-06-08 14:00:00,91.57702
2026-06-08 15:00:00,64.2348
2026-06-08 16:00:00,52.54186
2026-06-08 17:00:00,43.275394
2026-06-08 18:00:00,38.365604
2026-06-08 19:00:00,40.139565
2026-06-08 20:00:00,54.797935
2026-06-08 21:00:00,91.84078
2026-06-08 22:00:00,151.05632
2026-06-08 23:00:00,219.39957
2026-06-09 00:00:00,259.37833
2026-06-09 01:00:00,314.7624
2026-06-09 02:00:00,429.33887
2026-06-09 03:00:00,582.04083
2026-06-09 04:00:00,840.62335
2026-06-09 05:00:00,1350.8687
2026-06-09 06:00:00,2492.5366
2026-06-09 07:00:00,3120.036
2026-06-09 08:00:00,3335.87
2026-06-09 09:00:00,3486.7588
2026-06-09 10:00:00,3450.5715
2026-06-09 11:00:00,3347.8413
2026-06-09 12:00:00,2451.2375
2026-06-09 13:00:00,351.3995
2026-06-09 14:00:00,89.000824
2026-06-09 15:00:00,60.3128
2026-06-09 16:00:00,63.162056
2026-06-09 17:00:00,82.60044
2026-06-09 18:00:00,133.9058
2026-06-09 19:00:00,205.76434
2026-06-09 20:00:00,272.07523
2026-06-09 21:00:00,352.0085
2026-06-09 22:00:00,281.8001
2026-06-09 23:00:00,302.80563
2026-06-10 00:00:00,283.78787
2026-06-10 01:00:00,342.9096
2026-06-10 02:00:00,586.93176
2026-06-10 03:00:00,820.5622
2026-06-10 04:00:00,1075.2795
2026-06-10 05:00:00,1493.144
2026-06-10 06:00:00,2125.3943
2026-06-10 07:00:00,2583.348
2026-06-10 08:00:00,2942.7246
2026-06-10 09:00:00,3171.21
2026-06-10 10:00:00,2788.567
2026-06-10 11:00:00,2773.7278
2026-06-10 12:00:00,2650.3438
2026-06-10 13:00:00,273.11145
2026-06-10 14:00:00,119.15922
2026-06-10 15:00:00,135.34789
2026-06-10 16:00:00,179.64333
2026-06-10 17:00:00,219.45157
2026-06-10 18:00:00,262.3799
2026-06-10 19:00:00,315.14343
2026-06-10 20:00:00,356.55292
2026-06-10 21:00:00,353.44257
2026-06-10 22:00:00,312.14944
2026-06-10 23:00:00,323.2666
2026-06-11 00:00:00,297.4703
2026-06-11 01:00:00,327.8223
2026-06-11 02:00:00,483.19113
2026-06-11 03:00:00,637.5454
2026-06-11 04:00:00,794.1322
2026-06-11 05:00:00,1033.1656
2026-06-11 06:00:00,1291.7805
2026-06-11 07:00:00,1515.423
2026-06-11 08:00:00,1741.2438
2026-06-11 09:00:00,1926.8214
2026-06-11 10:00:00,1154.1571
2026-06-11 11:00:00,1238.8715
2026-06-11 12:00:00,1255.1332
2026-06-11 13:00:00,913.12
2026-06-11 14:00:00,400.38437
2026-06-11 15:00:00,251.52664
2026-06-11 16:00:00,394.65225
2026-06-11 17:00:00,490.353
2026-06-11 18:00:00,555.4277
2026-06-11 19:00:00,609.1526
2026-06-11 20:00:00,660.0955
2026-06-11 21:00:00,667.05743
2026-06-11 22:00:00,593.0938
2026-06-11 23:00:00,713.34033
2026-06-12 00:00:00,794.9268
2026-06-12 01:00:00,800.08154
2026-06-12 02:00:00,827.9125
2026-06-12 03:00:00,908.35345
2026-06-12 04:00:00,1044.3656
2026-06-12 05:00:00,1154.3585
2026-06-12 06:00:00,1300.8289
2026-06-12 07:00:00,1511.8436
2026-06-12 08:00:00,1657.7571
2026-06-12 09:00:00,1559.8947
2026-06-12 10:00:00,925.3935
2026-06-12 11:00:00,932.6019
2026-06-12 12:00:00,687.63245
2026-06-12 13:00:00,504.06085
2026-06-12 14:00:00,413.15704
2026-06-12 15:00:00,353.66052
2026-06-12 16:00:00,299.61383
2026-06-12 17:00:00,276.8664
2026-06-12 18:00:00,257.65002
2026-06-12 19:00:00,234.84293
2026-06-12 20:00:00,241.65521
2026-06-12 21:00:00,264.4269
2026-06-12 22:00:00,189.34363
2026-06-12 23:00:00,195.17455
2026-06-13 00:00:00,209.23451
2026-06-13 01:00:00,268.41394
2026-06-13 02:00:00,369.58655
2026-06-13 03:00:00,487.30585
2026-06-13 04:00:00,654.83295
2026-06-13 05:00:00,894.0044
2026-06-13 06:00:00,1219.8247
2026-06-13 07:00:00,1540.3287
2026-06-13 08:00:00,1721.3228
2026-06-13 09:00:00,1813.0535
2026-06-13 10:00:00,1707.1722
2026-06-13 11:00:00,1695.7861
2026-06-13 12:00:00,1406.5249
2026-06-13 13:00:00,563.52515
2026-06-13 14:00:00,116.388084
2026-06-13 15:00:00,85.87253
2026-06-13 16:00:00,66.31186
2026-06-13 17:00:00,52.72817
2026-06-13 18:00:00,42.987625
2026-06-13 19:00:00,37.143078
2026-06-13 20:00:00,44.49566
2026-06-13 21:00:00,54.167313
2026-06-13 22:00:00,58.850727
2026-06-13 23:00:00,60.399193
2026-06-14 00:00:00,63.315746
2026-06-14 01:00:00,93.30801
2026-06-14 02:00:00,186.40234
2026-06-14 03:00:00,378.13104
2026-06-14 04:00:00,754.28564
2026-06-14 05:00:00,1234.7445
2026-06-14 06:00:00,1535.4606
2026-06-14 07:00:00,1813.9226
2026-06-14 08:00:00,2085.545
2026-06-14 09:00:00,2288.8826
2026-06-14 10:00:00,2029.6267
2026-06-14 11:00:00,1876.856
2026-06-14 12:00:00,1572.5692
2026-06-14 13:00:00,137.1209
2026-06-14 14:00:00,94.20012
2026-06-14 15:00:00,102.28447
2026-06-14 16:00:00,126.90461
2026-06-14 17:00:00,163.16255
2026-06-14 18:00:00,222.10968
2026-06-14 19:00:00,252.66554
2026-06-14 20:00:00,258.55002
2026-06-14 21:00:00,247.12508
2026-06-14 22:00:00,181.34006
2026-06-14 23:00:00,133.20688
2026-06-15 00:00:00,119.35499
2026-06-15 01:00:00,184.04355
2026-06-15 02:00:00,295.71277
2026-06-15 03:00:00,430.94434
2026-06-15 04:00:00,625.51624
2026-06-15 05:00:00,1098.3972
2026-06-15 06:00:00,1376.3367
2026-06-15 07:00:00,1665.6344
2026-06-15 08:00:00,2007.4343
2026-06-15 09:00:00,2229.1726
2026-06-15 10:00:00,1115.8267
2026-06-15 11:00:00,1071.0775
2026-06-15 12:00:00,956.7383
2026-06-15 13:00:00,529.5344
2026-06-15 14:00:00,137.74052
2026-06-15 15:00:00,71.91878
2026-06-15 16:00:00,79.33605
2026-06-15 17:00:00,86.54143
2026-06-15 18:00:00,86.96147
2026-06-15 19:00:00,91.460205
2026-06-15 20:00:00,98.82815
2026-06-15 21:00:00,96.020615
2026-06-15 22:00:00,37.489395
2026-06-15 23:00:00,44.86542
2026-06-16 00:00:00,54.236805
2026-06-16 01:00:00,89.53227
2026-06-16 02:00:00,218.7486
2026-06-16 03:00:00,367.1159
2026-06-16 04:00:00,510.132
2026-06-16 05:00:00,716.72516
2026-06-16 06:00:00,899.19244
2026-06-16 07:00:00,1088.8595
2026-06-16 08:00:00,1359.514
2026-06-16 09:00:00,1560.2283
2026-06-16 10:00:00,1355.6898
2026-06-16 11:00:00,1336.0447
2026-06-16 12:00:00,1262.2281
2026-06-16 13:00:00,690.803
2026-06-16 14:00:00,139.75197
2026-06-16 15:00:00,70.12077
2026-06-16 16:00:00,53.354073
2026-06-16 17:00:00,61.057285
2026-06-16 18:00:00,70.695526
2026-06-16 19:00:00,71.230576
2026-06-16 20:00:00,82.61646
2026-06-16 21:00:00,94.571365
2026-06-16 22:00:00,96.19635
2026-06-16 23:00:00,99.82431
2026-06-17 00:00:00,99.215195
2026-06-17 01:00:00,146.2723
2026-06-17 02:00:00,265.1815
2026-06-17 03:00:00,483.20282
2026-06-17 04:00:00,755.43555
2026-06-17 05:00:00,1035.7861
2026-06-17 06:00:00,1282.5553
2026-06-17 07:00:00,1470.4581
2026-06-17 08:00:00,1642.1086
2026-06-17 09:00:00,1779.6434
2026-06-17 10:00:00,1750.1852
2026-06-17 11:00:00,1720.4098
2026-06-17 12:00:00,1626.8422
2026-06-17 13:00:00,358.65543
2026-06-17 14:00:00,77.37606
2026-06-17 15:00:00,58.466465
2026-06-17 16:00:00,60.055702
2026-06-17 17:00:00,61.5863
2026-06-17 18:00:00,58.630173
2026-06-17 19:00:00,56.507988
2026-06-17 20:00:00,53.84753
2026-06-17 21:00:00,52.692734
2026-06-17 22:00:00,92.04496
2026-06-17 23:00:00,83.89482
2026-06-18 00:00:00,76.90605
2026-06-18 01:00:00,87.81714
2026-06-18 02:00:00,159.76337
2026-06-18 03:00:00,327.25864
2026-06-18 04:00:00,757.6834
2026-06-18 05:00:00,1460.2379
2026-06-18 06:00:00,1783.2083
2026-06-18 07:00:00,1956.2543
2026-06-18 08:00:00,2068.4978
2026-06-18 09:00:00,2216.6204
2026-06-18 10:00:00,2383.5166
2026-06-18 11:00:00,2457.893
2026-06-18 12:00:00,2201.5366
2026-06-18 13:00:00,287.58636
2026-06-18 14:00:00,103.743065
2026-06-18 15:00:00,69.48521
2026-06-18 16:00:00,57.243217
2026-06-18 17:00:00,55.926373
2026-06-18 18:00:00,60.435604
2026-06-18 19:00:00,76.227425
2026-06-18 20:00:00,89.030136
2026-06-18 21:00:00,104.0401
2026-06-18 22:00:00,305.76346
2026-06-18 23:00:00,294.27814
2026-06-19 00:00:00,242.05547
2026-06-19 01:00:00,227.28069
2026-06-19 02:00:00,277.76587
2026-06-19 03:00:00,408.00766
2026-06-19 04:00:00,599.8027
2026-06-19 05:00:00,911.1225
2026-06-19 06:00:00,1381.1083
2026-06-19 07:00:00,1817.8071
2026-06-19 08:00:00,2092.7234
2026-06-19 09:00:00,2215.7292
2026-06-19 10:00:00,2352.6648
2026-06-19 11:00:00,1957.2686
2026-06-19 12:00:00,1606.3649
2026-06-19 13:00:00,499.16632
2026-06-19 14:00:00,249.03302
2026-06-19 15:00:00,163.0122
2026-06-19 16:00:00,129.93524
2026-06-19 17:00:00,113.51448
2026-06-19 18:00:00,103.189545
2026-06-19 19:00:00,93.53063
2026-06-19 20:00:00,92.213554
2026-06-19 21:00:00,94.5254
2026-06-19 22:00:00,108.56355
2026-06-19 23:00:00,98.47573
2026-06-20 00:00:00,89.99763
2026-06-20 01:00:00,120.455414
2026-06-20 02:00:00,230.93765
2026-06-20 03:00:00,523.24725
2026-06-20 04:00:00,1121.8519
2026-06-20 05:00:00,1666.5652
2026-06-20 06:00:00,1969.2823
2026-06-20 07:00:00,2134.0195
2026-06-20 08:00:00,2310.017
2026-06-20 09:00:00,2435.6165
2026-06-20 10:00:00,3315.2783
2026-06-20 11:00:00,2047.7681
2026-06-20 12:00:00,1446.8822
2026-06-20 13:00:00,448.2179
2026-06-20 14:00:00,200.77798
2026-06-20 15:00:00,128.3543
2026-06-20 16:00:00,101.93255
2026-06-20 17:00:00,93.77826
2026-06-20 18:00:00,97.77416
2026-06-20 19:00:00,115.76314
2026-06-20 20:00:00,141.00519
2026-06-20 21:00:00,166.43452
2026-06-20 22:00:00,280.74725
2026-06-20 23:00:00,317.9341
2026-06-21 00:00:00,303.86505
2026-06-21 01:00:00,309.87552
2026-06-21 02:00:00,398.77734
2026-06-21 03:00:00,534.6189
2026-06-21 04:00:00,714.4833
2026-06-21 05:00:00,1003.4818
2026-06-21 06:00:00,1418.0056
2026-06-21 07:00:00,1781.2444
2026-06-21 08:00:00,2084.4736
2026-06-21 09:00:00,2324.1448
2026-06-21 10:00:00,1430.1436
2026-06-21 11:00:00,1405.2632
2026-06-21 12:00:00,1208.38
2026-06-21 13:00:00,496.3905
2026-06-21 14:00:00,291.02826
2026-06-21 15:00:00,279.90875
2026-06-21 16:00:00,291.88293
2026-06-21 17:00:00,285.78113
2026-06-21 18:00:00,260.90753
2026-06-21 19:00:00,246.72412
2026-06-21 20:00:00,234.6549
2026-06-21 21:00:00,217.30115
2026-06-21 22:00:00,121.340866
2026-06-21 23:00:00,218.73265
2026-06-22 00:00:00,237.45636
2026-06-22 01:00:00,272.27814
2026-06-22 02:00:00,362.79712
2026-06-22 03:00:00,482.5494
2026-06-22 04:00:00,635.72485
2026-06-22 05:00:00,829.7213
2026-06-22 06:00:00,1095.9208
2026-06-22 07:00:00,1547.3534
2026-06-22 08:00:00,1984.4048
2026-06-22 09:00:00,2158.507
2026-06-22 10:00:00,2031.013
2026-06-22 11:00:00,2024.5411
2026-06-22 12:00:00,1601.9297
2026-06-22 13:00:00,609.11163
2026-06-22 14:00:00,127.87147
2026-06-22 15:00:00,59.29
2026-06-22 16:00:00,45.645874
2026-06-22 17:00:00,36.775745
2026-06-22 18:00:00,34.313145
2026-06-22 19:00:00,34.47112
2026-06-22 20:00:00,36.00076
2026-06-22 21:00:00,35.97017
2026-06-22 22:00:00,30.21963
2026-06-22 23:00:00,29.577803
2026-06-23 00:00:00,28.437084
2026-06-23 01:00:00,36.63893
2026-06-23 02:00:00,114.44478
2026-06-23 03:00:00,399.15573
2026-06-23 04:00:00,827.9445
2026-06-23 05:00:00,1343.0177
2026-06-23 06:00:00,1962.4036
2026-06-23 07:00:00,2305.5266
2026-06-23 08:00:00,2496.4277
2026-06-23 09:00:00,2687.049
2026-06-23 10:00:00,1547.7169
2026-06-23 11:00:00,1408.1285
2026-06-23 12:00:00,1076.0588
2026-06-23 13:00:00,438.9461
2026-06-23 14:00:00,115.74567
2026-06-23 15:00:00,87.84713
2026-06-23 16:00:00,69.61498
2026-06-23 17:00:00,57.443344
2026-06-23 18:00:00,50.74646
2026-06-23 19:00:00,47.181087
2026-06-23 20:00:00,45.913383
2026-06-23 21:00:00,46.480362
2026-06-23 22:00:00,62.473442
2026-06-23 23:00:00,110.23227
2026-06-24 00:00:00,150.96481
2026-06-24 01:00:00,198.49556
2026-06-24 02:00:00,247.20328
2026-06-24 03:00:00,368.33243
2026-06-24 04:00:00,601.4646
2026-06-24 05:00:00,919.35315
2026-06-24 06:00:00,1297.308
2026-06-24 07:00:00,1646.7104
2026-06-24 08:00:00,1897.5361
2026-06-24 09:00:00,2100.5981
2026-06-24 10:00:00,2434.8752
2026-06-24 11:00:00,2337.367
2026-06-24 12:00:00,1708.0286
2026-06-24 13:00:00,155.8181
2026-06-24 14:00:00,106.677986
2026-06-24 15:00:00,109.42279
2026-06-24 16:00:00,100.68257
2026-06-24 17:00:00,93.281975
2026-06-24 18:00:00,77.017845
2026-06-24 19:00:00,61.609657
2026-06-24 20:00:00,44.17752
2026-06-24 21:00:00,39.07287
2026-06-24 22:00:00,41.31745
2026-06-24 23:00:00,60.19042
2026-06-25 00:00:00,59.975826
2026-06-25 01:00:00,86.10773
2026-06-25 02:00:00,149.08684
2026-06-25 03:00:00,281.71677
2026-06-25 04:00:00,581.6887
2026-06-25 05:00:00,943.04443
2026-06-25 06:00:00,1175.0892
2026-06-25 07:00:00,1487.1937
2026-06-25 08:00:00,1748.0024
2026-06-25 09:00:00,1938.218
2026-06-25 10:00:00,1384.8783
2026-06-25 11:00:00,1248.9237
2026-06-25 12:00:00,858.9345
2026-06-25 13:00:00,459.0223
2026-06-25 14:00:00,170.37932
2026-06-25 15:00:00,134.41647
2026-06-25 16:00:00,131.39143
2026-06-25 17:00:00,130.91452
2026-06-25 18:00:00,133.57852
2026-06-25 19:00:00,142.82065
2026-06-25 20:00:00,160.68826
2026-06-25 21:00:00,173.97412
2026-06-25 22:00:00,183.29387
2026-06-25 23:00:00,167.53625
2026-06-26 00:00:00,138.17494
2026-06-26 01:00:00,170.14642
2026-06-26 02:00:00,253.10435
2026-06-26 03:00:00,369.47476
2026-06-26 04:00:00,617.2418
2026-06-26 05:00:00,935.53375
2026-06-26 06:00:00,1468.8108
2026-06-26 07:00:00,2006.5411
2026-06-26 08:00:00,2244.9226
2026-06-26 09:00:00,2359.824
2026-06-26 10:00:00,1251.949
2026-06-26 11:00:00,1060.4983
2026-06-26 12:00:00,869.8759
2026-06-26 13:00:00,704.29376
2026-06-26 14:00:00,307.07822
2026-06-26 15:00:00,223.00539
2026-06-26 16:00:00,152.67232
2026-06-26 17:00:00,109.948135
2026-06-26 18:00:00,92.71161
2026-06-26 19:00:00,88.49365
2026-06-26 20:00:00,92.48884
2026-06-26 21:00:00,97.31277
2026-06-26 22:00:00,122.523544
2026-06-26 23:00:00,92.892784
2026-06-27 00:00:00,75.68623
2026-06-27 01:00:00,78.019394
2026-06-27 02:00:00,189.66553
2026-06-27 03:00:00,349.1779
2026-06-27 04:00:00,736.8818
2026-06-27 05:00:00,1548.2839
2026-06-27 06:00:00,1980.0532
2026-06-27 07:00:00,2241.5627
2026-06-27 08:00:00,2284.9858
2026-06-27 09:00:00,2325.1738
2026-06-27 10:00:00,2298.9617
2026-06-27 11:00:00,933.1795
2026-06-27 12:00:00,737.5864
2026-06-27 13:00:00,290.22272
2026-06-27 14:00:00,99.40521
2026-06-27 15:00:00,94.272644
2026-06-27 16:00:00,100.155525
2026-06-27 17:00:00,110.71599
2026-06-27 18:00:00,123.18457
2026-06-27 19:00:00,129.51653
2026-06-27 20:00:00,109.19379
2026-06-27 21:00:00,88.866325
2026-06-27 22:00:00,175.8611
2026-06-27 23:00:00,113.92455
2026-06-28 00:00:00,120.29563
2026-06-28 01:00:00,144.96324
2026-06-28 02:00:00,249.06091
2026-06-28 03:00:00,462.44043
2026-06-28 04:00:00,907.0957
2026-06-28 05:00:00,1544.9172
2026-06-28 06:00:00,1946.4644
2026-06-28 07:00:00,2199.1936
2026-06-28 08:00:00,2349.9287
2026-06-28 09:00:00,2409.747
2026-06-28 10:00:00,2320.157
2026-06-28 11:00:00,2159.5344
2026-06-28 12:00:00,1353.9465
2026-06-28 13:00:00,385.35696
2026-06-28 14:00:00,150.57326
2026-06-28 15:00:00,102.96445
2026-06-28 16:00:00,69.474686
2026-06-28 17:00:00,52.9913
2026-06-28 18:00:00,47.512543
2026-06-28 19:00:00,48.3689
2026-06-28 20:00:00,57.198498
2026-06-28 21:00:00,58.435352
2026-06-28 22:00:00,58.393467
2026-06-28 23:00:00,119.42572
2026-06-29 00:00:00,161.66887
2026-06-29 01:00:00,255.71382
2026-06-29 02:00:00,475.72534
2026-06-29 03:00:00,750.62585
2026-06-29 04:00:00,1032.1447
2026-06-29 05:00:00,1397.7466
2026-06-29 06:00:00,1794.92
2026-06-29 07:00:00,2231.3242
2026-06-29 08:00:00,2588.9124
2026-06-29 09:00:00,2701.5
2026-06-29 10:00:00,2252.063
2026-06-29 11:00:00,1889.1578
2026-06-29 12:00:00,1545.5928
2026-06-29 13:00:00,419.89563
2026-06-29 14:00:00,59.519497
2026-06-29 15:00:00,55.908897
2026-06-29 16:00:00,77.58413
2026-06-29 17:00:00,98.86509
2026-06-29 18:00:00,134.30133
2026-06-29 19:00:00,167.17995
2026-06-29 20:00:00,212.9704
2026-06-29 21:00:00,254.03978
2026-06-29 22:00:00,308.71933
2026-06-29 23:00:00,381.8937
2026-06-30 00:00:00,467.09366
2026-06-30 01:00:00,543.66
2026-06-30 02:00:00,811.1566
2026-06-30 03:00:00,1128.3291
2026-06-30 04:00:00,1320.4575
2026-06-30 05:00:00,1332.1317
2026-06-30 06:00:00,1397.2361
2026-06-30 07:00:00,1535.5461
2026-06-30 08:00:00,1749.4296
2026-06-30 09:00:00,2025.2527
2026-06-30 10:00:00,1040.4397
2026-06-30 11:00:00,883.6647
2026-06-30 12:00:00,883.7125
2026-06-30 13:00:00,717.47943
2026-06-30 14:00:00,504.9932
2026-06-30 15:00:00,428.39536
2026-06-30 16:00:00,402.87985
2026-06-30 17:00:00,382.51367
2026-06-30 18:00:00,389.43515
2026-06-30 19:00:00,410.95746
2026-06-30 20:00:00,400.24496
2026-06-30 21:00:00,356.62488
2026-06-30 22:00:00,278.72806
2026-06-30 23:00:00,315.61835
