Datetime,PM2.5_Mean
2024-01-01 00:00:00,170.05366666666666
2024-01-01 01:00:00,169.28433333333336
2024-01-01 02:00:00,165.553
2024-01-01 03:00:00,163.27866666666665
2024-01-01 04:00:00,155.99599999999998
2024-01-01 05:00:00,160.636
2024-01-01 06:00:00,160.29833333333332
2024-01-01 07:00:00,155.1533333333333
2024-01-01 08:00:00,152.01333333333335
2024-01-01 09:00:00,148.25666666666666
2024-01-01 10:00:00,157.74433333333334
2024-01-01 11:00:00,158.07999999999998
2024-01-01 12:00:00,170.85344827586206
2024-01-01 13:00:00,184.256
2024-01-01 14:00:00,194.78233333333336
2024-01-01 15:00:00,184.34733333333332
2024-01-01 16:00:00,167.84499999999997
2024-01-01 17:00:00,154.33233333333334
2024-01-01 18:00:00,165.6341379310345
2024-01-01 19:00:00,193.7665517241379
2024-01-01 20:00:00,218.24499999999998
2024-01-01 21:00:00,236.195
2024-01-01 22:00:00,239.16366666666667
2024-01-01 23:00:00,233.935
2024-01-02 00:00:00,215.56766666666667
2024-01-02 01:00:00,204.12499999999997
2024-01-02 02:00:00,196.13482758620688
2024-01-02 03:00:00,189.45586206896553
2024-01-02 04:00:00,181.24275862068964
2024-01-02 05:00:00,170.02733333333333
2024-01-02 06:00:00,166.33166666666665
2024-01-02 07:00:00,162.80366666666666
2024-01-02 08:00:00,160.81666666666666
2024-01-02 09:00:00,157.631
2024-01-02 10:00:00,164.76866666666666
2024-01-02 11:00:00,172.895
2024-01-02 12:00:00,166.39133333333334
2024-01-02 13:00:00,165.77033333333333
2024-01-02 14:00:00,168.25333333333336
2024-01-02 15:00:00,154.87800000000001
2024-01-02 16:00:00,149.32933333333332
2024-01-02 17:00:00,151.53499999999997
2024-01-02 18:00:00,174.40099999999998
2024-01-02 19:00:00,207.29933333333332
2024-01-02 20:00:00,226.52833333333334
2024-01-02 21:00:00,237.299
2024-01-02 22:00:00,220.30366666666666
2024-01-02 23:00:00,187.597
2024-01-03 00:00:00,175.42466666666667
2024-01-03 01:00:00,166.448
2024-01-03 02:00:00,157.975
2024-01-03 03:00:00,142.22299999999998
2024-01-03 04:00:00,136.68266666666665
2024-01-03 05:00:00,129.43333333333334
2024-01-03 06:00:00,132.241
2024-01-03 07:00:00,125.04199999999999
2024-01-03 08:00:00,124.858
2024-01-03 09:00:00,135.77333333333334
2024-01-03 10:00:00,162.988
2024-01-03 11:00:00,185.33199999999997
2024-01-03 12:00:00,212.596
2024-01-03 13:00:00,230.82533333333333
2024-01-03 14:00:00,234.89766666666668
2024-01-03 15:00:00,228.804
2024-01-03 16:00:00,219.524
2024-01-03 17:00:00,209.0503333333333
2024-01-03 18:00:00,216.84233333333333
2024-01-03 19:00:00,234.86766666666665
2024-01-03 20:00:00,267.03366666666665
2024-01-03 21:00:00,277.295
2024-01-03 22:00:00,280.74799999999993
2024-01-03 23:00:00,260.1234482758621
2024-01-04 00:00:00,241.49499999999998
2024-01-04 01:00:00,211.51366666666667
2024-01-04 02:00:00,193.067
2024-01-04 03:00:00,184.124
2024-01-04 04:00:00,179.5536666666667
2024-01-04 05:00:00,174.601
2024-01-04 06:00:00,171.546
2024-01-04 07:00:00,179.9646666666667
2024-01-04 08:00:00,198.60766666666666
2024-01-04 09:00:00,211.61566666666664
2024-01-04 10:00:00,223.26299999999998
2024-01-04 11:00:00,248.63000000000002
2024-01-04 12:00:00,259.601
2024-01-04 13:00:00,254.54733333333334
2024-01-04 14:00:00,252.14399999999998
2024-01-04 15:00:00,247.0643333333333
2024-01-04 16:00:00,239.14133333333334
2024-01-04 17:00:00,239.75866666666667
2024-01-04 18:00:00,234.179
2024-01-04 19:00:00,226.39833333333334
2024-01-04 20:00:00,225.63833333333335
2024-01-04 21:00:00,217.62533333333334
2024-01-04 22:00:00,204.32066666666665
2024-01-04 23:00:00,193.68633333333335
2024-01-05 00:00:00,175.16233333333332
2024-01-05 01:00:00,171.57766666666666
2024-01-05 02:00:00,162.40500000000003
2024-01-05 03:00:00,150.51833333333335
2024-01-05 04:00:00,133.51899999999998
2024-01-05 05:00:00,114.14900000000002
2024-01-05 06:00:00,115.39833333333334
2024-01-05 07:00:00,113.821
2024-01-05 08:00:00,115.773
2024-01-05 09:00:00,124.79066666666667
2024-01-05 10:00:00,137.386
2024-01-05 11:00:00,156.52633333333333
2024-01-05 12:00:00,178.01310344827587
2024-01-05 13:00:00,203.15758620689658
2024-01-05 14:00:00,208.14379310344827
2024-01-05 15:00:00,208.3444827586207
2024-01-05 16:00:00,195.18862068965518
2024-01-05 17:00:00,191.60620689655173
2024-01-05 18:00:00,178.32931034482755
2024-01-05 19:00:00,171.52689655172412
2024-01-05 20:00:00,161.9789655172414
2024-01-05 21:00:00,156.70000000000002
2024-01-05 22:00:00,152.0651724137931
2024-01-05 23:00:00,141.5644827586207
2024-01-06 00:00:00,130.06655172413795
2024-01-06 01:00:00,120.3651724137931
2024-01-06 02:00:00,111.83655172413792
2024-01-06 03:00:00,108.88413793103449
2024-01-06 04:00:00,111.7796551724138
2024-01-06 05:00:00,114.40310344827589
2024-01-06 06:00:00,119.5803448275862
2024-01-06 07:00:00,126.83827586206897
2024-01-06 08:00:00,131.22464285714287
2024-01-06 09:00:00,144.63344827586207
2024-01-06 10:00:00,162.2948275862069
2024-01-06 11:00:00,173.68678571428572
2024-01-06 12:00:00,191.4010714285714
2024-01-06 13:00:00,197.09392857142856
2024-01-06 14:00:00,214.7042857142857
2024-01-06 15:00:00,201.4851724137931
2024-01-06 16:00:00,205.81586206896552
2024-01-06 17:00:00,211.13344827586207
2024-01-06 18:00:00,219.11896551724138
2024-01-06 19:00:00,221.85827586206895
2024-01-06 20:00:00,227.91310344827588
2024-01-06 21:00:00,228.0341379310345
2024-01-06 22:00:00,227.02586206896552
2024-01-06 23:00:00,211.75035714285715
2024-01-07 00:00:00,207.7932142857143
2024-01-07 01:00:00,189.37586206896555
2024-01-07 02:00:00,163.14724137931032
2024-01-07 03:00:00,147.62655172413793
2024-01-07 04:00:00,130.46310344827586
2024-01-07 05:00:00,125.39551724137931
2024-01-07 06:00:00,128.44827586206895
2024-01-07 07:00:00,132.53689655172414
2024-01-07 08:00:00,134.3896551724138
2024-01-07 09:00:00,141.08827586206897
2024-01-07 10:00:00,147.2975862068965
2024-01-07 11:00:00,156.97379310344826
2024-01-07 12:00:00,164.82344827586206
2024-01-07 13:00:00,166.3248275862069
2024-01-07 14:00:00,174.29758620689657
2024-01-07 15:00:00,171.13724137931035
2024-01-07 16:00:00,178.82793103448276
2024-01-07 17:00:00,173.80172413793105
2024-01-07 18:00:00,186.8596551724138
2024-01-07 19:00:00,202.91862068965517
2024-01-07 20:00:00,206.18344827586205
2024-01-07 21:00:00,199.98241379310343
2024-01-07 22:00:00,199.52241379310345
2024-01-07 23:00:00,187.57758620689654
2024-01-08 00:00:00,177.95379310344828
2024-01-08 01:00:00,162.68379310344827
2024-01-08 02:00:00,147.1634482758621
2024-01-08 03:00:00,145.02310344827586
2024-01-08 04:00:00,144.8551724137931
2024-01-08 05:00:00,152.19285714285712
2024-01-08 06:00:00,156.24655172413793
2024-01-08 07:00:00,160.5441379310345
2024-01-08 08:00:00,169.7510344827586
2024-01-08 09:00:00,178.22827586206895
2024-01-08 10:00:00,207.48
2024-01-08 11:00:00,234.51517241379312
2024-01-08 12:00:00,271.64
2024-01-08 13:00:00,292.4306896551724
2024-01-08 14:00:00,290.30896551724135
2024-01-08 15:00:00,305.0844827586207
2024-01-08 16:00:00,316.58137931034486
2024-01-08 17:00:00,318.08862068965516
2024-01-08 18:00:00,315.76758620689657
2024-01-08 19:00:00,295.58206896551724
2024-01-08 20:00:00,306.05482758620684
2024-01-08 21:00:00,268.9237931034483
2024-01-08 22:00:00,224.92896551724135
2024-01-08 23:00:00,208.43827586206893
2024-01-09 00:00:00,187.0875862068966
2024-01-09 01:00:00,160.1448275862069
2024-01-09 02:00:00,144.57999999999998
2024-01-09 03:00:00,132.2755172413793
2024-01-09 04:00:00,123.17379310344828
2024-01-09 05:00:00,122.79103448275862
2024-01-09 06:00:00,128.8548275862069
2024-01-09 07:00:00,141.26620689655172
2024-01-09 08:00:00,151.88344827586204
2024-01-09 09:00:00,158.0841379310345
2024-01-09 10:00:00,159.67137931034483
2024-01-09 11:00:00,150.85333333333332
2024-01-09 12:00:00,145.422
2024-01-09 13:00:00,139.2858620689655
2024-01-09 14:00:00,128.56233333333333
2024-01-09 15:00:00,121.42233333333334
2024-01-09 16:00:00,118.99266666666666
2024-01-09 17:00:00,114.52133333333333
2024-01-09 18:00:00,117.97366666666667
2024-01-09 19:00:00,118.31466666666667
2024-01-09 20:00:00,115.25066666666666
2024-01-09 21:00:00,108.22433333333333
2024-01-09 22:00:00,101.65599999999999
2024-01-09 23:00:00,103.65066666666667
2024-01-10 00:00:00,107.36933333333333
2024-01-10 01:00:00,108.93733333333333
2024-01-10 02:00:00,109.03166666666667
2024-01-10 03:00:00,114.06733333333334
2024-01-10 04:00:00,111.13733333333334
2024-01-10 05:00:00,102.79166666666667
2024-01-10 06:00:00,101.83866666666667
2024-01-10 07:00:00,105.65833333333333
2024-01-10 08:00:00,109.479
2024-01-10 09:00:00,118.19933333333333
2024-01-10 10:00:00,133.21166666666667
2024-01-10 11:00:00,154.72566666666668
2024-01-10 12:00:00,166.8273333333333
2024-01-10 13:00:00,168.58933333333331
2024-01-10 14:00:00,178.75633333333332
2024-01-10 15:00:00,180.90500000000003
2024-01-10 16:00:00,180.98633333333333
2024-01-10 17:00:00,193.093
2024-01-10 18:00:00,197.85800000000003
2024-01-10 19:00:00,203.6966666666667
2024-01-10 20:00:00,217.947
2024-01-10 21:00:00,227.28733333333332
2024-01-10 22:00:00,219.79033333333334
2024-01-10 23:00:00,209.851
2024-01-11 00:00:00,184.55633333333333
2024-01-11 01:00:00,172.50166666666667
2024-01-11 02:00:00,164.31733333333332
2024-01-11 03:00:00,158.6843333333333
2024-01-11 04:00:00,153.65466666666666
2024-01-11 05:00:00,154.8
2024-01-11 06:00:00,155.02233333333334
2024-01-11 07:00:00,152.45366666666666
2024-01-11 08:00:00,156.18166666666667
2024-01-11 09:00:00,175.32344827586206
2024-01-11 10:00:00,183.29310344827587
2024-01-11 11:00:00,206.6385714285714
2024-01-11 12:00:00,219.9022222222222
2024-01-11 13:00:00,216.8492857142857
2024-01-11 14:00:00,203.46633333333335
2024-01-11 15:00:00,187.3646666666667
2024-01-11 16:00:00,178.23166666666668
2024-01-11 17:00:00,174.87199999999999
2024-01-11 18:00:00,191.09066666666664
2024-01-11 19:00:00,221.99066666666667
2024-01-11 20:00:00,244.46266666666665
2024-01-11 21:00:00,255.76933333333332
2024-01-11 22:00:00,258.137
2024-01-11 23:00:00,236.511
2024-01-12 00:00:00,219.259
2024-01-12 01:00:00,186.32633333333334
2024-01-12 02:00:00,174.28206896551725
2024-01-12 03:00:00,162.04551724137934
2024-01-12 04:00:00,157.3551724137931
2024-01-12 05:00:00,147.10172413793103
2024-01-12 06:00:00,136.113
2024-01-12 07:00:00,120.40100000000001
2024-01-12 08:00:00,127.21433333333333
2024-01-12 09:00:00,137.61333333333334
2024-01-12 10:00:00,147.98300000000003
2024-01-12 11:00:00,176.85
2024-01-12 12:00:00,206.19133333333332
2024-01-12 13:00:00,195.345
2024-01-12 14:00:00,174.91103448275862
2024-01-12 15:00:00,155.3048275862069
2024-01-12 16:00:00,145.50344827586207
2024-01-12 17:00:00,141.65214285714285
2024-01-12 18:00:00,162.69107142857143
2024-01-12 19:00:00,227.23833333333332
2024-01-12 20:00:00,279.0179310344828
2024-01-12 21:00:00,302.2076666666666
2024-01-12 22:00:00,306.5524137931035
2024-01-12 23:00:00,313.40833333333336
2024-01-13 00:00:00,293.595
2024-01-13 01:00:00,286.2983333333333
2024-01-13 02:00:00,270.48266666666666
2024-01-13 03:00:00,251.42241379310346
2024-01-13 04:00:00,234.4206896551724
2024-01-13 05:00:00,224.57724137931035
2024-01-13 06:00:00,219.02366666666666
2024-01-13 07:00:00,224.76766666666666
2024-01-13 08:00:00,226.88333333333333
2024-01-13 09:00:00,237.74733333333333
2024-01-13 10:00:00,287.078275862069
2024-01-13 11:00:00,348.66241379310344
2024-01-13 12:00:00,397.8125
2024-01-13 13:00:00,419.7282758620689
2024-01-13 14:00:00,418.2841379310345
2024-01-13 15:00:00,428.9655172413793
2024-01-13 16:00:00,445.2176666666666
2024-01-13 17:00:00,455.07133333333337
2024-01-13 18:00:00,482.4113333333334
2024-01-13 19:00:00,516.0060714285714
2024-01-13 20:00:00,510.9503846153847
2024-01-13 21:00:00,501.0704
2024-01-13 22:00:00,510.3096
2024-01-13 23:00:00,521.1262499999999
2024-01-14 00:00:00,566.1788
2024-01-14 01:00:00,528.5253846153846
2024-01-14 02:00:00,477.8914814814815
2024-01-14 03:00:00,441.3240740740741
2024-01-14 04:00:00,375.58821428571434
2024-01-14 05:00:00,340.75
2024-01-14 06:00:00,264.51068965517237
2024-01-14 07:00:00,245.99966666666666
2024-01-14 08:00:00,229.73399999999998
2024-01-14 09:00:00,239.86733333333333
2024-01-14 10:00:00,273.4396666666667
2024-01-14 11:00:00,319.555
2024-01-14 12:00:00,358.60999999999996
2024-01-14 13:00:00,357.24199999999996
2024-01-14 14:00:00,301.27366666666666
2024-01-14 15:00:00,245.081
2024-01-14 16:00:00,214.38482758620688
2024-01-14 17:00:00,212.87699999999998
2024-01-14 18:00:00,241.89833333333337
2024-01-14 19:00:00,289.36233333333337
2024-01-14 20:00:00,355.97799999999995
2024-01-14 21:00:00,385.0893333333334
2024-01-14 22:00:00,361.9593103448276
2024-01-14 23:00:00,316.845
2024-01-15 00:00:00,275.553
2024-01-15 01:00:00,250.6296551724138
2024-01-15 02:00:00,222.22862068965517
2024-01-15 03:00:00,198.52172413793107
2024-01-15 04:00:00,179.40533333333335
2024-01-15 05:00:00,166.76566666666665
2024-01-15 06:00:00,146.5337931034483
2024-01-15 07:00:00,131.89896551724138
2024-01-15 08:00:00,132.99370370370372
2024-01-15 09:00:00,144.51
2024-01-15 10:00:00,171.28758620689655
2024-01-15 11:00:00,193.57433333333333
2024-01-15 12:00:00,194.7125
2024-01-15 13:00:00,161.21827586206896
2024-01-15 14:00:00,134.53413793103448
2024-01-15 15:00:00,117.17862068965516
2024-01-15 16:00:00,114.55999999999999
2024-01-15 17:00:00,112.296
2024-01-15 18:00:00,142.84137931034482
2024-01-15 19:00:00,199.28758620689655
2024-01-15 20:00:00,267.2396551724138
2024-01-15 21:00:00,315.7165517241379
2024-01-15 22:00:00,332.6010344827586
2024-01-15 23:00:00,321.66785714285714
2024-01-16 00:00:00,301.205
2024-01-16 01:00:00,281.58214285714286
2024-01-16 02:00:00,292.3072413793103
2024-01-16 03:00:00,275.8772413793103
2024-01-16 04:00:00,258.1448275862069
2024-01-16 05:00:00,252.99
2024-01-16 06:00:00,233.6885714285714
2024-01-16 07:00:00,215.22607142857143
2024-01-16 08:00:00,206.6006896551724
2024-01-16 09:00:00,206.08172413793102
2024-01-16 10:00:00,208.905
2024-01-16 11:00:00,238.77833333333334
2024-01-16 12:00:00,261.8603448275862
2024-01-16 13:00:00,262.86428571428576
2024-01-16 14:00:00,245.29793103448276
2024-01-16 15:00:00,234.99275862068964
2024-01-16 16:00:00,236.17366666666666
2024-01-16 17:00:00,232.38666666666666
2024-01-16 18:00:00,233.663
2024-01-16 19:00:00,239.059
2024-01-16 20:00:00,251.94733333333335
2024-01-16 21:00:00,251.07766666666666
2024-01-16 22:00:00,243.50033333333334
2024-01-16 23:00:00,245.04933333333332
2024-01-17 00:00:00,230.895
2024-01-17 01:00:00,222.16266666666667
2024-01-17 02:00:00,210.05266666666665
2024-01-17 03:00:00,200.83100000000002
2024-01-17 04:00:00,189.50966666666667
2024-01-17 05:00:00,181.42033333333333
2024-01-17 06:00:00,178.66166666666666
2024-01-17 07:00:00,179.624
2024-01-17 08:00:00,179.52566666666664
2024-01-17 09:00:00,190.20400000000004
2024-01-17 10:00:00,211.80666666666667
2024-01-17 11:00:00,234.50166666666667
2024-01-17 12:00:00,224.33533333333332
2024-01-17 13:00:00,214.31185185185186
2024-01-17 14:00:00,196.42107142857142
2024-01-17 15:00:00,186.56827586206896
2024-01-17 16:00:00,184.8951724137931
2024-01-17 17:00:00,185.9689655172414
2024-01-17 18:00:00,196.60172413793103
2024-01-17 19:00:00,215.49172413793102
2024-01-17 20:00:00,226.83275862068965
2024-01-17 21:00:00,237.43344827586205
2024-01-17 22:00:00,238.69655172413792
2024-01-17 23:00:00,218.49724137931034
2024-01-18 00:00:00,185.74379310344827
2024-01-18 01:00:00,152.08607142857142
2024-01-18 02:00:00,126.375
2024-01-18 03:00:00,107.57103448275862
2024-01-18 04:00:00,94.60000000000001
2024-01-18 05:00:00,90.70724137931033
2024-01-18 06:00:00,97.71724137931035
2024-01-18 07:00:00,97.95655172413794
2024-01-18 08:00:00,99.94413793103449
2024-01-18 09:00:00,115.15103448275862
2024-01-18 10:00:00,148.522
2024-01-18 11:00:00,179.843
2024-01-18 12:00:00,215.53266666666667
2024-01-18 13:00:00,225.17366666666666
2024-01-18 14:00:00,226.92241379310346
2024-01-18 15:00:00,225.07103448275865
2024-01-18 16:00:00,228.94241379310347
2024-01-18 17:00:00,222.15655172413793
2024-01-18 18:00:00,215.11827586206897
2024-01-18 19:00:00,220.45482758620687
2024-01-18 20:00:00,217.9806896551724
2024-01-18 21:00:00,214.02896551724135
2024-01-18 22:00:00,206.26896551724138
2024-01-18 23:00:00,194.17931034482757
2024-01-19 00:00:00,195.56758620689655
2024-01-19 01:00:00,194.83551724137934
2024-01-19 02:00:00,192.6296551724138
2024-01-19 03:00:00,183.97379310344826
2024-01-19 04:00:00,174.59620689655173
2024-01-19 05:00:00,167.61758620689653
2024-01-19 06:00:00,157.34206896551726
2024-01-19 07:00:00,146.22535714285715
2024-01-19 08:00:00,140.64357142857142
2024-01-19 09:00:00,138.29724137931035
2024-01-19 10:00:00,151.09900000000002
2024-01-19 11:00:00,176.818
2024-01-19 12:00:00,216.51586206896553
2024-01-19 13:00:00,253.305
2024-01-19 14:00:00,217.20133333333334
2024-01-19 15:00:00,204.46862068965518
2024-01-19 16:00:00,199.10241379310347
2024-01-19 17:00:00,199.86379310344827
2024-01-19 18:00:00,181.309
2024-01-19 19:00:00,183.79833333333335
2024-01-19 20:00:00,185.01899999999998
2024-01-19 21:00:00,176.32666666666665
2024-01-19 22:00:00,166.93103448275863
2024-01-19 23:00:00,158.13333333333333
2024-01-20 00:00:00,147.02
2024-01-20 01:00:00,143.46533333333338
2024-01-20 02:00:00,140.75233333333333
2024-01-20 03:00:00,134.36766666666668
2024-01-20 04:00:00,133.738
2024-01-20 05:00:00,129.12566666666666
2024-01-20 06:00:00,132.573
2024-01-20 07:00:00,131.36933333333334
2024-01-20 08:00:00,139.20833333333334
2024-01-20 09:00:00,144.90933333333334
2024-01-20 10:00:00,153.45333333333332
2024-01-20 11:00:00,172.45620689655172
2024-01-20 12:00:00,186.84107142857144
2024-01-20 13:00:00,197.0637931034483
2024-01-20 14:00:00,207.12310344827588
2024-01-20 15:00:00,211.0906896551724
2024-01-20 16:00:00,211.03466666666665
2024-01-20 17:00:00,221.85266666666666
2024-01-20 18:00:00,234.4453333333333
2024-01-20 19:00:00,251.36499999999998
2024-01-20 20:00:00,266.29333333333335
2024-01-20 21:00:00,261.607
2024-01-20 22:00:00,260.7733333333333
2024-01-20 23:00:00,267.5893103448276
2024-01-21 00:00:00,257.96233333333333
2024-01-21 01:00:00,244.93620689655174
2024-01-21 02:00:00,228.54999999999998
2024-01-21 03:00:00,205.6844827586207
2024-01-21 04:00:00,194.06931034482756
2024-01-21 05:00:00,171.543
2024-01-21 06:00:00,150.07366666666667
2024-01-21 07:00:00,134.52933333333334
2024-01-21 08:00:00,128.29533333333333
2024-01-21 09:00:00,131.33833333333334
2024-01-21 10:00:00,141.45033333333333
2024-01-21 11:00:00,152.27366666666666
2024-01-21 12:00:00,167.34233333333336
2024-01-21 13:00:00,176.123
2024-01-21 14:00:00,173.67733333333334
2024-01-21 15:00:00,148.50900000000001
2024-01-21 16:00:00,130.719
2024-01-21 17:00:00,134.46733333333333
2024-01-21 18:00:00,148.16066666666669
2024-01-21 19:00:00,176.85266666666666
2024-01-21 20:00:00,182.46344827586208
2024-01-21 21:00:00,177.32379310344828
2024-01-21 22:00:00,171.45724137931035
2024-01-21 23:00:00,162.81724137931033
2024-01-22 00:00:00,149.94517241379313
2024-01-22 01:00:00,144.1262068965517
2024-01-22 02:00:00,132.6255172413793
2024-01-22 03:00:00,128.1855172413793
2024-01-22 04:00:00,125.44827586206897
2024-01-22 05:00:00,127.39620689655173
2024-01-22 06:00:00,131.29206896551725
2024-01-22 07:00:00,138.1851724137931
2024-01-22 08:00:00,152.04275862068965
2024-01-22 09:00:00,170.05821428571429
2024-01-22 10:00:00,194.9667857142857
2024-01-22 11:00:00,228.27620689655174
2024-01-22 12:00:00,241.76206896551724
2024-01-22 13:00:00,240.2837931034483
2024-01-22 14:00:00,234.53724137931033
2024-01-22 15:00:00,236.3955172413793
2024-01-22 16:00:00,237.76793103448279
2024-01-22 17:00:00,229.54724137931038
2024-01-22 18:00:00,239.6668965517241
2024-01-22 19:00:00,250.98689655172413
2024-01-22 20:00:00,265.2820689655172
2024-01-22 21:00:00,299.2806896551724
2024-01-22 22:00:00,309.76344827586206
2024-01-22 23:00:00,306.65241379310345
2024-01-23 00:00:00,277.58344827586205
2024-01-23 01:00:00,225.58655172413793
2024-01-23 02:00:00,198.5903448275862
2024-01-23 03:00:00,184.5548275862069
2024-01-23 04:00:00,168.9603448275862
2024-01-23 05:00:00,155.87137931034485
2024-01-23 06:00:00,148.98310344827587
2024-01-23 07:00:00,141.94931034482758
2024-01-23 08:00:00,138.6351724137931
2024-01-23 09:00:00,144.4331034482759
2024-01-23 10:00:00,148.19137931034487
2024-01-23 11:00:00,168.21379310344827
2024-01-23 12:00:00,187.43366666666665
2024-01-23 13:00:00,216.2086206896552
2024-01-23 14:00:00,227.46099999999998
2024-01-23 15:00:00,249.246
2024-01-23 16:00:00,259.35833333333335
2024-01-23 17:00:00,274.473
2024-01-23 18:00:00,278.521
2024-01-23 19:00:00,295.75399999999996
2024-01-23 20:00:00,293.6073333333333
2024-01-23 21:00:00,299.66066666666666
2024-01-23 22:00:00,292.3343333333333
2024-01-23 23:00:00,280.4156666666667
2024-01-24 00:00:00,274.48400000000004
2024-01-24 01:00:00,270.06333333333333
2024-01-24 02:00:00,265.2513333333334
2024-01-24 03:00:00,266.72
2024-01-24 04:00:00,265.14433333333335
2024-01-24 05:00:00,251.57399999999998
2024-01-24 06:00:00,225.28
2024-01-24 07:00:00,211.00500000000002
2024-01-24 08:00:00,205.8216666666667
2024-01-24 09:00:00,212.04666666666668
2024-01-24 10:00:00,227.08733333333333
2024-01-24 11:00:00,253.53166666666667
2024-01-24 12:00:00,270.62766666666664
2024-01-24 13:00:00,300.6433333333334
2024-01-24 14:00:00,302.94300000000004
2024-01-24 15:00:00,287.402
2024-01-24 16:00:00,263.22866666666664
2024-01-24 17:00:00,249.0883333333333
2024-01-24 18:00:00,238.944
2024-01-24 19:00:00,239.43766666666667
2024-01-24 20:00:00,237.73066666666668
2024-01-24 21:00:00,211.466
2024-01-24 22:00:00,204.324
2024-01-24 23:00:00,201.02700000000002
2024-01-25 00:00:00,189.70068965517243
2024-01-25 01:00:00,170.52866666666665
2024-01-25 02:00:00,164.04333333333335
2024-01-25 03:00:00,164.42766666666665
2024-01-25 04:00:00,134.43433333333334
2024-01-25 05:00:00,117.00533333333334
2024-01-25 06:00:00,104.50866666666667
2024-01-25 07:00:00,98.97137931034483
2024-01-25 08:00:00,99.15933333333334
2024-01-25 09:00:00,108.02999999999999
2024-01-25 10:00:00,130.2613333333333
2024-01-25 11:00:00,171.73666666666668
2024-01-25 12:00:00,210.21428571428572
2024-01-25 13:00:00,218.98428571428573
2024-01-25 14:00:00,234.00733333333335
2024-01-25 15:00:00,240.974
2024-01-25 16:00:00,245.06966666666665
2024-01-25 17:00:00,250.588
2024-01-25 18:00:00,253.11666666666667
2024-01-25 19:00:00,263.9963333333333
2024-01-25 20:00:00,272.143
2024-01-25 21:00:00,293.97
2024-01-25 22:00:00,306.9376666666667
2024-01-25 23:00:00,295.238
2024-01-26 00:00:00,268.5510344827586
2024-01-26 01:00:00,273.4193333333333
2024-01-26 02:00:00,275.13033333333334
2024-01-26 03:00:00,281.28862068965515
2024-01-26 04:00:00,278.9668965517241
2024-01-26 05:00:00,262.41433333333333
2024-01-26 06:00:00,255.83310344827586
2024-01-26 07:00:00,259.68275862068964
2024-01-26 08:00:00,261.9844827586207
2024-01-26 09:00:00,267.49266666666665
2024-01-26 10:00:00,300.9216666666667
2024-01-26 11:00:00,348.8806666666667
2024-01-26 12:00:00,372.4583333333333
2024-01-26 13:00:00,352.5846666666667
2024-01-26 14:00:00,285.67
2024-01-26 15:00:00,231.53600000000003
2024-01-26 16:00:00,205.976
2024-01-26 17:00:00,196.639
2024-01-26 18:00:00,227.11566666666667
2024-01-26 19:00:00,285.5251724137931
2024-01-26 20:00:00,353.47433333333333
2024-01-26 21:00:00,383.78566666666666
2024-01-26 22:00:00,395.73066666666665
2024-01-26 23:00:00,382.5713333333333
2024-01-27 00:00:00,353.9816666666667
2024-01-27 01:00:00,301.66551724137935
2024-01-27 02:00:00,261.59896551724137
2024-01-27 03:00:00,226.63724137931035
2024-01-27 04:00:00,207.53366666666665
2024-01-27 05:00:00,201.219
2024-01-27 06:00:00,196.51333333333332
2024-01-27 07:00:00,199.72
2024-01-27 08:00:00,193.58599999999998
2024-01-27 09:00:00,185.29066666666668
2024-01-27 10:00:00,180.8046666666667
2024-01-27 11:00:00,164.52566666666664
2024-01-27 12:00:00,124.46733333333331
2024-01-27 13:00:00,103.57833333333335
2024-01-27 14:00:00,93.407
2024-01-27 15:00:00,85.70599999999999
2024-01-27 16:00:00,78.98700000000001
2024-01-27 17:00:00,79.78766666666667
2024-01-27 18:00:00,102.28233333333333
2024-01-27 19:00:00,149.18241379310348
2024-01-27 20:00:00,188.46965517241378
2024-01-27 21:00:00,227.07068965517243
2024-01-27 22:00:00,253.9844827586207
2024-01-27 23:00:00,264.57724137931035
2024-01-28 00:00:00,245.3003448275862
2024-01-28 01:00:00,244.65103448275863
2024-01-28 02:00:00,235.77310344827586
2024-01-28 03:00:00,227.5706896551724
2024-01-28 04:00:00,222.08172413793108
2024-01-28 05:00:00,214.21724137931034
2024-01-28 06:00:00,219.9389655172414
2024-01-28 07:00:00,235.36724137931037
2024-01-28 08:00:00,244.58620689655172
2024-01-28 09:00:00,289.2846666666667
2024-01-28 10:00:00,342.35900000000004
2024-01-28 11:00:00,338.6983333333334
2024-01-28 12:00:00,324.73333333333335
2024-01-28 13:00:00,293.9203333333333
2024-01-28 14:00:00,275.84666666666664
2024-01-28 15:00:00,261.618
2024-01-28 16:00:00,264.2296666666667
2024-01-28 17:00:00,255.124
2024-01-28 18:00:00,245.89133333333334
2024-01-28 19:00:00,239.35766666666666
2024-01-28 20:00:00,234.97933333333333
2024-01-28 21:00:00,232.68499999999997
2024-01-28 22:00:00,224.01399999999998
2024-01-28 23:00:00,211.70566666666667
2024-01-29 00:00:00,188.20206896551724
2024-01-29 01:00:00,172.5206896551724
2024-01-29 02:00:00,172.07533333333333
2024-01-29 03:00:00,161.45033333333333
2024-01-29 04:00:00,156.80666666666667
2024-01-29 05:00:00,152.55433333333335
2024-01-29 06:00:00,148.07066666666668
2024-01-29 07:00:00,147.311
2024-01-29 08:00:00,154.76166666666668
2024-01-29 09:00:00,173.81466666666665
2024-01-29 10:00:00,199.05733333333333
2024-01-29 11:00:00,214.35833333333332
2024-01-29 12:00:00,212.97103448275863
2024-01-29 13:00:00,204.33800000000002
2024-01-29 14:00:00,201.90866666666665
2024-01-29 15:00:00,202.866
2024-01-29 16:00:00,205.27200000000002
2024-01-29 17:00:00,215.84233333333333
2024-01-29 18:00:00,241.19833333333335
2024-01-29 19:00:00,278.44899999999996
2024-01-29 20:00:00,306.41966666666667
2024-01-29 21:00:00,290.3913333333333
2024-01-29 22:00:00,279.06433333333337
2024-01-29 23:00:00,253.33233333333334
2024-01-30 00:00:00,227.03866666666667
2024-01-30 01:00:00,214.37344827586207
2024-01-30 02:00:00,196.449
2024-01-30 03:00:00,175.94166666666663
2024-01-30 04:00:00,167.81
2024-01-30 05:00:00,150.46
2024-01-30 06:00:00,136.77566666666664
2024-01-30 07:00:00,125.91966666666667
2024-01-30 08:00:00,125.99600000000001
2024-01-30 09:00:00,132.67533333333333
2024-01-30 10:00:00,139.32066666666665
2024-01-30 11:00:00,169.48
2024-01-30 12:00:00,215.61466666666666
2024-01-30 13:00:00,250.5773333333333
2024-01-30 14:00:00,262.38866666666667
2024-01-30 15:00:00,259.975
2024-01-30 16:00:00,270.90206896551723
2024-01-30 17:00:00,281.5655172413793
2024-01-30 18:00:00,288.13172413793103
2024-01-30 19:00:00,276.36689655172415
2024-01-30 20:00:00,280.46
2024-01-30 21:00:00,276.88724137931035
2024-01-30 22:00:00,274.5841379310345
2024-01-30 23:00:00,271.92310344827587
2024-01-31 00:00:00,245.9906896551724
2024-01-31 01:00:00,229.03965517241377
2024-01-31 02:00:00,209.18965517241378
2024-01-31 03:00:00,200.59206896551726
2024-01-31 04:00:00,209.0593103448276
2024-01-31 05:00:00,216.9434482758621
2024-01-31 06:00:00,202.96965517241378
2024-01-31 07:00:00,185.45827586206897
2024-01-31 08:00:00,188.26068965517243
2024-01-31 09:00:00,193.53758620689655
2024-01-31 10:00:00,219.6096551724138
2024-01-31 11:00:00,284.978
2024-01-31 12:00:00,304.8714285714286
2024-01-31 13:00:00,305.72357142857146
2024-01-31 14:00:00,279.85896551724136
2024-01-31 15:00:00,254.96620689655174
2024-01-31 16:00:00,248.9541379310345
2024-01-31 17:00:00,234.91931034482758
2024-01-31 18:00:00,197.795
2024-01-31 19:00:00,190.46517241379308
2024-01-31 20:00:00,192.0713793103448
2024-01-31 21:00:00,196.80107142857142
2024-01-31 22:00:00,162.7957142857143
2024-01-31 23:00:00,116.11035714285713
2024-02-01 00:00:00,86.5
2024-02-01 01:00:00,63.66035714285715
2024-02-01 02:00:00,44.48624999999999
2024-02-01 03:00:00,42.4488
2024-02-01 04:00:00,37.0716
2024-02-01 05:00:00,29.345185185185183
2024-02-01 06:00:00,31.622962962962966
2024-02-01 07:00:00,37.071851851851854
2024-02-01 08:00:00,40.955
2024-02-01 09:00:00,47.592499999999994
2024-02-01 10:00:00,47.0048275862069
2024-02-01 11:00:00,41.9907142857143
2024-02-01 12:00:00,47.53357142857142
2024-02-01 13:00:00,54.756206896551724
2024-02-01 14:00:00,63.62862068965517
2024-02-01 15:00:00,69.44172413793105
2024-02-01 16:00:00,76.31851851851852
2024-02-01 17:00:00,79.13481481481482
2024-02-01 18:00:00,86.55689655172414
2024-02-01 19:00:00,100.06172413793105
2024-02-01 20:00:00,105.35068965517242
2024-02-01 21:00:00,102.49275862068966
2024-02-01 22:00:00,98.80724137931034
2024-02-01 23:00:00,97.18413793103448
2024-02-02 00:00:00,96.05413793103449
2024-02-02 01:00:00,98.25275862068965
2024-02-02 02:00:00,95.73535714285715
2024-02-02 03:00:00,96.47777777777777
2024-02-02 04:00:00,83.62517241379311
2024-02-02 05:00:00,79.02892857142857
2024-02-02 06:00:00,74.72785714285715
2024-02-02 07:00:00,76.49931034482759
2024-02-02 08:00:00,82.13275862068966
2024-02-02 09:00:00,77.0206896551724
2024-02-02 10:00:00,85.34678571428572
2024-02-02 11:00:00,102.04321428571427
2024-02-02 12:00:00,119.64862068965517
2024-02-02 13:00:00,135.59862068965518
2024-02-02 14:00:00,135.3710344827586
2024-02-02 15:00:00,124.92344827586206
2024-02-02 16:00:00,108.36862068965517
2024-02-02 17:00:00,94.97758620689655
2024-02-02 18:00:00,95.77827586206895
2024-02-02 19:00:00,110.90448275862069
2024-02-02 20:00:00,127.17896551724138
2024-02-02 21:00:00,130.30241379310345
2024-02-02 22:00:00,120.95379310344828
2024-02-02 23:00:00,113.14035714285714
2024-02-03 00:00:00,96.6837037037037
2024-02-03 01:00:00,88.64592592592592
2024-02-03 02:00:00,79.83333333333333
2024-02-03 03:00:00,72.66222222222223
2024-02-03 04:00:00,65.26962962962963
2024-02-03 05:00:00,64.9637037037037
2024-02-03 06:00:00,71.94571428571429
2024-02-03 07:00:00,82.63814814814815
2024-02-03 08:00:00,94.2311111111111
2024-02-03 09:00:00,97.77185185185186
2024-02-03 10:00:00,94.24178571428573
2024-02-03 11:00:00,86.10535714285716
2024-02-03 12:00:00,79.99071428571428
2024-02-03 13:00:00,74.55071428571429
2024-02-03 14:00:00,63.028214285714284
2024-02-03 15:00:00,56.62392857142857
2024-02-03 16:00:00,57.50857142857143
2024-02-03 17:00:00,68.76892857142856
2024-02-03 18:00:00,87.08037037037036
2024-02-03 19:00:00,128.24185185185186
2024-02-03 20:00:00,155.69592592592593
2024-02-03 21:00:00,195.4466666666667
2024-02-03 22:00:00,221.0703703703704
2024-02-03 23:00:00,220.80962962962965
2024-02-04 00:00:00,212.52777777777777
2024-02-04 01:00:00,191.3462962962963
2024-02-04 02:00:00,183.2340740740741
2024-02-04 03:00:00,176.62851851851852
2024-02-04 04:00:00,165.78185185185183
2024-02-04 05:00:00,125.64888888888889
2024-02-04 06:00:00,110.85076923076923
2024-02-04 07:00:00,106.73230769230769
2024-02-04 08:00:00,101.18846153846154
2024-02-04 09:00:00,108.40178571428571
2024-02-04 10:00:00,117.11607142857143
2024-02-04 11:00:00,122.95857142857142
2024-02-04 12:00:00,123.7725
2024-02-04 13:00:00,123.1032142857143
2024-02-04 14:00:00,118.41071428571429
2024-02-04 15:00:00,110.84678571428572
2024-02-04 16:00:00,98.50285714285714
2024-02-04 17:00:00,94.40785714285714
2024-02-04 18:00:00,90.20285714285714
2024-02-04 19:00:00,97.42892857142859
2024-02-04 20:00:00,111.26928571428572
2024-02-04 21:00:00,112.44392857142859
2024-02-04 22:00:00,103.75481481481482
2024-02-04 23:00:00,83.14222222222223
2024-02-05 00:00:00,74.70518518518519
2024-02-05 01:00:00,70.36518518518518
2024-02-05 02:00:00,70.70555555555555
2024-02-05 03:00:00,70.44769230769231
2024-02-05 04:00:00,70.78653846153847
2024-02-05 05:00:00,72.41576923076923
2024-02-05 06:00:00,73.95
2024-02-05 07:00:00,77.53730769230769
2024-02-05 08:00:00,87.01846153846154
2024-02-05 09:00:00,92.24407407407408
2024-02-05 10:00:00,86.81607142857142
2024-02-05 11:00:00,72.21857142857142
2024-02-05 12:00:00,68.08896551724138
2024-02-05 13:00:00,68.71620689655172
2024-02-05 14:00:00,76.14033333333333
2024-02-05 15:00:00,78.66433333333335
2024-02-05 16:00:00,73.74333333333334
2024-02-05 17:00:00,70.28800000000001
2024-02-05 18:00:00,73.20633333333333
2024-02-05 19:00:00,75.13066666666667
2024-02-05 20:00:00,80.87466666666666
2024-02-05 21:00:00,79.34933333333333
2024-02-05 22:00:00,74.07966666666667
2024-02-05 23:00:00,67.742
2024-02-06 00:00:00,61.904666666666664
2024-02-06 01:00:00,63.69933333333333
2024-02-06 02:00:00,63.239
2024-02-06 03:00:00,58.43866666666666
2024-02-06 04:00:00,59.68933333333334
2024-02-06 05:00:00,56.48766666666667
2024-02-06 06:00:00,56.80866666666667
2024-02-06 07:00:00,57.07766666666667
2024-02-06 08:00:00,64.93166666666667
2024-02-06 09:00:00,77.89699999999999
2024-02-06 10:00:00,84.72466666666666
2024-02-06 11:00:00,79.034
2024-02-06 12:00:00,65.4
2024-02-06 13:00:00,56.62833333333333
2024-02-06 14:00:00,45.074666666666666
2024-02-06 15:00:00,35.085
2024-02-06 16:00:00,31.815999999999995
2024-02-06 17:00:00,33.13166666666667
2024-02-06 18:00:00,44.04275862068965
2024-02-06 19:00:00,68.46900000000001
2024-02-06 20:00:00,103.941
2024-02-06 21:00:00,122.423
2024-02-06 22:00:00,122.31933333333335
2024-02-06 23:00:00,118.90833333333332
2024-02-07 00:00:00,108.89
2024-02-07 01:00:00,100.16333333333334
2024-02-07 02:00:00,86.94599999999998
2024-02-07 03:00:00,85.27900000000001
2024-02-07 04:00:00,87.18833333333335
2024-02-07 05:00:00,85.75666666666666
2024-02-07 06:00:00,85.10666666666665
2024-02-07 07:00:00,83.68866666666666
2024-02-07 08:00:00,92.71466666666667
2024-02-07 09:00:00,85.954
2024-02-07 10:00:00,68.34033333333333
2024-02-07 11:00:00,54.07733333333333
2024-02-07 12:00:00,46.152
2024-02-07 13:00:00,45.68866666666667
2024-02-07 14:00:00,42.50466666666667
2024-02-07 15:00:00,40.318
2024-02-07 16:00:00,44.74
2024-02-07 17:00:00,53.317666666666675
2024-02-07 18:00:00,62.43206896551724
2024-02-07 19:00:00,78.0348275862069
2024-02-07 20:00:00,96.50103448275861
2024-02-07 21:00:00,108.05344827586208
2024-02-07 22:00:00,105.64551724137932
2024-02-07 23:00:00,97.94413793103449
2024-02-08 00:00:00,93.9703448275862
2024-02-08 01:00:00,93.01766666666667
2024-02-08 02:00:00,89.38066666666667
2024-02-08 03:00:00,81.84366666666666
2024-02-08 04:00:00,80.59233333333334
2024-02-08 05:00:00,75.57033333333334
2024-02-08 06:00:00,71.712
2024-02-08 07:00:00,72.26533333333333
2024-02-08 08:00:00,74.11200000000001
2024-02-08 09:00:00,73.68733333333333
2024-02-08 10:00:00,70.76033333333334
2024-02-08 11:00:00,62.451071428571424
2024-02-08 12:00:00,55.25892857142857
2024-02-08 13:00:00,50.69678571428572
2024-02-08 14:00:00,43.55620689655173
2024-02-08 15:00:00,38.02862068965518
2024-02-08 16:00:00,35.38551724137931
2024-02-08 17:00:00,36.749310344827585
2024-02-08 18:00:00,48.554482758620686
2024-02-08 19:00:00,65.48172413793104
2024-02-08 20:00:00,81.56551724137931
2024-02-08 21:00:00,85.49931034482759
2024-02-08 22:00:00,81.70689655172414
2024-02-08 23:00:00,81.26642857142858
2024-02-09 00:00:00,71.12034482758621
2024-02-09 01:00:00,64.36689655172414
2024-02-09 02:00:00,60.56896551724138
2024-02-09 03:00:00,59.79931034482759
2024-02-09 04:00:00,62.11103448275862
2024-02-09 05:00:00,63.03758620689655
2024-02-09 06:00:00,66.20233333333333
2024-02-09 07:00:00,68.51137931034484
2024-02-09 08:00:00,74.45464285714286
2024-02-09 09:00:00,73.45655172413794
2024-02-09 10:00:00,74.22833333333332
2024-02-09 11:00:00,68.70275862068965
2024-02-09 12:00:00,60.26758620689655
2024-02-09 13:00:00,55.18689655172414
2024-02-09 14:00:00,45.382666666666665
2024-02-09 15:00:00,34.732
2024-02-09 16:00:00,33.233
2024-02-09 17:00:00,33.067
2024-02-09 18:00:00,44.620999999999995
2024-02-09 19:00:00,81.06103448275861
2024-02-09 20:00:00,121.69633333333333
2024-02-09 21:00:00,164.99866666666665
2024-02-09 22:00:00,193.01133333333334
2024-02-09 23:00:00,209.937
2024-02-10 00:00:00,199.00733333333332
2024-02-10 01:00:00,196.17033333333333
2024-02-10 02:00:00,190.27533333333335
2024-02-10 03:00:00,175.04666666666668
2024-02-10 04:00:00,179.83800000000002
2024-02-10 05:00:00,182.43333333333334
2024-02-10 06:00:00,186.2086666666667
2024-02-10 07:00:00,192.30633333333333
2024-02-10 08:00:00,204.975
2024-02-10 09:00:00,228.91933333333333
2024-02-10 10:00:00,249.853
2024-02-10 11:00:00,213.51833333333335
2024-02-10 12:00:00,168.94862068965517
2024-02-10 13:00:00,142.79758620689657
2024-02-10 14:00:00,133.15206896551723
2024-02-10 15:00:00,123.92931034482758
2024-02-10 16:00:00,111.76931034482759
2024-02-10 17:00:00,105.53137931034482
2024-02-10 18:00:00,119.27689655172414
2024-02-10 19:00:00,157.51137931034484
2024-02-10 20:00:00,187.4596551724138
2024-02-10 21:00:00,195.56931034482758
2024-02-10 22:00:00,201.55689655172412
2024-02-10 23:00:00,207.09793103448277
2024-02-11 00:00:00,200.95310344827587
2024-02-11 01:00:00,193.9796551724138
2024-02-11 02:00:00,184.70448275862066
2024-02-11 03:00:00,180.1368965517241
2024-02-11 04:00:00,177.2696551724138
2024-02-11 05:00:00,173.55413793103446
2024-02-11 06:00:00,181.86142857142858
2024-02-11 07:00:00,180.3289655172414
2024-02-11 08:00:00,186.2155172413793
2024-02-11 09:00:00,187.60827586206898
2024-02-11 10:00:00,186.6103448275862
2024-02-11 11:00:00,165.82827586206895
2024-02-11 12:00:00,139.71068965517242
2024-02-11 13:00:00,113.6
2024-02-11 14:00:00,104.45620689655172
2024-02-11 15:00:00,98.36413793103448
2024-02-11 16:00:00,98.56214285714285
2024-02-11 17:00:00,98.64214285714286
2024-02-11 18:00:00,104.39793103448275
2024-02-11 19:00:00,127.24931034482759
2024-02-11 20:00:00,161.71
2024-02-11 21:00:00,167.62517241379308
2024-02-11 22:00:00,171.4096551724138
2024-02-11 23:00:00,168.39724137931037
2024-02-12 00:00:00,170.14827586206897
2024-02-12 01:00:00,168.30758620689656
2024-02-12 02:00:00,169.27448275862068
2024-02-12 03:00:00,164.05241379310345
2024-02-12 04:00:00,159.58620689655172
2024-02-12 05:00:00,162.57785714285714
2024-02-12 06:00:00,159.37896551724137
2024-02-12 07:00:00,149.31266666666667
2024-02-12 08:00:00,150.37
2024-02-12 09:00:00,158.2296551724138
2024-02-12 10:00:00,160.4803448275862
2024-02-12 11:00:00,155.29689655172416
2024-02-12 12:00:00,136.381
2024-02-12 13:00:00,122.40100000000001
2024-02-12 14:00:00,117.004
2024-02-12 15:00:00,114.13833333333334
2024-02-12 16:00:00,115.21633333333332
2024-02-12 17:00:00,120.04266666666666
2024-02-12 18:00:00,142.41033333333334
2024-02-12 19:00:00,161.96033333333335
2024-02-12 20:00:00,178.90666666666667
2024-02-12 21:00:00,186.31733333333335
2024-02-12 22:00:00,196.32
2024-02-12 23:00:00,201.84533333333331
2024-02-13 00:00:00,198.24099999999999
2024-02-13 01:00:00,199.275
2024-02-13 02:00:00,194.05133333333333
2024-02-13 03:00:00,199.24733333333333
2024-02-13 04:00:00,193.68733333333333
2024-02-13 05:00:00,194.247
2024-02-13 06:00:00,197.7603448275862
2024-02-13 07:00:00,199.0531034482759
2024-02-13 08:00:00,209.3493103448276
2024-02-13 09:00:00,224.5964285714286
2024-02-13 10:00:00,237.1136666666667
2024-02-13 11:00:00,249.77724137931037
2024-02-13 12:00:00,243.489
2024-02-13 13:00:00,206.467
2024-02-13 14:00:00,168.00392857142856
2024-02-13 15:00:00,145.09862068965515
2024-02-13 16:00:00,142.81586206896552
2024-02-13 17:00:00,144.65103448275863
2024-02-13 18:00:00,159.49655172413796
2024-02-13 19:00:00,187.34241379310345
2024-02-13 20:00:00,223.46862068965518
2024-02-13 21:00:00,249.57034482758624
2024-02-13 22:00:00,257.12793103448274
2024-02-13 23:00:00,259.34896551724137
2024-02-14 00:00:00,252.9179310344828
2024-02-14 01:00:00,232.31035714285713
2024-02-14 02:00:00,221.85071428571428
2024-02-14 03:00:00,209.97142857142856
2024-02-14 04:00:00,207.22629629629628
2024-02-14 05:00:00,197.78749999999997
2024-02-14 06:00:00,196.27
2024-02-14 07:00:00,190.81035714285713
2024-02-14 08:00:00,189.0332142857143
2024-02-14 09:00:00,190.08896551724138
2024-02-14 10:00:00,185.45896551724135
2024-02-14 11:00:00,192.94535714285712
2024-02-14 12:00:00,161.1632142857143
2024-02-14 13:00:00,136.4893103448276
2024-02-14 14:00:00,117.51965517241378
2024-02-14 15:00:00,101.34862068965518
2024-02-14 16:00:00,93.6951724137931
2024-02-14 17:00:00,100.99275862068964
2024-02-14 18:00:00,114.51137931034484
2024-02-14 19:00:00,132.35689655172413
2024-02-14 20:00:00,152.9289655172414
2024-02-14 21:00:00,166.43517241379314
2024-02-14 22:00:00,176.83379310344827
2024-02-14 23:00:00,171.00620689655173
2024-02-15 00:00:00,159.97034482758622
2024-02-15 01:00:00,147.4557142857143
2024-02-15 02:00:00,131.43928571428572
2024-02-15 03:00:00,129.9482142857143
2024-02-15 04:00:00,128.6157142857143
2024-02-15 05:00:00,128.97555555555556
2024-02-15 06:00:00,135.30555555555554
2024-02-15 07:00:00,142.80928571428572
2024-02-15 08:00:00,149.60999999999999
2024-02-15 09:00:00,158.33275862068965
2024-02-15 10:00:00,160.81206896551726
2024-02-15 11:00:00,144.86266666666663
2024-02-15 12:00:00,117.80172413793103
2024-02-15 13:00:00,96.65214285714286
2024-02-15 14:00:00,83.36896551724138
2024-02-15 15:00:00,74.01965517241378
2024-02-15 16:00:00,71.74758620689654
2024-02-15 17:00:00,75.43827586206896
2024-02-15 18:00:00,86.51758620689655
2024-02-15 19:00:00,105.63172413793104
2024-02-15 20:00:00,136.43827586206896
2024-02-15 21:00:00,159.7262068965517
2024-02-15 22:00:00,174.7755172413793
2024-02-15 23:00:00,170.79103448275865
2024-02-16 00:00:00,167.6368965517241
2024-02-16 01:00:00,156.07862068965517
2024-02-16 02:00:00,142.40310344827589
2024-02-16 03:00:00,131.28241379310344
2024-02-16 04:00:00,133.3055172413793
2024-02-16 05:00:00,132.20655172413794
2024-02-16 06:00:00,141.7144827586207
2024-02-16 07:00:00,160.08896551724138
2024-02-16 08:00:00,161.62
2024-02-16 09:00:00,155.0758620689655
2024-02-16 10:00:00,143.1248275862069
2024-02-16 11:00:00,133.3203448275862
2024-02-16 12:00:00,117.39733333333334
2024-02-16 13:00:00,102.24733333333333
2024-02-16 14:00:00,75.91689655172412
2024-02-16 15:00:00,58.48966666666666
2024-02-16 16:00:00,44.961333333333336
2024-02-16 17:00:00,42.68366666666667
2024-02-16 18:00:00,55.95620689655173
2024-02-16 19:00:00,90.00137931034484
2024-02-16 20:00:00,118.69689655172414
2024-02-16 21:00:00,135.83785714285713
2024-02-16 22:00:00,145.76724137931035
2024-02-16 23:00:00,157.11357142857142
2024-02-17 00:00:00,154.7455172413793
2024-02-17 01:00:00,152.59137931034482
2024-02-17 02:00:00,145.1548275862069
2024-02-17 03:00:00,147.48275862068965
2024-02-17 04:00:00,149.24517241379309
2024-02-17 05:00:00,152.0551724137931
2024-02-17 06:00:00,149.5444827586207
2024-02-17 07:00:00,146.23241379310343
2024-02-17 08:00:00,142.82068965517243
2024-02-17 09:00:00,136.4637931034483
2024-02-17 10:00:00,124.63655172413793
2024-02-17 11:00:00,124.24066666666666
2024-02-17 12:00:00,89.85666666666665
2024-02-17 13:00:00,82.98233333333334
2024-02-17 14:00:00,73.41862068965517
2024-02-17 15:00:00,62.532
2024-02-17 16:00:00,52.21833333333334
2024-02-17 17:00:00,53.271
2024-02-17 18:00:00,61.03633333333333
2024-02-17 19:00:00,83.82633333333335
2024-02-17 20:00:00,117.16233333333334
2024-02-17 21:00:00,145.626
2024-02-17 22:00:00,164.16500000000002
2024-02-17 23:00:00,183.82833333333332
2024-02-18 00:00:00,181.94400000000002
2024-02-18 01:00:00,183.10899999999998
2024-02-18 02:00:00,189.13
2024-02-18 03:00:00,188.26137931034484
2024-02-18 04:00:00,185.32
2024-02-18 05:00:00,176.5926666666667
2024-02-18 06:00:00,169.94833333333332
2024-02-18 07:00:00,176.67766666666665
2024-02-18 08:00:00,180.82666666666668
2024-02-18 09:00:00,171.11200000000002
2024-02-18 10:00:00,135.68166666666667
2024-02-18 11:00:00,96.949
2024-02-18 12:00:00,80.66766666666668
2024-02-18 13:00:00,73.30433333333332
2024-02-18 14:00:00,70.98066666666666
2024-02-18 15:00:00,69.48533333333333
2024-02-18 16:00:00,72.386
2024-02-18 17:00:00,76.23366666666666
2024-02-18 18:00:00,80.251
2024-02-18 19:00:00,92.012
2024-02-18 20:00:00,110.81166666666668
2024-02-18 21:00:00,122.97620689655174
2024-02-18 22:00:00,131.98137931034483
2024-02-18 23:00:00,131.05892857142857
2024-02-19 00:00:00,119.27142857142857
2024-02-19 01:00:00,113.18535714285714
2024-02-19 02:00:00,103.23821428571429
2024-02-19 03:00:00,94.30785714285715
2024-02-19 04:00:00,93.47749999999999
2024-02-19 05:00:00,91.06444444444443
2024-02-19 06:00:00,89.95925925925927
2024-02-19 07:00:00,89.17392857142856
2024-02-19 08:00:00,95.66250000000001
2024-02-19 09:00:00,100.50428571428571
2024-02-19 10:00:00,97.10892857142858
2024-02-19 11:00:00,90.43896551724139
2024-02-19 12:00:00,83.78500000000001
2024-02-19 13:00:00,78.93833333333333
2024-02-19 14:00:00,72.78233333333333
2024-02-19 15:00:00,67.616
2024-02-19 16:00:00,64.79566666666666
2024-02-19 17:00:00,63.51366666666666
2024-02-19 18:00:00,66.75033333333333
2024-02-19 19:00:00,76.491
2024-02-19 20:00:00,94.35833333333333
2024-02-19 21:00:00,98.90689655172415
2024-02-19 22:00:00,100.48758620689655
2024-02-19 23:00:00,101.72413793103448
2024-02-20 00:00:00,102.29689655172415
2024-02-20 01:00:00,103.61517241379309
2024-02-20 02:00:00,108.01137931034484
2024-02-20 03:00:00,98.91206896551725
2024-02-20 04:00:00,95.42344827586207
2024-02-20 05:00:00,100.96862068965518
2024-02-20 06:00:00,108.79413793103447
2024-02-20 07:00:00,114.25758620689655
2024-02-20 08:00:00,119.89896551724138
2024-02-20 09:00:00,127.68482758620691
2024-02-20 10:00:00,131.22482758620689
2024-02-20 11:00:00,127.83241379310344
2024-02-20 12:00:00,148.08166666666665
2024-02-20 13:00:00,117.44766666666668
2024-02-20 14:00:00,95.62100000000001
2024-02-20 15:00:00,89.61833333333334
2024-02-20 16:00:00,92.26433333333333
2024-02-20 17:00:00,92.728
2024-02-20 18:00:00,103.62899999999999
2024-02-20 19:00:00,130.7451724137931
2024-02-20 20:00:00,156.41266666666667
2024-02-20 21:00:00,173.31966666666668
2024-02-20 22:00:00,181.3273333333333
2024-02-20 23:00:00,183.39966666666666
2024-02-21 00:00:00,181.75366666666665
2024-02-21 01:00:00,164.43966666666668
2024-02-21 02:00:00,127.76689655172414
2024-02-21 03:00:00,97.67241379310344
2024-02-21 04:00:00,94.24071428571429
2024-02-21 05:00:00,95.79392857142857
2024-02-21 06:00:00,99.54785714285715
2024-02-21 07:00:00,98.75428571428573
2024-02-21 08:00:00,94.25357142857142
2024-02-21 09:00:00,87.96107142857143
2024-02-21 10:00:00,92.53142857142858
2024-02-21 11:00:00,104.25607142857143
2024-02-21 12:00:00,101.48607142857144
2024-02-21 13:00:00,92.31142857142858
2024-02-21 14:00:00,73.01
2024-02-21 15:00:00,59.59344827586207
2024-02-21 16:00:00,46.029310344827586
2024-02-21 17:00:00,40.94166666666668
2024-02-21 18:00:00,50.67933333333334
2024-02-21 19:00:00,67.52833333333334
2024-02-21 20:00:00,81.69655172413792
2024-02-21 21:00:00,81.21241379310344
2024-02-21 22:00:00,78.61482758620691
2024-02-21 23:00:00,74.13862068965517
2024-02-22 00:00:00,65.35310344827586
2024-02-22 01:00:00,58.263103448275864
2024-02-22 02:00:00,56.94310344827586
2024-02-22 03:00:00,57.79379310344827
2024-02-22 04:00:00,59.13620689655173
2024-02-22 05:00:00,66.17
2024-02-22 06:00:00,70.30862068965517
2024-02-22 07:00:00,78.84896551724138
2024-02-22 08:00:00,98.59724137931035
2024-02-22 09:00:00,107.665
2024-02-22 10:00:00,99.586
2024-02-22 11:00:00,86.41433333333333
2024-02-22 12:00:00,64.74866666666667
2024-02-22 13:00:00,44.85466666666667
2024-02-22 14:00:00,37.82266666666667
2024-02-22 15:00:00,32.51733333333333
2024-02-22 16:00:00,33.58166666666667
2024-02-22 17:00:00,33.854
2024-02-22 18:00:00,34.218666666666664
2024-02-22 19:00:00,44.99099999999999
2024-02-22 20:00:00,61.187333333333335
2024-02-22 21:00:00,65.46066666666667
2024-02-22 22:00:00,65.18966666666667
2024-02-22 23:00:00,66.275
2024-02-23 00:00:00,64.17344827586207
2024-02-23 01:00:00,57.741
2024-02-23 02:00:00,58.65566666666666
2024-02-23 03:00:00,65.86166666666666
2024-02-23 04:00:00,71.493
2024-02-23 05:00:00,72.34899999999999
2024-02-23 06:00:00,87.999
2024-02-23 07:00:00,97.39931034482758
2024-02-23 08:00:00,91.40566666666668
2024-02-23 09:00:00,84.96433333333333
2024-02-23 10:00:00,71.376
2024-02-23 11:00:00,60.38206896551725
2024-02-23 12:00:00,47.75
2024-02-23 13:00:00,36.102
2024-02-23 14:00:00,31.387333333333338
2024-02-23 15:00:00,29.153000000000006
2024-02-23 16:00:00,29.672
2024-02-23 17:00:00,29.217666666666666
2024-02-23 18:00:00,34.62724137931034
2024-02-23 19:00:00,44.867
2024-02-23 20:00:00,62.809666666666665
2024-02-23 21:00:00,78.26466666666667
2024-02-23 22:00:00,86.69366666666666
2024-02-23 23:00:00,85.60233333333332
2024-02-24 00:00:00,92.512
2024-02-24 01:00:00,88.29799999999999
2024-02-24 02:00:00,85.07033333333332
2024-02-24 03:00:00,84.83433333333333
2024-02-24 04:00:00,89.57133333333334
2024-02-24 05:00:00,94.34700000000001
2024-02-24 06:00:00,100.01933333333334
2024-02-24 07:00:00,115.11800000000001
2024-02-24 08:00:00,124.276
2024-02-24 09:00:00,117.93599999999999
2024-02-24 10:00:00,99.355
2024-02-24 11:00:00,84.29766666666666
2024-02-24 12:00:00,75.64333333333333
2024-02-24 13:00:00,72.48666666666666
2024-02-24 14:00:00,68.173
2024-02-24 15:00:00,61.79600000000001
2024-02-24 16:00:00,52.477000000000004
2024-02-24 17:00:00,49.72033333333333
2024-02-24 18:00:00,53.669999999999995
2024-02-24 19:00:00,73.18966666666665
2024-02-24 20:00:00,99.61033333333333
2024-02-24 21:00:00,119.46666666666667
2024-02-24 22:00:00,121.353
2024-02-24 23:00:00,119.515
2024-02-25 00:00:00,102.63933333333333
2024-02-25 01:00:00,89.74133333333334
2024-02-25 02:00:00,89.79766666666666
2024-02-25 03:00:00,85.834
2024-02-25 04:00:00,89.63933333333334
2024-02-25 05:00:00,90.563
2024-02-25 06:00:00,99.64566666666666
2024-02-25 07:00:00,119.257
2024-02-25 08:00:00,129.66400000000002
2024-02-25 09:00:00,130.51766666666668
2024-02-25 10:00:00,102.25833333333334
2024-02-25 11:00:00,81.76766666666667
2024-02-25 12:00:00,60.702333333333335
2024-02-25 13:00:00,42.397333333333336
2024-02-25 14:00:00,35.105000000000004
2024-02-25 15:00:00,33.426
2024-02-25 16:00:00,32.44033333333333
2024-02-25 17:00:00,41.58866666666667
2024-02-25 18:00:00,50.846000000000004
2024-02-25 19:00:00,64.91433333333333
2024-02-25 20:00:00,79.60266666666666
2024-02-25 21:00:00,88.75933333333334
2024-02-25 22:00:00,105.26366666666667
2024-02-25 23:00:00,116.37000000000002
2024-02-26 00:00:00,100.15
2024-02-26 01:00:00,102.83566666666665
2024-02-26 02:00:00,93.65100000000001
2024-02-26 03:00:00,77.31833333333333
2024-02-26 04:00:00,80.98666666666666
2024-02-26 05:00:00,71.95666666666668
2024-02-26 06:00:00,75.81933333333332
2024-02-26 07:00:00,82.27266666666667
2024-02-26 08:00:00,96.28724137931034
2024-02-26 09:00:00,92.33724137931036
2024-02-26 10:00:00,84.47833333333334
2024-02-26 11:00:00,66.69620689655173
2024-02-26 12:00:00,57.17366666666667
2024-02-26 13:00:00,55.340333333333334
2024-02-26 14:00:00,54.40133333333333
2024-02-26 15:00:00,54.42266666666667
2024-02-26 16:00:00,53.458666666666666
2024-02-26 17:00:00,50.51333333333333
2024-02-26 18:00:00,58.74533333333333
2024-02-26 19:00:00,71.79833333333333
2024-02-26 20:00:00,96.435
2024-02-26 21:00:00,115.27566666666667
2024-02-26 22:00:00,122.31033333333333
2024-02-26 23:00:00,121.06666666666665
2024-02-27 00:00:00,112.67266666666667
2024-02-27 01:00:00,100.60133333333333
2024-02-27 02:00:00,89.93866666666666
2024-02-27 03:00:00,87.33500000000001
2024-02-27 04:00:00,84.37999999999998
2024-02-27 05:00:00,79.44933333333333
2024-02-27 06:00:00,70.753
2024-02-27 07:00:00,52.99833333333333
2024-02-27 08:00:00,51.233666666666664
2024-02-27 09:00:00,51.66241379310345
2024-02-27 10:00:00,51.37068965517241
2024-02-27 11:00:00,44.16535714285714
2024-02-27 12:00:00,33.78821428571429
2024-02-27 13:00:00,35.24142857142858
2024-02-27 14:00:00,32.16928571428572
2024-02-27 15:00:00,28.66241379310345
2024-02-27 16:00:00,26.094137931034478
2024-02-27 17:00:00,26.730344827586208
2024-02-27 18:00:00,37.99172413793104
2024-02-27 19:00:00,60.07928571428571
2024-02-27 20:00:00,76.88379310344828
2024-02-27 21:00:00,81.96689655172413
2024-02-27 22:00:00,83.27
2024-02-27 23:00:00,79.84103448275862
2024-02-28 00:00:00,78.22310344827586
2024-02-28 01:00:00,82.2807142857143
2024-02-28 02:00:00,81.92925925925927
2024-02-28 03:00:00,80.55642857142857
2024-02-28 04:00:00,78.97785714285715
2024-02-28 05:00:00,77.55178571428573
2024-02-28 06:00:00,77.12464285714285
2024-02-28 07:00:00,82.91481481481482
2024-02-28 08:00:00,82.43111111111111
2024-02-28 09:00:00,82.53392857142858
2024-02-28 10:00:00,76.40068965517241
2024-02-28 11:00:00,67.26620689655172
2024-02-28 12:00:00,54.63793103448276
2024-02-28 13:00:00,43.81933333333334
2024-02-28 14:00:00,32.687333333333335
2024-02-28 15:00:00,32.33333333333333
2024-02-28 16:00:00,32.446333333333335
2024-02-28 17:00:00,36.35366666666666
2024-02-28 18:00:00,40.931000000000004
2024-02-28 19:00:00,50.068666666666665
2024-02-28 20:00:00,62.798
2024-02-28 21:00:00,71.17133333333332
2024-02-28 22:00:00,70.38333333333334
2024-02-28 23:00:00,75.479
2024-02-29 00:00:00,67.67166666666667
2024-02-29 01:00:00,62.83833333333334
2024-02-29 02:00:00,66.65733333333334
2024-02-29 03:00:00,73.22866666666667
2024-02-29 04:00:00,69.64033333333333
2024-02-29 05:00:00,74.48166666666665
2024-02-29 06:00:00,77.22433333333333
2024-02-29 07:00:00,83.31833333333334
2024-02-29 08:00:00,89.83166666666668
2024-02-29 09:00:00,90.20599999999999
2024-02-29 10:00:00,85.53233333333333
2024-02-29 11:00:00,72.28357142857142
2024-02-29 12:00:00,56.80857142857143
2024-02-29 13:00:00,45.69586206896552
2024-02-29 14:00:00,41.856896551724134
2024-02-29 15:00:00,38.61037037037037
2024-02-29 16:00:00,40.853793103448275
2024-02-29 17:00:00,35.568275862068965
2024-02-29 18:00:00,37.964137931034486
2024-02-29 19:00:00,52.80172413793103
2024-02-29 20:00:00,74.08758620689656
2024-02-29 21:00:00,87.32793103448276
2024-02-29 22:00:00,96.1144827586207
2024-02-29 23:00:00,109.59344827586207
2024-03-01 00:00:00,106.48758620689655
2024-03-01 01:00:00,102.60655172413793
2024-03-01 02:00:00,99.26206896551726
2024-03-01 03:00:00,98.32310344827587
2024-03-01 04:00:00,97.71586206896552
2024-03-01 05:00:00,100.97655172413792
2024-03-01 06:00:00,114.94620689655173
2024-03-01 07:00:00,127.01310344827587
2024-03-01 08:00:00,144.16241379310344
2024-03-01 09:00:00,147.6306896551724
2024-03-01 10:00:00,110.23620689655172
2024-03-01 11:00:00,94.44066666666666
2024-03-01 12:00:00,80.75399999999999
2024-03-01 13:00:00,70.51
2024-03-01 14:00:00,71.454
2024-03-01 15:00:00,67.39413793103448
2024-03-01 16:00:00,71.6751724137931
2024-03-01 17:00:00,59.730000000000004
2024-03-01 18:00:00,51.86344827586207
2024-03-01 19:00:00,58.65862068965518
2024-03-01 20:00:00,71.21620689655172
2024-03-01 21:00:00,83.8603448275862
2024-03-01 22:00:00,80.57793103448276
2024-03-01 23:00:00,67.76275862068965
2024-03-02 00:00:00,63.09655172413793
2024-03-02 01:00:00,54.9
2024-03-02 02:00:00,42.17413793103449
2024-03-02 03:00:00,36.52034482758621
2024-03-02 04:00:00,29.12620689655173
2024-03-02 05:00:00,27.09259259259259
2024-03-02 06:00:00,29.178620689655176
2024-03-02 07:00:00,31.13758620689655
2024-03-02 08:00:00,31.025517241379312
2024-03-02 09:00:00,31.46448275862069
2024-03-02 10:00:00,23.497
2024-03-02 11:00:00,25.977666666666664
2024-03-02 12:00:00,28.959333333333333
2024-03-02 13:00:00,28.34633333333333
2024-03-02 14:00:00,29.675172413793106
2024-03-02 15:00:00,30.558214285714286
2024-03-02 16:00:00,31.917586206896555
2024-03-02 17:00:00,33.407333333333334
2024-03-02 18:00:00,32.38766666666667
2024-03-02 19:00:00,26.560344827586206
2024-03-02 20:00:00,29.860714285714288
2024-03-02 21:00:00,31.4375
2024-03-02 22:00:00,34.573214285714286
2024-03-02 23:00:00,35.714285714285715
2024-03-03 00:00:00,38.23392857142857
2024-03-03 01:00:00,40.506428571428565
2024-03-03 02:00:00,38.42629629629629
2024-03-03 03:00:00,37.753928571428574
2024-03-03 04:00:00,40.878571428571426
2024-03-03 05:00:00,44.135714285714286
2024-03-03 06:00:00,47.65785714285715
2024-03-03 07:00:00,47.42321428571428
2024-03-03 08:00:00,49.98074074074074
2024-03-03 09:00:00,54.184074074074076
2024-03-03 10:00:00,45.86407407407407
2024-03-03 11:00:00,47.00241379310346
2024-03-03 12:00:00,48.99733333333333
2024-03-03 13:00:00,52.132333333333335
2024-03-03 14:00:00,55.699666666666666
2024-03-03 15:00:00,55.01466666666667
2024-03-03 16:00:00,45.86566666666667
2024-03-03 17:00:00,46.605
2024-03-03 18:00:00,45.36300000000001
2024-03-03 19:00:00,47.58733333333334
2024-03-03 20:00:00,56.279666666666664
2024-03-03 21:00:00,57.69766666666667
2024-03-03 22:00:00,57.571666666666665
2024-03-03 23:00:00,57.510999999999996
2024-03-04 00:00:00,52.54533333333333
2024-03-04 01:00:00,47.55533333333333
2024-03-04 02:00:00,45.51199999999999
2024-03-04 03:00:00,50.42033333333333
2024-03-04 04:00:00,52.71
2024-03-04 05:00:00,51.51566666666666
2024-03-04 06:00:00,65.26033333333334
2024-03-04 07:00:00,69.82866666666668
2024-03-04 08:00:00,74.49199999999999
2024-03-04 09:00:00,79.131
2024-03-04 10:00:00,71.93366666666667
2024-03-04 11:00:00,57.57
2024-03-04 12:00:00,32.04137931034482
2024-03-04 13:00:00,28.70896551724138
2024-03-04 14:00:00,63.13933333333333
2024-03-04 15:00:00,30.005999999999997
2024-03-04 16:00:00,26.994827586206892
2024-03-04 17:00:00,26.924666666666667
2024-03-04 18:00:00,29.363000000000003
2024-03-04 19:00:00,37.609
2024-03-04 20:00:00,48.98
2024-03-04 21:00:00,59.354000000000006
2024-03-04 22:00:00,58.63533333333333
2024-03-04 23:00:00,59.882333333333335
2024-03-05 00:00:00,61.96666666666666
2024-03-05 01:00:00,61.455666666666666
2024-03-05 02:00:00,58.93933333333334
2024-03-05 03:00:00,55.17166666666666
2024-03-05 04:00:00,55.29433333333334
2024-03-05 05:00:00,51.736999999999995
2024-03-05 06:00:00,61.26965517241379
2024-03-05 07:00:00,69.38068965517242
2024-03-05 08:00:00,75.25333333333333
2024-03-05 09:00:00,71.31433333333332
2024-03-05 10:00:00,59.97966666666667
2024-03-05 11:00:00,49.82655172413793
2024-03-05 12:00:00,46.574137931034485
2024-03-05 13:00:00,44.37233333333334
2024-03-05 14:00:00,38.88699999999999
2024-03-05 15:00:00,35.93774193548387
2024-03-05 16:00:00,39.66225806451613
2024-03-05 17:00:00,36.95258064516129
2024-03-05 18:00:00,38.556333333333335
2024-03-05 19:00:00,40.16258064516129
2024-03-05 20:00:00,42.42290322580646
2024-03-05 21:00:00,46.400000000000006
2024-03-05 22:00:00,48.784193548387094
2024-03-05 23:00:00,47.1641935483871
2024-03-06 00:00:00,49.197419354838715
2024-03-06 01:00:00,52.58548387096774
2024-03-06 02:00:00,51.10033333333333
2024-03-06 03:00:00,54.93483870967742
2024-03-06 04:00:00,54.59483870967742
2024-03-06 05:00:00,58.92580645161291
2024-03-06 06:00:00,68.6983870967742
2024-03-06 07:00:00,79.36966666666666
2024-03-06 08:00:00,84.51064516129033
2024-03-06 09:00:00,86.09967741935483
2024-03-06 10:00:00,79.9416129032258
2024-03-06 11:00:00,74.18516129032258
2024-03-06 12:00:00,68.76225806451613
2024-03-06 13:00:00,63.76225806451613
2024-03-06 14:00:00,56.64033333333334
2024-03-06 15:00:00,54.94387096774194
2024-03-06 16:00:00,49.872
2024-03-06 17:00:00,48.6341935483871
2024-03-06 18:00:00,49.06645161290322
2024-03-06 19:00:00,58.10967741935484
2024-03-06 20:00:00,69.41612903225807
2024-03-06 21:00:00,78.90419354838708
2024-03-06 22:00:00,87.33129032258064
2024-03-06 23:00:00,94.78548387096774
2024-03-07 00:00:00,97.61548387096774
2024-03-07 01:00:00,95.78354838709677
2024-03-07 02:00:00,101.72483870967741
2024-03-07 03:00:00,103.51333333333334
2024-03-07 04:00:00,107.74580645161289
2024-03-07 05:00:00,109.49129032258064
2024-03-07 06:00:00,117.14354838709679
2024-03-07 07:00:00,124.06903225806451
2024-03-07 08:00:00,127.346
2024-03-07 09:00:00,121.52866666666667
2024-03-07 10:00:00,95.60074074074073
2024-03-07 11:00:00,80.27964285714286
2024-03-07 12:00:00,64.91892857142857
2024-03-07 13:00:00,51.642413793103444
2024-03-07 14:00:00,39.51379310344828
2024-03-07 15:00:00,37.167419354838714
2024-03-07 16:00:00,38.381935483870976
2024-03-07 17:00:00,38.50064516129032
2024-03-07 18:00:00,42.18838709677419
2024-03-07 19:00:00,50.62032258064516
2024-03-07 20:00:00,67.99548387096775
2024-03-07 21:00:00,80.43870967741935
2024-03-07 22:00:00,78.21419354838709
2024-03-07 23:00:00,75.7783870967742
2024-03-08 00:00:00,74.08032258064517
2024-03-08 01:00:00,73.62193548387097
2024-03-08 02:00:00,73.95193548387095
2024-03-08 03:00:00,70.64548387096774
2024-03-08 04:00:00,78.53903225806452
2024-03-08 05:00:00,80.53322580645163
2024-03-08 06:00:00,89.6374193548387
2024-03-08 07:00:00,103.46032258064515
2024-03-08 08:00:00,108.95935483870967
2024-03-08 09:00:00,105.38419354838709
2024-03-08 10:00:00,87.04
2024-03-08 11:00:00,64.45793103448275
2024-03-08 12:00:00,46.97166666666667
2024-03-08 13:00:00,35.34
2024-03-08 14:00:00,35.26451612903226
2024-03-08 15:00:00,34.14225806451613
2024-03-08 16:00:00,35.67709677419355
2024-03-08 17:00:00,37.66166666666666
2024-03-08 18:00:00,40.4841935483871
2024-03-08 19:00:00,48.071935483870966
2024-03-08 20:00:00,61.67677419354839
2024-03-08 21:00:00,69.93870967741937
2024-03-08 22:00:00,67.78935483870968
2024-03-08 23:00:00,64.51483870967742
2024-03-09 00:00:00,61.321290322580644
2024-03-09 01:00:00,59.69709677419355
2024-03-09 02:00:00,58.074838709677415
2024-03-09 03:00:00,71.15064516129033
2024-03-09 04:00:00,85.894
2024-03-09 05:00:00,85.29827586206895
2024-03-09 06:00:00,85.68166666666667
2024-03-09 07:00:00,91.84633333333333
2024-03-09 08:00:00,99.20366666666665
2024-03-09 09:00:00,102.86724137931034
2024-03-09 10:00:00,81.36862068965517
2024-03-09 11:00:00,58.71357142857143
2024-03-09 12:00:00,46.08166666666667
2024-03-09 13:00:00,40.89931034482759
2024-03-09 14:00:00,35.09620689655173
2024-03-09 15:00:00,32.551034482758624
2024-03-09 16:00:00,32.608275862068965
2024-03-09 17:00:00,34.46931034482759
2024-03-09 18:00:00,36.048620689655166
2024-03-09 19:00:00,42.33241379310344
2024-03-09 20:00:00,58.664482758620686
2024-03-09 21:00:00,73.48206896551724
2024-03-09 22:00:00,80.36285714285714
2024-03-09 23:00:00,83.26464285714285
2024-03-10 00:00:00,91.12357142857145
2024-03-10 01:00:00,97.11285714285715
2024-03-10 02:00:00,102.07535714285714
2024-03-10 03:00:00,103.09214285714287
2024-03-10 04:00:00,105.80499999999999
2024-03-10 05:00:00,113.52185185185186
2024-03-10 06:00:00,146.82142857142858
2024-03-10 07:00:00,144.8842857142857
2024-03-10 08:00:00,138.0493103448276
2024-03-10 09:00:00,126.10586206896551
2024-03-10 10:00:00,106.00166666666668
2024-03-10 11:00:00,84.24700000000001
2024-03-10 12:00:00,58.12833333333334
2024-03-10 13:00:00,49.842999999999996
2024-03-10 14:00:00,45.89419354838709
2024-03-10 15:00:00,44.90516129032258
2024-03-10 16:00:00,45.937666666666665
2024-03-10 17:00:00,46.37433333333333
2024-03-10 18:00:00,50.78066666666667
2024-03-10 19:00:00,59.568666666666665
2024-03-10 20:00:00,78.13166666666666
2024-03-10 21:00:00,88.61931034482757
2024-03-10 22:00:00,98.1693103448276
2024-03-10 23:00:00,101.26758620689654
2024-03-11 00:00:00,101.21896551724137
2024-03-11 01:00:00,105.62137931034482
2024-03-11 02:00:00,116.81103448275861
2024-03-11 03:00:00,113.97172413793103
2024-03-11 04:00:00,109.31896551724138
2024-03-11 05:00:00,113.18
2024-03-11 06:00:00,122.3393103448276
2024-03-11 07:00:00,130.9655172413793
2024-03-11 08:00:00,142.1068965517241
2024-03-11 09:00:00,136.7951724137931
2024-03-11 10:00:00,107.17931034482758
2024-03-11 11:00:00,82.43
2024-03-11 12:00:00,69.17689655172414
2024-03-11 13:00:00,58.42137931034484
2024-03-11 14:00:00,51.56413793103449
2024-03-11 15:00:00,52.15206896551724
2024-03-11 16:00:00,47.81862068965517
2024-03-11 17:00:00,49.66068965517242
2024-03-11 18:00:00,50.18689655172414
2024-03-11 19:00:00,53.62482758620689
2024-03-11 20:00:00,76.63379310344828
2024-03-11 21:00:00,86.83275862068966
2024-03-11 22:00:00,89.94
2024-03-11 23:00:00,88.40633333333334
2024-03-12 00:00:00,87.71100000000001
2024-03-12 01:00:00,94.72433333333333
2024-03-12 02:00:00,95.47933333333334
2024-03-12 03:00:00,100.60766666666667
2024-03-12 04:00:00,98.94833333333334
2024-03-12 05:00:00,109.578
2024-03-12 06:00:00,111.59866666666667
2024-03-12 07:00:00,143.92933333333332
2024-03-12 08:00:00,168.89399999999998
2024-03-12 09:00:00,167.2158620689655
2024-03-12 10:00:00,126.32999999999998
2024-03-12 11:00:00,98.97892857142857
2024-03-12 12:00:00,83.06714285714284
2024-03-12 13:00:00,67.76035714285715
2024-03-12 14:00:00,52.45892857142858
2024-03-12 15:00:00,44.87285714285714
2024-03-12 16:00:00,39.86714285714286
2024-03-12 17:00:00,36.61137931034483
2024-03-12 18:00:00,39.83413793103448
2024-03-12 19:00:00,48.54379310344827
2024-03-12 20:00:00,62.9496551724138
2024-03-12 21:00:00,66.72137931034483
2024-03-12 22:00:00,65.41724137931035
2024-03-12 23:00:00,66.3248275862069
2024-03-13 00:00:00,67.3744827586207
2024-03-13 01:00:00,72.849
2024-03-13 02:00:00,75.83133333333333
2024-03-13 03:00:00,82.67666666666668
2024-03-13 04:00:00,84.72166666666666
2024-03-13 05:00:00,92.00333333333333
2024-03-13 06:00:00,108.684
2024-03-13 07:00:00,120.18827586206896
2024-03-13 08:00:00,136.803
2024-03-13 09:00:00,135.69066666666666
2024-03-13 10:00:00,114.21133333333334
2024-03-13 11:00:00,89.59966666666668
2024-03-13 12:00:00,63.37413793103448
2024-03-13 13:00:00,45.68321428571429
2024-03-13 14:00:00,38.480357142857144
2024-03-13 15:00:00,35.404444444444444
2024-03-13 16:00:00,38.51827586206896
2024-03-13 17:00:00,45.18137931034483
2024-03-13 18:00:00,47.951071428571424
2024-03-13 19:00:00,54.989655172413784
2024-03-13 20:00:00,63.51551724137931
2024-03-13 21:00:00,73.42103448275863
2024-03-13 22:00:00,93.27448275862068
2024-03-13 23:00:00,97.35689655172415
2024-03-14 00:00:00,105.43689655172415
2024-03-14 01:00:00,108.84896551724138
2024-03-14 02:00:00,103.91827586206897
2024-03-14 03:00:00,112.37827586206897
2024-03-14 04:00:00,117.52758620689654
2024-03-14 05:00:00,120.93689655172415
2024-03-14 06:00:00,137.72103448275863
2024-03-14 07:00:00,148.11655172413793
2024-03-14 08:00:00,147.7986206896552
2024-03-14 09:00:00,146.8293103448276
2024-03-14 10:00:00,115.80827586206897
2024-03-14 11:00:00,89.11586206896551
2024-03-14 12:00:00,65.59433333333332
2024-03-14 13:00:00,54.76433333333333
2024-03-14 14:00:00,46.74733333333334
2024-03-14 15:00:00,41.209666666666664
2024-03-14 16:00:00,39.553999999999995
2024-03-14 17:00:00,40.867666666666665
2024-03-14 18:00:00,45.201428571428565
2024-03-14 19:00:00,63.86464285714286
2024-03-14 20:00:00,67.03137931034483
2024-03-14 21:00:00,73.97965517241379
2024-03-14 22:00:00,64.66733333333333
2024-03-14 23:00:00,64.76433333333334
2024-03-15 00:00:00,56.73133333333333
2024-03-15 01:00:00,51.854000000000006
2024-03-15 02:00:00,49.75833333333333
2024-03-15 03:00:00,49.54899999999999
2024-03-15 04:00:00,48.07066666666666
2024-03-15 05:00:00,49.90266666666667
2024-03-15 06:00:00,57.925666666666665
2024-03-15 07:00:00,63.76
2024-03-15 08:00:00,69.37862068965518
2024-03-15 09:00:00,52.76166666666666
2024-03-15 10:00:00,40.312000000000005
2024-03-15 11:00:00,34.02466666666667
2024-03-15 12:00:00,28.04241379310345
2024-03-15 13:00:00,25.137931034482758
2024-03-15 14:00:00,24.348333333333333
2024-03-15 15:00:00,23.552333333333333
2024-03-15 16:00:00,21.79366666666667
2024-03-15 17:00:00,22.299666666666667
2024-03-15 18:00:00,25.310666666666666
2024-03-15 19:00:00,32.66466666666666
2024-03-15 20:00:00,50.47833333333334
2024-03-15 21:00:00,64.214
2024-03-15 22:00:00,81.50266666666667
2024-03-15 23:00:00,93.325
2024-03-16 00:00:00,86.39466666666667
2024-03-16 01:00:00,91.93166666666667
2024-03-16 02:00:00,95.30199999999999
2024-03-16 03:00:00,101.00966666666667
2024-03-16 04:00:00,95.66533333333332
2024-03-16 05:00:00,97.02666666666666
2024-03-16 06:00:00,97.86766666666666
2024-03-16 07:00:00,99.473
2024-03-16 08:00:00,107.07166666666666
2024-03-16 09:00:00,98.94833333333334
2024-03-16 10:00:00,89.50633333333333
2024-03-16 11:00:00,68.58533333333334
2024-03-16 12:00:00,58.70178571428571
2024-03-16 13:00:00,55.76962962962963
2024-03-16 14:00:00,50.72965517241379
2024-03-16 15:00:00,52.62724137931034
2024-03-16 16:00:00,52.55333333333333
2024-03-16 17:00:00,47.140689655172416
2024-03-16 18:00:00,46.93266666666667
2024-03-16 19:00:00,53.01793103448276
2024-03-16 20:00:00,63.74366666666666
2024-03-16 21:00:00,77.623
2024-03-16 22:00:00,85.01033333333334
2024-03-16 23:00:00,85.949
2024-03-17 00:00:00,86.33333333333333
2024-03-17 01:00:00,94.50566666666667
2024-03-17 02:00:00,94.52400000000002
2024-03-17 03:00:00,105.32366666666665
2024-03-17 04:00:00,123.86103448275863
2024-03-17 05:00:00,127.60241379310345
2024-03-17 06:00:00,133.2351724137931
2024-03-17 07:00:00,129.8834482758621
2024-03-17 08:00:00,136.2862068965517
2024-03-17 09:00:00,135.82827586206898
2024-03-17 10:00:00,119.09310344827587
2024-03-17 11:00:00,87.59172413793102
2024-03-17 12:00:00,64.2148275862069
2024-03-17 13:00:00,56.23275862068966
2024-03-17 14:00:00,48.39103448275863
2024-03-17 15:00:00,45.76724137931034
2024-03-17 16:00:00,43.74206896551724
2024-03-17 17:00:00,40.20379310344828
2024-03-17 18:00:00,46.439310344827575
2024-03-17 19:00:00,56.82103448275863
2024-03-17 20:00:00,67.54482758620689
2024-03-17 21:00:00,84.97689655172415
2024-03-17 22:00:00,95.7706896551724
2024-03-17 23:00:00,103.04793103448276
2024-03-18 00:00:00,102.29586206896552
2024-03-18 01:00:00,106.66275862068966
2024-03-18 02:00:00,103.01965517241378
2024-03-18 03:00:00,107.93862068965517
2024-03-18 04:00:00,114.30931034482758
2024-03-18 05:00:00,123.99071428571429
2024-03-18 06:00:00,136.36499999999998
2024-03-18 07:00:00,152.71655172413793
2024-03-18 08:00:00,170.23857142857142
2024-03-18 09:00:00,160.191724137931
2024-03-18 10:00:00,122.10689655172413
2024-03-18 11:00:00,87.75566666666666
2024-03-18 12:00:00,63.87866666666667
2024-03-18 13:00:00,54.887241379310346
2024-03-18 14:00:00,45.87533333333333
2024-03-18 15:00:00,37.919999999999995
2024-03-18 16:00:00,33.677
2024-03-18 17:00:00,37.861
2024-03-18 18:00:00,42.12344827586207
2024-03-18 19:00:00,51.844
2024-03-18 20:00:00,70.11233333333334
2024-03-18 21:00:00,86.90733333333334
2024-03-18 22:00:00,99.00033333333334
2024-03-18 23:00:00,104.39233333333333
2024-03-19 00:00:00,111.05199999999999
2024-03-19 01:00:00,130.35933333333335
2024-03-19 02:00:00,136.03366666666668
2024-03-19 03:00:00,161.645
2024-03-19 04:00:00,171.447
2024-03-19 05:00:00,182.19500000000002
2024-03-19 06:00:00,192.4296551724138
2024-03-19 07:00:00,183.09724137931036
2024-03-19 08:00:00,173.84275862068966
2024-03-19 09:00:00,143.94833333333332
2024-03-19 10:00:00,103.77333333333333
2024-03-19 11:00:00,83.61366666666667
2024-03-19 12:00:00,63.18966666666667
2024-03-19 13:00:00,54.026896551724136
2024-03-19 14:00:00,49.9351724137931
2024-03-19 15:00:00,49.72137931034482
2024-03-19 16:00:00,40.974333333333334
2024-03-19 17:00:00,40.23166666666666
2024-03-19 18:00:00,40.55366666666667
2024-03-19 19:00:00,56.641
2024-03-19 20:00:00,74.59433333333331
2024-03-19 21:00:00,91.32733333333334
2024-03-19 22:00:00,104.57166666666667
2024-03-19 23:00:00,116.50366666666667
2024-03-20 00:00:00,120.89333333333333
2024-03-20 01:00:00,132.064
2024-03-20 02:00:00,141.418
2024-03-20 03:00:00,154.11433333333335
2024-03-20 04:00:00,153.3923333333333
2024-03-20 05:00:00,156.691
2024-03-20 06:00:00,165.686
2024-03-20 07:00:00,177.82655172413794
2024-03-20 08:00:00,176.17
2024-03-20 09:00:00,162.6634482758621
2024-03-20 10:00:00,139.88172413793103
2024-03-20 11:00:00,110.16586206896551
2024-03-20 12:00:00,82.8355172413793
2024-03-20 13:00:00,63.47862068965517
2024-03-20 14:00:00,43.49642857142857
2024-03-20 15:00:00,34.58142857142857
2024-03-20 16:00:00,33.512068965517244
2024-03-20 17:00:00,38.05413793103448
2024-03-20 18:00:00,47.013103448275864
2024-03-20 19:00:00,59.12620689655172
2024-03-20 20:00:00,71.78931034482758
2024-03-20 21:00:00,87.886
2024-03-20 22:00:00,99.602
2024-03-20 23:00:00,101.26933333333334
2024-03-21 00:00:00,100.56066666666666
2024-03-21 01:00:00,108.02433333333333
2024-03-21 02:00:00,111.09
2024-03-21 03:00:00,113.51466666666667
2024-03-21 04:00:00,102.91566666666668
2024-03-21 05:00:00,85.124
2024-03-21 06:00:00,67.73333333333333
2024-03-21 07:00:00,59.751666666666665
2024-03-21 08:00:00,56.01
2024-03-21 09:00:00,56.50033333333333
2024-03-21 10:00:00,61.37166666666667
2024-03-21 11:00:00,65.32068965517242
2024-03-21 12:00:00,70.3551724137931
2024-03-21 13:00:00,74.69033333333333
2024-03-21 14:00:00,73.75322580645161
2024-03-21 15:00:00,75.78000000000002
2024-03-21 16:00:00,70.71516129032258
2024-03-21 17:00:00,67.60483870967742
2024-03-21 18:00:00,69.67966666666666
2024-03-21 19:00:00,75.762
2024-03-21 20:00:00,76.437
2024-03-21 21:00:00,81.11068965517242
2024-03-21 22:00:00,84.30620689655173
2024-03-21 23:00:00,79.0341379310345
2024-03-22 00:00:00,72.78999999999999
2024-03-22 01:00:00,68.64999999999999
2024-03-22 02:00:00,68.13655172413793
2024-03-22 03:00:00,71.20275862068966
2024-03-22 04:00:00,74.01896551724138
2024-03-22 05:00:00,75.92241379310344
2024-03-22 06:00:00,77.01321428571428
2024-03-22 07:00:00,85.37285714285714
2024-03-22 08:00:00,85.7807142857143
2024-03-22 09:00:00,82.81071428571428
2024-03-22 10:00:00,65.49607142857143
2024-03-22 11:00:00,93.02666666666667
2024-03-22 12:00:00,84.97516129032257
2024-03-22 13:00:00,62.11193548387096
2024-03-22 14:00:00,63.072
2024-03-22 15:00:00,61.837741935483876
2024-03-22 16:00:00,63.09548387096773
2024-03-22 17:00:00,63.5216129032258
2024-03-22 18:00:00,71.61451612903225
2024-03-22 19:00:00,86.17516129032259
2024-03-22 20:00:00,110.30566666666667
2024-03-22 21:00:00,130.89866666666666
2024-03-22 22:00:00,146.14199999999997
2024-03-22 23:00:00,149.91366666666667
2024-03-23 00:00:00,157.4006666666667
2024-03-23 01:00:00,168.66766666666666
2024-03-23 02:00:00,168.03724137931033
2024-03-23 03:00:00,147.90928571428572
2024-03-23 04:00:00,131.84689655172414
2024-03-23 05:00:00,130.45241379310343
2024-03-23 06:00:00,127.73655172413793
2024-03-23 07:00:00,128.48933333333332
2024-03-23 08:00:00,128.6906666666667
2024-03-23 09:00:00,117.21199999999999
2024-03-23 10:00:00,100.71333333333334
2024-03-23 11:00:00,76.82133333333333
2024-03-23 12:00:00,60.28966666666667
2024-03-23 13:00:00,51.309666666666665
2024-03-23 14:00:00,40.173
2024-03-23 15:00:00,36.37166666666667
2024-03-23 16:00:00,37.659666666666666
2024-03-23 17:00:00,36.30032258064516
2024-03-23 18:00:00,39.41451612903226
2024-03-23 19:00:00,57.08096774193548
2024-03-23 20:00:00,73.95903225806451
2024-03-23 21:00:00,88.63516129032259
2024-03-23 22:00:00,96.1774193548387
2024-03-23 23:00:00,98.31129032258065
2024-03-24 00:00:00,92.2316129032258
2024-03-24 01:00:00,87.07516129032258
2024-03-24 02:00:00,77.384
2024-03-24 03:00:00,85.51933333333334
2024-03-24 04:00:00,96.35666666666667
2024-03-24 05:00:00,110.71966666666665
2024-03-24 06:00:00,134.93266666666668
2024-03-24 07:00:00,142.97733333333332
2024-03-24 08:00:00,154.067
2024-03-24 09:00:00,148.3674193548387
2024-03-24 10:00:00,107.92096774193548
2024-03-24 11:00:00,71.61935483870967
2024-03-24 12:00:00,54.086451612903225
2024-03-24 13:00:00,45.29645161290322
2024-03-24 14:00:00,37.23483870967742
2024-03-24 15:00:00,32.19903225806451
2024-03-24 16:00:00,29.01516129032258
2024-03-24 17:00:00,29.210645161290326
2024-03-24 18:00:00,31.17
2024-03-24 19:00:00,38.34451612903226
2024-03-24 20:00:00,54.24612903225807
2024-03-24 21:00:00,70.5458064516129
2024-03-24 22:00:00,87.50258064516129
2024-03-24 23:00:00,119.91806451612904
2024-03-25 00:00:00,160.74266666666665
2024-03-25 01:00:00,200.34233333333336
2024-03-25 02:00:00,208.26214285714286
2024-03-25 03:00:00,222.46785714285716
2024-03-25 04:00:00,205.2189655172414
2024-03-25 05:00:00,180.15366666666668
2024-03-25 06:00:00,153.23533333333333
2024-03-25 07:00:00,130.4196551724138
2024-03-25 08:00:00,107.5307142857143
2024-03-25 09:00:00,88.8851724137931
2024-03-25 10:00:00,69.07857142857142
2024-03-25 11:00:00,50.04678571428571
2024-03-25 12:00:00,37.93035714285714
2024-03-25 13:00:00,31.365714285714287
2024-03-25 14:00:00,31.36758620689655
2024-03-25 15:00:00,26.04642857142857
2024-03-25 16:00:00,25.880000000000003
2024-03-25 17:00:00,23.817241379310346
2024-03-25 18:00:00,26.178275862068965
2024-03-25 19:00:00,29.648965517241376
2024-03-25 20:00:00,41.40793103448276
2024-03-25 21:00:00,54.01379310344827
2024-03-25 22:00:00,61.71206896551725
2024-03-25 23:00:00,71.16586206896551
2024-03-26 00:00:00,68.31068965517241
2024-03-26 01:00:00,64.99035714285715
2024-03-26 02:00:00,62.33142857142857
2024-03-26 03:00:00,67.47535714285713
2024-03-26 04:00:00,66.77703703703703
2024-03-26 05:00:00,84.49392857142857
2024-03-26 06:00:00,88.75857142857144
2024-03-26 07:00:00,90.35857142857142
2024-03-26 08:00:00,93.94689655172414
2024-03-26 09:00:00,89.97892857142857
2024-03-26 10:00:00,86.1075
2024-03-26 11:00:00,72.34586206896553
2024-03-26 12:00:00,52.48413793103448
2024-03-26 13:00:00,42.04241379310345
2024-03-26 14:00:00,34.439655172413794
2024-03-26 15:00:00,27.400344827586206
2024-03-26 16:00:00,27.531379310344825
2024-03-26 17:00:00,29.276896551724136
2024-03-26 18:00:00,32.84551724137931
2024-03-26 19:00:00,49.62433333333333
2024-03-26 20:00:00,66.60866666666666
2024-03-26 21:00:00,78.756
2024-03-26 22:00:00,90.90799999999999
2024-03-26 23:00:00,84.93896551724139
2024-03-27 00:00:00,88.19
2024-03-27 01:00:00,88.38733333333334
2024-03-27 02:00:00,83.34266666666667
2024-03-27 03:00:00,84.51366666666668
2024-03-27 04:00:00,85.40793103448277
2024-03-27 05:00:00,90.5051724137931
2024-03-27 06:00:00,102.9551724137931
2024-03-27 07:00:00,115.76931034482759
2024-03-27 08:00:00,103.96933333333332
2024-03-27 09:00:00,80.70896551724138
2024-03-27 10:00:00,69.1651724137931
2024-03-27 11:00:00,66.911
2024-03-27 12:00:00,69.48
2024-03-27 13:00:00,64.66833333333334
2024-03-27 14:00:00,49.49666666666667
2024-03-27 15:00:00,43.958000000000006
2024-03-27 16:00:00,37.17032258064516
2024-03-27 17:00:00,35.88612903225807
2024-03-27 18:00:00,37.511935483870964
2024-03-27 19:00:00,43.26870967741935
2024-03-27 20:00:00,48.656451612903226
2024-03-27 21:00:00,55.931612903225805
2024-03-27 22:00:00,58.54258064516129
2024-03-27 23:00:00,61.281290322580645
2024-03-28 00:00:00,61.32322580645161
2024-03-28 01:00:00,62.87967741935484
2024-03-28 02:00:00,60.70322580645161
2024-03-28 03:00:00,63.27
2024-03-28 04:00:00,74.31354838709677
2024-03-28 05:00:00,76.46387096774193
2024-03-28 06:00:00,72.49741935483871
2024-03-28 07:00:00,78.73290322580644
2024-03-28 08:00:00,95.20838709677419
2024-03-28 09:00:00,104.23333333333333
2024-03-28 10:00:00,88.82612903225807
2024-03-28 11:00:00,80.41612903225807
2024-03-28 12:00:00,75.31322580645161
2024-03-28 13:00:00,69.69483870967741
2024-03-28 14:00:00,61.836129032258064
2024-03-28 15:00:00,55.08322580645161
2024-03-28 16:00:00,51.93483870967742
2024-03-28 17:00:00,44.85032258064516
2024-03-28 18:00:00,47.43677419354839
2024-03-28 19:00:00,55.520322580645164
2024-03-28 20:00:00,58.30129032258064
2024-03-28 21:00:00,54.13
2024-03-28 22:00:00,53.12612903225807
2024-03-28 23:00:00,53.155806451612904
2024-03-29 00:00:00,54.99032258064516
2024-03-29 01:00:00,62.53935483870968
2024-03-29 02:00:00,64.92645161290322
2024-03-29 03:00:00,75.23451612903226
2024-03-29 04:00:00,93.03903225806452
2024-03-29 05:00:00,108.9216129032258
2024-03-29 06:00:00,112.38366666666666
2024-03-29 07:00:00,111.47741935483872
2024-03-29 08:00:00,106.6032258064516
2024-03-29 09:00:00,109.63967741935484
2024-03-29 10:00:00,110.24096774193548
2024-03-29 11:00:00,101.27896551724139
2024-03-29 12:00:00,88.93766666666666
2024-03-29 13:00:00,83.92967741935483
2024-03-29 14:00:00,78.88774193548386
2024-03-29 15:00:00,73.25935483870968
2024-03-29 16:00:00,71.38533333333334
2024-03-29 17:00:00,72.40387096774194
2024-03-29 18:00:00,81.93096774193548
2024-03-29 19:00:00,73.31967741935483
2024-03-29 20:00:00,56.01225806451613
2024-03-29 21:00:00,56.68
2024-03-29 22:00:00,52.59838709677419
2024-03-29 23:00:00,54.307096774193546
2024-03-30 00:00:00,59.360645161290314
2024-03-30 01:00:00,60.49612903225807
2024-03-30 02:00:00,61.045
2024-03-30 03:00:00,69.96966666666667
2024-03-30 04:00:00,77.67333333333333
2024-03-30 05:00:00,87.63266666666667
2024-03-30 06:00:00,89.25999999999999
2024-03-30 07:00:00,92.334
2024-03-30 08:00:00,101.91233333333334
2024-03-30 09:00:00,108.201
2024-03-30 10:00:00,98.72733333333333
2024-03-30 11:00:00,90.67322580645161
2024-03-30 12:00:00,93.46103448275862
2024-03-30 13:00:00,79.96633333333332
2024-03-30 14:00:00,69.43354838709678
2024-03-30 15:00:00,69.04516129032258
2024-03-30 16:00:00,62.483225806451614
2024-03-30 17:00:00,61.270645161290325
2024-03-30 18:00:00,66.26666666666667
2024-03-30 19:00:00,79.63580645161291
2024-03-30 20:00:00,87.36266666666667
2024-03-30 21:00:00,104.843
2024-03-30 22:00:00,121.67034482758619
2024-03-30 23:00:00,127.73344827586206
2024-03-31 00:00:00,131.61655172413793
2024-03-31 01:00:00,134.54724137931035
2024-03-31 02:00:00,134.23862068965516
2024-03-31 03:00:00,134.30724137931034
2024-03-31 04:00:00,136.4551724137931
2024-03-31 05:00:00,145.65466666666666
2024-03-31 06:00:00,149.67766666666665
2024-03-31 07:00:00,161.26466666666667
2024-03-31 08:00:00,176.35133333333334
2024-03-31 09:00:00,158.8323333333333
2024-03-31 10:00:00,126.04599999999999
2024-03-31 11:00:00,102.17599999999999
2024-03-31 12:00:00,85.95103448275862
2024-03-31 13:00:00,59.49
2024-03-31 14:00:00,46.35928571428571
2024-03-31 15:00:00,40.65285714285715
2024-03-31 16:00:00,37.88785714285715
2024-03-31 17:00:00,39.16379310344828
2024-03-31 18:00:00,38.04862068965517
2024-03-31 19:00:00,40.04666666666667
2024-03-31 20:00:00,43.27933333333333
2024-03-31 21:00:00,43.52166666666667
2024-03-31 22:00:00,39.678000000000004
2024-03-31 23:00:00,40.66133333333334
2024-04-01 00:00:00,37.913666666666664
2024-04-01 01:00:00,37.448333333333345
2024-04-01 02:00:00,38.6625
2024-04-01 03:00:00,43.474000000000004
2024-04-01 04:00:00,57.30799999999999
2024-04-01 05:00:00,71.75766666666667
2024-04-01 06:00:00,80.75166666666665
2024-04-01 07:00:00,85.33433333333332
2024-04-01 08:00:00,93.89900000000002
2024-04-01 09:00:00,80.56033333333333
2024-04-01 10:00:00,68.9558064516129
2024-04-01 11:00:00,53.46451612903226
2024-04-01 12:00:00,45.23833333333334
2024-04-01 13:00:00,36.434333333333335
2024-04-01 14:00:00,33.82066666666667
2024-04-01 15:00:00,31.083333333333332
2024-04-01 16:00:00,33.695
2024-04-01 17:00:00,34.34866666666667
2024-04-01 18:00:00,35.57366666666666
2024-04-01 19:00:00,36.127096774193554
2024-04-01 20:00:00,41.43322580645162
2024-04-01 21:00:00,48.88483870967742
2024-04-01 22:00:00,50.30806451612903
2024-04-01 23:00:00,50.81193548387097
2024-04-02 00:00:00,51.75741935483871
2024-04-02 01:00:00,50.53741935483871
2024-04-02 02:00:00,53.48903225806451
2024-04-02 03:00:00,62.6541935483871
2024-04-02 04:00:00,75.11580645161291
2024-04-02 05:00:00,90.19032258064516
2024-04-02 06:00:00,120.82032258064517
2024-04-02 07:00:00,135.88741935483873
2024-04-02 08:00:00,121.13709677419355
2024-04-02 09:00:00,89.24741935483871
2024-04-02 10:00:00,54.024666666666675
2024-04-02 11:00:00,45.074666666666666
2024-04-02 12:00:00,39.305
2024-04-02 13:00:00,32.356
2024-04-02 14:00:00,26.384827586206896
2024-04-02 15:00:00,28.225517241379315
2024-04-02 16:00:00,30.67516129032258
2024-04-02 17:00:00,33.02967741935484
2024-04-02 18:00:00,35.17322580645162
2024-04-02 19:00:00,38.37677419354839
2024-04-02 20:00:00,50.17580645161291
2024-04-02 21:00:00,67.88483870967741
2024-04-02 22:00:00,74.35451612903226
2024-04-02 23:00:00,75.65741935483871
2024-04-03 00:00:00,76.09548387096774
2024-04-03 01:00:00,76.85483870967742
2024-04-03 02:00:00,81.00387096774193
2024-04-03 03:00:00,84.73516129032258
2024-04-03 04:00:00,89.98933333333333
2024-04-03 05:00:00,87.88451612903226
2024-04-03 06:00:00,93.86354838709677
2024-04-03 07:00:00,93.26838709677419
2024-04-03 08:00:00,98.71193548387097
2024-04-03 09:00:00,86.8683870967742
2024-04-03 10:00:00,68.51935483870967
2024-04-03 11:00:00,66.84733333333334
2024-04-03 12:00:00,54.553
2024-04-03 13:00:00,44.53366666666667
2024-04-03 14:00:00,38.95935483870968
2024-04-03 15:00:00,41.799032258064514
2024-04-03 16:00:00,46.102
2024-04-03 17:00:00,44.24666666666667
2024-04-03 18:00:00,54.13103448275862
2024-04-03 19:00:00,57.570689655172416
2024-04-03 20:00:00,77.14655172413794
2024-04-03 21:00:00,98.94896551724138
2024-04-03 22:00:00,109.78241379310344
2024-04-03 23:00:00,117.99766666666666
2024-04-04 00:00:00,115.985
2024-04-04 01:00:00,112.10066666666667
2024-04-04 02:00:00,95.27933333333333
2024-04-04 03:00:00,64.28933333333333
2024-04-04 04:00:00,35.910333333333334
2024-04-04 05:00:00,36.40866666666667
2024-04-04 06:00:00,45.44733333333333
2024-04-04 07:00:00,59.81166666666666
2024-04-04 08:00:00,75.37833333333334
2024-04-04 09:00:00,70.88379310344828
2024-04-04 10:00:00,57.914
2024-04-04 11:00:00,57.56966666666667
2024-04-04 12:00:00,53.11133333333334
2024-04-04 13:00:00,36.77433333333333
2024-04-04 14:00:00,38.693
2024-04-04 15:00:00,42.33233333333333
2024-04-04 16:00:00,34.003
2024-04-04 17:00:00,34.885666666666665
2024-04-04 18:00:00,39.033
2024-04-04 19:00:00,53.40533333333334
2024-04-04 20:00:00,69.324
2024-04-04 21:00:00,82.72103448275861
2024-04-04 22:00:00,107.27413793103447
2024-04-04 23:00:00,109.32689655172413
2024-04-05 00:00:00,94.78035714285714
2024-04-05 01:00:00,88.2842857142857
2024-04-05 02:00:00,75.77499999999999
2024-04-05 03:00:00,56.12592592592592
2024-04-05 04:00:00,51.75037037037037
2024-04-05 05:00:00,59.99851851851852
2024-04-05 06:00:00,78.36185185185185
2024-04-05 07:00:00,95.51241379310345
2024-04-05 08:00:00,82.31068965517241
2024-04-05 09:00:00,69.96793103448276
2024-04-05 10:00:00,59.928620689655176
2024-04-05 11:00:00,46.234
2024-04-05 12:00:00,36.893
2024-04-05 13:00:00,40.61785714285714
2024-04-05 14:00:00,36.00142857142857
2024-04-05 15:00:00,36.46785714285714
2024-04-05 16:00:00,37.99
2024-04-05 17:00:00,38.242333333333335
2024-04-05 18:00:00,46.396
2024-04-05 19:00:00,49.66733333333333
2024-04-05 20:00:00,61.178999999999995
2024-04-05 21:00:00,78.971
2024-04-05 22:00:00,82.40466666666666
2024-04-05 23:00:00,82.11933333333334
2024-04-06 00:00:00,79.17133333333335
2024-04-06 01:00:00,79.45400000000001
2024-04-06 02:00:00,82.53800000000001
2024-04-06 03:00:00,83.826
2024-04-06 04:00:00,83.275
2024-04-06 05:00:00,86.97266666666665
2024-04-06 06:00:00,97.12433333333335
2024-04-06 07:00:00,115.33448275862068
2024-04-06 08:00:00,123.07733333333333
2024-04-06 09:00:00,101.07133333333333
2024-04-06 10:00:00,79.86166666666666
2024-04-06 11:00:00,58.432
2024-04-06 12:00:00,42.68214285714286
2024-04-06 13:00:00,40.90071428571429
2024-04-06 14:00:00,37.08724137931034
2024-04-06 15:00:00,36.66433333333334
2024-04-06 16:00:00,39.043
2024-04-06 17:00:00,38.37354838709677
2024-04-06 18:00:00,37.61322580645161
2024-04-06 19:00:00,40.299677419354836
2024-04-06 20:00:00,50.85433333333333
2024-04-06 21:00:00,66.27166666666668
2024-04-06 22:00:00,69.92033333333332
2024-04-06 23:00:00,71.43433333333334
2024-04-07 00:00:00,72.83433333333332
2024-04-07 01:00:00,76.88066666666667
2024-04-07 02:00:00,81.01533333333333
2024-04-07 03:00:00,92.05933333333334
2024-04-07 04:00:00,106.702
2024-04-07 05:00:00,125.79366666666667
2024-04-07 06:00:00,138.70793103448275
2024-04-07 07:00:00,174.64172413793102
2024-04-07 08:00:00,204.0327586206897
2024-04-07 09:00:00,160.65551724137933
2024-04-07 10:00:00,112.36689655172414
2024-04-07 11:00:00,64.23482758620689
2024-04-07 12:00:00,39.80655172413793
2024-04-07 13:00:00,31.558275862068964
2024-04-07 14:00:00,26.016551724137933
2024-04-07 15:00:00,25.00448275862069
2024-04-07 16:00:00,24.332333333333334
2024-04-07 17:00:00,23.783333333333335
2024-04-07 18:00:00,25.737333333333332
2024-04-07 19:00:00,41.943999999999996
2024-04-07 20:00:00,61.70433333333333
2024-04-07 21:00:00,78.068
2024-04-07 22:00:00,91.65966666666667
2024-04-07 23:00:00,99.28466666666667
2024-04-08 00:00:00,102.21433333333333
2024-04-08 01:00:00,100.21366666666668
2024-04-08 02:00:00,94.98966666666666
2024-04-08 03:00:00,90.347
2024-04-08 04:00:00,89.65666666666667
2024-04-08 05:00:00,99.532
2024-04-08 06:00:00,124.89399999999999
2024-04-08 07:00:00,150.801
2024-04-08 08:00:00,173.86766666666668
2024-04-08 09:00:00,163.683
2024-04-08 10:00:00,117.22966666666666
2024-04-08 11:00:00,77.94566666666667
2024-04-08 12:00:00,45.20321428571429
2024-04-08 13:00:00,42.5803448275862
2024-04-08 14:00:00,35.19535714285714
2024-04-08 15:00:00,35.498666666666665
2024-04-08 16:00:00,31.880999999999997
2024-04-08 17:00:00,31.111333333333334
2024-04-08 18:00:00,33.519666666666666
2024-04-08 19:00:00,51.599000000000004
2024-04-08 20:00:00,71.20699999999998
2024-04-08 21:00:00,84.15366666666667
2024-04-08 22:00:00,101.64966666666666
2024-04-08 23:00:00,108.372
2024-04-09 00:00:00,92.787
2024-04-09 01:00:00,102.68233333333333
2024-04-09 02:00:00,106.296
2024-04-09 03:00:00,111.84266666666667
2024-04-09 04:00:00,108.66933333333333
2024-04-09 05:00:00,105.27566666666667
2024-04-09 06:00:00,115.33533333333334
2024-04-09 07:00:00,126.078
2024-04-09 08:00:00,137.85199999999998
2024-04-09 09:00:00,121.46933333333332
2024-04-09 10:00:00,95.50366666666666
2024-04-09 11:00:00,74.12241379310343
2024-04-09 12:00:00,62.59172413793104
2024-04-09 13:00:00,57.64333333333334
2024-04-09 14:00:00,54.492
2024-04-09 15:00:00,50.00933333333332
2024-04-09 16:00:00,44.27866666666667
2024-04-09 17:00:00,42.423
2024-04-09 18:00:00,42.19733333333333
2024-04-09 19:00:00,55.18066666666667
2024-04-09 20:00:00,73.43689655172415
2024-04-09 21:00:00,83.40103448275862
2024-04-09 22:00:00,87.9041379310345
2024-04-09 23:00:00,97.08724137931036
2024-04-10 00:00:00,108.51299999999999
2024-04-10 01:00:00,112.07200000000002
2024-04-10 02:00:00,113.28566666666666
2024-04-10 03:00:00,115.46266666666666
2024-04-10 04:00:00,110.74333333333334
2024-04-10 05:00:00,113.43483870967741
2024-04-10 06:00:00,124.99709677419354
2024-04-10 07:00:00,135.70483870967743
2024-04-10 08:00:00,144.9923333333333
2024-04-10 09:00:00,148.37870967741935
2024-04-10 10:00:00,130.251
2024-04-10 11:00:00,107.68333333333334
2024-04-10 12:00:00,72.02516129032257
2024-04-10 13:00:00,60.36
2024-04-10 14:00:00,58.96241379310345
2024-04-10 15:00:00,60.710666666666675
2024-04-10 16:00:00,56.30833333333333
2024-04-10 17:00:00,54.22966666666666
2024-04-10 18:00:00,64.11433333333333
2024-04-10 19:00:00,92.60903225806452
2024-04-10 20:00:00,89.41967741935483
2024-04-10 21:00:00,80.304
2024-04-10 22:00:00,72.57966666666667
2024-04-10 23:00:00,81.69900000000001
2024-04-11 00:00:00,82.91499999999999
2024-04-11 01:00:00,89.27266666666667
2024-04-11 02:00:00,100.20333333333335
2024-04-11 03:00:00,94.13633333333334
2024-04-11 04:00:00,94.49933333333334
2024-04-11 05:00:00,99.63366666666666
2024-04-11 06:00:00,112.97566666666667
2024-04-11 07:00:00,144.964
2024-04-11 08:00:00,158.60700000000003
2024-04-11 09:00:00,145.69206896551722
2024-04-11 10:00:00,121.38750000000002
2024-04-11 11:00:00,100.66620689655173
2024-04-11 12:00:00,73.1103448275862
2024-04-11 13:00:00,47.043103448275865
2024-04-11 14:00:00,41.919000000000004
2024-04-11 15:00:00,50.471666666666664
2024-04-11 16:00:00,55.332258064516125
2024-04-11 17:00:00,56.130322580645164
2024-04-11 18:00:00,61.399333333333324
2024-04-11 19:00:00,82.90566666666668
2024-04-11 20:00:00,100.12533333333334
2024-04-11 21:00:00,98.705
2024-04-11 22:00:00,61.379333333333335
2024-04-11 23:00:00,56.73666666666667
2024-04-12 00:00:00,66.336
2024-04-12 01:00:00,79.914
2024-04-12 02:00:00,87.51566666666668
2024-04-12 03:00:00,93.56066666666666
2024-04-12 04:00:00,105.358
2024-04-12 05:00:00,119.279
2024-04-12 06:00:00,147.23733333333334
2024-04-12 07:00:00,163.387
2024-04-12 08:00:00,179.26966666666667
2024-04-12 09:00:00,179.05299999999997
2024-04-12 10:00:00,157.86233333333334
2024-04-12 11:00:00,132.34206896551726
2024-04-12 12:00:00,100.20928571428571
2024-04-12 13:00:00,81.804
2024-04-12 14:00:00,65.40034482758621
2024-04-12 15:00:00,57.317241379310346
2024-04-12 16:00:00,53.39965517241379
2024-04-12 17:00:00,53.92321428571429
2024-04-12 18:00:00,63.68206896551724
2024-04-12 19:00:00,80.08666666666666
2024-04-12 20:00:00,91.78500000000001
2024-04-12 21:00:00,105.38833333333335
2024-04-12 22:00:00,111.76866666666666
2024-04-12 23:00:00,110.57233333333333
2024-04-13 00:00:00,108.81700000000001
2024-04-13 01:00:00,96.99433333333334
2024-04-13 02:00:00,89.75933333333333
2024-04-13 03:00:00,84.67310344827587
2024-04-13 04:00:00,72.52448275862069
2024-04-13 05:00:00,70.25333333333333
2024-04-13 06:00:00,70.50066666666666
2024-04-13 07:00:00,81.76379310344828
2024-04-13 08:00:00,80.20066666666666
2024-04-13 09:00:00,67.83833333333332
2024-04-13 10:00:00,51.378
2024-04-13 11:00:00,48.888000000000005
2024-04-13 12:00:00,47.82
2024-04-13 13:00:00,47.22633333333333
2024-04-13 14:00:00,47.52766666666667
2024-04-13 15:00:00,48.19333333333334
2024-04-13 16:00:00,56.35133333333333
2024-04-13 17:00:00,81.38035714285715
2024-04-13 18:00:00,62.137142857142855
2024-04-13 19:00:00,53.517857142857146
2024-04-13 20:00:00,69.298
2024-04-13 21:00:00,61.404333333333334
2024-04-13 22:00:00,57.974000000000004
2024-04-13 23:00:00,50.69533333333334
2024-04-14 00:00:00,42.00633333333333
2024-04-14 01:00:00,48.23733333333333
2024-04-14 02:00:00,44.854
2024-04-14 03:00:00,42.778666666666666
2024-04-14 04:00:00,46.404333333333334
2024-04-14 05:00:00,48.25266666666667
2024-04-14 06:00:00,53.10931034482759
2024-04-14 07:00:00,57.69862068965518
2024-04-14 08:00:00,81.19137931034481
2024-04-14 09:00:00,98.74379310344828
2024-04-14 10:00:00,117.96571428571428
2024-04-14 11:00:00,104.00555555555556
2024-04-14 12:00:00,89.2757142857143
2024-04-14 13:00:00,77.79689655172415
2024-04-14 14:00:00,54.51965517241379
2024-04-14 15:00:00,46.36655172413793
2024-04-14 16:00:00,41.80068965517241
2024-04-14 17:00:00,37.66655172413794
2024-04-14 18:00:00,37.940344827586216
2024-04-14 19:00:00,49.676896551724134
2024-04-14 20:00:00,65.87482758620689
2024-04-14 21:00:00,75.35724137931035
2024-04-14 22:00:00,82.69103448275862
2024-04-14 23:00:00,92.21172413793104
2024-04-15 00:00:00,97.82000000000001
2024-04-15 01:00:00,107.63068965517242
2024-04-15 02:00:00,119.94137931034481
2024-04-15 03:00:00,135.80689655172412
2024-04-15 04:00:00,132.17689655172416
2024-04-15 05:00:00,133.30821428571429
2024-04-15 06:00:00,134.64142857142858
2024-04-15 07:00:00,140.63500000000002
2024-04-15 08:00:00,153.315
2024-04-15 09:00:00,148.96827586206896
2024-04-15 10:00:00,110.64206896551724
2024-04-15 11:00:00,86.07793103448275
2024-04-15 12:00:00,82.52399999999999
2024-04-15 13:00:00,97.37066666666668
2024-04-15 14:00:00,84.13133333333332
2024-04-15 15:00:00,71.15148148148148
2024-04-15 16:00:00,53.06678571428571
2024-04-15 17:00:00,50.58758620689655
2024-04-15 18:00:00,53.349999999999994
2024-04-15 19:00:00,64.22862068965517
2024-04-15 20:00:00,81.77275862068964
2024-04-15 21:00:00,97.67896551724138
2024-04-15 22:00:00,118.40310344827586
2024-04-15 23:00:00,123.16758620689656
2024-04-16 00:00:00,127.10275862068966
2024-04-16 01:00:00,133.32517241379313
2024-04-16 02:00:00,131.45689655172413
2024-04-16 03:00:00,135.1193103448276
2024-04-16 04:00:00,146.08965517241379
2024-04-16 05:00:00,159.21448275862068
2024-04-16 06:00:00,173.7803448275862
2024-04-16 07:00:00,163.29399999999998
2024-04-16 08:00:00,140.94366666666667
2024-04-16 09:00:00,125.51966666666667
2024-04-16 10:00:00,98.46033333333334
2024-04-16 11:00:00,62.99466666666667
2024-04-16 12:00:00,40.66833333333333
2024-04-16 13:00:00,36.11066666666667
2024-04-16 14:00:00,31.932666666666663
2024-04-16 15:00:00,31.372413793103448
2024-04-16 16:00:00,26.312758620689657
2024-04-16 17:00:00,27.917333333333332
2024-04-16 18:00:00,25.719655172413795
2024-04-16 19:00:00,35.032666666666664
2024-04-16 20:00:00,41.56838709677419
2024-04-16 21:00:00,43.60354838709677
2024-04-16 22:00:00,43.03741935483871
2024-04-16 23:00:00,41.02129032258064
2024-04-17 00:00:00,41.59096774193548
2024-04-17 01:00:00,42.358333333333334
2024-04-17 02:00:00,40.516666666666666
2024-04-17 03:00:00,44.543
2024-04-17 04:00:00,52.26
2024-04-17 05:00:00,54.78
2024-04-17 06:00:00,58.37866666666667
2024-04-17 07:00:00,62.72566666666667
2024-04-17 08:00:00,68.91766666666668
2024-04-17 09:00:00,72.50833333333331
2024-04-17 10:00:00,68.934
2024-04-17 11:00:00,78.24833333333335
2024-04-17 12:00:00,38.43033333333333
2024-04-17 13:00:00,34.36933333333333
2024-04-17 14:00:00,37.33838709677419
2024-04-17 15:00:00,30.867666666666665
2024-04-17 16:00:00,31.067
2024-04-17 17:00:00,29.909666666666666
2024-04-17 18:00:00,30.285
2024-04-17 19:00:00,32.77166666666667
2024-04-17 20:00:00,32.9848275862069
2024-04-17 21:00:00,34.61413793103448
2024-04-17 22:00:00,39.300000000000004
2024-04-17 23:00:00,43.88700000000001
2024-04-18 00:00:00,47.03533333333334
2024-04-18 01:00:00,54.123333333333335
2024-04-18 02:00:00,61.291666666666664
2024-04-18 03:00:00,62.241
2024-04-18 04:00:00,67.83310344827586
2024-04-18 05:00:00,74.12724137931035
2024-04-18 06:00:00,82.65379310344828
2024-04-18 07:00:00,95.7148275862069
2024-04-18 08:00:00,97.41793103448275
2024-04-18 09:00:00,89.26566666666668
2024-04-18 10:00:00,76.59354838709677
2024-04-18 11:00:00,57.796451612903226
2024-04-18 12:00:00,37.101612903225806
2024-04-18 13:00:00,29.815333333333335
2024-04-18 14:00:00,31.877
2024-04-18 15:00:00,24.41413793103448
2024-04-18 16:00:00,23.063448275862065
2024-04-18 17:00:00,24.47448275862069
2024-04-18 18:00:00,34.144666666666666
2024-04-18 19:00:00,51.27275862068966
2024-04-18 20:00:00,57.111
2024-04-18 21:00:00,51.29233333333333
2024-04-18 22:00:00,49.69133333333333
2024-04-18 23:00:00,53.4
2024-04-19 00:00:00,60.509
2024-04-19 01:00:00,63.42266666666667
2024-04-19 02:00:00,61.708999999999996
2024-04-19 03:00:00,65.955
2024-04-19 04:00:00,70.53333333333333
2024-04-19 05:00:00,86.26333333333334
2024-04-19 06:00:00,85.65
2024-04-19 07:00:00,79.71499999999999
2024-04-19 08:00:00,84.87666666666668
2024-04-19 09:00:00,77.03500000000001
2024-04-19 10:00:00,69.477
2024-04-19 11:00:00,62.708999999999996
2024-04-19 12:00:00,46.34285714285714
2024-04-19 13:00:00,44.824999999999996
2024-04-19 14:00:00,38.598333333333336
2024-04-19 15:00:00,39.592666666666666
2024-04-19 16:00:00,34.07655172413793
2024-04-19 17:00:00,34.52103448275862
2024-04-19 18:00:00,36.96206896551724
2024-04-19 19:00:00,48.995000000000005
2024-04-19 20:00:00,60.783793103448275
2024-04-19 21:00:00,71.19000000000001
2024-04-19 22:00:00,78.1748275862069
2024-04-19 23:00:00,81.50206896551724
2024-04-20 00:00:00,93.90172413793104
2024-04-20 01:00:00,92.74724137931034
2024-04-20 02:00:00,94.27724137931035
2024-04-20 03:00:00,89.83137931034483
2024-04-20 04:00:00,87.57206896551723
2024-04-20 05:00:00,76.6303448275862
2024-04-20 06:00:00,79.28758620689656
2024-04-20 07:00:00,105.2006896551724
2024-04-20 08:00:00,102.87275862068965
2024-04-20 09:00:00,74.55241379310345
2024-04-20 10:00:00,59.977
2024-04-20 11:00:00,54.730000000000004
2024-04-20 12:00:00,60.660714285714285
2024-04-20 13:00:00,59.277499999999996
2024-04-20 14:00:00,43.49172413793104
2024-04-20 15:00:00,44.445172413793095
2024-04-20 16:00:00,44.176896551724134
2024-04-20 17:00:00,42.02142857142858
2024-04-20 18:00:00,41.332
2024-04-20 19:00:00,42.785
2024-04-20 20:00:00,41.29933333333334
2024-04-20 21:00:00,41.78433333333333
2024-04-20 22:00:00,45.300333333333334
2024-04-20 23:00:00,49.33533333333333
2024-04-21 00:00:00,51.58833333333334
2024-04-21 01:00:00,47.23133333333333
2024-04-21 02:00:00,44.66833333333333
2024-04-21 03:00:00,45.952999999999996
2024-04-21 04:00:00,46.9
2024-04-21 05:00:00,47.69433333333334
2024-04-21 06:00:00,53.172666666666665
2024-04-21 07:00:00,59.73833333333334
2024-04-21 08:00:00,68.61200000000001
2024-04-21 09:00:00,70.12833333333333
2024-04-21 10:00:00,60.92466666666667
2024-04-21 11:00:00,42.065000000000005
2024-04-21 12:00:00,32.67566666666667
2024-04-21 13:00:00,27.764666666666667
2024-04-21 14:00:00,25.124666666666663
2024-04-21 15:00:00,28.518333333333334
2024-04-21 16:00:00,26.730000000000004
2024-04-21 17:00:00,26.32633333333333
2024-04-21 18:00:00,30.225
2024-04-21 19:00:00,42.050333333333334
2024-04-21 20:00:00,52.24333333333334
2024-04-21 21:00:00,63.00333333333334
2024-04-21 22:00:00,68.964
2024-04-21 23:00:00,72.99733333333332
2024-04-22 00:00:00,72.65827586206898
2024-04-22 01:00:00,70.34379310344828
2024-04-22 02:00:00,57.3496551724138
2024-04-22 03:00:00,42.793103448275865
2024-04-22 04:00:00,22.66333333333333
2024-04-22 05:00:00,19.142068965517243
2024-04-22 06:00:00,15.576896551724138
2024-04-22 07:00:00,18.896206896551725
2024-04-22 08:00:00,26.00689655172414
2024-04-22 09:00:00,41.28366666666667
2024-04-22 10:00:00,44.628709677419344
2024-04-22 11:00:00,40.22741935483871
2024-04-22 12:00:00,36.388064516129035
2024-04-22 13:00:00,29.568387096774195
2024-04-22 14:00:00,23.421935483870968
2024-04-22 15:00:00,24.876129032258063
2024-04-22 16:00:00,18.904137931034484
2024-04-22 17:00:00,20.154999999999998
2024-04-22 18:00:00,24.322
2024-04-22 19:00:00,33.78806451612903
2024-04-22 20:00:00,45.44322580645162
2024-04-22 21:00:00,59.582580645161286
2024-04-22 22:00:00,78.85354838709677
2024-04-22 23:00:00,95.1632258064516
2024-04-23 00:00:00,98.34612903225806
2024-04-23 01:00:00,106.15064516129033
2024-04-23 02:00:00,96.18483870967742
2024-04-23 03:00:00,89.44322580645162
2024-04-23 04:00:00,88.75935483870968
2024-04-23 05:00:00,80.2158064516129
2024-04-23 06:00:00,79.73064516129033
2024-04-23 07:00:00,93.34935483870967
2024-04-23 08:00:00,100.42580645161291
2024-04-23 09:00:00,82.49354838709678
2024-04-23 10:00:00,76.40935483870967
2024-04-23 11:00:00,77.30199999999999
2024-04-23 12:00:00,77.97566666666665
2024-04-23 13:00:00,70.87419354838711
2024-04-23 14:00:00,59.06741935483871
2024-04-23 15:00:00,48.365
2024-04-23 16:00:00,46.10766666666667
2024-04-23 17:00:00,45.544666666666664
2024-04-23 18:00:00,61.50535714285714
2024-04-23 19:00:00,37.394137931034486
2024-04-23 20:00:00,39.180689655172415
2024-04-23 21:00:00,38.17535714285714
2024-04-23 22:00:00,41.79096774193548
2024-04-23 23:00:00,48.27064516129032
2024-04-24 00:00:00,54.438709677419354
2024-04-24 01:00:00,66.01741935483871
2024-04-24 02:00:00,67.49806451612903
2024-04-24 03:00:00,77.61333333333333
2024-04-24 04:00:00,107.32483870967742
2024-04-24 05:00:00,117.45064516129032
2024-04-24 06:00:00,131.91344827586207
2024-04-24 07:00:00,138.12066666666666
2024-04-24 08:00:00,138.42741935483872
2024-04-24 09:00:00,89.907
2024-04-24 10:00:00,63.032000000000004
2024-04-24 11:00:00,55.785999999999994
2024-04-24 12:00:00,55.70233333333333
2024-04-24 13:00:00,49.751290322580644
2024-04-24 14:00:00,43.612258064516126
2024-04-24 15:00:00,32.57096774193548
2024-04-24 16:00:00,25.607666666666667
2024-04-24 17:00:00,22.765483870967742
2024-04-24 18:00:00,26.990322580645163
2024-04-24 19:00:00,33.02870967741936
2024-04-24 20:00:00,53.25129032258065
2024-04-24 21:00:00,63.54064516129032
2024-04-24 22:00:00,76.10233333333333
2024-04-24 23:00:00,90.519
2024-04-25 00:00:00,81.30724137931034
2024-04-25 01:00:00,86.23586206896552
2024-04-25 02:00:00,95.55071428571428
2024-04-25 03:00:00,97.81428571428572
2024-04-25 04:00:00,103.25571428571428
2024-04-25 05:00:00,115.91571428571429
2024-04-25 06:00:00,122.45107142857141
2024-04-25 07:00:00,149.6914285714286
2024-04-25 08:00:00,181.3106896551724
2024-04-25 09:00:00,178.21933333333334
2024-04-25 10:00:00,123.29413793103447
2024-04-25 11:00:00,60.5341935483871
2024-04-25 12:00:00,40.52645161290322
2024-04-25 13:00:00,33.597
2024-04-25 14:00:00,24.019999999999996
2024-04-25 15:00:00,25.49866666666667
2024-04-25 16:00:00,27.155483870967743
2024-04-25 17:00:00,22.83967741935484
2024-04-25 18:00:00,25.442333333333334
2024-04-25 19:00:00,46.52129032258064
2024-04-25 20:00:00,69.95032258064516
2024-04-25 21:00:00,86.10419354838709
2024-04-25 22:00:00,86.64258064516129
2024-04-25 23:00:00,94.83064516129032
2024-04-26 00:00:00,100.30225806451612
2024-04-26 01:00:00,96.86333333333333
2024-04-26 02:00:00,87.45967741935483
2024-04-26 03:00:00,87.58129032258064
2024-04-26 04:00:00,92.63290322580644
2024-04-26 05:00:00,90.90290322580644
2024-04-26 06:00:00,90.85709677419355
2024-04-26 07:00:00,95.20870967741936
2024-04-26 08:00:00,95.05870967741934
2024-04-26 09:00:00,83.87366666666667
2024-04-26 10:00:00,73.78344827586206
2024-04-26 11:00:00,60.37466666666667
2024-04-26 12:00:00,51.87800000000001
2024-04-26 13:00:00,42.53068965517241
2024-04-26 14:00:00,41.216206896551725
2024-04-26 15:00:00,40.93433333333334
2024-04-26 16:00:00,34.708333333333336
2024-04-26 17:00:00,37.49533333333333
2024-04-26 18:00:00,43.25862068965518
2024-04-26 19:00:00,51.49153846153846
2024-04-26 20:00:00,45.36
2024-04-26 21:00:00,45.98714285714285
2024-04-26 22:00:00,42.159285714285716
2024-04-26 23:00:00,43.1775
2024-04-27 00:00:00,40.202413793103446
2024-04-27 01:00:00,39.10965517241379
2024-04-27 02:00:00,42.96551724137931
2024-04-27 03:00:00,47.44689655172414
2024-04-27 04:00:00,56.488965517241375
2024-04-27 05:00:00,60.74896551724138
2024-04-27 06:00:00,68.39
2024-04-27 07:00:00,66.13620689655173
2024-04-27 08:00:00,55.69724137931035
2024-04-27 09:00:00,66.56172413793104
2024-04-27 10:00:00,70.84333333333333
2024-04-27 11:00:00,64.34066666666666
2024-04-27 12:00:00,56.10366666666667
2024-04-27 13:00:00,50.778
2024-04-27 14:00:00,48.40733333333333
2024-04-27 15:00:00,44.73166666666667
2024-04-27 16:00:00,50.156666666666666
2024-04-27 17:00:00,52.71333333333334
2024-04-27 18:00:00,62.19133333333333
2024-04-27 19:00:00,61.35933333333333
2024-04-27 20:00:00,60.434666666666665
2024-04-27 21:00:00,66.228
2024-04-27 22:00:00,69.23633333333332
2024-04-27 23:00:00,60.63933333333333
2024-04-28 00:00:00,47.03333333333333
2024-04-28 01:00:00,52.10793103448276
2024-04-28 02:00:00,47.076428571428565
2024-04-28 03:00:00,48.292142857142856
2024-04-28 04:00:00,49.96
2024-04-28 05:00:00,55.94678571428572
2024-04-28 06:00:00,63.51107142857143
2024-04-28 07:00:00,68.03964285714287
2024-04-28 08:00:00,67.27464285714287
2024-04-28 09:00:00,63.88214285714286
2024-04-28 10:00:00,66.52357142857143
2024-04-28 11:00:00,63.82071428571429
2024-04-28 12:00:00,47.556785714285716
2024-04-28 13:00:00,35.573928571428574
2024-04-28 14:00:00,34.809285714285714
2024-04-28 15:00:00,37.14892857142858
2024-04-28 16:00:00,35.16642857142857
2024-04-28 17:00:00,34.828620689655175
2024-04-28 18:00:00,43.23966666666667
2024-04-28 19:00:00,58.674
2024-04-28 20:00:00,71.91833333333334
2024-04-28 21:00:00,88.71533333333335
2024-04-28 22:00:00,94.52066666666666
2024-04-28 23:00:00,104.27966666666666
2024-04-29 00:00:00,102.38533333333334
2024-04-29 01:00:00,101.54933333333334
2024-04-29 02:00:00,100.64833333333334
2024-04-29 03:00:00,103.09799999999998
2024-04-29 04:00:00,102.036
2024-04-29 05:00:00,107.60466666666666
2024-04-29 06:00:00,115.02566666666667
2024-04-29 07:00:00,133.29333333333335
2024-04-29 08:00:00,146.87966666666668
2024-04-29 09:00:00,130.86133333333333
2024-04-29 10:00:00,88.47666666666667
2024-04-29 11:00:00,67.93066666666667
2024-04-29 12:00:00,61.97548387096774
2024-04-29 13:00:00,58.13870967741936
2024-04-29 14:00:00,56.158
2024-04-29 15:00:00,57.56677419354838
2024-04-29 16:00:00,60.06433333333333
2024-04-29 17:00:00,50.95548387096774
2024-04-29 18:00:00,42.28645161290323
2024-04-29 19:00:00,48.8458064516129
2024-04-29 20:00:00,47.9225806451613
2024-04-29 21:00:00,52.94516129032258
2024-04-29 22:00:00,51.15870967741935
2024-04-29 23:00:00,49.818064516129034
2024-04-30 00:00:00,48.90032258064517
2024-04-30 01:00:00,50.74166666666667
2024-04-30 02:00:00,50.45733333333333
2024-04-30 03:00:00,58.577
2024-04-30 04:00:00,58.739333333333335
2024-04-30 05:00:00,58.32032258064516
2024-04-30 06:00:00,69.01451612903227
2024-04-30 07:00:00,96.61133333333333
2024-04-30 08:00:00,105.17516129032259
2024-04-30 09:00:00,88.26064516129033
2024-04-30 10:00:00,61.85709677419354
2024-04-30 11:00:00,53.97096774193549
2024-04-30 12:00:00,49.93709677419355
2024-04-30 13:00:00,49.691
2024-04-30 14:00:00,45.54233333333333
2024-04-30 15:00:00,46.98935483870968
2024-04-30 16:00:00,43.84451612903226
2024-04-30 17:00:00,40.8416129032258
2024-04-30 18:00:00,43.48870967741936
2024-04-30 19:00:00,52.894
2024-04-30 20:00:00,69.00299999999999
2024-04-30 21:00:00,85.35032258064516
2024-04-30 22:00:00,99.16967741935484
2024-04-30 23:00:00,104.78896551724138
2024-05-01 00:00:00,114.98966666666666
2024-05-01 01:00:00,124.42935483870967
2024-05-01 02:00:00,126.45032258064516
2024-05-01 03:00:00,111.86966666666667
2024-05-01 04:00:00,84.53266666666667
2024-05-01 05:00:00,55.49620689655172
2024-05-01 06:00:00,52.44310344827586
2024-05-01 07:00:00,61.434666666666665
2024-05-01 08:00:00,68.01870967741935
2024-05-01 09:00:00,63.28866666666667
2024-05-01 10:00:00,51.48862068965518
2024-05-01 11:00:00,42.57466666666667
2024-05-01 12:00:00,34.13034482758621
2024-05-01 13:00:00,33.60655172413793
2024-05-01 14:00:00,42.19241379310345
2024-05-01 15:00:00,46.245
2024-05-01 16:00:00,44.93833333333334
2024-05-01 17:00:00,42.25333333333333
2024-05-01 18:00:00,40.969
2024-05-01 19:00:00,42.284666666666666
2024-05-01 20:00:00,55.28833333333333
2024-05-01 21:00:00,65.34233333333333
2024-05-01 22:00:00,71.31
2024-05-01 23:00:00,72.18833333333333
2024-05-02 00:00:00,78.24433333333334
2024-05-02 01:00:00,86.25133333333333
2024-05-02 02:00:00,86.67066666666668
2024-05-02 03:00:00,92.23999999999998
2024-05-02 04:00:00,95.46499999999999
2024-05-02 05:00:00,105.794
2024-05-02 06:00:00,120.92200000000001
2024-05-02 07:00:00,134.00733333333335
2024-05-02 08:00:00,133.076
2024-05-02 09:00:00,87.68419354838709
2024-05-02 10:00:00,58.26483870967741
2024-05-02 11:00:00,49.4441935483871
2024-05-02 12:00:00,46.645161290322584
2024-05-02 13:00:00,43.87967741935484
2024-05-02 14:00:00,41.28033333333334
2024-05-02 15:00:00,40.47266666666667
2024-05-02 16:00:00,44.20399999999999
2024-05-02 17:00:00,48.275999999999996
2024-05-02 18:00:00,50.6
2024-05-02 19:00:00,66.47433333333333
2024-05-02 20:00:00,86.806
2024-05-02 21:00:00,97.82266666666666
2024-05-02 22:00:00,123.903
2024-05-02 23:00:00,145.96310344827586
2024-05-03 00:00:00,164.99166666666665
2024-05-03 01:00:00,172.10666666666665
2024-05-03 02:00:00,170.19833333333332
2024-05-03 03:00:00,175.9743333333333
2024-05-03 04:00:00,184.57833333333335
2024-05-03 05:00:00,193.96266666666668
2024-05-03 06:00:00,208.39666666666668
2024-05-03 07:00:00,214.6063333333333
2024-05-03 08:00:00,207.77133333333333
2024-05-03 09:00:00,168.39
2024-05-03 10:00:00,125.73000000000002
2024-05-03 11:00:00,87.53633333333333
2024-05-03 12:00:00,68.49499999999999
2024-05-03 13:00:00,57.70233333333333
2024-05-03 14:00:00,57.64366666666667
2024-05-03 15:00:00,56.138
2024-05-03 16:00:00,54.653103448275864
2024-05-03 17:00:00,58.75633333333334
2024-05-03 18:00:00,72.0
2024-05-03 19:00:00,97.76366666666668
2024-05-03 20:00:00,121.093
2024-05-03 21:00:00,143.71966666666668
2024-05-03 22:00:00,155.11933333333334
2024-05-03 23:00:00,160.93933333333334
2024-05-04 00:00:00,146.014
2024-05-04 01:00:00,139.18833333333333
2024-05-04 02:00:00,135.63966666666667
2024-05-04 03:00:00,137.49333333333334
2024-05-04 04:00:00,145.29733333333334
2024-05-04 05:00:00,167.00733333333335
2024-05-04 06:00:00,208.93133333333336
2024-05-04 07:00:00,248.84133333333332
2024-05-04 08:00:00,245.11133333333333
2024-05-04 09:00:00,195.87333333333333
2024-05-04 10:00:00,171.62862068965518
2024-05-04 11:00:00,151.44892857142855
2024-05-04 12:00:00,111.63392857142858
2024-05-04 13:00:00,87.4103448275862
2024-05-04 14:00:00,87.897
2024-05-04 15:00:00,86.55366666666667
2024-05-04 16:00:00,76.50800000000001
2024-05-04 17:00:00,75.26899999999999
2024-05-04 18:00:00,85.137
2024-05-04 19:00:00,102.87333333333332
2024-05-04 20:00:00,128.62333333333333
2024-05-04 21:00:00,151.63166666666666
2024-05-04 22:00:00,167.3233333333333
2024-05-04 23:00:00,164.88793103448276
2024-05-05 00:00:00,154.60000000000002
2024-05-05 01:00:00,162.2344827586207
2024-05-05 02:00:00,163.34758620689655
2024-05-05 03:00:00,165.38793103448276
2024-05-05 04:00:00,176.48275862068965
2024-05-05 05:00:00,196.65724137931036
2024-05-05 06:00:00,242.3213793103448
2024-05-05 07:00:00,292.6614285714286
2024-05-05 08:00:00,281.14103448275864
2024-05-05 09:00:00,230.75793103448277
2024-05-05 10:00:00,174.1613793103448
2024-05-05 11:00:00,135.12275862068967
2024-05-05 12:00:00,91.82733333333334
2024-05-05 13:00:00,70.67599999999999
2024-05-05 14:00:00,61.343
2024-05-05 15:00:00,57.85068965517242
2024-05-05 16:00:00,54.839285714285715
2024-05-05 17:00:00,56.540689655172415
2024-05-05 18:00:00,58.41655172413794
2024-05-05 19:00:00,77.73
2024-05-05 20:00:00,102.1148275862069
2024-05-05 21:00:00,126.13103448275861
2024-05-05 22:00:00,149.2189655172414
2024-05-05 23:00:00,161.26137931034484
2024-05-06 00:00:00,161.6706896551724
2024-05-06 01:00:00,149.92206896551724
2024-05-06 02:00:00,134.6506896551724
2024-05-06 03:00:00,122.97999999999999
2024-05-06 04:00:00,123.38178571428571
2024-05-06 05:00:00,125.05142857142857
2024-05-06 06:00:00,145.9051724137931
2024-05-06 07:00:00,184.42206896551724
2024-05-06 08:00:00,196.84655172413792
2024-05-06 09:00:00,173.0327586206897
2024-05-06 10:00:00,118.67206896551725
2024-05-06 11:00:00,82.93551724137932
2024-05-06 12:00:00,72.5248275862069
2024-05-06 13:00:00,65.29448275862069
2024-05-06 14:00:00,58.214827586206894
2024-05-06 15:00:00,55.67172413793104
2024-05-06 16:00:00,55.75689655172414
2024-05-06 17:00:00,59.194482758620694
2024-05-06 18:00:00,62.2651724137931
2024-05-06 19:00:00,85.63068965517243
2024-05-06 20:00:00,107.68344827586208
2024-05-06 21:00:00,131.31103448275863
2024-05-06 22:00:00,152.808275862069
2024-05-06 23:00:00,160.80275862068964
2024-05-07 00:00:00,184.101724137931
2024-05-07 01:00:00,200.98379310344828
2024-05-07 02:00:00,199.47214285714287
2024-05-07 03:00:00,201.5251851851852
2024-05-07 04:00:00,208.4785185185185
2024-05-07 05:00:00,202.53607142857143
2024-05-07 06:00:00,206.68666666666667
2024-05-07 07:00:00,234.68222222222224
2024-05-07 08:00:00,263.9222222222222
2024-05-07 09:00:00,295.2677777777778
2024-05-07 10:00:00,270.7477777777778
2024-05-07 11:00:00,180.94576923076923
2024-05-07 12:00:00,123.89111111111112
2024-05-07 13:00:00,106.63285714285713
2024-05-07 14:00:00,91.05321428571428
2024-05-07 15:00:00,84.047
2024-05-07 16:00:00,83.24866666666665
2024-05-07 17:00:00,78.90035714285715
2024-05-07 18:00:00,77.58200000000001
2024-05-07 19:00:00,96.593
2024-05-07 20:00:00,101.54766666666667
2024-05-07 21:00:00,111.19033333333333
2024-05-07 22:00:00,112.89066666666666
2024-05-07 23:00:00,112.779
2024-05-08 00:00:00,104.89733333333334
2024-05-08 01:00:00,103.32866666666668
2024-05-08 02:00:00,96.93166666666667
2024-05-08 03:00:00,88.37266666666667
2024-05-08 04:00:00,80.63433333333333
2024-05-08 05:00:00,75.30266666666667
2024-05-08 06:00:00,70.50099999999999
2024-05-08 07:00:00,67.59366666666666
2024-05-08 08:00:00,62.833
2024-05-08 09:00:00,65.706
2024-05-08 10:00:00,67.084
2024-05-08 11:00:00,73.009
2024-05-08 12:00:00,83.32413793103449
2024-05-08 13:00:00,79.73892857142857
2024-05-08 14:00:00,73.9875
2024-05-08 15:00:00,59.778
2024-05-08 16:00:00,62.501000000000005
2024-05-08 17:00:00,60.26966666666667
2024-05-08 18:00:00,64.03933333333333
2024-05-08 19:00:00,72.00033333333333
2024-05-08 20:00:00,78.33099999999999
2024-05-08 21:00:00,74.33133333333333
2024-05-08 22:00:00,72.21766666666667
2024-05-08 23:00:00,65.67
2024-05-09 00:00:00,62.695172413793095
2024-05-09 01:00:00,58.910666666666664
2024-05-09 02:00:00,53.955000000000005
2024-05-09 03:00:00,49.43500000000001
2024-05-09 04:00:00,46.03103448275862
2024-05-09 05:00:00,43.05965517241379
2024-05-09 06:00:00,41.907931034482765
2024-05-09 07:00:00,41.19793103448276
2024-05-09 08:00:00,43.352758620689656
2024-05-09 09:00:00,42.58862068965517
2024-05-09 10:00:00,48.75285714285714
2024-05-09 11:00:00,52.04357142857143
2024-05-09 12:00:00,58.033928571428575
2024-05-09 13:00:00,61.93642857142857
2024-05-09 14:00:00,62.48586206896552
2024-05-09 15:00:00,58.463928571428575
2024-05-09 16:00:00,60.53857142857142
2024-05-09 17:00:00,56.87535714285714
2024-05-09 18:00:00,61.59517241379311
2024-05-09 19:00:00,70.96310344827586
2024-05-09 20:00:00,67.22964285714286
2024-05-09 21:00:00,70.70071428571428
2024-05-09 22:00:00,71.47035714285714
2024-05-09 23:00:00,70.48571428571428
2024-05-10 00:00:00,70.19964285714286
2024-05-10 01:00:00,70.18178571428571
2024-05-10 02:00:00,72.20357142857142
2024-05-10 03:00:00,68.0657142857143
2024-05-10 04:00:00,65.89
2024-05-10 05:00:00,68.05035714285715
2024-05-10 06:00:00,73.12928571428571
2024-05-10 07:00:00,71.19535714285715
2024-05-10 08:00:00,66.29392857142858
2024-05-10 09:00:00,64.49655172413793
2024-05-10 10:00:00,64.28379310344829
2024-05-10 11:00:00,74.17333333333333
2024-05-10 12:00:00,69.979
2024-05-10 13:00:00,79.25724137931033
2024-05-10 14:00:00,67.94571428571429
2024-05-10 15:00:00,69.0942857142857
2024-05-10 16:00:00,73.68233333333333
2024-05-10 17:00:00,75.39925925925925
2024-05-10 18:00:00,80.97464285714285
2024-05-10 19:00:00,96.09689655172414
2024-05-10 20:00:00,94.69310344827586
2024-05-10 21:00:00,94.95862068965518
2024-05-10 22:00:00,182.59071428571428
2024-05-10 23:00:00,110.91666666666667
2024-05-11 00:00:00,61.973749999999995
2024-05-11 01:00:00,18.66
2024-05-11 02:00:00,26.55666666666667
2024-05-11 03:00:00,77.73115384615386
2024-05-11 04:00:00,69.83576923076923
2024-05-11 05:00:00,73.0276
2024-05-11 06:00:00,68.8048
2024-05-11 07:00:00,80.67559999999999
2024-05-11 08:00:00,103.73375
2024-05-11 09:00:00,114.145
2024-05-11 10:00:00,112.7326923076923
2024-05-11 11:00:00,107.18038461538461
2024-05-11 12:00:00,91.79724137931034
2024-05-11 13:00:00,89.72192307692308
2024-05-11 14:00:00,90.28857142857143
2024-05-11 15:00:00,74.58821428571427
2024-05-11 16:00:00,69.60310344827587
2024-05-11 17:00:00,62.64793103448277
2024-05-11 18:00:00,59.41172413793103
2024-05-11 19:00:00,63.19448275862069
2024-05-11 20:00:00,65.07533333333333
2024-05-11 21:00:00,74.2448275862069
2024-05-11 22:00:00,77.66310344827586
2024-05-11 23:00:00,80.72535714285713
2024-05-12 00:00:00,83.96344827586208
2024-05-12 01:00:00,81.74724137931035
2024-05-12 02:00:00,89.50931034482757
2024-05-12 03:00:00,88.25172413793103
2024-05-12 04:00:00,94.35344827586208
2024-05-12 05:00:00,120.3603448275862
2024-05-12 06:00:00,132.15344827586208
2024-05-12 07:00:00,103.06724137931036
2024-05-12 08:00:00,69.38379310344827
2024-05-12 09:00:00,66.37068965517241
2024-05-12 10:00:00,67.73620689655174
2024-05-12 11:00:00,65.64931034482758
2024-05-12 12:00:00,65.03571428571429
2024-05-12 13:00:00,59.27814814814815
2024-05-12 14:00:00,56.20307692307692
2024-05-12 15:00:00,61.699285714285715
2024-05-12 16:00:00,63.494642857142864
2024-05-12 17:00:00,64.31535714285714
2024-05-12 18:00:00,71.62266666666667
2024-05-12 19:00:00,83.54103448275862
2024-05-12 20:00:00,94.2248275862069
2024-05-12 21:00:00,107.56366666666666
2024-05-12 22:00:00,115.21466666666667
2024-05-12 23:00:00,126.08566666666665
2024-05-13 00:00:00,124.77433333333333
2024-05-13 01:00:00,131.214
2024-05-13 02:00:00,131.58333333333334
2024-05-13 03:00:00,126.687
2024-05-13 04:00:00,121.55333333333333
2024-05-13 05:00:00,113.088
2024-05-13 06:00:00,107.68133333333334
2024-05-13 07:00:00,105.07733333333334
2024-05-13 08:00:00,107.299
2024-05-13 09:00:00,112.97071428571428
2024-05-13 10:00:00,101.38733333333333
2024-05-13 11:00:00,98.49133333333334
2024-05-13 12:00:00,94.42206896551725
2024-05-13 13:00:00,85.83827586206897
2024-05-13 14:00:00,80.13571428571429
2024-05-13 15:00:00,63.354000000000006
2024-05-13 16:00:00,56.27344827586207
2024-05-13 17:00:00,49.785714285714285
2024-05-13 18:00:00,59.108214285714276
2024-05-13 19:00:00,69.36466666666665
2024-05-13 20:00:00,84.34103448275862
2024-05-13 21:00:00,98.00700000000002
2024-05-13 22:00:00,105.75033333333334
2024-05-13 23:00:00,106.66033333333333
2024-05-14 00:00:00,101.98233333333334
2024-05-14 01:00:00,107.20666666666666
2024-05-14 02:00:00,112.94933333333333
2024-05-14 03:00:00,117.94766666666668
2024-05-14 04:00:00,124.11433333333333
2024-05-14 05:00:00,140.27241379310345
2024-05-14 06:00:00,159.8706896551724
2024-05-14 07:00:00,185.79999999999998
2024-05-14 08:00:00,200.6289655172414
2024-05-14 09:00:00,179.93178571428572
2024-05-14 10:00:00,140.9975
2024-05-14 11:00:00,107.84689655172416
2024-05-14 12:00:00,88.8848275862069
2024-05-14 13:00:00,78.79499999999999
2024-05-14 14:00:00,76.34827586206896
2024-05-14 15:00:00,65.29931034482759
2024-05-14 16:00:00,84.19133333333333
2024-05-14 17:00:00,57.300000000000004
2024-05-14 18:00:00,55.529999999999994
2024-05-14 19:00:00,62.85466666666666
2024-05-14 20:00:00,76.69333333333334
2024-05-14 21:00:00,91.86733333333333
2024-05-14 22:00:00,109.53166666666667
2024-05-14 23:00:00,127.36266666666667
2024-05-15 00:00:00,134.97166666666666
2024-05-15 01:00:00,143.57233333333335
2024-05-15 02:00:00,153.63266666666667
2024-05-15 03:00:00,163.96099999999998
2024-05-15 04:00:00,176.54
2024-05-15 05:00:00,176.514
2024-05-15 06:00:00,177.35833333333332
2024-05-15 07:00:00,198.80433333333335
2024-05-15 08:00:00,212.25000000000003
2024-05-15 09:00:00,178.48
2024-05-15 10:00:00,129.576
2024-05-15 11:00:00,90.84666666666665
2024-05-15 12:00:00,80.73774193548387
2024-05-15 13:00:00,73.78533333333333
2024-05-15 14:00:00,69.688
2024-05-15 15:00:00,68.02666666666667
2024-05-15 16:00:00,64.7432258064516
2024-05-15 17:00:00,68.08967741935483
2024-05-15 18:00:00,69.64
2024-05-15 19:00:00,89.00733333333332
2024-05-15 20:00:00,111.18566666666668
2024-05-15 21:00:00,128.06548387096774
2024-05-15 22:00:00,128.69225806451612
2024-05-15 23:00:00,138.63548387096776
2024-05-16 00:00:00,140.16833333333335
2024-05-16 01:00:00,138.07709677419354
2024-05-16 02:00:00,111.95967741935483
2024-05-16 03:00:00,94.85032258064517
2024-05-16 04:00:00,85.45
2024-05-16 05:00:00,87.05566666666665
2024-05-16 06:00:00,84.69033333333333
2024-05-16 07:00:00,96.89266666666666
2024-05-16 08:00:00,113.18433333333333
2024-05-16 09:00:00,127.72866666666667
2024-05-16 10:00:00,122.20413793103447
2024-05-16 11:00:00,118.81066666666668
2024-05-16 12:00:00,114.86827586206896
2024-05-16 13:00:00,104.62206896551724
2024-05-16 14:00:00,93.53888888888888
2024-05-16 15:00:00,86.10137931034483
2024-05-16 16:00:00,82.73433333333332
2024-05-16 17:00:00,79.17172413793104
2024-05-16 18:00:00,81.43800000000002
2024-05-16 19:00:00,97.23
2024-05-16 20:00:00,106.051
2024-05-16 21:00:00,125.021
2024-05-16 22:00:00,136.48033333333333
2024-05-16 23:00:00,130.46666666666667
2024-05-17 00:00:00,117.24466666666667
2024-05-17 01:00:00,109.037
2024-05-17 02:00:00,98.70566666666667
2024-05-17 03:00:00,96.21633333333332
2024-05-17 04:00:00,91.40833333333335
2024-05-17 05:00:00,89.07533333333332
2024-05-17 06:00:00,85.54899999999999
2024-05-17 07:00:00,95.773
2024-05-17 08:00:00,106.583
2024-05-17 09:00:00,108.08400000000002
2024-05-17 10:00:00,109.94000000000001
2024-05-17 11:00:00,101.79666666666665
2024-05-17 12:00:00,77.36275862068966
2024-05-17 13:00:00,69.43733333333333
2024-05-17 14:00:00,78.45033333333335
2024-05-17 15:00:00,73.12827586206896
2024-05-17 16:00:00,65.345
2024-05-17 17:00:00,53.64
2024-05-17 18:00:00,52.60933333333333
2024-05-17 19:00:00,76.865
2024-05-17 20:00:00,96.08200000000002
2024-05-17 21:00:00,120.27266666666667
2024-05-17 22:00:00,137.43466666666666
2024-05-17 23:00:00,126.43433333333333
2024-05-18 00:00:00,133.65172413793104
2024-05-18 01:00:00,140.9351724137931
2024-05-18 02:00:00,143.73620689655175
2024-05-18 03:00:00,139.7837931034483
2024-05-18 04:00:00,137.94034482758622
2024-05-18 05:00:00,135.44758620689655
2024-05-18 06:00:00,133.43142857142857
2024-05-18 07:00:00,149.08035714285714
2024-05-18 08:00:00,156.08714285714285
2024-05-18 09:00:00,134.4989655172414
2024-05-18 10:00:00,135.63620689655173
2024-05-18 11:00:00,136.92666666666665
2024-05-18 12:00:00,115.18576923076924
2024-05-18 13:00:00,86.60925925925925
2024-05-18 14:00:00,72.11185185185185
2024-05-18 15:00:00,66.73965517241379
2024-05-18 16:00:00,63.12724137931035
2024-05-18 17:00:00,59.09766666666666
2024-05-18 18:00:00,56.201666666666675
2024-05-18 19:00:00,66.46766666666666
2024-05-18 20:00:00,93.44433333333333
2024-05-18 21:00:00,97.521
2024-05-18 22:00:00,109.81433333333332
2024-05-18 23:00:00,116.74533333333333
2024-05-19 00:00:00,115.877
2024-05-19 01:00:00,107.24199999999999
2024-05-19 02:00:00,100.82
2024-05-19 03:00:00,112.11999999999999
2024-05-19 04:00:00,111.26366666666667
2024-05-19 05:00:00,119.83433333333333
2024-05-19 06:00:00,144.30433333333335
2024-05-19 07:00:00,162.765
2024-05-19 08:00:00,182.21733333333333
2024-05-19 09:00:00,165.00833333333333
2024-05-19 10:00:00,144.01620689655172
2024-05-19 11:00:00,113.34966666666668
2024-05-19 12:00:00,86.83500000000001
2024-05-19 13:00:00,71.768
2024-05-19 14:00:00,67.19099999999999
2024-05-19 15:00:00,55.918
2024-05-19 16:00:00,48.47566666666667
2024-05-19 17:00:00,49.99666666666666
2024-05-19 18:00:00,48.926
2024-05-19 19:00:00,52.45033333333333
2024-05-19 20:00:00,64.49566666666666
2024-05-19 21:00:00,78.91733333333333
2024-05-19 22:00:00,86.22399999999999
2024-05-19 23:00:00,69.6374193548387
2024-05-20 00:00:00,63.862258064516126
2024-05-20 01:00:00,89.85129032258064
2024-05-20 02:00:00,101.60483870967742
2024-05-20 03:00:00,81.4283870967742
2024-05-20 04:00:00,86.85766666666667
2024-05-20 05:00:00,96.07
2024-05-20 06:00:00,114.69766666666668
2024-05-20 07:00:00,138.88000000000002
2024-05-20 08:00:00,147.36566666666667
2024-05-20 09:00:00,146.85733333333334
2024-05-20 10:00:00,118.54033333333335
2024-05-20 11:00:00,95.459
2024-05-20 12:00:00,71.29551724137932
2024-05-20 13:00:00,84.91793103448275
2024-05-20 14:00:00,54.70666666666667
2024-05-20 15:00:00,51.404333333333334
2024-05-20 16:00:00,53.868620689655174
2024-05-20 17:00:00,56.33678571428571
2024-05-20 18:00:00,52.746428571428574
2024-05-20 19:00:00,62.565666666666665
2024-05-20 20:00:00,75.80827586206897
2024-05-20 21:00:00,95.873
2024-05-20 22:00:00,108.78033333333335
2024-05-20 23:00:00,110.1496551724138
2024-05-21 00:00:00,107.79966666666668
2024-05-21 01:00:00,99.05933333333334
2024-05-21 02:00:00,97.916
2024-05-21 03:00:00,105.466
2024-05-21 04:00:00,106.91000000000001
2024-05-21 05:00:00,91.54666666666665
2024-05-21 06:00:00,90.738
2024-05-21 07:00:00,84.18966666666665
2024-05-21 08:00:00,81.14200000000001
2024-05-21 09:00:00,73.967
2024-05-21 10:00:00,69.91827586206897
2024-05-21 11:00:00,69.59733333333334
2024-05-21 12:00:00,71.92599999999999
2024-05-21 13:00:00,68.89566666666666
2024-05-21 14:00:00,66.99285714285715
2024-05-21 15:00:00,70.49833333333332
2024-05-21 16:00:00,67.36758620689655
2024-05-21 17:00:00,81.72137931034483
2024-05-21 18:00:00,64.107
2024-05-21 19:00:00,72.91103448275862
2024-05-21 20:00:00,82.7248275862069
2024-05-21 21:00:00,85.90241379310343
2024-05-21 22:00:00,88.9955172413793
2024-05-21 23:00:00,85.73777777777778
2024-05-22 00:00:00,81.4748275862069
2024-05-22 01:00:00,77.20586206896552
2024-05-22 02:00:00,73.5141379310345
2024-05-22 03:00:00,74.41655172413793
2024-05-22 04:00:00,69.03310344827587
2024-05-22 05:00:00,70.84793103448277
2024-05-22 06:00:00,77.09137931034483
2024-05-22 07:00:00,77.0796551724138
2024-05-22 08:00:00,72.93275862068967
2024-05-22 09:00:00,73.76034482758621
2024-05-22 10:00:00,76.10206896551725
2024-05-22 11:00:00,78.75931034482758
2024-05-22 12:00:00,76.23344827586207
2024-05-22 13:00:00,71.25466666666667
2024-05-22 14:00:00,64.50933333333333
2024-05-22 15:00:00,64.04366666666667
2024-05-22 16:00:00,65.68366666666667
2024-05-22 17:00:00,67.023
2024-05-22 18:00:00,63.27
2024-05-22 19:00:00,65.32103448275862
2024-05-22 20:00:00,67.92344827586207
2024-05-22 21:00:00,69.22689655172414
2024-05-22 22:00:00,69.51586206896552
2024-05-22 23:00:00,63.54655172413793
2024-05-23 00:00:00,54.824137931034485
2024-05-23 01:00:00,49.92
2024-05-23 02:00:00,43.997931034482754
2024-05-23 03:00:00,37.8303448275862
2024-05-23 04:00:00,39.448965517241376
2024-05-23 05:00:00,37.709999999999994
2024-05-23 06:00:00,42.03448275862069
2024-05-23 07:00:00,52.24964285714286
2024-05-23 08:00:00,50.18925925925925
2024-05-23 09:00:00,58.96178571428572
2024-05-23 10:00:00,56.61137931034483
2024-05-23 11:00:00,58.747241379310346
2024-05-23 12:00:00,60.55137931034483
2024-05-23 13:00:00,60.258620689655174
2024-05-23 14:00:00,55.53633333333333
2024-05-23 15:00:00,54.62516129032257
2024-05-23 16:00:00,53.917741935483875
2024-05-23 17:00:00,49.693666666666665
2024-05-23 18:00:00,53.058
2024-05-23 19:00:00,54.98774193548387
2024-05-23 20:00:00,73.51064516129033
2024-05-23 21:00:00,59.79066666666667
2024-05-23 22:00:00,62.35233333333334
2024-05-23 23:00:00,63.8925
2024-05-24 00:00:00,61.53137931034483
2024-05-24 01:00:00,62.7875
2024-05-24 02:00:00,58.62172413793103
2024-05-24 03:00:00,50.09137931034482
2024-05-24 04:00:00,47.03965517241379
2024-05-24 05:00:00,44.12689655172413
2024-05-24 06:00:00,45.505
2024-05-24 07:00:00,49.791071428571435
2024-05-24 08:00:00,58.89172413793103
2024-05-24 09:00:00,55.398999999999994
2024-05-24 10:00:00,50.82533333333333
2024-05-24 11:00:00,49.171379310344825
2024-05-24 12:00:00,48.15333333333333
2024-05-24 13:00:00,42.68357142857143
2024-05-24 14:00:00,44.713
2024-05-24 15:00:00,46.55466666666667
2024-05-24 16:00:00,49.65
2024-05-24 17:00:00,89.75
2024-05-24 18:00:00,51.50387096774194
2024-05-24 19:00:00,62.05870967741935
2024-05-24 20:00:00,71.27064516129032
2024-05-24 21:00:00,69.83032258064516
2024-05-24 22:00:00,72.34066666666668
2024-05-24 23:00:00,70.22633333333333
2024-05-25 00:00:00,67.97774193548386
2024-05-25 01:00:00,70.69967741935483
2024-05-25 02:00:00,68.57225806451612
2024-05-25 03:00:00,69.51903225806453
2024-05-25 04:00:00,66.19225806451612
2024-05-25 05:00:00,73.85645161290323
2024-05-25 06:00:00,78.6558064516129
2024-05-25 07:00:00,91.5141935483871
2024-05-25 08:00:00,82.88466666666665
2024-05-25 09:00:00,67.059
2024-05-25 10:00:00,68.27931034482759
2024-05-25 11:00:00,67.12066666666666
2024-05-25 12:00:00,67.5544827586207
2024-05-25 13:00:00,68.80933333333334
2024-05-25 14:00:00,65.68068965517242
2024-05-25 15:00:00,63.29333333333334
2024-05-25 16:00:00,58.23310344827586
2024-05-25 17:00:00,54.44666666666667
2024-05-25 18:00:00,53.66266666666666
2024-05-25 19:00:00,63.11666666666667
2024-05-25 20:00:00,85.55966666666667
2024-05-25 21:00:00,89.746
2024-05-25 22:00:00,83.84
2024-05-25 23:00:00,67.63793103448276
2024-05-26 00:00:00,61.53241379310345
2024-05-26 01:00:00,61.70034482758621
2024-05-26 02:00:00,61.17466666666667
2024-05-26 03:00:00,62.764
2024-05-26 04:00:00,79.64133333333332
2024-05-26 05:00:00,92.904
2024-05-26 06:00:00,120.825
2024-05-26 07:00:00,139.51900000000003
2024-05-26 08:00:00,128.33566666666667
2024-05-26 09:00:00,106.41033333333333
2024-05-26 10:00:00,74.82333333333334
2024-05-26 11:00:00,59.423
2024-05-26 12:00:00,55.92166666666666
2024-05-26 13:00:00,51.44733333333333
2024-05-26 14:00:00,51.984
2024-05-26 15:00:00,47.43766666666667
2024-05-26 16:00:00,50.13700000000001
2024-05-26 17:00:00,46.54633333333334
2024-05-26 18:00:00,51.589642857142856
2024-05-26 19:00:00,76.86758620689655
2024-05-26 20:00:00,102.74034482758621
2024-05-26 21:00:00,118.00137931034483
2024-05-26 22:00:00,119.65379310344828
2024-05-26 23:00:00,115.17724137931035
2024-05-27 00:00:00,104.4258620689655
2024-05-27 01:00:00,101.05178571428571
2024-05-27 02:00:00,96.92857142857143
2024-05-27 03:00:00,93.35714285714286
2024-05-27 04:00:00,83.23344827586207
2024-05-27 05:00:00,82.36034482758622
2024-05-27 06:00:00,91.76931034482759
2024-05-27 07:00:00,117.00758620689655
2024-05-27 08:00:00,134.02344827586205
2024-05-27 09:00:00,126.6444827586207
2024-05-27 10:00:00,118.92172413793104
2024-05-27 11:00:00,118.44517241379312
2024-05-27 12:00:00,93.50482758620691
2024-05-27 13:00:00,70.61129032258066
2024-05-27 14:00:00,65.03344827586207
2024-05-27 15:00:00,56.208333333333336
2024-05-27 16:00:00,56.77225806451613
2024-05-27 17:00:00,55.16870967741936
2024-05-27 18:00:00,61.252758620689654
2024-05-27 19:00:00,89.96379310344827
2024-05-27 20:00:00,115.02892857142857
2024-05-27 21:00:00,138.54749999999999
2024-05-27 22:00:00,132.52
2024-05-27 23:00:00,128.905
2024-05-28 00:00:00,130.54741935483872
2024-05-28 01:00:00,128.61333333333334
2024-05-28 02:00:00,119.62193548387097
2024-05-28 03:00:00,110.62566666666666
2024-05-28 04:00:00,104.75566666666668
2024-05-28 05:00:00,96.33161290322582
2024-05-28 06:00:00,98.03322580645163
2024-05-28 07:00:00,110.85866666666666
2024-05-28 08:00:00,128.44
2024-05-28 09:00:00,102.291
2024-05-28 10:00:00,100.641
2024-05-28 11:00:00,131.64241379310346
2024-05-28 12:00:00,113.91103448275862
2024-05-28 13:00:00,82.10533333333333
2024-05-28 14:00:00,58.35933333333333
2024-05-28 15:00:00,48.92096774193549
2024-05-28 16:00:00,41.214333333333336
2024-05-28 17:00:00,39.609
2024-05-28 18:00:00,48.936666666666675
2024-05-28 19:00:00,74.42033333333333
2024-05-28 20:00:00,98.19933333333333
2024-05-28 21:00:00,129.19064516129032
2024-05-28 22:00:00,111.12903225806451
2024-05-28 23:00:00,106.6493548387097
2024-05-29 00:00:00,105.99129032258064
2024-05-29 01:00:00,99.99199999999999
2024-05-29 02:00:00,95.22466666666666
2024-05-29 03:00:00,78.477
2024-05-29 04:00:00,72.47333333333333
2024-05-29 05:00:00,73.95266666666666
2024-05-29 06:00:00,73.82
2024-05-29 07:00:00,75.70100000000001
2024-05-29 08:00:00,67.79566666666666
2024-05-29 09:00:00,64.83566666666667
2024-05-29 10:00:00,76.258
2024-05-29 11:00:00,77.67133333333335
2024-05-29 12:00:00,71.14862068965517
2024-05-29 13:00:00,75.071
2024-05-29 14:00:00,70.74448275862069
2024-05-29 15:00:00,69.52354838709678
2024-05-29 16:00:00,67.45290322580645
2024-05-29 17:00:00,88.01233333333333
2024-05-29 18:00:00,75.95551724137931
2024-05-29 19:00:00,58.50266666666666
2024-05-29 20:00:00,51.218275862068964
2024-05-29 21:00:00,65.25322580645162
2024-05-29 22:00:00,64.50310344827587
2024-05-29 23:00:00,71.70599999999999
2024-05-30 00:00:00,73.15133333333333
2024-05-30 01:00:00,74.69966666666666
2024-05-30 02:00:00,61.26533333333334
2024-05-30 03:00:00,71.47366666666667
2024-05-30 04:00:00,82.13166666666667
2024-05-30 05:00:00,88.91933333333333
2024-05-30 06:00:00,85.55466666666666
2024-05-30 07:00:00,74.66066666666667
2024-05-30 08:00:00,75.22833333333332
2024-05-30 09:00:00,81.115
2024-05-30 10:00:00,85.523
2024-05-30 11:00:00,78.22965517241379
2024-05-30 12:00:00,76.52689655172415
2024-05-30 13:00:00,57.30870967741935
2024-05-30 14:00:00,54.96935483870968
2024-05-30 15:00:00,57.79516129032258
2024-05-30 16:00:00,48.49612903225807
2024-05-30 17:00:00,38.50645161290323
2024-05-30 18:00:00,41.274193548387096
2024-05-30 19:00:00,64.71741935483871
2024-05-30 20:00:00,103.97000000000001
2024-05-30 21:00:00,81.75129032258064
2024-05-30 22:00:00,60.86354838709677
2024-05-30 23:00:00,52.848
2024-05-31 00:00:00,51.001333333333335
2024-05-31 01:00:00,43.376000000000005
2024-05-31 02:00:00,43.100645161290316
2024-05-31 03:00:00,47.339999999999996
2024-05-31 04:00:00,61.127741935483876
2024-05-31 05:00:00,73.24580645161292
2024-05-31 06:00:00,77.49677419354839
2024-05-31 07:00:00,97.48225806451613
2024-05-31 08:00:00,103.0167741935484
2024-05-31 09:00:00,70.45225806451614
2024-05-31 10:00:00,68.42999999999999
2024-05-31 11:00:00,68.85290322580646
2024-05-31 12:00:00,64.16516129032257
2024-05-31 13:00:00,59.83064516129032
2024-05-31 14:00:00,57.979
2024-05-31 15:00:00,56.15733333333334
2024-05-31 16:00:00,60.653
2024-05-31 17:00:00,61.312333333333335
2024-05-31 18:00:00,64.42366666666666
2024-05-31 19:00:00,85.24935483870968
2024-05-31 20:00:00,103.16870967741936
2024-05-31 21:00:00,114.46354838709676
2024-05-31 22:00:00,131.37
2024-05-31 23:00:00,121.82033333333334
2024-06-01 00:00:00,120.31233333333333
2024-06-01 01:00:00,116.91833333333334
2024-06-01 02:00:00,113.50999999999999
2024-06-01 03:00:00,104.2910344827586
2024-06-01 04:00:00,82.67
2024-06-01 05:00:00,72.11933333333333
2024-06-01 06:00:00,87.44633333333333
2024-06-01 07:00:00,101.903
2024-06-01 08:00:00,98.47733333333332
2024-06-01 09:00:00,77.63533333333334
2024-06-01 10:00:00,79.542
2024-06-01 11:00:00,60.78965517241379
2024-06-01 12:00:00,51.83964285714286
2024-06-01 13:00:00,60.719655172413795
2024-06-01 14:00:00,70.63566666666667
2024-06-01 15:00:00,111.30566666666667
2024-06-01 16:00:00,106.10068965517242
2024-06-01 17:00:00,51.94655172413793
2024-06-01 18:00:00,59.772499999999994
2024-06-01 19:00:00,51.02931034482759
2024-06-01 20:00:00,51.841034482758616
2024-06-01 21:00:00,51.04689655172413
2024-06-01 22:00:00,50.24793103448276
2024-06-01 23:00:00,48.753793103448274
2024-06-02 00:00:00,52.809
2024-06-02 01:00:00,39.44344827586207
2024-06-02 02:00:00,42.34214285714286
2024-06-02 03:00:00,41.3637037037037
2024-06-02 04:00:00,38.31666666666666
2024-06-02 05:00:00,42.40344827586206
2024-06-02 06:00:00,44.41206896551724
2024-06-02 07:00:00,52.81333333333334
2024-06-02 08:00:00,65.7796551724138
2024-06-02 09:00:00,60.179655172413796
2024-06-02 10:00:00,54.63551724137931
2024-06-02 11:00:00,49.24555555555556
2024-06-02 12:00:00,51.11413793103449
2024-06-02 13:00:00,46.668214285714285
2024-06-02 14:00:00,43.89333333333334
2024-06-02 15:00:00,43.37482758620689
2024-06-02 16:00:00,43.2875
2024-06-02 17:00:00,42.78703703703704
2024-06-02 18:00:00,51.76107142857143
2024-06-02 19:00:00,52.04571428571428
2024-06-02 20:00:00,64.80071428571428
2024-06-02 21:00:00,61.55535714285714
2024-06-02 22:00:00,47.54535714285714
2024-06-02 23:00:00,39.861071428571435
2024-06-03 00:00:00,42.40392857142857
2024-06-03 01:00:00,39.89576923076923
2024-06-03 02:00:00,37.013703703703705
2024-06-03 03:00:00,39.84172413793104
2024-06-03 04:00:00,38.640357142857134
2024-06-03 05:00:00,41.332857142857144
2024-06-03 06:00:00,49.92892857142857
2024-06-03 07:00:00,50.00148148148148
2024-06-03 08:00:00,63.318928571428565
2024-06-03 09:00:00,61.480714285714285
2024-06-03 10:00:00,56.937586206896555
2024-06-03 11:00:00,61.550333333333334
2024-06-03 12:00:00,54.38
2024-06-03 13:00:00,54.91258064516129
2024-06-03 14:00:00,55.060967741935485
2024-06-03 15:00:00,55.98310344827587
2024-06-03 16:00:00,51.354000000000006
2024-06-03 17:00:00,63.458064516129035
2024-06-03 18:00:00,68.76870967741935
2024-06-03 19:00:00,50.33233333333333
2024-06-03 20:00:00,67.791
2024-06-03 21:00:00,130.05483870967743
2024-06-03 22:00:00,106.47733333333333
2024-06-03 23:00:00,109.37066666666666
2024-06-04 00:00:00,112.51032258064517
2024-06-04 01:00:00,73.5316129032258
2024-06-04 02:00:00,59.94161290322581
2024-06-04 03:00:00,53.40266666666667
2024-06-04 04:00:00,51.784
2024-06-04 05:00:00,53.454838709677425
2024-06-04 06:00:00,55.85166666666667
2024-06-04 07:00:00,64.276
2024-06-04 08:00:00,76.89300000000001
2024-06-04 09:00:00,73.70533333333334
2024-06-04 10:00:00,65.08733333333333
2024-06-04 11:00:00,88.56533333333333
2024-06-04 12:00:00,95.40866666666666
2024-06-04 13:00:00,91.58933333333333
2024-06-04 14:00:00,86.30166666666668
2024-06-04 15:00:00,78.20387096774193
2024-06-04 16:00:00,78.49838709677421
2024-06-04 17:00:00,79.28
2024-06-04 18:00:00,90.5583870967742
2024-06-04 19:00:00,75.3055172413793
2024-06-04 20:00:00,102.88166666666667
2024-06-04 21:00:00,114.85225806451614
2024-06-04 22:00:00,101.81
2024-06-04 23:00:00,90.11193548387097
2024-06-05 00:00:00,91.26806451612903
2024-06-05 01:00:00,89.20700000000002
2024-06-05 02:00:00,85.541
2024-06-05 03:00:00,83.23833333333333
2024-06-05 04:00:00,83.372
2024-06-05 05:00:00,70.88833333333334
2024-06-05 06:00:00,71.54172413793104
2024-06-05 07:00:00,60.885666666666665
2024-06-05 08:00:00,61.811
2024-06-05 09:00:00,64.82766666666666
2024-06-05 10:00:00,72.67733333333332
2024-06-05 11:00:00,76.87633333333333
2024-06-05 12:00:00,117.07481481481481
2024-06-05 13:00:00,87.45862068965516
2024-06-05 14:00:00,90.45655172413792
2024-06-05 15:00:00,87.96129032258065
2024-06-05 16:00:00,79.66290322580646
2024-06-05 17:00:00,70.40096774193549
2024-06-05 18:00:00,57.76870967741935
2024-06-05 19:00:00,59.693225806451615
2024-06-05 20:00:00,88.45935483870967
2024-06-05 21:00:00,101.59766666666665
2024-06-05 22:00:00,123.75
2024-06-05 23:00:00,78.17111111111113
2024-06-06 00:00:00,73.32464285714286
2024-06-06 01:00:00,49.971034482758625
2024-06-06 02:00:00,44.82206896551724
2024-06-06 03:00:00,45.92068965517242
2024-06-06 04:00:00,44.994482758620684
2024-06-06 05:00:00,46.71551724137931
2024-06-06 06:00:00,41.43481481481481
2024-06-06 07:00:00,41.82115384615385
2024-06-06 08:00:00,59.861785714285716
2024-06-06 09:00:00,74.49642857142858
2024-06-06 10:00:00,47.51384615384615
2024-06-06 11:00:00,47.46074074074074
2024-06-06 12:00:00,44.31892857142857
2024-06-06 13:00:00,47.86517241379311
2024-06-06 14:00:00,49.66821428571428
2024-06-06 15:00:00,59.18642857142857
2024-06-06 16:00:00,53.27392857142856
2024-06-06 17:00:00,52.17310344827586
2024-06-06 18:00:00,47.72448275862069
2024-06-06 19:00:00,64.39928571428571
2024-06-06 20:00:00,107.65620689655171
2024-06-06 21:00:00,83.15142857142857
2024-06-06 22:00:00,81.17699999999999
2024-06-06 23:00:00,134.22758620689655
2024-06-07 00:00:00,114.61333333333333
2024-06-07 01:00:00,52.132
2024-06-07 02:00:00,50.17833333333333
2024-06-07 03:00:00,49.867333333333335
2024-06-07 04:00:00,54.873333333333335
2024-06-07 05:00:00,61.70620689655173
2024-06-07 06:00:00,75.03555555555556
2024-06-07 07:00:00,84.57285714285716
2024-06-07 08:00:00,107.89357142857143
2024-06-07 09:00:00,99.52357142857143
2024-06-07 10:00:00,91.53724137931034
2024-06-07 11:00:00,77.96285714285715
2024-06-07 12:00:00,59.60481481481481
2024-06-07 13:00:00,48.506071428571424
2024-06-07 14:00:00,46.36241379310346
2024-06-07 15:00:00,42.37137931034483
2024-06-07 16:00:00,43.62033333333333
2024-06-07 17:00:00,44.05233333333333
2024-06-07 18:00:00,45.586129032258064
2024-06-07 19:00:00,65.3983870967742
2024-06-07 20:00:00,54.63387096774194
2024-06-07 21:00:00,64.58322580645162
2024-06-07 22:00:00,73.67322580645163
2024-06-07 23:00:00,80.00290322580646
2024-06-08 00:00:00,90.8916129032258
2024-06-08 01:00:00,96.17666666666668
2024-06-08 02:00:00,92.45548387096774
2024-06-08 03:00:00,88.93935483870968
2024-06-08 04:00:00,84.06387096774193
2024-06-08 05:00:00,81.09870967741936
2024-06-08 06:00:00,77.47258064516129
2024-06-08 07:00:00,69.18064516129031
2024-06-08 08:00:00,71.9716129032258
2024-06-08 09:00:00,71.12161290322581
2024-06-08 10:00:00,63.352999999999994
2024-06-08 11:00:00,74.826
2024-06-08 12:00:00,61.25689655172414
2024-06-08 13:00:00,50.95766666666667
2024-06-08 14:00:00,44.57833333333333
2024-06-08 15:00:00,42.568333333333335
2024-06-08 16:00:00,41.68766666666667
2024-06-08 17:00:00,45.4141935483871
2024-06-08 18:00:00,40.292580645161294
2024-06-08 19:00:00,56.008709677419354
2024-06-08 20:00:00,49.861935483870965
2024-06-08 21:00:00,55.40064516129032
2024-06-08 22:00:00,52.37612903225807
2024-06-08 23:00:00,50.17966666666667
2024-06-09 00:00:00,58.454482758620685
2024-06-09 01:00:00,55.56266666666667
2024-06-09 02:00:00,59.63166666666667
2024-06-09 03:00:00,64.756
2024-06-09 04:00:00,65.45233333333334
2024-06-09 05:00:00,67.31161290322582
2024-06-09 06:00:00,69.97193548387096
2024-06-09 07:00:00,83.891
2024-06-09 08:00:00,87.61966666666667
2024-06-09 09:00:00,70.80533333333332
2024-06-09 10:00:00,52.51033333333334
2024-06-09 11:00:00,41.172000000000004
2024-06-09 12:00:00,43.724666666666664
2024-06-09 13:00:00,38.74733333333333
2024-06-09 14:00:00,34.577
2024-06-09 15:00:00,31.485714285714288
2024-06-09 16:00:00,33.550333333333334
2024-06-09 17:00:00,32.84758620689655
2024-06-09 18:00:00,34.697
2024-06-09 19:00:00,55.352666666666664
2024-06-09 20:00:00,65.06483870967742
2024-06-09 21:00:00,66.24354838709678
2024-06-09 22:00:00,73.31354838709679
2024-06-09 23:00:00,88.87225806451613
2024-06-10 00:00:00,81.79548387096774
2024-06-10 01:00:00,74.53225806451613
2024-06-10 02:00:00,62.13548387096775
2024-06-10 03:00:00,58.04
2024-06-10 04:00:00,52.39451612903227
2024-06-10 05:00:00,47.35066666666667
2024-06-10 06:00:00,48.610645161290314
2024-06-10 07:00:00,49.65
2024-06-10 08:00:00,56.1783870967742
2024-06-10 09:00:00,54.67322580645161
2024-06-10 10:00:00,46.708333333333336
2024-06-10 11:00:00,44.92354838709678
2024-06-10 12:00:00,37.925333333333334
2024-06-10 13:00:00,34.07142857142857
2024-06-10 14:00:00,40.56966666666666
2024-06-10 15:00:00,35.946
2024-06-10 16:00:00,37.513448275862075
2024-06-10 17:00:00,41.111000000000004
2024-06-10 18:00:00,42.5
2024-06-10 19:00:00,54.028214285714284
2024-06-10 20:00:00,63.23678571428571
2024-06-10 21:00:00,77.76517241379311
2024-06-10 22:00:00,86.78666666666666
2024-06-10 23:00:00,82.17551724137931
2024-06-11 00:00:00,83.712
2024-06-11 01:00:00,91.20758620689656
2024-06-11 02:00:00,88.65571428571427
2024-06-11 03:00:00,106.18034482758621
2024-06-11 04:00:00,120.91344827586208
2024-06-11 05:00:00,138.29714285714286
2024-06-11 06:00:00,147.68928571428572
2024-06-11 07:00:00,154.39241379310346
2024-06-11 08:00:00,146.84107142857144
2024-06-11 09:00:00,115.58275862068966
2024-06-11 10:00:00,104.77620689655173
2024-06-11 11:00:00,85.8348275862069
2024-06-11 12:00:00,58.22107142857143
2024-06-11 13:00:00,47.633
2024-06-11 14:00:00,42.24655172413794
2024-06-11 15:00:00,33.6488
2024-06-11 16:00:00,75.74785714285714
2024-06-11 17:00:00,36.91586206896552
2024-06-11 18:00:00,43.726896551724145
2024-06-11 19:00:00,60.50931034482758
2024-06-11 20:00:00,64.6903448275862
2024-06-11 21:00:00,76.44448275862068
2024-06-11 22:00:00,89.28655172413792
2024-06-11 23:00:00,97.55103448275862
2024-06-12 00:00:00,97.99275862068964
2024-06-12 01:00:00,101.28068965517242
2024-06-12 02:00:00,93.75172413793102
2024-06-12 03:00:00,88.92344827586207
2024-06-12 04:00:00,92.32655172413793
2024-06-12 05:00:00,90.73931034482759
2024-06-12 06:00:00,103.45793103448277
2024-06-12 07:00:00,89.9251724137931
2024-06-12 08:00:00,70.78206896551724
2024-06-12 09:00:00,62.29827586206897
2024-06-12 10:00:00,58.69833333333334
2024-06-12 11:00:00,52.822333333333326
2024-06-12 12:00:00,53.181000000000004
2024-06-12 13:00:00,45.19724137931035
2024-06-12 14:00:00,40.382413793103446
2024-06-12 15:00:00,36.42068965517242
2024-06-12 16:00:00,37.99666666666666
2024-06-12 17:00:00,36.54133333333334
2024-06-12 18:00:00,43.13466666666667
2024-06-12 19:00:00,56.290333333333336
2024-06-12 20:00:00,74.79516129032258
2024-06-12 21:00:00,96.03870967741935
2024-06-12 22:00:00,97.64766666666667
2024-06-12 23:00:00,98.37166666666667
2024-06-13 00:00:00,99.95096774193549
2024-06-13 01:00:00,103.69566666666667
2024-06-13 02:00:00,101.38344827586208
2024-06-13 03:00:00,85.39206896551724
2024-06-13 04:00:00,59.47166666666667
2024-06-13 05:00:00,43.88310344827587
2024-06-13 06:00:00,38.779999999999994
2024-06-13 07:00:00,41.99966666666667
2024-06-13 08:00:00,42.936666666666675
2024-06-13 09:00:00,46.797000000000004
2024-06-13 10:00:00,48.73419354838709
2024-06-13 11:00:00,49.899354838709684
2024-06-13 12:00:00,50.25741935483871
2024-06-13 13:00:00,51.11379310344827
2024-06-13 14:00:00,42.059999999999995
2024-06-13 15:00:00,41.467999999999996
2024-06-13 16:00:00,37.62466666666667
2024-06-13 17:00:00,40.22966666666667
2024-06-13 18:00:00,40.53645161290322
2024-06-13 19:00:00,55.325
2024-06-13 20:00:00,66.96448275862069
2024-06-13 21:00:00,60.469677419354845
2024-06-13 22:00:00,59.51166666666666
2024-06-13 23:00:00,49.705161290322586
2024-06-14 00:00:00,40.56387096774193
2024-06-14 01:00:00,38.82612903225806
2024-06-14 02:00:00,39.718666666666664
2024-06-14 03:00:00,43.75933333333332
2024-06-14 04:00:00,47.46666666666667
2024-06-14 05:00:00,46.215
2024-06-14 06:00:00,41.818275862068965
2024-06-14 07:00:00,47.98166666666666
2024-06-14 08:00:00,48.95933333333333
2024-06-14 09:00:00,56.01354838709677
2024-06-14 10:00:00,59.163333333333334
2024-06-14 11:00:00,60.43103448275862
2024-06-14 12:00:00,51.87
2024-06-14 13:00:00,45.862758620689654
2024-06-14 14:00:00,45.46966666666666
2024-06-14 15:00:00,45.499655172413796
2024-06-14 16:00:00,43.23931034482759
2024-06-14 17:00:00,40.79766666666667
2024-06-14 18:00:00,46.9851724137931
2024-06-14 19:00:00,97.58200000000001
2024-06-14 20:00:00,58.25566666666667
2024-06-14 21:00:00,47.66733333333333
2024-06-14 22:00:00,44.55344827586207
2024-06-14 23:00:00,35.881379310344826
2024-06-15 00:00:00,32.23137931034483
2024-06-15 01:00:00,36.1325
2024-06-15 02:00:00,31.86214285714286
2024-06-15 03:00:00,32.787586206896556
2024-06-15 04:00:00,35.43035714285714
2024-06-15 05:00:00,34.04035714285714
2024-06-15 06:00:00,32.903103448275864
2024-06-15 07:00:00,39.245517241379304
2024-06-15 08:00:00,44.135714285714286
2024-06-15 09:00:00,48.709666666666664
2024-06-15 10:00:00,51.708999999999996
2024-06-15 11:00:00,59.73066666666667
2024-06-15 12:00:00,56.77166666666666
2024-06-15 13:00:00,54.132
2024-06-15 14:00:00,52.62833333333333
2024-06-15 15:00:00,49.72333333333334
2024-06-15 16:00:00,46.214000000000006
2024-06-15 17:00:00,46.95466666666666
2024-06-15 18:00:00,44.457
2024-06-15 19:00:00,57.751999999999995
2024-06-15 20:00:00,58.26166666666667
2024-06-15 21:00:00,60.946000000000005
2024-06-15 22:00:00,66.74833333333332
2024-06-15 23:00:00,67.61766666666666
2024-06-16 00:00:00,65.31466666666667
2024-06-16 01:00:00,65.39933333333333
2024-06-16 02:00:00,67.98833333333333
2024-06-16 03:00:00,72.17666666666668
2024-06-16 04:00:00,75.44931034482758
2024-06-16 05:00:00,73.72551724137931
2024-06-16 06:00:00,79.3051724137931
2024-06-16 07:00:00,78.804
2024-06-16 08:00:00,70.78733333333335
2024-06-16 09:00:00,64.96
2024-06-16 10:00:00,50.27892857142857
2024-06-16 11:00:00,46.81035714285714
2024-06-16 12:00:00,45.463793103448275
2024-06-16 13:00:00,51.994827586206895
2024-06-16 14:00:00,52.98896551724138
2024-06-16 15:00:00,52.752068965517246
2024-06-16 16:00:00,44.70892857142858
2024-06-16 17:00:00,38.180689655172415
2024-06-16 18:00:00,37.943
2024-06-16 19:00:00,40.299354838709675
2024-06-16 20:00:00,47.624516129032266
2024-06-16 21:00:00,56.57548387096774
2024-06-16 22:00:00,66.52709677419355
2024-06-16 23:00:00,64.75774193548386
2024-06-17 00:00:00,64.27225806451614
2024-06-17 01:00:00,73.87533333333334
2024-06-17 02:00:00,74.60933333333332
2024-06-17 03:00:00,62.523
2024-06-17 04:00:00,59.00266666666666
2024-06-17 05:00:00,61.629333333333335
2024-06-17 06:00:00,65.59566666666666
2024-06-17 07:00:00,66.72066666666666
2024-06-17 08:00:00,67.44866666666667
2024-06-17 09:00:00,56.09206896551724
2024-06-17 10:00:00,51.083666666666666
2024-06-17 11:00:00,47.70799999999999
2024-06-17 12:00:00,49.07000000000001
2024-06-17 13:00:00,43.901034482758625
2024-06-17 14:00:00,43.348
2024-06-17 15:00:00,43.07933333333333
2024-06-17 16:00:00,39.01793103448276
2024-06-17 17:00:00,38.15533333333334
2024-06-17 18:00:00,36.221000000000004
2024-06-17 19:00:00,43.871
2024-06-17 20:00:00,53.90533333333334
2024-06-17 21:00:00,60.07266666666667
2024-06-17 22:00:00,63.357
2024-06-17 23:00:00,68.15
2024-06-18 00:00:00,68.07966666666667
2024-06-18 01:00:00,67.39241379310344
2024-06-18 02:00:00,72.08433333333333
2024-06-18 03:00:00,68.02866666666667
2024-06-18 04:00:00,63.431333333333335
2024-06-18 05:00:00,65.33933333333333
2024-06-18 06:00:00,73.61066666666667
2024-06-18 07:00:00,70.97233333333334
2024-06-18 08:00:00,60.55833333333333
2024-06-18 09:00:00,53.19233333333333
2024-06-18 10:00:00,62.45633333333333
2024-06-18 11:00:00,60.68933333333333
2024-06-18 12:00:00,54.04233333333333
2024-06-18 13:00:00,46.89366666666667
2024-06-18 14:00:00,44.592999999999996
2024-06-18 15:00:00,51.8348275862069
2024-06-18 16:00:00,73.80199999999999
2024-06-18 17:00:00,88.15066666666667
2024-06-18 18:00:00,91.35709677419355
2024-06-18 19:00:00,91.52161290322582
2024-06-18 20:00:00,100.92064516129032
2024-06-18 21:00:00,102.27516129032259
2024-06-18 22:00:00,105.06129032258065
2024-06-18 23:00:00,101.8083870967742
2024-06-19 00:00:00,104.05161290322582
2024-06-19 01:00:00,100.34322580645163
2024-06-19 02:00:00,94.49935483870968
2024-06-19 03:00:00,83.8616129032258
2024-06-19 04:00:00,62.3841935483871
2024-06-19 05:00:00,50.13548387096774
2024-06-19 06:00:00,46.87096774193548
2024-06-19 07:00:00,44.01741935483871
2024-06-19 08:00:00,44.714333333333336
2024-06-19 09:00:00,55.973225806451616
2024-06-19 10:00:00,60.078387096774186
2024-06-19 11:00:00,64.34034482758621
2024-06-19 12:00:00,68.07933333333334
2024-06-19 13:00:00,70.72266666666665
2024-06-19 14:00:00,78.37258064516128
2024-06-19 15:00:00,71.2290322580645
2024-06-19 16:00:00,66.91645161290322
2024-06-19 17:00:00,60.241612903225814
2024-06-19 18:00:00,53.81741935483871
2024-06-19 19:00:00,56.542258064516126
2024-06-19 20:00:00,59.049677419354836
2024-06-19 21:00:00,65.344
2024-06-19 22:00:00,67.52266666666667
2024-06-19 23:00:00,97.45838709677419
2024-06-20 00:00:00,60.285483870967745
2024-06-20 01:00:00,36.88548387096775
2024-06-20 02:00:00,30.056451612903224
2024-06-20 03:00:00,28.395517241379313
2024-06-20 04:00:00,29.033333333333335
2024-06-20 05:00:00,26.950333333333333
2024-06-20 06:00:00,29.169677419354837
2024-06-20 07:00:00,38.35966666666666
2024-06-20 08:00:00,51.81677419354838
2024-06-20 09:00:00,46.693548387096776
2024-06-20 10:00:00,35.48193548387097
2024-06-20 11:00:00,35.41833333333333
2024-06-20 12:00:00,42.03689655172413
2024-06-20 13:00:00,44.25821428571429
2024-06-20 14:00:00,49.025666666666666
2024-06-20 15:00:00,50.16655172413793
2024-06-20 16:00:00,50.25
2024-06-20 17:00:00,55.76200000000001
2024-06-20 18:00:00,52.851000000000006
2024-06-20 19:00:00,57.22833333333333
2024-06-20 20:00:00,59.57366666666667
2024-06-20 21:00:00,62.76933333333333
2024-06-20 22:00:00,64.2048275862069
2024-06-20 23:00:00,63.814444444444455
2024-06-21 00:00:00,65.74
2024-06-21 01:00:00,62.87275862068965
2024-06-21 02:00:00,61.68103448275862
2024-06-21 03:00:00,64.38241379310344
2024-06-21 04:00:00,62.90642857142857
2024-06-21 05:00:00,61.783793103448275
2024-06-21 06:00:00,63.23137931034483
2024-06-21 07:00:00,58.56586206896552
2024-06-21 08:00:00,65.13321428571429
2024-06-21 09:00:00,76.88724137931034
2024-06-21 10:00:00,78.98586206896552
2024-06-21 11:00:00,77.96571428571428
2024-06-21 12:00:00,72.30655172413795
2024-06-21 13:00:00,59.951666666666675
2024-06-21 14:00:00,66.565
2024-06-21 15:00:00,70.28633333333333
2024-06-21 16:00:00,50.70275862068965
2024-06-21 17:00:00,55.78206896551723
2024-06-21 18:00:00,48.050000000000004
2024-06-21 19:00:00,56.02166666666667
2024-06-21 20:00:00,56.41566666666667
2024-06-21 21:00:00,65.01645161290323
2024-06-21 22:00:00,79.49633333333334
2024-06-21 23:00:00,80.56178571428572
2024-06-22 00:00:00,82.4425
2024-06-22 01:00:00,86.84517241379311
2024-06-22 02:00:00,89.83888888888889
2024-06-22 03:00:00,110.30392857142859
2024-06-22 04:00:00,146.63
2024-06-22 05:00:00,143.71481481481482
2024-06-22 06:00:00,173.82333333333332
2024-06-22 07:00:00,161.62321428571428
2024-06-22 08:00:00,137.06586206896552
2024-06-22 09:00:00,119.11571428571428
2024-06-22 10:00:00,96.29620689655172
2024-06-22 11:00:00,75.12862068965518
2024-06-22 12:00:00,66.12517241379311
2024-06-22 13:00:00,68.509
2024-06-22 14:00:00,71.31133333333334
2024-06-22 15:00:00,68.27
2024-06-22 16:00:00,68.98966666666666
2024-06-22 17:00:00,69.07866666666668
2024-06-22 18:00:00,64.74366666666667
2024-06-22 19:00:00,64.02333333333334
2024-06-22 20:00:00,60.74366666666667
2024-06-22 21:00:00,63.791612903225804
2024-06-22 22:00:00,64.46483870967742
2024-06-22 23:00:00,61.068999999999996
2024-06-23 00:00:00,59.678709677419356
2024-06-23 01:00:00,59.626129032258056
2024-06-23 02:00:00,59.00741935483871
2024-06-23 03:00:00,59.04419354838709
2024-06-23 04:00:00,63.98133333333333
2024-06-23 05:00:00,58.86206896551724
2024-06-23 06:00:00,67.81233333333333
2024-06-23 07:00:00,75.1751724137931
2024-06-23 08:00:00,75.21241379310344
2024-06-23 09:00:00,73.88034482758621
2024-06-23 10:00:00,68.77966666666666
2024-06-23 11:00:00,59.962666666666664
2024-06-23 12:00:00,55.44533333333334
2024-06-23 13:00:00,54.909
2024-06-23 14:00:00,61.25833333333333
2024-06-23 15:00:00,63.82928571428572
2024-06-23 16:00:00,59.91633333333333
2024-06-23 17:00:00,56.76185185185185
2024-06-23 18:00:00,54.700714285714284
2024-06-23 19:00:00,61.90896551724138
2024-06-23 20:00:00,61.777857142857144
2024-06-23 21:00:00,63.01172413793103
2024-06-23 22:00:00,67.79033333333334
2024-06-23 23:00:00,63.420344827586206
2024-06-24 00:00:00,62.831785714285715
2024-06-24 01:00:00,66.14285714285714
2024-06-24 02:00:00,62.555
2024-06-24 03:00:00,69.78137931034483
2024-06-24 04:00:00,75.99870967741936
2024-06-24 05:00:00,72.231
2024-06-24 06:00:00,77.17333333333335
2024-06-24 07:00:00,81.95333333333333
2024-06-24 08:00:00,69.13857142857142
2024-06-24 09:00:00,65.51103448275862
2024-06-24 10:00:00,62.599000000000004
2024-06-24 11:00:00,65.83566666666667
2024-06-24 12:00:00,64.19633333333334
2024-06-24 13:00:00,65.39322580645161
2024-06-24 14:00:00,52.38857142857143
2024-06-24 15:00:00,46.408
2024-06-24 16:00:00,55.27033333333334
2024-06-24 17:00:00,39.12928571428571
2024-06-24 18:00:00,31.61931034482759
2024-06-24 19:00:00,37.10068965517241
2024-06-24 20:00:00,44.41571428571429
2024-06-24 21:00:00,52.06066666666666
2024-06-24 22:00:00,53.29387096774194
2024-06-24 23:00:00,47.48933333333334
2024-06-25 00:00:00,48.631
2024-06-25 01:00:00,50.105
2024-06-25 02:00:00,55.075714285714284
2024-06-25 03:00:00,53.06724137931034
2024-06-25 04:00:00,49.69586206896552
2024-06-25 05:00:00,50.845862068965516
2024-06-25 06:00:00,59.45607142857143
2024-06-25 07:00:00,69.60379310344828
2024-06-25 08:00:00,75.7207142857143
2024-06-25 09:00:00,75.3648275862069
2024-06-25 10:00:00,77.28066666666665
2024-06-25 11:00:00,72.80689655172414
2024-06-25 12:00:00,70.0155172413793
2024-06-25 13:00:00,82.30733333333333
2024-06-25 14:00:00,82.91451612903225
2024-06-25 15:00:00,72.90967741935485
2024-06-25 16:00:00,71.26774193548388
2024-06-25 17:00:00,72.86580645161291
2024-06-25 18:00:00,65.65310344827586
2024-06-25 19:00:00,75.07689655172413
2024-06-25 20:00:00,76.85766666666667
2024-06-25 21:00:00,74.85206896551725
2024-06-25 22:00:00,66.05620689655173
2024-06-25 23:00:00,47.801034482758624
2024-06-26 00:00:00,35.06250000000001
2024-06-26 01:00:00,40.147241379310344
2024-06-26 02:00:00,36.71296296296296
2024-06-26 03:00:00,55.067241379310346
2024-06-26 04:00:00,55.12827586206897
2024-06-26 05:00:00,53.968620689655175
2024-06-26 06:00:00,66.01931034482759
2024-06-26 07:00:00,75.10724137931035
2024-06-26 08:00:00,75.66827586206897
2024-06-26 09:00:00,65.35758620689656
2024-06-26 10:00:00,63.26379310344828
2024-06-26 11:00:00,59.61103448275862
2024-06-26 12:00:00,64.55862068965517
2024-06-26 13:00:00,67.43392857142857
2024-06-26 14:00:00,57.19481481481481
2024-06-26 15:00:00,44.815555555555555
2024-06-26 16:00:00,43.85321428571429
2024-06-26 17:00:00,37.26714285714286
2024-06-26 18:00:00,31.57428571428571
2024-06-26 19:00:00,34.10925925925926
2024-06-26 20:00:00,39.668076923076924
2024-06-26 21:00:00,39.516785714285724
2024-06-26 22:00:00,38.10071428571428
2024-06-26 23:00:00,39.25214285714286
2024-06-27 00:00:00,41.68857142857143
2024-06-27 01:00:00,42.52214285714286
2024-06-27 02:00:00,39.9862962962963
2024-06-27 03:00:00,40.342222222222226
2024-06-27 04:00:00,44.385185185185186
2024-06-27 05:00:00,44.18185185185185
2024-06-27 06:00:00,43.622962962962966
2024-06-27 07:00:00,46.06296296296296
2024-06-27 08:00:00,34.03071428571429
2024-06-27 09:00:00,21.101923076923075
2024-06-27 10:00:00,13.178333333333333
2024-06-27 11:00:00,17.9284
2024-06-27 12:00:00,21.785925925925927
2024-06-27 13:00:00,21.147307692307695
2024-06-27 14:00:00,53.12607142857143
2024-06-27 15:00:00,19.312142857142856
2024-06-27 16:00:00,19.1375
2024-06-27 17:00:00,21.43892857142857
2024-06-27 18:00:00,19.974999999999998
2024-06-27 19:00:00,22.7725
2024-06-27 20:00:00,22.906785714285718
2024-06-27 21:00:00,25.055714285714284
2024-06-27 22:00:00,28.134642857142858
2024-06-27 23:00:00,34.7337037037037
2024-06-28 00:00:00,41.19571428571429
2024-06-28 01:00:00,52.77571428571429
2024-06-28 02:00:00,43.53769230769231
2024-06-28 03:00:00,40.690370370370374
2024-06-28 04:00:00,31.453750000000003
2024-06-28 05:00:00,19.88857142857143
2024-06-28 06:00:00,17.92647058823529
2024-06-28 07:00:00,13.1
2024-06-28 08:00:00,8.995294117647058
2024-06-28 09:00:00,15.429444444444446
2024-06-28 10:00:00,18.36611111111111
2024-06-28 11:00:00,22.576470588235296
2024-06-28 12:00:00,80.70555555555556
2024-06-28 13:00:00,33.132222222222225
2024-06-28 14:00:00,31.038181818181815
2024-06-28 15:00:00,71.88130434782609
2024-06-28 16:00:00,29.692173913043483
2024-06-28 17:00:00,33.84045454545454
2024-06-28 18:00:00,34.59782608695652
2024-06-28 19:00:00,37.864347826086956
2024-06-28 20:00:00,48.89541666666667
2024-06-28 21:00:00,59.29416666666666
2024-06-28 22:00:00,57.18958333333333
2024-06-28 23:00:00,59.8656
2024-06-29 00:00:00,73.56080000000001
2024-06-29 01:00:00,72.1925
2024-06-29 02:00:00,77.67391304347827
2024-06-29 03:00:00,74.5015
2024-06-29 04:00:00,76.03285714285714
2024-06-29 05:00:00,79.66190476190476
2024-06-29 06:00:00,81.10333333333334
2024-06-29 07:00:00,89.47238095238096
2024-06-29 08:00:00,72.26954545454545
2024-06-29 09:00:00,29.69695652173913
2024-06-29 10:00:00,61.275
2024-06-29 11:00:00,22.410833333333333
2024-06-29 12:00:00,23.253913043478263
2024-06-29 13:00:00,25.246521739130433
2024-06-29 14:00:00,25.73458333333333
2024-06-29 15:00:00,24.3464
2024-06-29 16:00:00,21.935384615384617
2024-06-29 17:00:00,18.377307692307692
2024-06-29 18:00:00,19.68307692307692
2024-06-29 19:00:00,27.169615384615383
2024-06-29 20:00:00,36.72730769230769
2024-06-29 21:00:00,41.041538461538465
2024-06-29 22:00:00,47.606923076923074
2024-06-29 23:00:00,54.0872
2024-06-30 00:00:00,53.940799999999996
2024-06-30 01:00:00,51.1668
2024-06-30 02:00:00,50.35833333333334
2024-06-30 03:00:00,50.25708333333333
2024-06-30 04:00:00,51.645199999999996
2024-06-30 05:00:00,50.54869565217392
2024-06-30 06:00:00,68.5732
2024-06-30 07:00:00,59.99217391304347
2024-06-30 08:00:00,65.34333333333333
2024-06-30 09:00:00,56.80333333333332
2024-06-30 10:00:00,57.287200000000006
2024-06-30 11:00:00,57.34791666666667
2024-06-30 12:00:00,64.30375
2024-06-30 13:00:00,70.07440000000001
2024-06-30 14:00:00,71.91576923076923
2024-06-30 15:00:00,66.88653846153845
2024-06-30 16:00:00,65.98615384615385
2024-06-30 17:00:00,63.927692307692304
2024-06-30 18:00:00,62.347142857142856
2024-06-30 19:00:00,62.405
2024-06-30 20:00:00,68.44115384615385
2024-06-30 21:00:00,69.91576923076923
2024-06-30 22:00:00,62.08269230769231
2024-06-30 23:00:00,45.276
2024-07-01 00:00:00,41.36666666666666
2024-07-01 01:00:00,40.943703703703704
2024-07-01 02:00:00,39.917307692307695
2024-07-01 03:00:00,37.479629629629635
2024-07-01 04:00:00,31.991851851851855
2024-07-01 05:00:00,28.56925925925926
2024-07-01 06:00:00,25.811851851851852
2024-07-01 07:00:00,22.951111111111114
2024-07-01 08:00:00,23.46148148148148
2024-07-01 09:00:00,29.03074074074074
2024-07-01 10:00:00,33.622592592592596
2024-07-01 11:00:00,35.376666666666665
2024-07-01 12:00:00,37.15851851851852
2024-07-01 13:00:00,35.95185185185185
2024-07-01 14:00:00,37.852222222222224
2024-07-01 15:00:00,39.0803448275862
2024-07-01 16:00:00,41.5825
2024-07-01 17:00:00,41.339999999999996
2024-07-01 18:00:00,38.65428571428571
2024-07-01 19:00:00,38.797586206896554
2024-07-01 20:00:00,38.647241379310344
2024-07-01 21:00:00,40.21965517241379
2024-07-01 22:00:00,39.275862068965516
2024-07-01 23:00:00,41.24551724137932
2024-07-02 00:00:00,44.917500000000004
2024-07-02 01:00:00,47.21357142857143
2024-07-02 02:00:00,43.574642857142855
2024-07-02 03:00:00,40.33214285714286
2024-07-02 04:00:00,37.066071428571426
2024-07-02 05:00:00,36.18678571428571
2024-07-02 06:00:00,37.36642857142857
2024-07-02 07:00:00,44.6325
2024-07-02 08:00:00,59.62241379310345
2024-07-02 09:00:00,64.46428571428571
2024-07-02 10:00:00,54.612758620689654
2024-07-02 11:00:00,40.278965517241375
2024-07-02 12:00:00,42.22551724137931
2024-07-02 13:00:00,40.38166666666667
2024-07-02 14:00:00,36.817
2024-07-02 15:00:00,36.473333333333336
2024-07-02 16:00:00,33.192
2024-07-02 17:00:00,35.62034482758621
2024-07-02 18:00:00,37.64379310344828
2024-07-02 19:00:00,37.94586206896551
2024-07-02 20:00:00,37.26857142857143
2024-07-02 21:00:00,39.32827586206896
2024-07-02 22:00:00,40.0103448275862
2024-07-02 23:00:00,37.92333333333333
2024-07-03 00:00:00,35.36586206896551
2024-07-03 01:00:00,40.12142857142857
2024-07-03 02:00:00,34.854
2024-07-03 03:00:00,32.80766666666667
2024-07-03 04:00:00,30.038
2024-07-03 05:00:00,31.084
2024-07-03 06:00:00,31.575714285714287
2024-07-03 07:00:00,35.178275862068965
2024-07-03 08:00:00,52.41275862068966
2024-07-03 09:00:00,59.20933333333333
2024-07-03 10:00:00,64.27199999999999
2024-07-03 11:00:00,60.55866666666666
2024-07-03 12:00:00,61.391379310344824
2024-07-03 13:00:00,50.781379310344825
2024-07-03 14:00:00,37.9703448275862
2024-07-03 15:00:00,23.180714285714288
2024-07-03 16:00:00,19.240000000000002
2024-07-03 17:00:00,14.324615384615385
2024-07-03 18:00:00,16.472758620689657
2024-07-03 19:00:00,19.246206896551726
2024-07-03 20:00:00,21.554333333333332
2024-07-03 21:00:00,29.02266666666667
2024-07-03 22:00:00,33.26285714285714
2024-07-03 23:00:00,24.27185185185185
2024-07-04 00:00:00,21.176296296296297
2024-07-04 01:00:00,19.717142857142857
2024-07-04 02:00:00,23.200357142857143
2024-07-04 03:00:00,22.767407407407408
2024-07-04 04:00:00,19.98296296296296
2024-07-04 05:00:00,22.51814814814815
2024-07-04 06:00:00,23.1824
2024-07-04 07:00:00,24.505384615384614
2024-07-04 08:00:00,26.505357142857143
2024-07-04 09:00:00,29.494444444444444
2024-07-04 10:00:00,29.686896551724136
2024-07-04 11:00:00,65.575
2024-07-04 12:00:00,32.55
2024-07-04 13:00:00,32.355357142857144
2024-07-04 14:00:00,29.129310344827587
2024-07-04 15:00:00,20.296
2024-07-04 16:00:00,18.966206896551725
2024-07-04 17:00:00,20.849310344827586
2024-07-04 18:00:00,23.90551724137931
2024-07-04 19:00:00,56.522413793103446
2024-07-04 20:00:00,28.758
2024-07-04 21:00:00,35.80620689655172
2024-07-04 22:00:00,37.56071428571429
2024-07-04 23:00:00,36.27206896551724
2024-07-05 00:00:00,31.40206896551724
2024-07-05 01:00:00,33.70285714285714
2024-07-05 02:00:00,33.1375
2024-07-05 03:00:00,34.63517241379311
2024-07-05 04:00:00,41.916296296296295
2024-07-05 05:00:00,40.269999999999996
2024-07-05 06:00:00,39.8362962962963
2024-07-05 07:00:00,40.29357142857144
2024-07-05 08:00:00,44.45357142857143
2024-07-05 09:00:00,45.873571428571424
2024-07-05 10:00:00,38.5
2024-07-05 11:00:00,39.79357142857143
2024-07-05 12:00:00,30.814827586206896
2024-07-05 13:00:00,28.964333333333332
2024-07-05 14:00:00,21.558275862068967
2024-07-05 15:00:00,17.445714285714285
2024-07-05 16:00:00,15.32642857142857
2024-07-05 17:00:00,13.459333333333332
2024-07-05 18:00:00,14.595333333333334
2024-07-05 19:00:00,14.126896551724137
2024-07-05 20:00:00,17.46551724137931
2024-07-05 21:00:00,19.061666666666667
2024-07-05 22:00:00,19.993571428571432
2024-07-05 23:00:00,16.71896551724138
2024-07-06 00:00:00,15.730333333333332
2024-07-06 01:00:00,18.825862068965513
2024-07-06 02:00:00,20.153103448275864
2024-07-06 03:00:00,20.410344827586208
2024-07-06 04:00:00,22.348965517241375
2024-07-06 05:00:00,22.138620689655177
2024-07-06 06:00:00,25.074666666666666
2024-07-06 07:00:00,27.525000000000002
2024-07-06 08:00:00,31.093333333333337
2024-07-06 09:00:00,30.003333333333334
2024-07-06 10:00:00,32.17206896551724
2024-07-06 11:00:00,34.561
2024-07-06 12:00:00,36.39785714285714
2024-07-06 13:00:00,34.39714285714285
2024-07-06 14:00:00,26.795714285714286
2024-07-06 15:00:00,24.913793103448278
2024-07-06 16:00:00,25.267777777777777
2024-07-06 17:00:00,24.614827586206893
2024-07-06 18:00:00,21.925862068965518
2024-07-06 19:00:00,18.137241379310346
2024-07-06 20:00:00,16.534
2024-07-06 21:00:00,18.325333333333333
2024-07-06 22:00:00,19.118214285714288
2024-07-06 23:00:00,14.803928571428571
2024-07-07 00:00:00,11.968620689655173
2024-07-07 01:00:00,14.263076923076925
2024-07-07 02:00:00,14.478214285714285
2024-07-07 03:00:00,15.75607142857143
2024-07-07 04:00:00,15.14655172413793
2024-07-07 05:00:00,14.124642857142858
2024-07-07 06:00:00,9.041428571428572
2024-07-07 07:00:00,8.271071428571428
2024-07-07 08:00:00,9.994074074074076
2024-07-07 09:00:00,12.104137931034483
2024-07-07 10:00:00,13.80448275862069
2024-07-07 11:00:00,12.40633333333333
2024-07-07 12:00:00,11.881333333333334
2024-07-07 13:00:00,11.803666666666667
2024-07-07 14:00:00,13.682142857142859
2024-07-07 15:00:00,10.730689655172414
2024-07-07 16:00:00,8.937857142857142
2024-07-07 17:00:00,8.790833333333333
2024-07-07 18:00:00,10.276399999999999
2024-07-07 19:00:00,9.9412
2024-07-07 20:00:00,10.142692307692307
2024-07-07 21:00:00,12.426296296296298
2024-07-07 22:00:00,12.286428571428573
2024-07-07 23:00:00,12.247692307692308
2024-07-08 00:00:00,9.148620689655173
2024-07-08 01:00:00,11.183928571428572
2024-07-08 02:00:00,13.009642857142856
2024-07-08 03:00:00,9.731724137931034
2024-07-08 04:00:00,10.596428571428572
2024-07-08 05:00:00,13.791379310344826
2024-07-08 06:00:00,15.167586206896551
2024-07-08 07:00:00,26.91344827586207
2024-07-08 08:00:00,29.624827586206898
2024-07-08 09:00:00,18.027931034482755
2024-07-08 10:00:00,13.402758620689655
2024-07-08 11:00:00,14.599310344827586
2024-07-08 12:00:00,16.478965517241377
2024-07-08 13:00:00,14.367241379310345
2024-07-08 14:00:00,15.222592592592592
2024-07-08 15:00:00,14.203076923076923
2024-07-08 16:00:00,17.176785714285714
2024-07-08 17:00:00,26.096896551724136
2024-07-08 18:00:00,28.661724137931035
2024-07-08 19:00:00,29.942413793103448
2024-07-08 20:00:00,36.467241379310344
2024-07-08 21:00:00,42.218620689655175
2024-07-08 22:00:00,43.42892857142857
2024-07-08 23:00:00,41.962758620689655
2024-07-09 00:00:00,40.91827586206896
2024-07-09 01:00:00,42.27482758620689
2024-07-09 02:00:00,39.88034482758621
2024-07-09 03:00:00,37.679310344827584
2024-07-09 04:00:00,34.92964285714286
2024-07-09 05:00:00,34.148275862068964
2024-07-09 06:00:00,35.59571428571429
2024-07-09 07:00:00,37.12107142857143
2024-07-09 08:00:00,39.33
2024-07-09 09:00:00,76.94185185185185
2024-07-09 10:00:00,52.061428571428564
2024-07-09 11:00:00,48.75370370370371
2024-07-09 12:00:00,32.97689655172414
2024-07-09 13:00:00,24.654999999999998
2024-07-09 14:00:00,60.37576923076923
2024-07-09 15:00:00,23.75172413793103
2024-07-09 16:00:00,33.277857142857144
2024-07-09 17:00:00,36.567241379310346
2024-07-09 18:00:00,73.60620689655173
2024-07-09 19:00:00,52.966206896551725
2024-07-09 20:00:00,55.88034482758621
2024-07-09 21:00:00,58.25793103448276
2024-07-09 22:00:00,62.38206896551725
2024-07-09 23:00:00,66.5148275862069
2024-07-10 00:00:00,74.37344827586206
2024-07-10 01:00:00,73.58827586206897
2024-07-10 02:00:00,69.23103448275862
2024-07-10 03:00:00,67.58103448275861
2024-07-10 04:00:00,69.58310344827586
2024-07-10 05:00:00,72.82310344827586
2024-07-10 06:00:00,72.75310344827585
2024-07-10 07:00:00,81.9151724137931
2024-07-10 08:00:00,71.53758620689656
2024-07-10 09:00:00,66.20896551724138
2024-07-10 10:00:00,67.09517241379311
2024-07-10 11:00:00,65.83607142857143
2024-07-10 12:00:00,58.39148148148148
2024-07-10 13:00:00,54.35296296296296
2024-07-10 14:00:00,89.48206896551724
2024-07-10 15:00:00,39.46892857142858
2024-07-10 16:00:00,36.048148148148144
2024-07-10 17:00:00,38.71310344827587
2024-07-10 18:00:00,46.14965517241379
2024-07-10 19:00:00,44.88103448275862
2024-07-10 20:00:00,44.786071428571425
2024-07-10 21:00:00,46.711379310344824
2024-07-10 22:00:00,50.48896551724138
2024-07-10 23:00:00,52.37965517241379
2024-07-11 00:00:00,49.248275862068965
2024-07-11 01:00:00,48.846896551724136
2024-07-11 02:00:00,52.996785714285714
2024-07-11 03:00:00,58.95068965517241
2024-07-11 04:00:00,65.28137931034482
2024-07-11 05:00:00,64.2151724137931
2024-07-11 06:00:00,66.49724137931035
2024-07-11 07:00:00,66.28931034482758
2024-07-11 08:00:00,59.83821428571429
2024-07-11 09:00:00,49.667500000000004
2024-07-11 10:00:00,42.010714285714286
2024-07-11 11:00:00,43.17821428571428
2024-07-11 12:00:00,39.767857142857146
2024-07-11 13:00:00,40.67206896551724
2024-07-11 14:00:00,39.191071428571426
2024-07-11 15:00:00,35.78689655172413
2024-07-11 16:00:00,38.94535714285714
2024-07-11 17:00:00,42.166896551724136
2024-07-11 18:00:00,44.7425
2024-07-11 19:00:00,61.86034482758621
2024-07-11 20:00:00,76.54068965517241
2024-07-11 21:00:00,71.81724137931033
2024-07-11 22:00:00,72.08620689655173
2024-07-11 23:00:00,52.62275862068965
2024-07-12 00:00:00,42.42172413793104
2024-07-12 01:00:00,38.08241379310345
2024-07-12 02:00:00,31.150344827586206
2024-07-12 03:00:00,30.848275862068967
2024-07-12 04:00:00,30.897931034482756
2024-07-12 05:00:00,23.16931034482759
2024-07-12 06:00:00,19.462758620689655
2024-07-12 07:00:00,16.87
2024-07-12 08:00:00,20.168965517241382
2024-07-12 09:00:00,22.15
2024-07-12 10:00:00,23.396071428571428
2024-07-12 11:00:00,26.458571428571428
2024-07-12 12:00:00,24.97607142857143
2024-07-12 13:00:00,21.20925925925926
2024-07-12 14:00:00,22.939285714285717
2024-07-12 15:00:00,24.16814814814815
2024-07-12 16:00:00,23.176785714285717
2024-07-12 17:00:00,23.48620689655172
2024-07-12 18:00:00,27.483448275862067
2024-07-12 19:00:00,33.21
2024-07-12 20:00:00,34.291785714285716
2024-07-12 21:00:00,39.683793103448274
2024-07-12 22:00:00,41.658965517241384
2024-07-12 23:00:00,40.57275862068966
2024-07-13 00:00:00,42.47758620689655
2024-07-13 01:00:00,44.41758620689656
2024-07-13 02:00:00,42.08379310344828
2024-07-13 03:00:00,43.90566666666666
2024-07-13 04:00:00,54.38793103448276
2024-07-13 05:00:00,55.27633333333333
2024-07-13 06:00:00,46.77333333333333
2024-07-13 07:00:00,27.50464285714285
2024-07-13 08:00:00,27.555333333333333
2024-07-13 09:00:00,25.348999999999997
2024-07-13 10:00:00,28.120333333333335
2024-07-13 11:00:00,33.77620689655173
2024-07-13 12:00:00,35.045172413793104
2024-07-13 13:00:00,37.423
2024-07-13 14:00:00,42.93566666666666
2024-07-13 15:00:00,31.85533333333333
2024-07-13 16:00:00,30.092000000000002
2024-07-13 17:00:00,32.69033333333333
2024-07-13 18:00:00,34.24733333333333
2024-07-13 19:00:00,41.82333333333334
2024-07-13 20:00:00,43.92366666666667
2024-07-13 21:00:00,50.12833333333334
2024-07-13 22:00:00,41.933666666666674
2024-07-13 23:00:00,40.100333333333325
2024-07-14 00:00:00,42.55833333333333
2024-07-14 01:00:00,40.33413793103448
2024-07-14 02:00:00,37.4151724137931
2024-07-14 03:00:00,38.15
2024-07-14 04:00:00,40.859333333333325
2024-07-14 05:00:00,44.388000000000005
2024-07-14 06:00:00,48.634
2024-07-14 07:00:00,54.840333333333334
2024-07-14 08:00:00,64.80466666666666
2024-07-14 09:00:00,69.171
2024-07-14 10:00:00,57.983333333333334
2024-07-14 11:00:00,60.19666666666667
2024-07-14 12:00:00,52.39931034482758
2024-07-14 13:00:00,49.64666666666667
2024-07-14 14:00:00,48.154333333333334
2024-07-14 15:00:00,45.05833333333333
2024-07-14 16:00:00,46.24666666666666
2024-07-14 17:00:00,50.63766666666667
2024-07-14 18:00:00,51.58933333333334
2024-07-14 19:00:00,50.79566666666667
2024-07-14 20:00:00,55.56166666666666
2024-07-14 21:00:00,55.81766666666667
2024-07-14 22:00:00,51.42399999999999
2024-07-14 23:00:00,48.609
2024-07-15 00:00:00,51.971000000000004
2024-07-15 01:00:00,54.973
2024-07-15 02:00:00,56.92499999999999
2024-07-15 03:00:00,62.11666666666667
2024-07-15 04:00:00,62.03666666666666
2024-07-15 05:00:00,64.69466666666666
2024-07-15 06:00:00,63.30233333333334
2024-07-15 07:00:00,60.573
2024-07-15 08:00:00,59.64310344827586
2024-07-15 09:00:00,40.44689655172414
2024-07-15 10:00:00,22.47
2024-07-15 11:00:00,18.137307692307694
2024-07-15 12:00:00,24.67642857142857
2024-07-15 13:00:00,35.89642857142857
2024-07-15 14:00:00,39.06068965517241
2024-07-15 15:00:00,43.17
2024-07-15 16:00:00,44.22620689655172
2024-07-15 17:00:00,50.35466666666667
2024-07-15 18:00:00,46.300666666666665
2024-07-15 19:00:00,35.90233333333334
2024-07-15 20:00:00,37.64866666666667
2024-07-15 21:00:00,41.165
2024-07-15 22:00:00,41.48466666666666
2024-07-15 23:00:00,46.40620689655172
2024-07-16 00:00:00,53.093
2024-07-16 01:00:00,52.657666666666664
2024-07-16 02:00:00,51.028666666666666
2024-07-16 03:00:00,52.40241379310344
2024-07-16 04:00:00,49.10275862068965
2024-07-16 05:00:00,46.01153846153846
2024-07-16 06:00:00,49.25137931034483
2024-07-16 07:00:00,46.70862068965518
2024-07-16 08:00:00,49.969655172413795
2024-07-16 09:00:00,44.872413793103455
2024-07-16 10:00:00,40.92999999999999
2024-07-16 11:00:00,41.38
2024-07-16 12:00:00,41.330714285714286
2024-07-16 13:00:00,35.675
2024-07-16 14:00:00,34.93785714285714
2024-07-16 15:00:00,29.610714285714284
2024-07-16 16:00:00,27.607857142857142
2024-07-16 17:00:00,30.201071428571424
2024-07-16 18:00:00,32.56933333333333
2024-07-16 19:00:00,37.061666666666675
2024-07-16 20:00:00,39.830333333333336
2024-07-16 21:00:00,37.87896551724138
2024-07-16 22:00:00,41.56666666666667
2024-07-16 23:00:00,45.278000000000006
2024-07-17 00:00:00,53.99172413793104
2024-07-17 01:00:00,54.33827586206896
2024-07-17 02:00:00,49.03103448275861
2024-07-17 03:00:00,44.535862068965514
2024-07-17 04:00:00,40.567142857142855
2024-07-17 05:00:00,36.206296296296294
2024-07-17 06:00:00,35.75821428571428
2024-07-17 07:00:00,31.497777777777774
2024-07-17 08:00:00,30.374285714285715
2024-07-17 09:00:00,31.10333333333333
2024-07-17 10:00:00,31.19793103448276
2024-07-17 11:00:00,34.55758620689655
2024-07-17 12:00:00,34.39566666666667
2024-07-17 13:00:00,30.89766666666667
2024-07-17 14:00:00,31.83833333333333
2024-07-17 15:00:00,31.00433333333333
2024-07-17 16:00:00,22.783448275862067
2024-07-17 17:00:00,21.656000000000002
2024-07-17 18:00:00,26.31133333333333
2024-07-17 19:00:00,28.302666666666664
2024-07-17 20:00:00,31.65866666666667
2024-07-17 21:00:00,37.11103448275861
2024-07-17 22:00:00,42.247241379310346
2024-07-17 23:00:00,39.85206896551723
2024-07-18 00:00:00,43.451034482758615
2024-07-18 01:00:00,44.36724137931034
2024-07-18 02:00:00,41.929655172413796
2024-07-18 03:00:00,43.493448275862065
2024-07-18 04:00:00,42.49689655172414
2024-07-18 05:00:00,43.38413793103449
2024-07-18 06:00:00,47.98137931034483
2024-07-18 07:00:00,50.70655172413794
2024-07-18 08:00:00,49.198965517241376
2024-07-18 09:00:00,49.06965517241379
2024-07-18 10:00:00,47.23137931034482
2024-07-18 11:00:00,47.9196551724138
2024-07-18 12:00:00,49.42366666666667
2024-07-18 13:00:00,43.37241379310345
2024-07-18 14:00:00,30.092413793103447
2024-07-18 15:00:00,30.885357142857146
2024-07-18 16:00:00,26.829333333333334
2024-07-18 17:00:00,29.57862068965517
2024-07-18 18:00:00,32.63366666666666
2024-07-18 19:00:00,40.542
2024-07-18 20:00:00,44.31233333333333
2024-07-18 21:00:00,50.16689655172414
2024-07-18 22:00:00,50.43999999999999
2024-07-18 23:00:00,54.60241379310345
2024-07-19 00:00:00,48.72931034482759
2024-07-19 01:00:00,50.27833333333333
2024-07-19 02:00:00,51.28066666666667
2024-07-19 03:00:00,59.238965517241375
2024-07-19 04:00:00,62.346000000000004
2024-07-19 05:00:00,62.30433333333333
2024-07-19 06:00:00,67.64566666666667
2024-07-19 07:00:00,65.705
2024-07-19 08:00:00,63.73933333333333
2024-07-19 09:00:00,68.43103448275862
2024-07-19 10:00:00,72.76133333333334
2024-07-19 11:00:00,74.20035714285714
2024-07-19 12:00:00,69.76
2024-07-19 13:00:00,72.10714285714286
2024-07-19 14:00:00,75.29724137931034
2024-07-19 15:00:00,69.47148148148148
2024-07-19 16:00:00,61.93321428571429
2024-07-19 17:00:00,56.42206896551725
2024-07-19 18:00:00,59.06896551724138
2024-07-19 19:00:00,66.65931034482759
2024-07-19 20:00:00,69.42689655172414
2024-07-19 21:00:00,70.11689655172414
2024-07-19 22:00:00,62.16068965517241
2024-07-19 23:00:00,53.85034482758621
2024-07-20 00:00:00,51.596896551724136
2024-07-20 01:00:00,52.73551724137931
2024-07-20 02:00:00,51.8448275862069
2024-07-20 03:00:00,55.71310344827587
2024-07-20 04:00:00,46.8888888888889
2024-07-20 05:00:00,38.590714285714284
2024-07-20 06:00:00,35.09535714285715
2024-07-20 07:00:00,37.974444444444444
2024-07-20 08:00:00,43.733333333333334
2024-07-20 09:00:00,47.7048148148148
2024-07-20 10:00:00,50.553214285714276
2024-07-20 11:00:00,55.23111111111111
2024-07-20 12:00:00,52.68
2024-07-20 13:00:00,48.90576923076923
2024-07-20 14:00:00,49.96344827586207
2024-07-20 15:00:00,45.377586206896545
2024-07-20 16:00:00,43.884827586206896
2024-07-20 17:00:00,45.40037037037037
2024-07-20 18:00:00,44.05111111111111
2024-07-20 19:00:00,45.38321428571429
2024-07-20 20:00:00,46.54035714285715
2024-07-20 21:00:00,50.51333333333333
2024-07-20 22:00:00,57.91555555555556
2024-07-20 23:00:00,65.31407407407407
2024-07-21 00:00:00,58.05888888888889
2024-07-21 01:00:00,59.137692307692305
2024-07-21 02:00:00,60.535384615384615
2024-07-21 03:00:00,60.26111111111111
2024-07-21 04:00:00,53.99037037037037
2024-07-21 05:00:00,48.97888888888889
2024-07-21 06:00:00,45.15592592592592
2024-07-21 07:00:00,35.09851851851852
2024-07-21 08:00:00,29.608076923076922
2024-07-21 09:00:00,32.168846153846154
2024-07-21 10:00:00,40.73653846153846
2024-07-21 11:00:00,45.92666666666668
2024-07-21 12:00:00,44.65888888888889
2024-07-21 13:00:00,44.961111111111116
2024-07-21 14:00:00,34.38777777777778
2024-07-21 15:00:00,30.030740740740743
2024-07-21 16:00:00,30.38111111111111
2024-07-21 17:00:00,30.972222222222218
2024-07-21 18:00:00,32.84925925925926
2024-07-21 19:00:00,36.22807692307692
2024-07-21 20:00:00,34.43076923076923
2024-07-21 21:00:00,33.207777777777785
2024-07-21 22:00:00,35.593333333333334
2024-07-21 23:00:00,34.86857142857143
2024-07-22 00:00:00,32.19740740740741
2024-07-22 01:00:00,29.202592592592595
2024-07-22 02:00:00,29.649285714285718
2024-07-22 03:00:00,31.494285714285716
2024-07-22 04:00:00,31.802142857142854
2024-07-22 05:00:00,34.04535714285714
2024-07-22 06:00:00,37.142857142857146
2024-07-22 07:00:00,38.09357142857142
2024-07-22 08:00:00,42.96892857142857
2024-07-22 09:00:00,45.91481481481481
2024-07-22 10:00:00,43.16250000000001
2024-07-22 11:00:00,41.160000000000004
2024-07-22 12:00:00,39.81466666666667
2024-07-22 13:00:00,39.83033333333333
2024-07-22 14:00:00,26.703333333333333
2024-07-22 15:00:00,10.671199999999999
2024-07-22 16:00:00,14.150714285714287
2024-07-22 17:00:00,21.56344827586207
2024-07-22 18:00:00,26.674
2024-07-22 19:00:00,33.172666666666665
2024-07-22 20:00:00,36.11793103448276
2024-07-22 21:00:00,41.22466666666666
2024-07-22 22:00:00,45.50827586206896
2024-07-22 23:00:00,48.07033333333334
2024-07-23 00:00:00,51.69266666666667
2024-07-23 01:00:00,49.23466666666666
2024-07-23 02:00:00,47.664482758620686
2024-07-23 03:00:00,45.000689655172415
2024-07-23 04:00:00,40.09827586206896
2024-07-23 05:00:00,41.179655172413796
2024-07-23 06:00:00,39.665862068965524
2024-07-23 07:00:00,35.56896551724138
2024-07-23 08:00:00,40.58931034482759
2024-07-23 09:00:00,41.89241379310345
2024-07-23 10:00:00,42.88482758620689
2024-07-23 11:00:00,41.279999999999994
2024-07-23 12:00:00,40.30034482758621
2024-07-23 13:00:00,38.64928571428571
2024-07-23 14:00:00,36.745000000000005
2024-07-23 15:00:00,29.241666666666667
2024-07-23 16:00:00,28.169310344827586
2024-07-23 17:00:00,37.490344827586206
2024-07-23 18:00:00,39.479
2024-07-23 19:00:00,44.43233333333333
2024-07-23 20:00:00,50.57633333333333
2024-07-23 21:00:00,56.12666666666667
2024-07-23 22:00:00,60.653333333333336
2024-07-23 23:00:00,55.181
2024-07-24 00:00:00,53.887241379310346
2024-07-24 01:00:00,57.94517241379311
2024-07-24 02:00:00,61.316428571428574
2024-07-24 03:00:00,55.32103448275862
2024-07-24 04:00:00,44.09724137931035
2024-07-24 05:00:00,31.99344827586207
2024-07-24 06:00:00,33.922999999999995
2024-07-24 07:00:00,24.517586206896556
2024-07-24 08:00:00,14.36888888888889
2024-07-24 09:00:00,17.18862068965517
2024-07-24 10:00:00,26.823666666666668
2024-07-24 11:00:00,32.785999999999994
2024-07-24 12:00:00,39.53633333333334
2024-07-24 13:00:00,46.385714285714286
2024-07-24 14:00:00,51.4348275862069
2024-07-24 15:00:00,46.066896551724135
2024-07-24 16:00:00,47.17642857142857
2024-07-24 17:00:00,51.64730769230769
2024-07-24 18:00:00,50.17
2024-07-24 19:00:00,57.82678571428572
2024-07-24 20:00:00,63.07586206896552
2024-07-24 21:00:00,71.73241379310345
2024-07-24 22:00:00,78.57241379310345
2024-07-24 23:00:00,83.24862068965517
2024-07-25 00:00:00,81.82275862068965
2024-07-25 01:00:00,74.76
2024-07-25 02:00:00,61.464999999999996
2024-07-25 03:00:00,51.85285714285715
2024-07-25 04:00:00,42.44793103448275
2024-07-25 05:00:00,39.381379310344826
2024-07-25 06:00:00,42.84464285714286
2024-07-25 07:00:00,33.629642857142855
2024-07-25 08:00:00,25.340714285714284
2024-07-25 09:00:00,19.49310344827586
2024-07-25 10:00:00,18.187142857142856
2024-07-25 11:00:00,27.119629629629625
2024-07-25 12:00:00,29.891428571428573
2024-07-25 13:00:00,30.244000000000003
2024-07-25 14:00:00,31.559310344827587
2024-07-25 15:00:00,33.0151724137931
2024-07-25 16:00:00,34.41586206896552
2024-07-25 17:00:00,39.14758620689655
2024-07-25 18:00:00,38.03344827586207
2024-07-25 19:00:00,37.01275862068965
2024-07-25 20:00:00,33.38
2024-07-25 21:00:00,31.68965517241379
2024-07-25 22:00:00,30.778928571428573
2024-07-25 23:00:00,30.273793103448273
2024-07-26 00:00:00,31.721724137931037
2024-07-26 01:00:00,33.86464285714286
2024-07-26 02:00:00,33.653103448275864
2024-07-26 03:00:00,37.922413793103445
2024-07-26 04:00:00,34.98931034482759
2024-07-26 05:00:00,31.57037037037037
2024-07-26 06:00:00,23.049285714285713
2024-07-26 07:00:00,18.791428571428575
2024-07-26 08:00:00,17.630384615384617
2024-07-26 09:00:00,22.76576923076923
2024-07-26 10:00:00,25.394444444444442
2024-07-26 11:00:00,37.750689655172415
2024-07-26 12:00:00,49.18714285714285
2024-07-26 13:00:00,51.18296296296297
2024-07-26 14:00:00,54.6975
2024-07-26 15:00:00,54.64142857142857
2024-07-26 16:00:00,56.543103448275865
2024-07-26 17:00:00,65.83142857142857
2024-07-26 18:00:00,65.18428571428572
2024-07-26 19:00:00,70.66035714285714
2024-07-26 20:00:00,73.99428571428572
2024-07-26 21:00:00,79.04103448275862
2024-07-26 22:00:00,88.89206896551724
2024-07-26 23:00:00,98.03241379310343
2024-07-27 00:00:00,82.73620689655172
2024-07-27 01:00:00,62.18241379310345
2024-07-27 02:00:00,53.987857142857145
2024-07-27 03:00:00,50.597931034482755
2024-07-27 04:00:00,40.72814814814814
2024-07-27 05:00:00,38.58137931034482
2024-07-27 06:00:00,37.64034482758621
2024-07-27 07:00:00,45.29655172413793
2024-07-27 08:00:00,47.098214285714285
2024-07-27 09:00:00,45.89066666666667
2024-07-27 10:00:00,46.527
2024-07-27 11:00:00,48.44862068965517
2024-07-27 12:00:00,55.63166666666667
2024-07-27 13:00:00,62.06266666666667
2024-07-27 14:00:00,55.2675
2024-07-27 15:00:00,52.336
2024-07-27 16:00:00,36.359
2024-07-27 17:00:00,35.58344827586207
2024-07-27 18:00:00,31.803793103448278
2024-07-27 19:00:00,25.021428571428572
2024-07-27 20:00:00,21.02321428571429
2024-07-27 21:00:00,26.94066666666667
2024-07-27 22:00:00,30.304
2024-07-27 23:00:00,31.34344827586207
2024-07-28 00:00:00,30.572142857142858
2024-07-28 01:00:00,29.098275862068967
2024-07-28 02:00:00,24.875
2024-07-28 03:00:00,26.514285714285716
2024-07-28 04:00:00,26.2751724137931
2024-07-28 05:00:00,31.201071428571428
2024-07-28 06:00:00,37.71142857142856
2024-07-28 07:00:00,43.93310344827586
2024-07-28 08:00:00,53.77499999999999
2024-07-28 09:00:00,49.80827586206897
2024-07-28 10:00:00,44.27285714285715
2024-07-28 11:00:00,35.246071428571426
2024-07-28 12:00:00,28.332222222222217
2024-07-28 13:00:00,21.278928571428573
2024-07-28 14:00:00,22.79068965517241
2024-07-28 15:00:00,22.012758620689656
2024-07-28 16:00:00,20.474827586206896
2024-07-28 17:00:00,20.16533333333333
2024-07-28 18:00:00,18.45892857142857
2024-07-28 19:00:00,21.974482758620688
2024-07-28 20:00:00,25.003333333333334
2024-07-28 21:00:00,25.618214285714288
2024-07-28 22:00:00,23.471379310344826
2024-07-28 23:00:00,22.103448275862068
2024-07-29 00:00:00,20.941379310344825
2024-07-29 01:00:00,23.228214285714284
2024-07-29 02:00:00,22.08642857142857
2024-07-29 03:00:00,24.181071428571432
2024-07-29 04:00:00,24.038275862068964
2024-07-29 05:00:00,28.38714285714286
2024-07-29 06:00:00,28.29068965517241
2024-07-29 07:00:00,32.05892857142857
2024-07-29 08:00:00,28.871724137931032
2024-07-29 09:00:00,29.872413793103448
2024-07-29 10:00:00,34.07241379310345
2024-07-29 11:00:00,35.275862068965516
2024-07-29 12:00:00,38.31655172413793
2024-07-29 13:00:00,36.17758620689656
2024-07-29 14:00:00,35.54344827586207
2024-07-29 15:00:00,36.206
2024-07-29 16:00:00,30.855862068965518
2024-07-29 17:00:00,27.11466666666667
2024-07-29 18:00:00,28.538666666666664
2024-07-29 19:00:00,33.94448275862069
2024-07-29 20:00:00,38.339999999999996
2024-07-29 21:00:00,45.929655172413796
2024-07-29 22:00:00,44.58066666666666
2024-07-29 23:00:00,47.972
2024-07-30 00:00:00,52.92827586206896
2024-07-30 01:00:00,55.32000000000001
2024-07-30 02:00:00,48.19821428571429
2024-07-30 03:00:00,46.375
2024-07-30 04:00:00,44.33166666666667
2024-07-30 05:00:00,41.95166666666667
2024-07-30 06:00:00,36.658620689655166
2024-07-30 07:00:00,38.03827586206897
2024-07-30 08:00:00,40.83206896551724
2024-07-30 09:00:00,40.258275862068956
2024-07-30 10:00:00,39.55172413793103
2024-07-30 11:00:00,39.500344827586204
2024-07-30 12:00:00,37.15692307692308
2024-07-30 13:00:00,32.482962962962965
2024-07-30 14:00:00,33.142758620689655
2024-07-30 15:00:00,33.61071428571429
2024-07-30 16:00:00,36.928620689655176
2024-07-30 17:00:00,40.56107142857143
2024-07-30 18:00:00,41.73413793103448
2024-07-30 19:00:00,43.474137931034484
2024-07-30 20:00:00,46.71758620689655
2024-07-30 21:00:00,43.075714285714284
2024-07-30 22:00:00,35.697333333333326
2024-07-30 23:00:00,35.592666666666666
2024-07-31 00:00:00,40.80241379310345
2024-07-31 01:00:00,42.313571428571436
2024-07-31 02:00:00,40.10766666666667
2024-07-31 03:00:00,42.50241379310346
2024-07-31 04:00:00,40.78689655172414
2024-07-31 05:00:00,43.57933333333333
2024-07-31 06:00:00,44.33166666666667
2024-07-31 07:00:00,44.41266666666666
2024-07-31 08:00:00,40.033
2024-07-31 09:00:00,34.87620689655173
2024-07-31 10:00:00,34.671
2024-07-31 11:00:00,34.60566666666667
2024-07-31 12:00:00,33.46896551724139
2024-07-31 13:00:00,35.769333333333336
2024-07-31 14:00:00,33.446999999999996
2024-07-31 15:00:00,30.95689655172414
2024-07-31 16:00:00,29.20689655172414
2024-07-31 17:00:00,28.97413793103448
2024-07-31 18:00:00,30.30285714285714
2024-07-31 19:00:00,28.894137931034486
2024-07-31 20:00:00,34.986296296296295
2024-07-31 21:00:00,16.0984
2024-07-31 22:00:00,15.844814814814814
2024-07-31 23:00:00,11.873199999999999
2024-08-01 00:00:00,14.914705882352942
2024-08-01 01:00:00,9.4785
2024-08-01 02:00:00,8.440999999999999
2024-08-01 03:00:00,12.4425
2024-08-01 04:00:00,12.42695652173913
2024-08-01 05:00:00,11.415000000000001
2024-08-01 06:00:00,11.679200000000002
2024-08-01 07:00:00,10.767391304347825
2024-08-01 08:00:00,12.27125
2024-08-01 09:00:00,14.903571428571427
2024-08-01 10:00:00,18.869642857142857
2024-08-01 11:00:00,22.764482758620687
2024-08-01 12:00:00,41.12103448275862
2024-08-01 13:00:00,28.832413793103445
2024-08-01 14:00:00,22.42107142857143
2024-08-01 15:00:00,21.577142857142857
2024-08-01 16:00:00,19.716206896551725
2024-08-01 17:00:00,15.955925925925927
2024-08-01 18:00:00,15.541481481481481
2024-08-01 19:00:00,16.624999999999996
2024-08-01 20:00:00,21.545384615384613
2024-08-01 21:00:00,27.520740740740738
2024-08-01 22:00:00,30.210370370370374
2024-08-01 23:00:00,29.84857142857143
2024-08-02 00:00:00,36.43214285714286
2024-08-02 01:00:00,49.825185185185184
2024-08-02 02:00:00,40.82961538461538
2024-08-02 03:00:00,30.775555555555552
2024-08-02 04:00:00,24.839629629629627
2024-08-02 05:00:00,26.28464285714286
2024-08-02 06:00:00,30.727857142857143
2024-08-02 07:00:00,37.620370370370374
2024-08-02 08:00:00,43.51555555555556
2024-08-02 09:00:00,41.59464285714285
2024-08-02 10:00:00,37.769999999999996
2024-08-02 11:00:00,37.5775
2024-08-02 12:00:00,33.80172413793103
2024-08-02 13:00:00,27.18903225806452
2024-08-02 14:00:00,16.775172413793104
2024-08-02 15:00:00,21.088
2024-08-02 16:00:00,24.633793103448276
2024-08-02 17:00:00,26.898620689655175
2024-08-02 18:00:00,29.03366666666667
2024-08-02 19:00:00,30.221612903225807
2024-08-02 20:00:00,34.305
2024-08-02 21:00:00,41.744666666666674
2024-08-02 22:00:00,35.733870967741936
2024-08-02 23:00:00,32.672
2024-08-03 00:00:00,35.908620689655166
2024-08-03 01:00:00,34.97
2024-08-03 02:00:00,29.942666666666664
2024-08-03 03:00:00,28.90344827586207
2024-08-03 04:00:00,27.771666666666665
2024-08-03 05:00:00,26.55733333333333
2024-08-03 06:00:00,23.807586206896556
2024-08-03 07:00:00,22.11413793103448
2024-08-03 08:00:00,23.41
2024-08-03 09:00:00,20.511000000000003
2024-08-03 10:00:00,17.681935483870966
2024-08-03 11:00:00,19.283448275862067
2024-08-03 12:00:00,20.904666666666667
2024-08-03 13:00:00,19.376666666666665
2024-08-03 14:00:00,18.986333333333334
2024-08-03 15:00:00,21.537096774193547
2024-08-03 16:00:00,22.02709677419355
2024-08-03 17:00:00,20.35967741935484
2024-08-03 18:00:00,18.916666666666668
2024-08-03 19:00:00,18.967333333333332
2024-08-03 20:00:00,16.608064516129033
2024-08-03 21:00:00,21.308333333333334
2024-08-03 22:00:00,21.080645161290324
2024-08-03 23:00:00,21.437000000000005
2024-08-04 00:00:00,19.671612903225803
2024-08-04 01:00:00,25.833333333333336
2024-08-04 02:00:00,29.389333333333333
2024-08-04 03:00:00,30.317
2024-08-04 04:00:00,26.196
2024-08-04 05:00:00,25.66689655172414
2024-08-04 06:00:00,22.035483870967738
2024-08-04 07:00:00,15.41
2024-08-04 08:00:00,16.230344827586205
2024-08-04 09:00:00,16.367142857142856
2024-08-04 10:00:00,15.318
2024-08-04 11:00:00,15.828387096774193
2024-08-04 12:00:00,14.441
2024-08-04 13:00:00,13.511034482758621
2024-08-04 14:00:00,13.639666666666669
2024-08-04 15:00:00,12.026428571428571
2024-08-04 16:00:00,12.950000000000001
2024-08-04 17:00:00,15.273333333333333
2024-08-04 18:00:00,18.68516129032258
2024-08-04 19:00:00,20.72612903225807
2024-08-04 20:00:00,14.873793103448275
2024-08-04 21:00:00,17.583793103448276
2024-08-04 22:00:00,18.57206896551724
2024-08-04 23:00:00,17.73806451612903
2024-08-05 00:00:00,17.412580645161288
2024-08-05 01:00:00,18.988
2024-08-05 02:00:00,20.1
2024-08-05 03:00:00,18.903666666666663
2024-08-05 04:00:00,19.425161290322578
2024-08-05 05:00:00,22.427
2024-08-05 06:00:00,23.23225806451613
2024-08-05 07:00:00,24.139333333333333
2024-08-05 08:00:00,25.264333333333337
2024-08-05 09:00:00,22.71142857142857
2024-08-05 10:00:00,19.973214285714285
2024-08-05 11:00:00,18.15896551724138
2024-08-05 12:00:00,17.063703703703702
2024-08-05 13:00:00,17.875
2024-08-05 14:00:00,19.600689655172417
2024-08-05 15:00:00,19.82448275862069
2024-08-05 16:00:00,20.967333333333336
2024-08-05 17:00:00,19.100666666666665
2024-08-05 18:00:00,18.554666666666666
2024-08-05 19:00:00,21.172333333333334
2024-08-05 20:00:00,24.135666666666665
2024-08-05 21:00:00,28.538620689655172
2024-08-05 22:00:00,28.737241379310344
2024-08-05 23:00:00,27.08551724137931
2024-08-06 00:00:00,22.802142857142854
2024-08-06 01:00:00,23.13214285714286
2024-08-06 02:00:00,20.355172413793102
2024-08-06 03:00:00,18.020714285714284
2024-08-06 04:00:00,19.077857142857145
2024-08-06 05:00:00,18.69107142857143
2024-08-06 06:00:00,20.0051724137931
2024-08-06 07:00:00,19.594642857142855
2024-08-06 08:00:00,17.270344827586207
2024-08-06 09:00:00,19.452857142857145
2024-08-06 10:00:00,20.655862068965515
2024-08-06 11:00:00,21.754666666666665
2024-08-06 12:00:00,45.59733333333333
2024-08-06 13:00:00,38.25833333333333
2024-08-06 14:00:00,37.524333333333324
2024-08-06 15:00:00,24.026
2024-08-06 16:00:00,40.01387096774194
2024-08-06 17:00:00,21.281290322580645
2024-08-06 18:00:00,16.95068965517241
2024-08-06 19:00:00,16.662758620689655
2024-08-06 20:00:00,20.918333333333337
2024-08-06 21:00:00,17.694666666666667
2024-08-06 22:00:00,17.739032258064515
2024-08-06 23:00:00,16.38258064516129
2024-08-07 00:00:00,12.231333333333334
2024-08-07 01:00:00,14.271034482758619
2024-08-07 02:00:00,14.871333333333334
2024-08-07 03:00:00,13.512333333333334
2024-08-07 04:00:00,14.357
2024-08-07 05:00:00,13.849310344827584
2024-08-07 06:00:00,12.541111111111109
2024-08-07 07:00:00,15.232592592592594
2024-08-07 08:00:00,15.960357142857145
2024-08-07 09:00:00,19.10137931034483
2024-08-07 10:00:00,18.476071428571426
2024-08-07 11:00:00,18.802758620689655
2024-08-07 12:00:00,20.58642857142857
2024-08-07 13:00:00,26.545185185185186
2024-08-07 14:00:00,26.06206896551724
2024-08-07 15:00:00,22.75241379310345
2024-08-07 16:00:00,25.34967741935484
2024-08-07 17:00:00,24.517333333333333
2024-08-07 18:00:00,16.49259259259259
2024-08-07 19:00:00,22.893928571428575
2024-08-07 20:00:00,19.916206896551724
2024-08-07 21:00:00,22.28862068965517
2024-08-07 22:00:00,20.676551724137934
2024-08-07 23:00:00,22.005999999999997
2024-08-08 00:00:00,23.362666666666666
2024-08-08 01:00:00,24.503703703703703
2024-08-08 02:00:00,24.57
2024-08-08 03:00:00,21.424285714285713
2024-08-08 04:00:00,26.4425
2024-08-08 05:00:00,23.175
2024-08-08 06:00:00,20.147407407407407
2024-08-08 07:00:00,24.393103448275863
2024-08-08 08:00:00,23.67814814814815
2024-08-08 09:00:00,23.554666666666666
2024-08-08 10:00:00,22.55888888888889
2024-08-08 11:00:00,20.091290322580644
2024-08-08 12:00:00,16.910999999999998
2024-08-08 13:00:00,17.485666666666667
2024-08-08 14:00:00,17.160689655172416
2024-08-08 15:00:00,17.79266666666667
2024-08-08 16:00:00,16.990322580645163
2024-08-08 17:00:00,18.392580645161292
2024-08-08 18:00:00,19.382580645161294
2024-08-08 19:00:00,23.009
2024-08-08 20:00:00,20.16766666666667
2024-08-08 21:00:00,19.949333333333335
2024-08-08 22:00:00,19.510689655172413
2024-08-08 23:00:00,22.906206896551723
2024-08-09 00:00:00,24.555517241379306
2024-08-09 01:00:00,28.077692307692306
2024-08-09 02:00:00,27.53666666666667
2024-08-09 03:00:00,28.723103448275864
2024-08-09 04:00:00,26.25896551724138
2024-08-09 05:00:00,30.897241379310348
2024-08-09 06:00:00,29.82103448275862
2024-08-09 07:00:00,30.375357142857144
2024-08-09 08:00:00,29.353999999999996
2024-08-09 09:00:00,29.015333333333334
2024-08-09 10:00:00,35.050000000000004
2024-08-09 11:00:00,34.26387096774194
2024-08-09 12:00:00,23.467666666666666
2024-08-09 13:00:00,22.810689655172414
2024-08-09 14:00:00,23.509333333333334
2024-08-09 15:00:00,23.015862068965518
2024-08-09 16:00:00,24.283333333333335
2024-08-09 17:00:00,22.252000000000002
2024-08-09 18:00:00,21.555806451612902
2024-08-09 19:00:00,19.258965517241382
2024-08-09 20:00:00,21.39933333333333
2024-08-09 21:00:00,23.331379310344825
2024-08-09 22:00:00,20.226896551724135
2024-08-09 23:00:00,21.455714285714286
2024-08-10 00:00:00,23.19857142857143
2024-08-10 01:00:00,36.84777777777777
2024-08-10 02:00:00,36.03285714285714
2024-08-10 03:00:00,36.96035714285714
2024-08-10 04:00:00,36.970370370370375
2024-08-10 05:00:00,36.88148148148148
2024-08-10 06:00:00,39.58714285714286
2024-08-10 07:00:00,37.26423076923077
2024-08-10 08:00:00,39.91571428571429
2024-08-10 09:00:00,35.53035714285714
2024-08-10 10:00:00,31.79296296296296
2024-08-10 11:00:00,29.766428571428573
2024-08-10 12:00:00,33.18535714285714
2024-08-10 13:00:00,30.478076923076927
2024-08-10 14:00:00,29.13357142857143
2024-08-10 15:00:00,30.38518518518519
2024-08-10 16:00:00,23.11888888888889
2024-08-10 17:00:00,24.304285714285715
2024-08-10 18:00:00,26.102499999999996
2024-08-10 19:00:00,29.81035714285714
2024-08-10 20:00:00,33.87481481481481
2024-08-10 21:00:00,32.33607142857143
2024-08-10 22:00:00,37.28653846153846
2024-08-10 23:00:00,35.81
2024-08-11 00:00:00,35.04925925925926
2024-08-11 01:00:00,36.245384615384616
2024-08-11 02:00:00,36.35846153846154
2024-08-11 03:00:00,35.08888888888889
2024-08-11 04:00:00,34.4952
2024-08-11 05:00:00,38.25851851851852
2024-08-11 06:00:00,31.95192307692308
2024-08-11 07:00:00,30.77916666666667
2024-08-11 08:00:00,29.3895652173913
2024-08-11 09:00:00,27.648518518518518
2024-08-11 10:00:00,25.798
2024-08-11 11:00:00,20.430416666666666
2024-08-11 12:00:00,18.736250000000002
2024-08-11 13:00:00,18.092608695652174
2024-08-11 14:00:00,20.191666666666666
2024-08-11 15:00:00,28.601249999999997
2024-08-11 16:00:00,28.084782608695654
2024-08-11 17:00:00,14.509090909090908
2024-08-11 18:00:00,10.511904761904763
2024-08-11 19:00:00,18.92695652173913
2024-08-11 20:00:00,21.522173913043478
2024-08-11 21:00:00,22.809583333333332
2024-08-11 22:00:00,22.367272727272727
2024-08-11 23:00:00,29.4852
2024-08-12 00:00:00,24.644444444444442
2024-08-12 01:00:00,25.538
2024-08-12 02:00:00,24.704
2024-08-12 03:00:00,23.205555555555552
2024-08-12 04:00:00,21.6812
2024-08-12 05:00:00,23.140384615384615
2024-08-12 06:00:00,24.295185185185186
2024-08-12 07:00:00,25.848461538461542
2024-08-12 08:00:00,31.25576923076923
2024-08-12 09:00:00,34.916296296296295
2024-08-12 10:00:00,34.4412
2024-08-12 11:00:00,35.85
2024-08-12 12:00:00,32.35481481481481
2024-08-12 13:00:00,23.804814814814815
2024-08-12 14:00:00,21.806071428571432
2024-08-12 15:00:00,18.939230769230768
2024-08-12 16:00:00,24.5752
2024-08-12 17:00:00,27.64074074074074
2024-08-12 18:00:00,34.52428571428571
2024-08-12 19:00:00,32.83111111111111
2024-08-12 20:00:00,36.29481481481481
2024-08-12 21:00:00,37.964999999999996
2024-08-12 22:00:00,32.50259259259259
2024-08-12 23:00:00,27.25185185185185
2024-08-13 00:00:00,14.203703703703704
2024-08-13 01:00:00,21.33583333333333
2024-08-13 02:00:00,22.020370370370372
2024-08-13 03:00:00,21.556666666666665
2024-08-13 04:00:00,20.942916666666665
2024-08-13 05:00:00,20.32333333333333
2024-08-13 06:00:00,21.843600000000002
2024-08-13 07:00:00,22.46692307692308
2024-08-13 08:00:00,21.808846153846154
2024-08-13 09:00:00,22.306666666666665
2024-08-13 10:00:00,21.855
2024-08-13 11:00:00,26.020370370370372
2024-08-13 12:00:00,42.92296296296296
2024-08-13 13:00:00,20.70384615384615
2024-08-13 14:00:00,51.065517241379304
2024-08-13 15:00:00,32.29071428571429
2024-08-13 16:00:00,19.312083333333334
2024-08-13 17:00:00,22.483214285714286
2024-08-13 18:00:00,18.779642857142857
2024-08-13 19:00:00,19.613214285714285
2024-08-13 20:00:00,24.33
2024-08-13 21:00:00,29.571851851851854
2024-08-13 22:00:00,31.189999999999994
2024-08-13 23:00:00,35.45692307692308
2024-08-14 00:00:00,38.580000000000005
2024-08-14 01:00:00,38.53678571428571
2024-08-14 02:00:00,39.20407407407408
2024-08-14 03:00:00,38.090714285714284
2024-08-14 04:00:00,45.44392857142857
2024-08-14 05:00:00,48.583214285714284
2024-08-14 06:00:00,42.25214285714286
2024-08-14 07:00:00,43.86296296296296
2024-08-14 08:00:00,46.055
2024-08-14 09:00:00,52.34499999999999
2024-08-14 10:00:00,51.143666666666675
2024-08-14 11:00:00,44.42966666666666
2024-08-14 12:00:00,34.89703703703703
2024-08-14 13:00:00,27.91814814814815
2024-08-14 14:00:00,24.95793103448276
2024-08-14 15:00:00,22.941785714285714
2024-08-14 16:00:00,23.54111111111111
2024-08-14 17:00:00,23.891379310344824
2024-08-14 18:00:00,24.140666666666668
2024-08-14 19:00:00,26.67806451612903
2024-08-14 20:00:00,27.42866666666667
2024-08-14 21:00:00,28.041612903225804
2024-08-14 22:00:00,26.548
2024-08-14 23:00:00,31.835483870967742
2024-08-15 00:00:00,30.38548387096774
2024-08-15 01:00:00,34.06677419354838
2024-08-15 02:00:00,32.96333333333334
2024-08-15 03:00:00,30.14290322580645
2024-08-15 04:00:00,26.259999999999998
2024-08-15 05:00:00,25.79733333333333
2024-08-15 06:00:00,25.631612903225808
2024-08-15 07:00:00,26.983870967741936
2024-08-15 08:00:00,28.728965517241384
2024-08-15 09:00:00,30.62516129032258
2024-08-15 10:00:00,30.37677419354839
2024-08-15 11:00:00,25.268000000000004
2024-08-15 12:00:00,24.571666666666665
2024-08-15 13:00:00,24.45137931034483
2024-08-15 14:00:00,22.36933333333333
2024-08-15 15:00:00,23.584
2024-08-15 16:00:00,22.46142857142857
2024-08-15 17:00:00,27.725172413793103
2024-08-15 18:00:00,27.55551724137931
2024-08-15 19:00:00,33.147241379310344
2024-08-15 20:00:00,38.878571428571426
2024-08-15 21:00:00,30.902592592592594
2024-08-15 22:00:00,18.682692307692307
2024-08-15 23:00:00,17.64846153846154
2024-08-16 00:00:00,18.955714285714286
2024-08-16 01:00:00,20.537499999999998
2024-08-16 02:00:00,22.903214285714284
2024-08-16 03:00:00,21.414482758620693
2024-08-16 04:00:00,21.1875
2024-08-16 05:00:00,22.630357142857143
2024-08-16 06:00:00,29.511724137931036
2024-08-16 07:00:00,31.851428571428567
2024-08-16 08:00:00,37.115
2024-08-16 09:00:00,37.11071428571429
2024-08-16 10:00:00,27.85185185185185
2024-08-16 11:00:00,23.29214285714286
2024-08-16 12:00:00,23.11758620689655
2024-08-16 13:00:00,24.12566666666667
2024-08-16 14:00:00,16.837586206896553
2024-08-16 15:00:00,14.173214285714284
2024-08-16 16:00:00,13.321034482758622
2024-08-16 17:00:00,15.80793103448276
2024-08-16 18:00:00,16.392
2024-08-16 19:00:00,19.5748275862069
2024-08-16 20:00:00,15.989629629629631
2024-08-16 21:00:00,15.236206896551725
2024-08-16 22:00:00,16.692857142857143
2024-08-16 23:00:00,19.152758620689653
2024-08-17 00:00:00,18.968888888888888
2024-08-17 01:00:00,22.481379310344828
2024-08-17 02:00:00,21.585517241379307
2024-08-17 03:00:00,20.76366666666667
2024-08-17 04:00:00,19.477333333333334
2024-08-17 05:00:00,21.91821428571429
2024-08-17 06:00:00,23.354666666666667
2024-08-17 07:00:00,27.783333333333335
2024-08-17 08:00:00,34.644642857142856
2024-08-17 09:00:00,35.63533333333333
2024-08-17 10:00:00,32.67785714285714
2024-08-17 11:00:00,38.06071428571429
2024-08-17 12:00:00,39.400333333333336
2024-08-17 13:00:00,37.53933333333334
2024-08-17 14:00:00,38.060344827586206
2024-08-17 15:00:00,40.07066666666667
2024-08-17 16:00:00,36.654999999999994
2024-08-17 17:00:00,25.524285714285714
2024-08-17 18:00:00,22.718
2024-08-17 19:00:00,26.73448275862069
2024-08-17 20:00:00,36.12
2024-08-17 21:00:00,37.72827586206896
2024-08-17 22:00:00,43.52321428571429
2024-08-17 23:00:00,43.848214285714285
2024-08-18 00:00:00,42.01896551724138
2024-08-18 01:00:00,42.05206896551725
2024-08-18 02:00:00,40.8296551724138
2024-08-18 03:00:00,36.08137931034483
2024-08-18 04:00:00,34.473214285714285
2024-08-18 05:00:00,31.55148148148148
2024-08-18 06:00:00,29.912857142857142
2024-08-18 07:00:00,26.543793103448277
2024-08-18 08:00:00,27.693214285714284
2024-08-18 09:00:00,30.821428571428573
2024-08-18 10:00:00,28.664827586206897
2024-08-18 11:00:00,29.639285714285712
2024-08-18 12:00:00,32.33689655172414
2024-08-18 13:00:00,25.655714285714286
2024-08-18 14:00:00,23.982222222222223
2024-08-18 15:00:00,26.31
2024-08-18 16:00:00,22.924642857142857
2024-08-18 17:00:00,19.462413793103448
2024-08-18 18:00:00,18.392666666666667
2024-08-18 19:00:00,21.462500000000002
2024-08-18 20:00:00,23.958666666666662
2024-08-18 21:00:00,32.96259259259259
2024-08-18 22:00:00,36.95433333333333
2024-08-18 23:00:00,36.67600000000001
2024-08-19 00:00:00,35.31466666666667
2024-08-19 01:00:00,36.0
2024-08-19 02:00:00,35.75296296296296
2024-08-19 03:00:00,34.0651724137931
2024-08-19 04:00:00,31.25857142857143
2024-08-19 05:00:00,26.610357142857143
2024-08-19 06:00:00,31.236896551724136
2024-08-19 07:00:00,30.508275862068967
2024-08-19 08:00:00,33.26428571428571
2024-08-19 09:00:00,29.273793103448277
2024-08-19 10:00:00,28.850740740740743
2024-08-19 11:00:00,26.007857142857144
2024-08-19 12:00:00,25.746923076923075
2024-08-19 13:00:00,22.805357142857144
2024-08-19 14:00:00,21.797142857142855
2024-08-19 15:00:00,22.782857142857143
2024-08-19 16:00:00,18.392222222222223
2024-08-19 17:00:00,20.611071428571428
2024-08-19 18:00:00,23.62925925925926
2024-08-19 19:00:00,22.96857142857143
2024-08-19 20:00:00,29.208928571428572
2024-08-19 21:00:00,28.472758620689653
2024-08-19 22:00:00,28.59444444444444
2024-08-19 23:00:00,25.805714285714284
2024-08-20 00:00:00,23.817241379310346
2024-08-20 01:00:00,24.13923076923077
2024-08-20 02:00:00,21.182592592592595
2024-08-20 03:00:00,20.255185185185187
2024-08-20 04:00:00,16.249259259259258
2024-08-20 05:00:00,16.65888888888889
2024-08-20 06:00:00,19.674814814814816
2024-08-20 07:00:00,17.056428571428572
2024-08-20 08:00:00,11.257916666666665
2024-08-20 09:00:00,9.791363636363636
2024-08-20 10:00:00,11.369200000000001
2024-08-20 11:00:00,16.165
2024-08-20 12:00:00,22.49153846153846
2024-08-20 13:00:00,28.009642857142858
2024-08-20 14:00:00,25.017
2024-08-20 15:00:00,23.5848275862069
2024-08-20 16:00:00,25.939666666666664
2024-08-20 17:00:00,26.162333333333336
2024-08-20 18:00:00,25.92862068965517
2024-08-20 19:00:00,29.275172413793104
2024-08-20 20:00:00,32.501
2024-08-20 21:00:00,32.465862068965514
2024-08-20 22:00:00,25.921
2024-08-20 23:00:00,27.145333333333333
2024-08-21 00:00:00,25.971034482758622
2024-08-21 01:00:00,23.00103448275862
2024-08-21 02:00:00,20.391
2024-08-21 03:00:00,19.606206896551722
2024-08-21 04:00:00,21.06896551724138
2024-08-21 05:00:00,20.328214285714285
2024-08-21 06:00:00,21.982142857142858
2024-08-21 07:00:00,23.928214285714287
2024-08-21 08:00:00,27.483928571428574
2024-08-21 09:00:00,28.17785714285714
2024-08-21 10:00:00,29.655714285714282
2024-08-21 11:00:00,28.906896551724138
2024-08-21 12:00:00,31.965
2024-08-21 13:00:00,33.56206896551724
2024-08-21 14:00:00,31.61142857142857
2024-08-21 15:00:00,34.29678571428571
2024-08-21 16:00:00,30.438148148148144
2024-08-21 17:00:00,32.18793103448276
2024-08-21 18:00:00,41.531724137931036
2024-08-21 19:00:00,46.169999999999995
2024-08-21 20:00:00,39.96071428571428
2024-08-21 21:00:00,33.221785714285716
2024-08-21 22:00:00,28.04689655172414
2024-08-21 23:00:00,30.58724137931035
2024-08-22 00:00:00,30.885185185185183
2024-08-22 01:00:00,34.19655172413793
2024-08-22 02:00:00,29.27310344827586
2024-08-22 03:00:00,28.614285714285717
2024-08-22 04:00:00,22.911851851851853
2024-08-22 05:00:00,24.262499999999996
2024-08-22 06:00:00,23.20037037037037
2024-08-22 07:00:00,21.826296296296295
2024-08-22 08:00:00,24.737500000000004
2024-08-22 09:00:00,24.677857142857142
2024-08-22 10:00:00,25.98857142857143
2024-08-22 11:00:00,31.74892857142857
2024-08-22 12:00:00,34.06076923076923
2024-08-22 13:00:00,30.895185185185184
2024-08-22 14:00:00,33.51448275862069
2024-08-22 15:00:00,34.29034482758621
2024-08-22 16:00:00,32.892758620689655
2024-08-22 17:00:00,31.271379310344827
2024-08-22 18:00:00,34.23620689655173
2024-08-22 19:00:00,37.57689655172414
2024-08-22 20:00:00,55.080357142857146
2024-08-22 21:00:00,26.443703703703704
2024-08-22 22:00:00,19.045357142857142
2024-08-22 23:00:00,15.590357142857144
2024-08-23 00:00:00,15.90037037037037
2024-08-23 01:00:00,18.39392857142857
2024-08-23 02:00:00,17.62035714285714
2024-08-23 03:00:00,15.280714285714286
2024-08-23 04:00:00,15.889285714285714
2024-08-23 05:00:00,19.69357142857143
2024-08-23 06:00:00,20.677307692307693
2024-08-23 07:00:00,24.84892857142857
2024-08-23 08:00:00,29.51689655172414
2024-08-23 09:00:00,35.11
2024-08-23 10:00:00,36.123000000000005
2024-08-23 11:00:00,26.973333333333336
2024-08-23 12:00:00,18.62608695652174
2024-08-23 13:00:00,15.91576923076923
2024-08-23 14:00:00,19.923571428571428
2024-08-23 15:00:00,26.122222222222224
2024-08-23 16:00:00,28.554814814814815
2024-08-23 17:00:00,28.88448275862069
2024-08-23 18:00:00,34.39655172413793
2024-08-23 19:00:00,40.01379310344828
2024-08-23 20:00:00,40.572758620689655
2024-08-23 21:00:00,44.23357142857143
2024-08-23 22:00:00,46.62821428571429
2024-08-23 23:00:00,47.01481481481482
2024-08-24 00:00:00,46.476551724137934
2024-08-24 01:00:00,42.97034482758621
2024-08-24 02:00:00,45.70892857142858
2024-08-24 03:00:00,43.87035714285714
2024-08-24 04:00:00,47.58964285714286
2024-08-24 05:00:00,46.717499999999994
2024-08-24 06:00:00,49.738928571428566
2024-08-24 07:00:00,60.013448275862075
2024-08-24 08:00:00,73.92586206896551
2024-08-24 09:00:00,75.57888888888888
2024-08-24 10:00:00,68.22607142857143
2024-08-24 11:00:00,59.56142857142857
2024-08-24 12:00:00,54.09703703703703
2024-08-24 13:00:00,49.41035714285714
2024-08-24 14:00:00,42.58137931034483
2024-08-24 15:00:00,35.567241379310346
2024-08-24 16:00:00,36.38689655172414
2024-08-24 17:00:00,39.34172413793104
2024-08-24 18:00:00,34.184642857142855
2024-08-24 19:00:00,35.68821428571429
2024-08-24 20:00:00,40.12464285714286
2024-08-24 21:00:00,39.20379310344828
2024-08-24 22:00:00,42.81068965517241
2024-08-24 23:00:00,46.98586206896552
2024-08-25 00:00:00,49.721428571428575
2024-08-25 01:00:00,49.20620689655173
2024-08-25 02:00:00,36.284827586206895
2024-08-25 03:00:00,20.159629629629627
2024-08-25 04:00:00,19.068214285714284
2024-08-25 05:00:00,21.799655172413797
2024-08-25 06:00:00,21.648214285714285
2024-08-25 07:00:00,24.795172413793104
2024-08-25 08:00:00,24.792857142857144
2024-08-25 09:00:00,26.66037037037037
2024-08-25 10:00:00,28.356896551724137
2024-08-25 11:00:00,30.641785714285714
2024-08-25 12:00:00,26.19142857142857
2024-08-25 13:00:00,25.91931034482759
2024-08-25 14:00:00,19.41862068965517
2024-08-25 15:00:00,17.522758620689658
2024-08-25 16:00:00,16.149285714285714
2024-08-25 17:00:00,15.57551724137931
2024-08-25 18:00:00,14.587037037037037
2024-08-25 19:00:00,19.95357142857143
2024-08-25 20:00:00,25.795517241379308
2024-08-25 21:00:00,28.37379310344827
2024-08-25 22:00:00,25.36785714285714
2024-08-25 23:00:00,23.680689655172415
2024-08-26 00:00:00,20.999642857142856
2024-08-26 01:00:00,19.433103448275865
2024-08-26 02:00:00,18.49551724137931
2024-08-26 03:00:00,25.470344827586207
2024-08-26 04:00:00,25.69423076923077
2024-08-26 05:00:00,22.49074074074074
2024-08-26 06:00:00,25.847407407407406
2024-08-26 07:00:00,28.771428571428572
2024-08-26 08:00:00,32.167857142857144
2024-08-26 09:00:00,33.932857142857145
2024-08-26 10:00:00,31.774814814814814
2024-08-26 11:00:00,32.68642857142857
2024-08-26 12:00:00,31.693333333333335
2024-08-26 13:00:00,31.063214285714285
2024-08-26 14:00:00,27.008518518518525
2024-08-26 15:00:00,27.12607142857143
2024-08-26 16:00:00,21.754814814814814
2024-08-26 17:00:00,19.51785714285714
2024-08-26 18:00:00,26.774615384615387
2024-08-26 19:00:00,28.705357142857142
2024-08-26 20:00:00,32.573928571428574
2024-08-26 21:00:00,33.79107142857143
2024-08-26 22:00:00,32.095555555555556
2024-08-26 23:00:00,31.954642857142854
2024-08-27 00:00:00,27.319615384615386
2024-08-27 01:00:00,15.03217391304348
2024-08-27 02:00:00,17.065833333333334
2024-08-27 03:00:00,26.3537037037037
2024-08-27 04:00:00,25.142592592592592
2024-08-27 05:00:00,24.694074074074074
2024-08-27 06:00:00,23.402962962962963
2024-08-27 07:00:00,25.915555555555557
2024-08-27 08:00:00,22.56576923076923
2024-08-27 09:00:00,18.44142857142857
2024-08-27 10:00:00,19.588518518518523
2024-08-27 11:00:00,19.310714285714287
2024-08-27 12:00:00,14.676428571428572
2024-08-27 13:00:00,13.570357142857144
2024-08-27 14:00:00,11.442758620689654
2024-08-27 15:00:00,14.27344827586207
2024-08-27 16:00:00,14.73
2024-08-27 17:00:00,14.908333333333335
2024-08-27 18:00:00,15.414137931034482
2024-08-27 19:00:00,19.144000000000002
2024-08-27 20:00:00,21.74655172413793
2024-08-27 21:00:00,24.31833333333333
2024-08-27 22:00:00,25.322413793103443
2024-08-27 23:00:00,25.338
2024-08-28 00:00:00,24.99137931034483
2024-08-28 01:00:00,27.82758620689655
2024-08-28 02:00:00,29.872333333333334
2024-08-28 03:00:00,34.52137931034483
2024-08-28 04:00:00,14.384444444444444
2024-08-28 05:00:00,9.583703703703703
2024-08-28 06:00:00,12.153703703703703
2024-08-28 07:00:00,13.347407407407408
2024-08-28 08:00:00,19.32965517241379
2024-08-28 09:00:00,21.459655172413793
2024-08-28 10:00:00,22.31346153846154
2024-08-28 11:00:00,25.461071428571426
2024-08-28 12:00:00,24.263928571428572
2024-08-28 13:00:00,25.44142857142857
2024-08-28 14:00:00,22.530689655172413
2024-08-28 15:00:00,21.565666666666665
2024-08-28 16:00:00,23.559642857142858
2024-08-28 17:00:00,21.929666666666666
2024-08-28 18:00:00,17.600689655172413
2024-08-28 19:00:00,15.580000000000002
2024-08-28 20:00:00,18.581333333333337
2024-08-28 21:00:00,22.818620689655173
2024-08-28 22:00:00,23.437037037037037
2024-08-28 23:00:00,28.094827586206897
2024-08-29 00:00:00,28.50586206896552
2024-08-29 01:00:00,34.583103448275864
2024-08-29 02:00:00,23.325357142857143
2024-08-29 03:00:00,17.904444444444444
2024-08-29 04:00:00,12.722399999999999
2024-08-29 05:00:00,10.180769230769231
2024-08-29 06:00:00,10.30076923076923
2024-08-29 07:00:00,10.224
2024-08-29 08:00:00,14.271428571428572
2024-08-29 09:00:00,17.93344827586207
2024-08-29 10:00:00,17.17185185185185
2024-08-29 11:00:00,18.764999999999997
2024-08-29 12:00:00,27.50555555555556
2024-08-29 13:00:00,33.83413793103448
2024-08-29 14:00:00,35.52857142857143
2024-08-29 15:00:00,30.561724137931034
2024-08-29 16:00:00,20.764285714285712
2024-08-29 17:00:00,21.858571428571427
2024-08-29 18:00:00,23.37379310344827
2024-08-29 19:00:00,30.805862068965517
2024-08-29 20:00:00,38.352999999999994
2024-08-29 21:00:00,41.45333333333333
2024-08-29 22:00:00,52.037241379310345
2024-08-29 23:00:00,51.72266666666667
2024-08-30 00:00:00,53.245999999999995
2024-08-30 01:00:00,64.24551724137932
2024-08-30 02:00:00,70.85033333333332
2024-08-30 03:00:00,62.078
2024-08-30 04:00:00,63.84
2024-08-30 05:00:00,64.20033333333333
2024-08-30 06:00:00,66.47066666666666
2024-08-30 07:00:00,59.84928571428572
2024-08-30 08:00:00,62.05724137931034
2024-08-30 09:00:00,48.1225
2024-08-30 10:00:00,37.14888888888889
2024-08-30 11:00:00,33.43137931034483
2024-08-30 12:00:00,32.222857142857144
2024-08-30 13:00:00,34.0952
2024-08-30 14:00:00,33.46962962962963
2024-08-30 15:00:00,34.84148148148148
2024-08-30 16:00:00,38.451153846153844
2024-08-30 17:00:00,39.38703703703703
2024-08-30 18:00:00,27.468888888888888
2024-08-30 19:00:00,34.0552
2024-08-30 20:00:00,40.25464285714286
2024-08-30 21:00:00,41.42714285714286
2024-08-30 22:00:00,44.078518518518514
2024-08-30 23:00:00,43.81964285714286
2024-08-31 00:00:00,38.57714285714285
2024-08-31 01:00:00,31.858518518518515
2024-08-31 02:00:00,27.95071428571428
2024-08-31 03:00:00,29.405357142857138
2024-08-31 04:00:00,31.04269230769231
2024-08-31 05:00:00,31.092857142857145
2024-08-31 06:00:00,34.70428571428571
2024-08-31 07:00:00,38.87407407407407
2024-08-31 08:00:00,42.810714285714276
2024-08-31 09:00:00,43.87464285714286
2024-08-31 10:00:00,43.54392857142857
2024-08-31 11:00:00,37.860689655172415
2024-08-31 12:00:00,34.96310344827586
2024-08-31 13:00:00,33.589999999999996
2024-08-31 14:00:00,32.49285714285714
2024-08-31 15:00:00,31.867931034482762
2024-08-31 16:00:00,35.213793103448275
2024-08-31 17:00:00,35.38766666666666
2024-08-31 18:00:00,36.138999999999996
2024-08-31 19:00:00,47.99655172413794
2024-08-31 20:00:00,50.64892857142858
2024-08-31 21:00:00,55.17964285714286
2024-08-31 22:00:00,54.25703703703704
2024-08-31 23:00:00,50.265
2024-09-01 00:00:00,45.345000000000006
2024-09-01 01:00:00,46.559333333333335
2024-09-01 02:00:00,41.08833333333334
2024-09-01 03:00:00,37.86666666666667
2024-09-01 04:00:00,37.53896551724138
2024-09-01 05:00:00,37.925666666666665
2024-09-01 06:00:00,37.22266666666667
2024-09-01 07:00:00,38.9196551724138
2024-09-01 08:00:00,40.022068965517235
2024-09-01 09:00:00,41.487
2024-09-01 10:00:00,38.72724137931034
2024-09-01 11:00:00,37.013999999999996
2024-09-01 12:00:00,37.757333333333335
2024-09-01 13:00:00,35.46931034482759
2024-09-01 14:00:00,35.605
2024-09-01 15:00:00,36.004999999999995
2024-09-01 16:00:00,34.65133333333333
2024-09-01 17:00:00,32.13166666666667
2024-09-01 18:00:00,32.52655172413793
2024-09-01 19:00:00,38.92321428571429
2024-09-01 20:00:00,45.36206896551724
2024-09-01 21:00:00,50.36689655172414
2024-09-01 22:00:00,53.80827586206897
2024-09-01 23:00:00,51.66866666666667
2024-09-02 00:00:00,40.38
2024-09-02 01:00:00,29.574827586206894
2024-09-02 02:00:00,26.454333333333334
2024-09-02 03:00:00,22.26966666666667
2024-09-02 04:00:00,21.818965517241384
2024-09-02 05:00:00,22.375333333333334
2024-09-02 06:00:00,25.158666666666665
2024-09-02 07:00:00,32.354642857142856
2024-09-02 08:00:00,37.378
2024-09-02 09:00:00,36.702999999999996
2024-09-02 10:00:00,39.62344827586207
2024-09-02 11:00:00,39.33862068965517
2024-09-02 12:00:00,34.542
2024-09-02 13:00:00,33.71241379310345
2024-09-02 14:00:00,31.86931034482759
2024-09-02 15:00:00,26.61586206896552
2024-09-02 16:00:00,32.85333333333333
2024-09-02 17:00:00,29.24857142857143
2024-09-02 18:00:00,24.400344827586206
2024-09-02 19:00:00,28.505172413793108
2024-09-02 20:00:00,31.652962962962963
2024-09-02 21:00:00,38.074999999999996
2024-09-02 22:00:00,41.730714285714285
2024-09-02 23:00:00,43.78074074074074
2024-09-03 00:00:00,41.3862962962963
2024-09-03 01:00:00,38.73851851851852
2024-09-03 02:00:00,39.98777777777778
2024-09-03 03:00:00,33.63148148148148
2024-09-03 04:00:00,35.94703703703704
2024-09-03 05:00:00,35.391481481481485
2024-09-03 06:00:00,35.42777777777778
2024-09-03 07:00:00,33.61703703703704
2024-09-03 08:00:00,35.343333333333334
2024-09-03 09:00:00,34.21074074074074
2024-09-03 10:00:00,33.42923076923077
2024-09-03 11:00:00,33.284642857142856
2024-09-03 12:00:00,32.612857142857145
2024-09-03 13:00:00,31.9725
2024-09-03 14:00:00,29.454827586206896
2024-09-03 15:00:00,28.04344827586207
2024-09-03 16:00:00,24.430344827586207
2024-09-03 17:00:00,28.818928571428568
2024-09-03 18:00:00,30.34551724137931
2024-09-03 19:00:00,33.91851851851852
2024-09-03 20:00:00,40.49793103448276
2024-09-03 21:00:00,37.47535714285714
2024-09-03 22:00:00,30.494444444444444
2024-09-03 23:00:00,25.884074074074075
2024-09-04 00:00:00,23.201785714285712
2024-09-04 01:00:00,26.27607142857143
2024-09-04 02:00:00,26.69214285714286
2024-09-04 03:00:00,20.692592592592593
2024-09-04 04:00:00,22.100344827586206
2024-09-04 05:00:00,23.62
2024-09-04 06:00:00,20.466206896551725
2024-09-04 07:00:00,23.850344827586206
2024-09-04 08:00:00,27.915517241379312
2024-09-04 09:00:00,27.84241379310345
2024-09-04 10:00:00,31.658
2024-09-04 11:00:00,32.68933333333333
2024-09-04 12:00:00,33.525333333333336
2024-09-04 13:00:00,24.98766666666667
2024-09-04 14:00:00,15.931785714285715
2024-09-04 15:00:00,10.056153846153846
2024-09-04 16:00:00,10.779200000000001
2024-09-04 17:00:00,15.254444444444445
2024-09-04 18:00:00,18.6975
2024-09-04 19:00:00,20.725384615384616
2024-09-04 20:00:00,22.723793103448276
2024-09-04 21:00:00,23.45310344827586
2024-09-04 22:00:00,23.211785714285718
2024-09-04 23:00:00,23.8175
2024-09-05 00:00:00,23.779310344827586
2024-09-05 01:00:00,26.635555555555555
2024-09-05 02:00:00,23.41862068965517
2024-09-05 03:00:00,20.407142857142855
2024-09-05 04:00:00,22.689655172413797
2024-09-05 05:00:00,20.444285714285712
2024-09-05 06:00:00,23.02068965517241
2024-09-05 07:00:00,24.54321428571429
2024-09-05 08:00:00,29.681785714285716
2024-09-05 09:00:00,29.144482758620686
2024-09-05 10:00:00,35.64555555555556
2024-09-05 11:00:00,42.275357142857146
2024-09-05 12:00:00,41.287241379310345
2024-09-05 13:00:00,45.601851851851855
2024-09-05 14:00:00,67.63758620689656
2024-09-05 15:00:00,53.88433333333334
2024-09-05 16:00:00,53.764137931034476
2024-09-05 17:00:00,55.745999999999995
2024-09-05 18:00:00,56.718333333333334
2024-09-05 19:00:00,51.858275862068965
2024-09-05 20:00:00,51.52862068965518
2024-09-05 21:00:00,50.21931034482758
2024-09-05 22:00:00,49.818
2024-09-05 23:00:00,51.72034482758621
2024-09-06 00:00:00,45.689
2024-09-06 01:00:00,41.632413793103446
2024-09-06 02:00:00,35.217241379310344
2024-09-06 03:00:00,41.22689655172414
2024-09-06 04:00:00,41.73678571428571
2024-09-06 05:00:00,43.14740740740741
2024-09-06 06:00:00,45.68379310344828
2024-09-06 07:00:00,42.97068965517241
2024-09-06 08:00:00,33.614
2024-09-06 09:00:00,24.118275862068963
2024-09-06 10:00:00,25.39892857142857
2024-09-06 11:00:00,20.469629629629633
2024-09-06 12:00:00,15.158275862068967
2024-09-06 13:00:00,14.998214285714285
2024-09-06 14:00:00,21.499655172413792
2024-09-06 15:00:00,23.6375
2024-09-06 16:00:00,23.055862068965517
2024-09-06 17:00:00,21.72964285714286
2024-09-06 18:00:00,13.644444444444446
2024-09-06 19:00:00,15.820357142857144
2024-09-06 20:00:00,24.699310344827584
2024-09-06 21:00:00,28.91448275862069
2024-09-06 22:00:00,24.068275862068965
2024-09-06 23:00:00,20.844642857142855
2024-09-07 00:00:00,18.947241379310345
2024-09-07 01:00:00,18.7448275862069
2024-09-07 02:00:00,22.540344827586207
2024-09-07 03:00:00,22.605862068965518
2024-09-07 04:00:00,21.482142857142858
2024-09-07 05:00:00,22.023703703703703
2024-09-07 06:00:00,24.415517241379312
2024-09-07 07:00:00,30.351034482758617
2024-09-07 08:00:00,39.227500000000006
2024-09-07 09:00:00,38.18448275862069
2024-09-07 10:00:00,26.458965517241378
2024-09-07 11:00:00,22.9075
2024-09-07 12:00:00,24.309999999999995
2024-09-07 13:00:00,24.543103448275858
2024-09-07 14:00:00,29.255555555555556
2024-09-07 15:00:00,26.585
2024-09-07 16:00:00,29.158928571428568
2024-09-07 17:00:00,27.226785714285715
2024-09-07 18:00:00,28.313103448275864
2024-09-07 19:00:00,34.25785714285714
2024-09-07 20:00:00,33.28740740740741
2024-09-07 21:00:00,32.12481481481481
2024-09-07 22:00:00,31.665714285714284
2024-09-07 23:00:00,31.786071428571432
2024-09-08 00:00:00,33.22807692307692
2024-09-08 01:00:00,34.58518518518519
2024-09-08 02:00:00,33.928518518518516
2024-09-08 03:00:00,35.84370370370371
2024-09-08 04:00:00,39.00653846153846
2024-09-08 05:00:00,48.10192307692308
2024-09-08 06:00:00,50.452592592592595
2024-09-08 07:00:00,53.10666666666667
2024-09-08 08:00:00,54.94555555555556
2024-09-08 09:00:00,56.16074074074075
2024-09-08 10:00:00,54.74357142857143
2024-09-08 11:00:00,57.205357142857146
2024-09-08 12:00:00,63.56296296296296
2024-09-08 13:00:00,60.36551724137931
2024-09-08 14:00:00,56.95
2024-09-08 15:00:00,50.70551724137931
2024-09-08 16:00:00,50.70607142857143
2024-09-08 17:00:00,53.42035714285714
2024-09-08 18:00:00,49.683703703703706
2024-09-08 19:00:00,51.85785714285714
2024-09-08 20:00:00,54.01
2024-09-08 21:00:00,53.71296296296296
2024-09-08 22:00:00,54.35678571428572
2024-09-08 23:00:00,52.9425
2024-09-09 00:00:00,54.189285714285724
2024-09-09 01:00:00,58.901785714285715
2024-09-09 02:00:00,58.12857142857143
2024-09-09 03:00:00,51.0225
2024-09-09 04:00:00,46.849999999999994
2024-09-09 05:00:00,43.49192307692309
2024-09-09 06:00:00,41.99666666666667
2024-09-09 07:00:00,47.34178571428571
2024-09-09 08:00:00,59.17333333333334
2024-09-09 09:00:00,58.18678571428571
2024-09-09 10:00:00,55.49571428571429
2024-09-09 11:00:00,56.465714285714284
2024-09-09 12:00:00,56.37103448275863
2024-09-09 13:00:00,53.730000000000004
2024-09-09 14:00:00,52.81037037037037
2024-09-09 15:00:00,48.07
2024-09-09 16:00:00,42.46714285714286
2024-09-09 17:00:00,43.55535714285714
2024-09-09 18:00:00,36.60285714285715
2024-09-09 19:00:00,35.95448275862069
2024-09-09 20:00:00,38.05241379310344
2024-09-09 21:00:00,40.742413793103445
2024-09-09 22:00:00,40.55965517241379
2024-09-09 23:00:00,42.08862068965517
2024-09-10 00:00:00,47.80206896551724
2024-09-10 01:00:00,54.86285714285714
2024-09-10 02:00:00,57.68142857142857
2024-09-10 03:00:00,51.59931034482758
2024-09-10 04:00:00,48.562758620689664
2024-09-10 05:00:00,36.42344827586207
2024-09-10 06:00:00,38.23689655172414
2024-09-10 07:00:00,43.36137931034483
2024-09-10 08:00:00,53.044642857142854
2024-09-10 09:00:00,57.060344827586206
2024-09-10 10:00:00,57.604827586206895
2024-09-10 11:00:00,52.378214285714286
2024-09-10 12:00:00,47.121071428571426
2024-09-10 13:00:00,41.767037037037035
2024-09-10 14:00:00,41.92703703703704
2024-09-10 15:00:00,40.26153846153846
2024-09-10 16:00:00,32.15518518518519
2024-09-10 17:00:00,16.197307692307692
2024-09-10 18:00:00,16.00923076923077
2024-09-10 19:00:00,17.11791666666667
2024-09-10 20:00:00,21.432399999999998
2024-09-10 21:00:00,25.845
2024-09-10 22:00:00,28.502962962962965
2024-09-10 23:00:00,29.647407407407407
2024-09-11 00:00:00,28.12846153846154
2024-09-11 01:00:00,33.21846153846154
2024-09-11 02:00:00,33.211851851851854
2024-09-11 03:00:00,32.86192307692308
2024-09-11 04:00:00,33.86814814814815
2024-09-11 05:00:00,38.22038461538462
2024-09-11 06:00:00,43.05615384615385
2024-09-11 07:00:00,39.028888888888886
2024-09-11 08:00:00,44.72925925925926
2024-09-11 09:00:00,39.64518518518518
2024-09-11 10:00:00,23.053461538461537
2024-09-11 11:00:00,22.990000000000002
2024-09-11 12:00:00,26.891379310344828
2024-09-11 13:00:00,29.373214285714287
2024-09-11 14:00:00,27.248888888888885
2024-09-11 15:00:00,23.571785714285717
2024-09-11 16:00:00,20.556071428571432
2024-09-11 17:00:00,20.548928571428572
2024-09-11 18:00:00,25.751923076923074
2024-09-11 19:00:00,31.21346153846154
2024-09-11 20:00:00,44.317857142857136
2024-09-11 21:00:00,53.095000000000006
2024-09-11 22:00:00,51.71607142857143
2024-09-11 23:00:00,52.53249999999999
2024-09-12 00:00:00,40.301785714285714
2024-09-12 01:00:00,30.219285714285714
2024-09-12 02:00:00,33.281851851851854
2024-09-12 03:00:00,36.72535714285714
2024-09-12 04:00:00,32.691538461538464
2024-09-12 05:00:00,14.2028
2024-09-12 06:00:00,10.187999999999999
2024-09-12 07:00:00,10.325769230769232
2024-09-12 08:00:00,10.2272
2024-09-12 09:00:00,12.708148148148148
2024-09-12 10:00:00,12.067407407407407
2024-09-12 11:00:00,9.777000000000001
2024-09-12 12:00:00,10.884347826086957
2024-09-12 13:00:00,9.500909090909092
2024-09-12 14:00:00,8.954210526315789
2024-09-12 15:00:00,10.671818181818182
2024-09-12 16:00:00,8.1935
2024-09-12 17:00:00,12.8335
2024-09-12 18:00:00,6.9604
2024-09-12 19:00:00,19.993157894736843
2024-09-12 20:00:00,11.558636363636364
2024-09-12 21:00:00,11.541818181818183
2024-09-12 22:00:00,12.363750000000001
2024-09-12 23:00:00,10.570416666666667
2024-09-13 00:00:00,10.326086956521738
2024-09-13 01:00:00,10.322105263157894
2024-09-13 02:00:00,8.03952380952381
2024-09-13 03:00:00,10.489333333333333
2024-09-13 04:00:00,8.698333333333332
2024-09-13 05:00:00,8.280625
2024-09-13 06:00:00,10.813571428571427
2024-09-13 07:00:00,8.952666666666666
2024-09-13 08:00:00,10.24409090909091
2024-09-13 09:00:00,10.957727272727272
2024-09-13 10:00:00,16.0064
2024-09-13 11:00:00,20.139130434782608
2024-09-13 12:00:00,18.892500000000002
2024-09-13 13:00:00,23.392083333333332
2024-09-13 14:00:00,21.529600000000002
2024-09-13 15:00:00,25.45041666666667
2024-09-13 16:00:00,24.707200000000004
2024-09-13 17:00:00,25.52782608695652
2024-09-13 18:00:00,17.7425
2024-09-13 19:00:00,19.906666666666666
2024-09-13 20:00:00,24.892307692307693
2024-09-13 21:00:00,25.772399999999998
2024-09-13 22:00:00,27.185925925925925
2024-09-13 23:00:00,19.066296296296294
2024-09-14 00:00:00,16.384999999999998
2024-09-14 01:00:00,16.20230769230769
2024-09-14 02:00:00,12.381538461538462
2024-09-14 03:00:00,13.064166666666667
2024-09-14 04:00:00,14.771538461538464
2024-09-14 05:00:00,15.5948
2024-09-14 06:00:00,16.3756
2024-09-14 07:00:00,22.6552
2024-09-14 08:00:00,26.532592592592593
2024-09-14 09:00:00,21.691599999999998
2024-09-14 10:00:00,22.551111111111116
2024-09-14 11:00:00,28.801851851851854
2024-09-14 12:00:00,36.64269230769231
2024-09-14 13:00:00,37.07259259259259
2024-09-14 14:00:00,36.40178571428571
2024-09-14 15:00:00,37.154074074074074
2024-09-14 16:00:00,35.14857142857143
2024-09-14 17:00:00,33.208214285714284
2024-09-14 18:00:00,32.309999999999995
2024-09-14 19:00:00,33.0625
2024-09-14 20:00:00,45.920370370370364
2024-09-14 21:00:00,47.44285714285714
2024-09-14 22:00:00,44.455714285714286
2024-09-14 23:00:00,40.30678571428571
2024-09-15 00:00:00,40.37962962962962
2024-09-15 01:00:00,43.57333333333333
2024-09-15 02:00:00,44.589642857142856
2024-09-15 03:00:00,44.85821428571428
2024-09-15 04:00:00,43.324444444444445
2024-09-15 05:00:00,35.54821428571429
2024-09-15 06:00:00,32.36535714285714
2024-09-15 07:00:00,33.58148148148148
2024-09-15 08:00:00,36.54
2024-09-15 09:00:00,33.50571428571429
2024-09-15 10:00:00,34.36714285714286
2024-09-15 11:00:00,36.0225
2024-09-15 12:00:00,40.39038461538462
2024-09-15 13:00:00,38.607692307692304
2024-09-15 14:00:00,38.2962962962963
2024-09-15 15:00:00,43.81461538461539
2024-09-15 16:00:00,42.61931034482759
2024-09-15 17:00:00,44.83103448275862
2024-09-15 18:00:00,39.956785714285715
2024-09-15 19:00:00,46.29482758620689
2024-09-15 20:00:00,55.955862068965516
2024-09-15 21:00:00,56.51758620689655
2024-09-15 22:00:00,45.23862068965518
2024-09-15 23:00:00,48.4703448275862
2024-09-16 00:00:00,61.30068965517241
2024-09-16 01:00:00,50.73821428571428
2024-09-16 02:00:00,48.98724137931035
2024-09-16 03:00:00,48.11535714285714
2024-09-16 04:00:00,50.51689655172414
2024-09-16 05:00:00,54.053448275862074
2024-09-16 06:00:00,52.400000000000006
2024-09-16 07:00:00,47.246428571428574
2024-09-16 08:00:00,40.5648275862069
2024-09-16 09:00:00,41.72551724137931
2024-09-16 10:00:00,41.60724137931035
2024-09-16 11:00:00,41.32344827586206
2024-09-16 12:00:00,44.62535714285714
2024-09-16 13:00:00,45.848888888888894
2024-09-16 14:00:00,47.20586206896551
2024-09-16 15:00:00,51.781724137931036
2024-09-16 16:00:00,47.27607142857142
2024-09-16 17:00:00,51.66344827586208
2024-09-16 18:00:00,46.55321428571428
2024-09-16 19:00:00,55.688620689655174
2024-09-16 20:00:00,67.74758620689656
2024-09-16 21:00:00,72.90896551724138
2024-09-16 22:00:00,71.90344827586206
2024-09-16 23:00:00,71.42310344827587
2024-09-17 00:00:00,72.31172413793104
2024-09-17 01:00:00,69.92689655172413
2024-09-17 02:00:00,64.0796551724138
2024-09-17 03:00:00,62.970000000000006
2024-09-17 04:00:00,63.67896551724138
2024-09-17 05:00:00,60.27034482758621
2024-09-17 06:00:00,56.57448275862068
2024-09-17 07:00:00,56.14241379310345
2024-09-17 08:00:00,57.66758620689656
2024-09-17 09:00:00,53.7303448275862
2024-09-17 10:00:00,53.293103448275865
2024-09-17 11:00:00,53.172413793103445
2024-09-17 12:00:00,60.33103448275862
2024-09-17 13:00:00,70.63724137931034
2024-09-17 14:00:00,70.02285714285713
2024-09-17 15:00:00,76.0896551724138
2024-09-17 16:00:00,71.13357142857144
2024-09-17 17:00:00,68.81777777777778
2024-09-17 18:00:00,64.92392857142856
2024-09-17 19:00:00,52.84206896551724
2024-09-17 20:00:00,36.69482758620689
2024-09-17 21:00:00,35.43931034482759
2024-09-17 22:00:00,39.214285714285715
2024-09-17 23:00:00,43.38535714285714
2024-09-18 00:00:00,50.04892857142857
2024-09-18 01:00:00,60.933571428571426
2024-09-18 02:00:00,52.00821428571429
2024-09-18 03:00:00,52.97678571428571
2024-09-18 04:00:00,55.245000000000005
2024-09-18 05:00:00,54.68357142857143
2024-09-18 06:00:00,55.42892857142857
2024-09-18 07:00:00,56.23142857142857
2024-09-18 08:00:00,57.50178571428571
2024-09-18 09:00:00,68.53655172413792
2024-09-18 10:00:00,70.41571428571429
2024-09-18 11:00:00,55.10103448275862
2024-09-18 12:00:00,31.015172413793106
2024-09-18 13:00:00,27.80461538461538
2024-09-18 14:00:00,16.88478260869565
2024-09-18 15:00:00,13.94
2024-09-18 16:00:00,14.230344827586206
2024-09-18 17:00:00,15.421071428571427
2024-09-18 18:00:00,16.725555555555555
2024-09-18 19:00:00,16.15814814814815
2024-09-18 20:00:00,14.83642857142857
2024-09-18 21:00:00,13.557857142857143
2024-09-18 22:00:00,13.424230769230771
2024-09-18 23:00:00,14.16777777777778
2024-09-19 00:00:00,13.32777777777778
2024-09-19 01:00:00,13.232000000000001
2024-09-19 02:00:00,10.138636363636364
2024-09-19 03:00:00,10.972500000000002
2024-09-19 04:00:00,10.575
2024-09-19 05:00:00,11.930769230769231
2024-09-19 06:00:00,16.286666666666665
2024-09-19 07:00:00,15.985555555555557
2024-09-19 08:00:00,22.622962962962966
2024-09-19 09:00:00,32.57535714285714
2024-09-19 10:00:00,41.45428571428572
2024-09-19 11:00:00,43.847199999999994
2024-09-19 12:00:00,47.25296296296297
2024-09-19 13:00:00,45.93821428571429
2024-09-19 14:00:00,42.65925925925926
2024-09-19 15:00:00,38.285862068965514
2024-09-19 16:00:00,43.332142857142856
2024-09-19 17:00:00,58.88275862068965
2024-09-19 18:00:00,43.01142857142857
2024-09-19 19:00:00,51.37620689655172
2024-09-19 20:00:00,51.50896551724138
2024-09-19 21:00:00,49.83
2024-09-19 22:00:00,42.898275862068964
2024-09-19 23:00:00,40.680689655172415
2024-09-20 00:00:00,35.67714285714286
2024-09-20 01:00:00,36.20178571428571
2024-09-20 02:00:00,28.31607142857143
2024-09-20 03:00:00,25.7175
2024-09-20 04:00:00,24.006428571428575
2024-09-20 05:00:00,24.865000000000002
2024-09-20 06:00:00,28.933214285714286
2024-09-20 07:00:00,30.29111111111111
2024-09-20 08:00:00,37.97888888888889
2024-09-20 09:00:00,29.24259259259259
2024-09-20 10:00:00,26.604285714285716
2024-09-20 11:00:00,24.45035714285714
2024-09-20 12:00:00,25.014285714285716
2024-09-20 13:00:00,26.24
2024-09-20 14:00:00,29.415555555555557
2024-09-20 15:00:00,33.88035714285714
2024-09-20 16:00:00,32.629642857142855
2024-09-20 17:00:00,31.59
2024-09-20 18:00:00,30.898571428571426
2024-09-20 19:00:00,33.96821428571428
2024-09-20 20:00:00,39.62678571428571
2024-09-20 21:00:00,48.465714285714284
2024-09-20 22:00:00,49.20464285714286
2024-09-20 23:00:00,47.379999999999995
2024-09-21 00:00:00,44.939642857142864
2024-09-21 01:00:00,43.725
2024-09-21 02:00:00,39.229642857142856
2024-09-21 03:00:00,30.40642857142857
2024-09-21 04:00:00,28.028518518518517
2024-09-21 05:00:00,26.66071428571429
2024-09-21 06:00:00,32.437777777777775
2024-09-21 07:00:00,38.57888888888889
2024-09-21 08:00:00,44.423571428571435
2024-09-21 09:00:00,38.76607142857142
2024-09-21 10:00:00,33.29892857142857
2024-09-21 11:00:00,34.294137931034484
2024-09-21 12:00:00,39.02862068965518
2024-09-21 13:00:00,40.34827586206896
2024-09-21 14:00:00,38.18714285714286
2024-09-21 15:00:00,37.30310344827586
2024-09-21 16:00:00,35.85068965517241
2024-09-21 17:00:00,37.97827586206897
2024-09-21 18:00:00,52.270714285714284
2024-09-21 19:00:00,56.73724137931034
2024-09-21 20:00:00,68.46137931034482
2024-09-21 21:00:00,74.235
2024-09-21 22:00:00,75.44814814814815
2024-09-21 23:00:00,81.37296296296296
2024-09-22 00:00:00,79.79678571428572
2024-09-22 01:00:00,80.93749999999999
2024-09-22 02:00:00,75.16074074074074
2024-09-22 03:00:00,71.50148148148148
2024-09-22 04:00:00,69.16666666666667
2024-09-22 05:00:00,68.15148148148148
2024-09-22 06:00:00,74.78076923076922
2024-09-22 07:00:00,79.97800000000001
2024-09-22 08:00:00,84.2348148148148
2024-09-22 09:00:00,81.21259259259259
2024-09-22 10:00:00,89.02074074074073
2024-09-22 11:00:00,76.22
2024-09-22 12:00:00,64.69000000000001
2024-09-22 13:00:00,62.11178571428571
2024-09-22 14:00:00,62.161785714285706
2024-09-22 15:00:00,59.75925925925926
2024-09-22 16:00:00,63.78178571428572
2024-09-22 17:00:00,61.77607142857143
2024-09-22 18:00:00,59.59444444444445
2024-09-22 19:00:00,67.6837037037037
2024-09-22 20:00:00,67.67925925925925
2024-09-22 21:00:00,70.2762962962963
2024-09-22 22:00:00,73.81703703703704
2024-09-22 23:00:00,74.30962962962963
2024-09-23 00:00:00,77.68115384615385
2024-09-23 01:00:00,76.04384615384615
2024-09-23 02:00:00,71.66576923076923
2024-09-23 03:00:00,73.55653846153845
2024-09-23 04:00:00,73.78
2024-09-23 05:00:00,70.36576923076923
2024-09-23 06:00:00,70.8076923076923
2024-09-23 07:00:00,78.43518518518519
2024-09-23 08:00:00,86.07423076923077
2024-09-23 09:00:00,83.02222222222224
2024-09-23 10:00:00,81.22923076923078
2024-09-23 11:00:00,76.32576923076923
2024-09-23 12:00:00,71.08461538461538
2024-09-23 13:00:00,71.866
2024-09-23 14:00:00,74.56153846153846
2024-09-23 15:00:00,71.62074074074074
2024-09-23 16:00:00,70.78370370370371
2024-09-23 17:00:00,71.38857142857144
2024-09-23 18:00:00,69.50071428571428
2024-09-23 19:00:00,74.75071428571428
2024-09-23 20:00:00,80.54678571428572
2024-09-23 21:00:00,83.49892857142856
2024-09-23 22:00:00,90.60607142857144
2024-09-23 23:00:00,91.46178571428571
2024-09-24 00:00:00,95.25392857142857
2024-09-24 01:00:00,91.38107142857143
2024-09-24 02:00:00,87.55846153846154
2024-09-24 03:00:00,86.86692307692307
2024-09-24 04:00:00,84.94
2024-09-24 05:00:00,82.97923076923075
2024-09-24 06:00:00,87.09615384615387
2024-09-24 07:00:00,94.1776923076923
2024-09-24 08:00:00,100.93346153846154
2024-09-24 09:00:00,92.8062962962963
2024-09-24 10:00:00,91.91407407407408
2024-09-24 11:00:00,88.2975
2024-09-24 12:00:00,94.77518518518518
2024-09-24 13:00:00,96.45115384615384
2024-09-24 14:00:00,93.32076923076923
2024-09-24 15:00:00,97.08807692307693
2024-09-24 16:00:00,92.53444444444443
2024-09-24 17:00:00,92.35444444444444
2024-09-24 18:00:00,94.46925925925926
2024-09-24 19:00:00,97.10296296296295
2024-09-24 20:00:00,99.31230769230768
2024-09-24 21:00:00,104.33296296296295
2024-09-24 22:00:00,114.46592592592593
2024-09-24 23:00:00,120.09500000000001
2024-09-25 00:00:00,123.07444444444445
2024-09-25 01:00:00,124.50884615384615
2024-09-25 02:00:00,120.72884615384615
2024-09-25 03:00:00,113.59730769230768
2024-09-25 04:00:00,103.13653846153846
2024-09-25 05:00:00,103.88307692307693
2024-09-25 06:00:00,102.32307692307693
2024-09-25 07:00:00,121.51730769230768
2024-09-25 08:00:00,122.24518518518518
2024-09-25 09:00:00,110.33214285714287
2024-09-25 10:00:00,114.41379310344827
2024-09-25 11:00:00,110.19206896551725
2024-09-25 12:00:00,95.73862068965518
2024-09-25 13:00:00,80.11777777777777
2024-09-25 14:00:00,72.84357142857142
2024-09-25 15:00:00,67.54428571428572
2024-09-25 16:00:00,54.41285714285714
2024-09-25 17:00:00,45.93344827586207
2024-09-25 18:00:00,41.07714285714286
2024-09-25 19:00:00,45.692068965517244
2024-09-25 20:00:00,42.94517241379311
2024-09-25 21:00:00,38.71785714285714
2024-09-25 22:00:00,32.90241379310345
2024-09-25 23:00:00,28.298965517241378
2024-09-26 00:00:00,27.29241379310345
2024-09-26 01:00:00,28.982857142857142
2024-09-26 02:00:00,24.183333333333334
2024-09-26 03:00:00,25.506428571428568
2024-09-26 04:00:00,26.125714285714285
2024-09-26 05:00:00,26.548928571428572
2024-09-26 06:00:00,27.69
2024-09-26 07:00:00,28.192758620689656
2024-09-26 08:00:00,29.589655172413792
2024-09-26 09:00:00,31.185862068965516
2024-09-26 10:00:00,36.28310344827587
2024-09-26 11:00:00,36.75428571428572
2024-09-26 12:00:00,32.325172413793105
2024-09-26 13:00:00,33.306785714285716
2024-09-26 14:00:00,29.474137931034484
2024-09-26 15:00:00,21.902413793103445
2024-09-26 16:00:00,21.58793103448276
2024-09-26 17:00:00,20.369655172413793
2024-09-26 18:00:00,22.852758620689656
2024-09-26 19:00:00,27.697586206896553
2024-09-26 20:00:00,25.728620689655173
2024-09-26 21:00:00,29.243571428571432
2024-09-26 22:00:00,30.23275862068965
2024-09-26 23:00:00,27.664827586206897
2024-09-27 00:00:00,26.407586206896553
2024-09-27 01:00:00,25.813448275862065
2024-09-27 02:00:00,25.207241379310343
2024-09-27 03:00:00,22.938620689655174
2024-09-27 04:00:00,18.46793103448276
2024-09-27 05:00:00,15.891071428571427
2024-09-27 06:00:00,14.956896551724139
2024-09-27 07:00:00,14.459259259259259
2024-09-27 08:00:00,16.820370370370373
2024-09-27 09:00:00,15.01142857142857
2024-09-27 10:00:00,13.07137931034483
2024-09-27 11:00:00,12.512758620689658
2024-09-27 12:00:00,11.656206896551724
2024-09-27 13:00:00,12.864285714285714
2024-09-27 14:00:00,13.541923076923078
2024-09-27 15:00:00,13.499230769230767
2024-09-27 16:00:00,12.691111111111113
2024-09-27 17:00:00,15.497857142857145
2024-09-27 18:00:00,16.521428571428572
2024-09-27 19:00:00,19.476785714285715
2024-09-27 20:00:00,17.517586206896553
2024-09-27 21:00:00,14.477407407407409
2024-09-27 22:00:00,11.058888888888887
2024-09-27 23:00:00,11.402068965517241
2024-09-28 00:00:00,10.43392857142857
2024-09-28 01:00:00,10.113703703703704
2024-09-28 02:00:00,10.135652173913044
2024-09-28 03:00:00,11.445769230769232
2024-09-28 04:00:00,9.429090909090908
2024-09-28 05:00:00,11.3324
2024-09-28 06:00:00,14.755384615384617
2024-09-28 07:00:00,13.96269230769231
2024-09-28 08:00:00,13.924642857142857
2024-09-28 09:00:00,14.265
2024-09-28 10:00:00,17.08
2024-09-28 11:00:00,19.886785714285715
2024-09-28 12:00:00,26.844074074074072
2024-09-28 13:00:00,31.965
2024-09-28 14:00:00,25.745925925925924
2024-09-28 15:00:00,24.217857142857145
2024-09-28 16:00:00,24.26074074074074
2024-09-28 17:00:00,32.223571428571425
2024-09-28 18:00:00,34.35178571428572
2024-09-28 19:00:00,36.13928571428571
2024-09-28 20:00:00,30.655357142857145
2024-09-28 21:00:00,26.824999999999996
2024-09-28 22:00:00,24.49888888888889
2024-09-28 23:00:00,28.2825
2024-09-29 00:00:00,21.57592592592593
2024-09-29 01:00:00,23.63321428571428
2024-09-29 02:00:00,22.037499999999998
2024-09-29 03:00:00,23.274285714285714
2024-09-29 04:00:00,26.759999999999998
2024-09-29 05:00:00,27.92571428571429
2024-09-29 06:00:00,29.96
2024-09-29 07:00:00,28.712142857142858
2024-09-29 08:00:00,29.751785714285713
2024-09-29 09:00:00,28.319629629629624
2024-09-29 10:00:00,24.912592592592592
2024-09-29 11:00:00,24.63148148148148
2024-09-29 12:00:00,21.685925925925925
2024-09-29 13:00:00,20.01851851851852
2024-09-29 14:00:00,18.31962962962963
2024-09-29 15:00:00,18.583333333333332
2024-09-29 16:00:00,22.585
2024-09-29 17:00:00,20.564814814814813
2024-09-29 18:00:00,23.207142857142856
2024-09-29 19:00:00,30.611785714285713
2024-09-29 20:00:00,42.45714285714286
2024-09-29 21:00:00,52.02111111111111
2024-09-29 22:00:00,55.99444444444444
2024-09-29 23:00:00,57.88962962962962
2024-09-30 00:00:00,56.379629629629626
2024-09-30 01:00:00,61.044074074074075
2024-09-30 02:00:00,65.06518518518519
2024-09-30 03:00:00,70.9864
2024-09-30 04:00:00,70.04851851851852
2024-09-30 05:00:00,67.44461538461539
2024-09-30 06:00:00,67.89807692307691
2024-09-30 07:00:00,70.98461538461538
2024-09-30 08:00:00,78.51444444444444
2024-09-30 09:00:00,71.73851851851852
2024-09-30 10:00:00,60.597500000000004
2024-09-30 11:00:00,52.64035714285715
2024-09-30 12:00:00,49.82629629629629
2024-09-30 13:00:00,49.6
2024-09-30 14:00:00,49.188571428571436
2024-09-30 15:00:00,49.24310344827586
2024-09-30 16:00:00,45.75931034482758
2024-09-30 17:00:00,52.69758620689655
2024-09-30 18:00:00,61.46000000000001
2024-09-30 19:00:00,65.72068965517241
2024-09-30 20:00:00,75.2993103448276
2024-09-30 21:00:00,73.13931034482758
2024-09-30 22:00:00,72.93896551724139
2024-09-30 23:00:00,68.67428571428572
2024-10-01 00:00:00,71.62961538461538
2024-10-01 01:00:00,71.28814814814815
2024-10-01 02:00:00,65.07851851851852
2024-10-01 03:00:00,73.46111111111111
2024-10-01 04:00:00,68.66814814814815
2024-10-01 05:00:00,68.61222222222221
2024-10-01 06:00:00,69.22115384615384
2024-10-01 07:00:00,74.6525925925926
2024-10-01 08:00:00,80.06857142857143
2024-10-01 09:00:00,76.64107142857142
2024-10-01 10:00:00,75.07928571428572
2024-10-01 11:00:00,63.18571428571429
2024-10-01 12:00:00,54.061851851851856
2024-10-01 13:00:00,52.21206896551725
2024-10-01 14:00:00,55.92655172413793
2024-10-01 15:00:00,62.17689655172414
2024-10-01 16:00:00,60.11107142857143
2024-10-01 17:00:00,49.63148148148148
2024-10-01 18:00:00,57.181785714285716
2024-10-01 19:00:00,64.67586206896551
2024-10-01 20:00:00,78.47724137931036
2024-10-01 21:00:00,84.40620689655174
2024-10-01 22:00:00,81.25620689655172
2024-10-01 23:00:00,87.9851724137931
2024-10-02 00:00:00,91.12714285714286
2024-10-02 01:00:00,85.27964285714286
2024-10-02 02:00:00,83.03750000000001
2024-10-02 03:00:00,79.35428571428572
2024-10-02 04:00:00,79.44035714285714
2024-10-02 05:00:00,74.73285714285714
2024-10-02 06:00:00,77.58321428571428
2024-10-02 07:00:00,82.6892857142857
2024-10-02 08:00:00,86.4967857142857
2024-10-02 09:00:00,83.34857142857142
2024-10-02 10:00:00,74.42392857142856
2024-10-02 11:00:00,63.07285714285714
2024-10-02 12:00:00,57.291071428571435
2024-10-02 13:00:00,50.714999999999996
2024-10-02 14:00:00,46.88714285714286
2024-10-02 15:00:00,44.400357142857146
2024-10-02 16:00:00,42.667142857142856
2024-10-02 17:00:00,45.42607142857143
2024-10-02 18:00:00,49.209999999999994
2024-10-02 19:00:00,60.90535714285714
2024-10-02 20:00:00,75.66857142857143
2024-10-02 21:00:00,84.70607142857143
2024-10-02 22:00:00,84.34750000000001
2024-10-02 23:00:00,85.98071428571428
2024-10-03 00:00:00,86.45107142857141
2024-10-03 01:00:00,87.88142857142859
2024-10-03 02:00:00,83.605
2024-10-03 03:00:00,83.22178571428572
2024-10-03 04:00:00,70.72107142857142
2024-10-03 05:00:00,61.14178571428571
2024-10-03 06:00:00,45.70392857142857
2024-10-03 07:00:00,39.57035714285714
2024-10-03 08:00:00,29.991724137931033
2024-10-03 09:00:00,32.70620689655173
2024-10-03 10:00:00,31.898275862068967
2024-10-03 11:00:00,33.035862068965514
2024-10-03 12:00:00,34.450714285714284
2024-10-03 13:00:00,38.54571428571428
2024-10-03 14:00:00,38.579629629629636
2024-10-03 15:00:00,37.390344827586205
2024-10-03 16:00:00,37.81689655172414
2024-10-03 17:00:00,40.56655172413792
2024-10-03 18:00:00,43.643214285714286
2024-10-03 19:00:00,65.58758620689656
2024-10-03 20:00:00,77.87793103448276
2024-10-03 21:00:00,91.82862068965518
2024-10-03 22:00:00,102.51034482758621
2024-10-03 23:00:00,106.32724137931035
2024-10-04 00:00:00,112.75413793103448
2024-10-04 01:00:00,109.21607142857144
2024-10-04 02:00:00,103.18571428571428
2024-10-04 03:00:00,102.66714285714286
2024-10-04 04:00:00,100.77964285714286
2024-10-04 05:00:00,94.18035714285713
2024-10-04 06:00:00,87.29785714285713
2024-10-04 07:00:00,64.04357142857143
2024-10-04 08:00:00,41.58714285714286
2024-10-04 09:00:00,31.63464285714286
2024-10-04 10:00:00,40.28962962962963
2024-10-04 11:00:00,32.24444444444445
2024-10-04 12:00:00,27.870689655172413
2024-10-04 13:00:00,29.923448275862068
2024-10-04 14:00:00,31.206896551724135
2024-10-04 15:00:00,33.980000000000004
2024-10-04 16:00:00,36.49928571428571
2024-10-04 17:00:00,37.19793103448276
2024-10-04 18:00:00,44.652068965517245
2024-10-04 19:00:00,57.68241379310346
2024-10-04 20:00:00,62.85857142857143
2024-10-04 21:00:00,72.68214285714285
2024-10-04 22:00:00,96.57749999999999
2024-10-04 23:00:00,77.89
2024-10-05 00:00:00,75.42962962962963
2024-10-05 01:00:00,77.37962962962963
2024-10-05 02:00:00,86.41607142857141
2024-10-05 03:00:00,69.64250000000001
2024-10-05 04:00:00,58.602500000000006
2024-10-05 05:00:00,43.49821428571429
2024-10-05 06:00:00,32.47888888888889
2024-10-05 07:00:00,28.005000000000003
2024-10-05 08:00:00,31.546428571428574
2024-10-05 09:00:00,29.85607142857143
2024-10-05 10:00:00,29.547142857142855
2024-10-05 11:00:00,30.733571428571427
2024-10-05 12:00:00,31.706923076923076
2024-10-05 13:00:00,32.46423076923077
2024-10-05 14:00:00,31.021153846153844
2024-10-05 15:00:00,29.730384615384615
2024-10-05 16:00:00,26.516153846153845
2024-10-05 17:00:00,26.78962962962963
2024-10-05 18:00:00,30.425925925925927
2024-10-05 19:00:00,41.06111111111112
2024-10-05 20:00:00,57.34888888888889
2024-10-05 21:00:00,69.58038461538462
2024-10-05 22:00:00,75.31615384615385
2024-10-05 23:00:00,75.31307692307692
2024-10-06 00:00:00,62.22961538461538
2024-10-06 01:00:00,60.12807692307692
2024-10-06 02:00:00,49.64307692307693
2024-10-06 03:00:00,47.96615384615385
2024-10-06 04:00:00,53.20461538461538
2024-10-06 05:00:00,53.309230769230766
2024-10-06 06:00:00,49.613076923076925
2024-10-06 07:00:00,43.31346153846154
2024-10-06 08:00:00,35.25615384615385
2024-10-06 09:00:00,38.81038461538461
2024-10-06 10:00:00,47.916153846153854
2024-10-06 11:00:00,46.95692307692308
2024-10-06 12:00:00,40.8448
2024-10-06 13:00:00,39.41708333333333
2024-10-06 14:00:00,34.75333333333334
2024-10-06 15:00:00,31.19875
2024-10-06 16:00:00,29.6504
2024-10-06 17:00:00,28.937037037037037
2024-10-06 18:00:00,32.588846153846156
2024-10-06 19:00:00,41.178888888888885
2024-10-06 20:00:00,51.129629629629626
2024-10-06 21:00:00,53.683461538461536
2024-10-06 22:00:00,46.64692307692308
2024-10-06 23:00:00,46.42961538461538
2024-10-07 00:00:00,49.7724
2024-10-07 01:00:00,55.3516
2024-10-07 02:00:00,56.33038461538461
2024-10-07 03:00:00,53.97615384615384
2024-10-07 04:00:00,50.592307692307685
2024-10-07 05:00:00,50.847692307692306
2024-10-07 06:00:00,55.15846153846154
2024-10-07 07:00:00,62.403703703703705
2024-10-07 08:00:00,65.70074074074074
2024-10-07 09:00:00,60.58962962962963
2024-10-07 10:00:00,56.46888888888889
2024-10-07 11:00:00,49.14038461538462
2024-10-07 12:00:00,45.59576923076922
2024-10-07 13:00:00,39.76923076923077
2024-10-07 14:00:00,33.074814814814815
2024-10-07 15:00:00,30.838846153846152
2024-10-07 16:00:00,27.924074074074074
2024-10-07 17:00:00,28.33230769230769
2024-10-07 18:00:00,32.204
2024-10-07 19:00:00,48.04148148148148
2024-10-07 20:00:00,59.00148148148148
2024-10-07 21:00:00,59.421481481481486
2024-10-07 22:00:00,62.6337037037037
2024-10-07 23:00:00,61.50111111111111
2024-10-08 00:00:00,69.99555555555555
2024-10-08 01:00:00,86.14037037037036
2024-10-08 02:00:00,78.47777777777777
2024-10-08 03:00:00,81.53962962962962
2024-10-08 04:00:00,78.70500000000001
2024-10-08 05:00:00,78.94884615384616
2024-10-08 06:00:00,80.60653846153846
2024-10-08 07:00:00,91.9625925925926
2024-10-08 08:00:00,98.3648148148148
2024-10-08 09:00:00,110.4522222222222
2024-10-08 10:00:00,110.8567857142857
2024-10-08 11:00:00,86.54464285714286
2024-10-08 12:00:00,62.506785714285705
2024-10-08 13:00:00,57.39821428571428
2024-10-08 14:00:00,47.49357142857143
2024-10-08 15:00:00,45.02214285714286
2024-10-08 16:00:00,40.64740740740741
2024-10-08 17:00:00,42.966071428571425
2024-10-08 18:00:00,64.8548275862069
2024-10-08 19:00:00,56.559629629629626
2024-10-08 20:00:00,66.42206896551724
2024-10-08 21:00:00,79.92241379310344
2024-10-08 22:00:00,82.2048275862069
2024-10-08 23:00:00,80.51137931034482
2024-10-09 00:00:00,77.9306896551724
2024-10-09 01:00:00,78.43964285714286
2024-10-09 02:00:00,84.94629629629628
2024-10-09 03:00:00,87.33148148148148
2024-10-09 04:00:00,85.46407407407408
2024-10-09 05:00:00,89.76
2024-10-09 06:00:00,95.06423076923078
2024-10-09 07:00:00,93.63923076923076
2024-10-09 08:00:00,98.02576923076923
2024-10-09 09:00:00,92.16423076923077
2024-10-09 10:00:00,74.85518518518518
2024-10-09 11:00:00,66.61535714285715
2024-10-09 12:00:00,66.32846153846154
2024-10-09 13:00:00,53.74296296296296
2024-10-09 14:00:00,49.599999999999994
2024-10-09 15:00:00,46.87481481481481
2024-10-09 16:00:00,37.608148148148146
2024-10-09 17:00:00,30.91925925925926
2024-10-09 18:00:00,38.53821428571428
2024-10-09 19:00:00,52.038888888888884
2024-10-09 20:00:00,59.28148148148148
2024-10-09 21:00:00,57.45142857142857
2024-10-09 22:00:00,54.1425
2024-10-09 23:00:00,56.64035714285715
2024-10-10 00:00:00,56.50392857142857
2024-10-10 01:00:00,50.482142857142854
2024-10-10 02:00:00,47.10285714285715
2024-10-10 03:00:00,51.52928571428572
2024-10-10 04:00:00,53.6175
2024-10-10 05:00:00,58.25888888888889
2024-10-10 06:00:00,64.04142857142857
2024-10-10 07:00:00,69.07464285714286
2024-10-10 08:00:00,74.11892857142857
2024-10-10 09:00:00,69.39678571428571
2024-10-10 10:00:00,67.70892857142857
2024-10-10 11:00:00,58.683571428571426
2024-10-10 12:00:00,45.684444444444445
2024-10-10 13:00:00,39.37
2024-10-10 14:00:00,33.46103448275863
2024-10-10 15:00:00,26.560714285714287
2024-10-10 16:00:00,25.228214285714284
2024-10-10 17:00:00,25.33206896551724
2024-10-10 18:00:00,32.294137931034484
2024-10-10 19:00:00,48.515517241379314
2024-10-10 20:00:00,60.865517241379315
2024-10-10 21:00:00,61.317241379310346
2024-10-10 22:00:00,64.15896551724137
2024-10-10 23:00:00,64.82448275862069
2024-10-11 00:00:00,67.62206896551724
2024-10-11 01:00:00,69.21620689655172
2024-10-11 02:00:00,66.77068965517242
2024-10-11 03:00:00,67.31275862068965
2024-10-11 04:00:00,66.53
2024-10-11 05:00:00,65.16241379310345
2024-10-11 06:00:00,71.21379310344827
2024-10-11 07:00:00,73.87785714285714
2024-10-11 08:00:00,76.20724137931033
2024-10-11 09:00:00,76.05571428571427
2024-10-11 10:00:00,74.68344827586208
2024-10-11 11:00:00,68.0644827586207
2024-10-11 12:00:00,50.183928571428574
2024-10-11 13:00:00,38.243571428571435
2024-10-11 14:00:00,34.13035714285714
2024-10-11 15:00:00,32.72666666666667
2024-10-11 16:00:00,41.29392857142857
2024-10-11 17:00:00,38.465357142857144
2024-10-11 18:00:00,46.65642857142858
2024-10-11 19:00:00,63.01857142857143
2024-10-11 20:00:00,68.42285714285714
2024-10-11 21:00:00,65.4648275862069
2024-10-11 22:00:00,61.62
2024-10-11 23:00:00,64.3603448275862
2024-10-12 00:00:00,71.52379310344828
2024-10-12 01:00:00,76.98724137931035
2024-10-12 02:00:00,76.35137931034483
2024-10-12 03:00:00,77.48
2024-10-12 04:00:00,72.82724137931034
2024-10-12 05:00:00,79.85758620689654
2024-10-12 06:00:00,79.62310344827587
2024-10-12 07:00:00,76.11620689655173
2024-10-12 08:00:00,73.63758620689656
2024-10-12 09:00:00,75.24482758620691
2024-10-12 10:00:00,65.71103448275862
2024-10-12 11:00:00,62.855000000000004
2024-10-12 12:00:00,53.39275862068966
2024-10-12 13:00:00,47.31896551724138
2024-10-12 14:00:00,43.51499999999999
2024-10-12 15:00:00,39.18964285714286
2024-10-12 16:00:00,36.93551724137931
2024-10-12 17:00:00,37.65620689655172
2024-10-12 18:00:00,45.81517241379311
2024-10-12 19:00:00,62.01896551724138
2024-10-12 20:00:00,92.21999999999998
2024-10-12 21:00:00,121.14965517241379
2024-10-12 22:00:00,150.26517241379312
2024-10-12 23:00:00,152.14379310344827
2024-10-13 00:00:00,145.99482758620687
2024-10-13 01:00:00,142.01285714285714
2024-10-13 02:00:00,128.78137931034482
2024-10-13 03:00:00,123.91310344827586
2024-10-13 04:00:00,126.73172413793102
2024-10-13 05:00:00,123.23428571428572
2024-10-13 06:00:00,126.99827586206898
2024-10-13 07:00:00,131.82214285714284
2024-10-13 08:00:00,139.39214285714283
2024-10-13 09:00:00,133.9825
2024-10-13 10:00:00,108.17785714285715
2024-10-13 11:00:00,86.4832142857143
2024-10-13 12:00:00,68.11964285714286
2024-10-13 13:00:00,58.36107142857143
2024-10-13 14:00:00,43.580357142857146
2024-10-13 15:00:00,33.472857142857144
2024-10-13 16:00:00,30.31714285714286
2024-10-13 17:00:00,32.08185185185185
2024-10-13 18:00:00,44.29035714285715
2024-10-13 19:00:00,65.23321428571428
2024-10-13 20:00:00,85.78740740740741
2024-10-13 21:00:00,111.54777777777778
2024-10-13 22:00:00,119.21346153846154
2024-10-13 23:00:00,132.58923076923077
2024-10-14 00:00:00,144.36461538461538
2024-10-14 01:00:00,145.39807692307693
2024-10-14 02:00:00,155.11518518518517
2024-10-14 03:00:00,146.96074074074073
2024-10-14 04:00:00,139.84653846153847
2024-10-14 05:00:00,145.55629629629632
2024-10-14 06:00:00,158.20884615384617
2024-10-14 07:00:00,161.3925925925926
2024-10-14 08:00:00,166.35037037037037
2024-10-14 09:00:00,155.98370370370372
2024-10-14 10:00:00,153.07666666666668
2024-10-14 11:00:00,135.3685185185185
2024-10-14 12:00:00,107.16535714285715
2024-10-14 13:00:00,77.5167857142857
2024-10-14 14:00:00,52.64071428571429
2024-10-14 15:00:00,39.81275862068965
2024-10-14 16:00:00,33.63107142857143
2024-10-14 17:00:00,32.531481481481485
2024-10-14 18:00:00,37.82629629629629
2024-10-14 19:00:00,60.56344827586207
2024-10-14 20:00:00,79.11379310344827
2024-10-14 21:00:00,87.61965517241379
2024-10-14 22:00:00,94.97172413793103
2024-10-14 23:00:00,103.8458620689655
2024-10-15 00:00:00,99.20206896551724
2024-10-15 01:00:00,102.35413793103449
2024-10-15 02:00:00,114.66137931034483
2024-10-15 03:00:00,104.39586206896551
2024-10-15 04:00:00,106.11379310344829
2024-10-15 05:00:00,110.65965517241379
2024-10-15 06:00:00,109.01137931034484
2024-10-15 07:00:00,99.62586206896552
2024-10-15 08:00:00,101.70689655172414
2024-10-15 09:00:00,103.01517241379311
2024-10-15 10:00:00,97.16758620689656
2024-10-15 11:00:00,80.0206896551724
2024-10-15 12:00:00,63.703103448275854
2024-10-15 13:00:00,56.35000000000001
2024-10-15 14:00:00,50.21357142857143
2024-10-15 15:00:00,45.46517241379311
2024-10-15 16:00:00,47.55777777777779
2024-10-15 17:00:00,50.08678571428572
2024-10-15 18:00:00,58.97827586206897
2024-10-15 19:00:00,87.50068965517241
2024-10-15 20:00:00,98.3951724137931
2024-10-15 21:00:00,112.42551724137931
2024-10-15 22:00:00,117.18103448275862
2024-10-15 23:00:00,116.81827586206897
2024-10-16 00:00:00,111.1648275862069
2024-10-16 01:00:00,114.40241379310343
2024-10-16 02:00:00,115.95107142857141
2024-10-16 03:00:00,119.88758620689656
2024-10-16 04:00:00,110.12137931034482
2024-10-16 05:00:00,107.80241379310345
2024-10-16 06:00:00,106.24344827586206
2024-10-16 07:00:00,105.59758620689655
2024-10-16 08:00:00,111.9948275862069
2024-10-16 09:00:00,120.5206896551724
2024-10-16 10:00:00,111.23862068965518
2024-10-16 11:00:00,98.38413793103449
2024-10-16 12:00:00,75.01392857142858
2024-10-16 13:00:00,67.96103448275862
2024-10-16 14:00:00,59.711724137931036
2024-10-16 15:00:00,56.90392857142857
2024-10-16 16:00:00,55.258620689655174
2024-10-16 17:00:00,62.465555555555554
2024-10-16 18:00:00,75.84884615384615
2024-10-16 19:00:00,104.65
2024-10-16 20:00:00,131.41
2024-10-16 21:00:00,143.91777777777776
2024-10-16 22:00:00,147.51481481481483
2024-10-16 23:00:00,155.567037037037
2024-10-17 00:00:00,171.21857142857144
2024-10-17 01:00:00,167.66481481481478
2024-10-17 02:00:00,176.05185185185184
2024-10-17 03:00:00,168.4933333333333
2024-10-17 04:00:00,163.25333333333333
2024-10-17 05:00:00,166.22111111111113
2024-10-17 06:00:00,170.7774074074074
2024-10-17 07:00:00,179.49481481481482
2024-10-17 08:00:00,197.98555555555555
2024-10-17 09:00:00,210.77076923076922
2024-10-17 10:00:00,167.9808
2024-10-17 11:00:00,118.29481481481481
2024-10-17 12:00:00,94.46359999999999
2024-10-17 13:00:00,76.6208
2024-10-17 14:00:00,64.11518518518518
2024-10-17 15:00:00,64.10115384615385
2024-10-17 16:00:00,67.87769230769231
2024-10-17 17:00:00,69.15964285714286
2024-10-17 18:00:00,80.49444444444444
2024-10-17 19:00:00,105.48714285714286
2024-10-17 20:00:00,135.18214285714285
2024-10-17 21:00:00,156.31962962962965
2024-10-17 22:00:00,176.58481481481485
2024-10-17 23:00:00,173.17851851851853
2024-10-18 00:00:00,170.9323076923077
2024-10-18 01:00:00,174.53692307692307
2024-10-18 02:00:00,165.605
2024-10-18 03:00:00,163.67000000000002
2024-10-18 04:00:00,165.00037037037038
2024-10-18 05:00:00,169.15851851851855
2024-10-18 06:00:00,174.2414814814815
2024-10-18 07:00:00,182.48999999999998
2024-10-18 08:00:00,196.91962962962964
2024-10-18 09:00:00,194.83925925925925
2024-10-18 10:00:00,153.29464285714286
2024-10-18 11:00:00,126.98888888888888
2024-10-18 12:00:00,96.20892857142857
2024-10-18 13:00:00,80.6392857142857
2024-10-18 14:00:00,71.7975
2024-10-18 15:00:00,56.776785714285715
2024-10-18 16:00:00,50.91074074074075
2024-10-18 17:00:00,52.207499999999996
2024-10-18 18:00:00,63.501785714285724
2024-10-18 19:00:00,89.01785714285714
2024-10-18 20:00:00,114.61999999999999
2024-10-18 21:00:00,138.98931034482757
2024-10-18 22:00:00,157.01275862068968
2024-10-18 23:00:00,159.50206896551722
2024-10-19 00:00:00,159.76250000000002
2024-10-19 01:00:00,157.7411111111111
2024-10-19 02:00:00,161.4610344827586
2024-10-19 03:00:00,154.7475
2024-10-19 04:00:00,161.79464285714286
2024-10-19 05:00:00,158.21107142857142
2024-10-19 06:00:00,166.32379310344828
2024-10-19 07:00:00,175.21896551724137
2024-10-19 08:00:00,195.09034482758622
2024-10-19 09:00:00,203.86724137931034
2024-10-19 10:00:00,176.58413793103446
2024-10-19 11:00:00,121.66689655172414
2024-10-19 12:00:00,99.5503448275862
2024-10-19 13:00:00,80.32035714285713
2024-10-19 14:00:00,60.09068965517241
2024-10-19 15:00:00,47.51344827586207
2024-10-19 16:00:00,40.40821428571429
2024-10-19 17:00:00,41.91896551724138
2024-10-19 18:00:00,58.82392857142857
2024-10-19 19:00:00,89.05862068965517
2024-10-19 20:00:00,105.83103448275861
2024-10-19 21:00:00,137.87586206896552
2024-10-19 22:00:00,152.96607142857144
2024-10-19 23:00:00,147.2303448275862
2024-10-20 00:00:00,157.31655172413792
2024-10-20 01:00:00,166.5957142857143
2024-10-20 02:00:00,165.70499999999998
2024-10-20 03:00:00,162.86571428571432
2024-10-20 04:00:00,159.4042857142857
2024-10-20 05:00:00,160.64241379310346
2024-10-20 06:00:00,172.33517241379312
2024-10-20 07:00:00,177.49068965517242
2024-10-20 08:00:00,172.47066666666666
2024-10-20 09:00:00,173.33464285714285
2024-10-20 10:00:00,156.0296551724138
2024-10-20 11:00:00,135.8751724137931
2024-10-20 12:00:00,121.76428571428572
2024-10-20 13:00:00,110.03535714285714
2024-10-20 14:00:00,100.20714285714284
2024-10-20 15:00:00,94.97642857142857
2024-10-20 16:00:00,86.98034482758621
2024-10-20 17:00:00,87.62241379310345
2024-10-20 18:00:00,111.11379310344829
2024-10-20 19:00:00,144.4948275862069
2024-10-20 20:00:00,167.76607142857142
2024-10-20 21:00:00,174.16107142857143
2024-10-20 22:00:00,193.22535714285715
2024-10-20 23:00:00,189.55535714285716
2024-10-21 00:00:00,186.77620689655174
2024-10-21 01:00:00,187.3896551724138
2024-10-21 02:00:00,180.69827586206895
2024-10-21 03:00:00,176.21999999999997
2024-10-21 04:00:00,172.30896551724138
2024-10-21 05:00:00,173.69866666666667
2024-10-21 06:00:00,173.34366666666665
2024-10-21 07:00:00,177.97533333333334
2024-10-21 08:00:00,180.75366666666665
2024-10-21 09:00:00,172.1026666666667
2024-10-21 10:00:00,153.83066666666667
2024-10-21 11:00:00,135.08599999999998
2024-10-21 12:00:00,119.99172413793103
2024-10-21 13:00:00,107.82857142857142
2024-10-21 14:00:00,107.637
2024-10-21 15:00:00,107.78035714285714
2024-10-21 16:00:00,105.00206896551724
2024-10-21 17:00:00,108.89689655172414
2024-10-21 18:00:00,123.56551724137931
2024-10-21 19:00:00,144.28931034482758
2024-10-21 20:00:00,154.09241379310345
2024-10-21 21:00:00,165.779
2024-10-21 22:00:00,174.31933333333333
2024-10-21 23:00:00,175.5555172413793
2024-10-22 00:00:00,180.08689655172415
2024-10-22 01:00:00,182.89172413793102
2024-10-22 02:00:00,183.47724137931036
2024-10-22 03:00:00,176.40793103448274
2024-10-22 04:00:00,173.40758620689658
2024-10-22 05:00:00,163.38821428571427
2024-10-22 06:00:00,173.44827586206895
2024-10-22 07:00:00,177.21275862068967
2024-10-22 08:00:00,181.25766666666667
2024-10-22 09:00:00,191.6486206896552
2024-10-22 10:00:00,188.03931034482758
2024-10-22 11:00:00,170.10206896551722
2024-10-22 12:00:00,152.15851851851852
2024-10-22 13:00:00,138.7553846153846
2024-10-22 14:00:00,128.94571428571427
2024-10-22 15:00:00,124.46178571428572
2024-10-22 16:00:00,123.78074074074074
2024-10-22 17:00:00,127.12407407407407
2024-10-22 18:00:00,128.2189655172414
2024-10-22 19:00:00,148.32066666666665
2024-10-22 20:00:00,178.00033333333332
2024-10-22 21:00:00,191.67433333333332
2024-10-22 22:00:00,194.68551724137927
2024-10-22 23:00:00,208.04862068965517
2024-10-23 00:00:00,205.0610344827586
2024-10-23 01:00:00,200.4037037037037
2024-10-23 02:00:00,220.79749999999999
2024-10-23 03:00:00,274.5914285714286
2024-10-23 04:00:00,331.16285714285715
2024-10-23 05:00:00,385.48185185185184
2024-10-23 06:00:00,375.8462962962963
2024-10-23 07:00:00,336.985925925926
2024-10-23 08:00:00,295.54607142857145
2024-10-23 09:00:00,253.28714285714287
2024-10-23 10:00:00,219.54814814814816
2024-10-23 11:00:00,198.8537037037037
2024-10-23 12:00:00,191.4532
2024-10-23 13:00:00,145.07892857142858
2024-10-23 14:00:00,123.50357142857142
2024-10-23 15:00:00,100.36206896551724
2024-10-23 16:00:00,94.98740740740742
2024-10-23 17:00:00,107.77285714285713
2024-10-23 18:00:00,129.1717857142857
2024-10-23 19:00:00,147.95740740740743
2024-10-23 20:00:00,161.19814814814814
2024-10-23 21:00:00,165.23107142857143
2024-10-23 22:00:00,170.7942857142857
2024-10-23 23:00:00,175.94357142857143
2024-10-24 00:00:00,183.7607142857143
2024-10-24 01:00:00,178.00214285714284
2024-10-24 02:00:00,181.09642857142856
2024-10-24 03:00:00,191.6967857142857
2024-10-24 04:00:00,192.03107142857144
2024-10-24 05:00:00,190.30851851851853
2024-10-24 06:00:00,196.8932142857143
2024-10-24 07:00:00,184.94857142857146
2024-10-24 08:00:00,176.30821428571429
2024-10-24 09:00:00,167.8642857142857
2024-10-24 10:00:00,146.06392857142856
2024-10-24 11:00:00,123.29285714285716
2024-10-24 12:00:00,109.56321428571428
2024-10-24 13:00:00,96.08285714285715
2024-10-24 14:00:00,85.85535714285713
2024-10-24 15:00:00,83.41185185185186
2024-10-24 16:00:00,81.24321428571429
2024-10-24 17:00:00,84.49785714285714
2024-10-24 18:00:00,92.35344827586206
2024-10-24 19:00:00,111.72
2024-10-24 20:00:00,120.01758620689655
2024-10-24 21:00:00,118.43448275862069
2024-10-24 22:00:00,121.78655172413792
2024-10-24 23:00:00,129.3248275862069
2024-10-25 00:00:00,129.5006896551724
2024-10-25 01:00:00,145.57827586206895
2024-10-25 02:00:00,182.36758620689653
2024-10-25 03:00:00,194.8851724137931
2024-10-25 04:00:00,195.34448275862067
2024-10-25 05:00:00,195.10448275862072
2024-10-25 06:00:00,191.21517241379314
2024-10-25 07:00:00,174.6296551724138
2024-10-25 08:00:00,175.26344827586206
2024-10-25 09:00:00,170.58827586206897
2024-10-25 10:00:00,151.435
2024-10-25 11:00:00,121.15066666666667
2024-10-25 12:00:00,86.79433333333333
2024-10-25 13:00:00,69.44033333333333
2024-10-25 14:00:00,52.73966666666666
2024-10-25 15:00:00,41.04785714285714
2024-10-25 16:00:00,40.062222222222225
2024-10-25 17:00:00,40.73692307692308
2024-10-25 18:00:00,52.7525
2024-10-25 19:00:00,69.1276923076923
2024-10-25 20:00:00,84.45148148148148
2024-10-25 21:00:00,85.27964285714286
2024-10-25 22:00:00,95.4637037037037
2024-10-25 23:00:00,102.5275
2024-10-26 00:00:00,128.33392857142857
2024-10-26 01:00:00,146.84592592592594
2024-10-26 02:00:00,141.83642857142857
2024-10-26 03:00:00,138.51571428571427
2024-10-26 04:00:00,136.6417857142857
2024-10-26 05:00:00,136.21928571428572
2024-10-26 06:00:00,132.24
2024-10-26 07:00:00,122.76035714285713
2024-10-26 08:00:00,123.47357142857143
2024-10-26 09:00:00,146.98321428571427
2024-10-26 10:00:00,158.81620689655173
2024-10-26 11:00:00,161.17310344827587
2024-10-26 12:00:00,155.81321428571428
2024-10-26 13:00:00,175.13857142857142
2024-10-26 14:00:00,166.16862068965517
2024-10-26 15:00:00,163.02599999999998
2024-10-26 16:00:00,154.35633333333334
2024-10-26 17:00:00,157.60033333333334
2024-10-26 18:00:00,177.56500000000003
2024-10-26 19:00:00,206.73266666666666
2024-10-26 20:00:00,225.1663333333333
2024-10-26 21:00:00,241.5606666666667
2024-10-26 22:00:00,255.57833333333335
2024-10-26 23:00:00,265.658275862069
2024-10-27 00:00:00,275.5103448275862
2024-10-27 01:00:00,276.49034482758617
2024-10-27 02:00:00,263.5151724137931
2024-10-27 03:00:00,251.3641379310345
2024-10-27 04:00:00,234.94793103448276
2024-10-27 05:00:00,212.63482758620688
2024-10-27 06:00:00,199.15103448275863
2024-10-27 07:00:00,192.21206896551723
2024-10-27 08:00:00,189.251724137931
2024-10-27 09:00:00,185.093
2024-10-27 10:00:00,171.77758620689656
2024-10-27 11:00:00,149.92034482758623
2024-10-27 12:00:00,138.4796551724138
2024-10-27 13:00:00,124.63448275862069
2024-10-27 14:00:00,116.40965517241379
2024-10-27 15:00:00,111.01137931034482
2024-10-27 16:00:00,110.9903448275862
2024-10-27 17:00:00,116.07172413793103
2024-10-27 18:00:00,129.36724137931034
2024-10-27 19:00:00,167.2816666666667
2024-10-27 20:00:00,182.30833333333334
2024-10-27 21:00:00,200.51233333333332
2024-10-27 22:00:00,198.90366666666668
2024-10-27 23:00:00,212.582
2024-10-28 00:00:00,210.676
2024-10-28 01:00:00,208.7396666666667
2024-10-28 02:00:00,207.5006666666667
2024-10-28 03:00:00,200.225
2024-10-28 04:00:00,184.65533333333332
2024-10-28 05:00:00,178.84344827586207
2024-10-28 06:00:00,179.63266666666667
2024-10-28 07:00:00,174.369
2024-10-28 08:00:00,177.57866666666666
2024-10-28 09:00:00,159.31733333333335
2024-10-28 10:00:00,106.77966666666667
2024-10-28 11:00:00,86.39533333333334
2024-10-28 12:00:00,87.123
2024-10-28 13:00:00,89.12833333333333
2024-10-28 14:00:00,86.46275862068966
2024-10-28 15:00:00,81.61166666666666
2024-10-28 16:00:00,78.81034482758622
2024-10-28 17:00:00,85.57133333333333
2024-10-28 18:00:00,92.88033333333334
2024-10-28 19:00:00,109.606
2024-10-28 20:00:00,125.48533333333333
2024-10-28 21:00:00,138.44033333333334
2024-10-28 22:00:00,151.5293333333333
2024-10-28 23:00:00,152.636
2024-10-29 00:00:00,157.04066666666668
2024-10-29 01:00:00,161.97033333333334
2024-10-29 02:00:00,168.57068965517243
2024-10-29 03:00:00,170.91344827586207
2024-10-29 04:00:00,173.33464285714285
2024-10-29 05:00:00,166.3623076923077
2024-10-29 06:00:00,156.98703703703706
2024-10-29 07:00:00,156.06074074074075
2024-10-29 08:00:00,151.3437037037037
2024-10-29 09:00:00,140.88111111111112
2024-10-29 10:00:00,113.47269230769233
2024-10-29 11:00:00,93.12962962962963
2024-10-29 12:00:00,80.88892857142856
2024-10-29 13:00:00,75.77107142857143
2024-10-29 14:00:00,71.06214285714286
2024-10-29 15:00:00,70.36607142857143
2024-10-29 16:00:00,74.87464285714286
2024-10-29 17:00:00,80.37758620689657
2024-10-29 18:00:00,89.8258620689655
2024-10-29 19:00:00,116.1951724137931
2024-10-29 20:00:00,133.30586206896552
2024-10-29 21:00:00,153.07571428571427
2024-10-29 22:00:00,153.642
2024-10-29 23:00:00,155.86933333333334
2024-10-30 00:00:00,159.736
2024-10-30 01:00:00,168.47833333333332
2024-10-30 02:00:00,173.83133333333336
2024-10-30 03:00:00,175.09733333333332
2024-10-30 04:00:00,169.32966666666664
2024-10-30 05:00:00,176.97066666666666
2024-10-30 06:00:00,176.788
2024-10-30 07:00:00,183.83399999999997
2024-10-30 08:00:00,186.589
2024-10-30 09:00:00,204.843
2024-10-30 10:00:00,178.13033333333337
2024-10-30 11:00:00,154.9496666666667
2024-10-30 12:00:00,141.8646666666667
2024-10-30 13:00:00,125.71103448275862
2024-10-30 14:00:00,109.93357142857143
2024-10-30 15:00:00,105.4075
2024-10-30 16:00:00,94.35466666666666
2024-10-30 17:00:00,97.81366666666668
2024-10-30 18:00:00,109.014
2024-10-30 19:00:00,135.00233333333333
2024-10-30 20:00:00,163.80566666666667
2024-10-30 21:00:00,196.793
2024-10-30 22:00:00,231.86533333333333
2024-10-30 23:00:00,218.04166666666666
2024-10-31 00:00:00,215.29799999999997
2024-10-31 01:00:00,215.857
2024-10-31 02:00:00,210.16066666666666
2024-10-31 03:00:00,210.09966666666665
2024-10-31 04:00:00,208.15566666666666
2024-10-31 05:00:00,206.62633333333332
2024-10-31 06:00:00,211.37066666666666
2024-10-31 07:00:00,203.68833333333333
2024-10-31 08:00:00,209.49133333333333
2024-10-31 09:00:00,228.06533333333334
2024-10-31 10:00:00,218.45199999999997
2024-10-31 11:00:00,166.30433333333335
2024-10-31 12:00:00,115.30499999999999
2024-10-31 13:00:00,101.08333333333333
2024-10-31 14:00:00,96.82233333333333
2024-10-31 15:00:00,92.43333333333334
2024-10-31 16:00:00,95.483
2024-10-31 17:00:00,98.31366666666666
2024-10-31 18:00:00,111.80833333333334
2024-10-31 19:00:00,144.87333333333333
2024-10-31 20:00:00,199.97733333333335
2024-10-31 21:00:00,289.9303703703704
2024-10-31 22:00:00,460.05535714285713
2024-10-31 23:00:00,558.86375
2024-11-01 00:00:00,567.7169565217391
2024-11-01 01:00:00,539.5608
2024-11-01 02:00:00,517.328
2024-11-01 03:00:00,381.014
2024-11-01 04:00:00,343.83233333333334
2024-11-01 05:00:00,327.3826666666667
2024-11-01 06:00:00,294.38066666666674
2024-11-01 07:00:00,245.93966666666665
2024-11-01 08:00:00,197.29
2024-11-01 09:00:00,160.06931034482758
2024-11-01 10:00:00,139.70600000000002
2024-11-01 11:00:00,116.95166666666667
2024-11-01 12:00:00,97.04666666666667
2024-11-01 13:00:00,82.55999999999999
2024-11-01 14:00:00,60.70896551724139
2024-11-01 15:00:00,51.03
2024-11-01 16:00:00,48.985517241379306
2024-11-01 17:00:00,51.50896551724138
2024-11-01 18:00:00,61.89068965517241
2024-11-01 19:00:00,105.82758620689656
2024-11-01 20:00:00,142.48724137931035
2024-11-01 21:00:00,235.47222222222223
2024-11-01 22:00:00,286.05357142857144
2024-11-01 23:00:00,329.3066666666667
2024-11-02 00:00:00,360.2880769230769
2024-11-02 01:00:00,341.80807692307695
2024-11-02 02:00:00,312.59769230769234
2024-11-02 03:00:00,348.96620689655174
2024-11-02 04:00:00,298.0806896551724
2024-11-02 05:00:00,250.82689655172413
2024-11-02 06:00:00,205.29172413793103
2024-11-02 07:00:00,188.37827586206893
2024-11-02 08:00:00,167.00448275862067
2024-11-02 09:00:00,150.63000000000002
2024-11-02 10:00:00,150.83379310344827
2024-11-02 11:00:00,165.57965517241377
2024-11-02 12:00:00,156.762
2024-11-02 13:00:00,135.15233333333333
2024-11-02 14:00:00,130.71733333333333
2024-11-02 15:00:00,133.34766666666667
2024-11-02 16:00:00,135.27166666666665
2024-11-02 17:00:00,140.72466666666665
2024-11-02 18:00:00,167.6573333333333
2024-11-02 19:00:00,215.236
2024-11-02 20:00:00,257.53266666666667
2024-11-02 21:00:00,278.3426666666667
2024-11-02 22:00:00,316.53066666666666
2024-11-02 23:00:00,330.41133333333335
2024-11-03 00:00:00,322.28833333333336
2024-11-03 01:00:00,300.42500000000007
2024-11-03 02:00:00,285.6206666666667
2024-11-03 03:00:00,269.822
2024-11-03 04:00:00,268.52733333333333
2024-11-03 05:00:00,261.845
2024-11-03 06:00:00,243.653
2024-11-03 07:00:00,246.291
2024-11-03 08:00:00,256.7006666666667
2024-11-03 09:00:00,264.67766666666665
2024-11-03 10:00:00,258.687
2024-11-03 11:00:00,236.28433333333336
2024-11-03 12:00:00,201.45966666666666
2024-11-03 13:00:00,159.60333333333335
2024-11-03 14:00:00,144.471
2024-11-03 15:00:00,137.43266666666665
2024-11-03 16:00:00,131.37800000000001
2024-11-03 17:00:00,135.413
2024-11-03 18:00:00,157.63133333333332
2024-11-03 19:00:00,177.489
2024-11-03 20:00:00,209.948
2024-11-03 21:00:00,241.272
2024-11-03 22:00:00,248.32933333333332
2024-11-03 23:00:00,266.86333333333334
2024-11-04 00:00:00,273.29966666666667
2024-11-04 01:00:00,275.72633333333334
2024-11-04 02:00:00,269.8366666666667
2024-11-04 03:00:00,261.7613333333333
2024-11-04 04:00:00,250.54533333333333
2024-11-04 05:00:00,259.33666666666664
2024-11-04 06:00:00,255.46733333333333
2024-11-04 07:00:00,245.8743333333333
2024-11-04 08:00:00,225.04799999999997
2024-11-04 09:00:00,232.6076666666667
2024-11-04 10:00:00,248.60066666666668
2024-11-04 11:00:00,260.60857142857145
2024-11-04 12:00:00,250.0403448275862
2024-11-04 13:00:00,240.64066666666668
2024-11-04 14:00:00,204.16333333333333
2024-11-04 15:00:00,175.68400000000003
2024-11-04 16:00:00,167.01266666666666
2024-11-04 17:00:00,163.247
2024-11-04 18:00:00,184.34733333333332
2024-11-04 19:00:00,210.8396666666667
2024-11-04 20:00:00,214.1496666666667
2024-11-04 21:00:00,227.83620689655174
2024-11-04 22:00:00,241.03966666666668
2024-11-04 23:00:00,247.95
2024-11-05 00:00:00,257.40933333333334
2024-11-05 01:00:00,258.7436666666667
2024-11-05 02:00:00,259.83166666666665
2024-11-05 03:00:00,269.8734482758621
2024-11-05 04:00:00,269.63344827586207
2024-11-05 05:00:00,265.0903448275862
2024-11-05 06:00:00,249.614
2024-11-05 07:00:00,249.54533333333333
2024-11-05 08:00:00,264.74
2024-11-05 09:00:00,268.71620689655174
2024-11-05 10:00:00,244.95766666666668
2024-11-05 11:00:00,210.781
2024-11-05 12:00:00,189.13833333333332
2024-11-05 13:00:00,162.69933333333333
2024-11-05 14:00:00,147.902
2024-11-05 15:00:00,141.76066666666665
2024-11-05 16:00:00,130.54551724137932
2024-11-05 17:00:00,135.50241379310344
2024-11-05 18:00:00,145.74866666666668
2024-11-05 19:00:00,176.212
2024-11-05 20:00:00,198.5293103448276
2024-11-05 21:00:00,226.6203448275862
2024-11-05 22:00:00,239.45586206896553
2024-11-05 23:00:00,236.2462068965517
2024-11-06 00:00:00,245.42413793103447
2024-11-06 01:00:00,230.47413793103448
2024-11-06 02:00:00,230.15241379310345
2024-11-06 03:00:00,230.21827586206896
2024-11-06 04:00:00,222.05241379310343
2024-11-06 05:00:00,214.94758620689655
2024-11-06 06:00:00,218.58724137931037
2024-11-06 07:00:00,215.44551724137932
2024-11-06 08:00:00,221.43655172413793
2024-11-06 09:00:00,229.84310344827585
2024-11-06 10:00:00,219.8168965517241
2024-11-06 11:00:00,178.74758620689656
2024-11-06 12:00:00,163.99499999999998
2024-11-06 13:00:00,165.42766666666668
2024-11-06 14:00:00,148.74800000000002
2024-11-06 15:00:00,136.04310344827587
2024-11-06 16:00:00,142.77966666666666
2024-11-06 17:00:00,148.275
2024-11-06 18:00:00,166.04666666666665
2024-11-06 19:00:00,204.27066666666667
2024-11-06 20:00:00,236.49200000000002
2024-11-06 21:00:00,267.01300000000003
2024-11-06 22:00:00,277.10833333333335
2024-11-06 23:00:00,283.86766666666665
2024-11-07 00:00:00,284.21241379310345
2024-11-07 01:00:00,273.33827586206894
2024-11-07 02:00:00,270.9593103448276
2024-11-07 03:00:00,260.67
2024-11-07 04:00:00,254.94137931034481
2024-11-07 05:00:00,237.61266666666663
2024-11-07 06:00:00,230.431
2024-11-07 07:00:00,234.91766666666666
2024-11-07 08:00:00,238.239
2024-11-07 09:00:00,254.11766666666665
2024-11-07 10:00:00,259.39733333333334
2024-11-07 11:00:00,237.478
2024-11-07 12:00:00,208.33100000000002
2024-11-07 13:00:00,196.89833333333334
2024-11-07 14:00:00,186.89666666666665
2024-11-07 15:00:00,176.782
2024-11-07 16:00:00,172.3186206896552
2024-11-07 17:00:00,172.67000000000002
2024-11-07 18:00:00,197.81166666666667
2024-11-07 19:00:00,218.36433333333332
2024-11-07 20:00:00,243.126
2024-11-07 21:00:00,257.0516666666667
2024-11-07 22:00:00,253.4343333333333
2024-11-07 23:00:00,268.12166666666667
2024-11-08 00:00:00,268.01466666666664
2024-11-08 01:00:00,269.9293333333333
2024-11-08 02:00:00,251.56799999999996
2024-11-08 03:00:00,243.803
2024-11-08 04:00:00,236.351
2024-11-08 05:00:00,224.84499999999997
2024-11-08 06:00:00,229.81066666666666
2024-11-08 07:00:00,244.21566666666664
2024-11-08 08:00:00,253.72766666666666
2024-11-08 09:00:00,265.909
2024-11-08 10:00:00,242.13379310344828
2024-11-08 11:00:00,210.15689655172412
2024-11-08 12:00:00,167.8777777777778
2024-11-08 13:00:00,154.18777777777777
2024-11-08 14:00:00,148.10172413793106
2024-11-08 15:00:00,150.51321428571427
2024-11-08 16:00:00,148.3225
2024-11-08 17:00:00,152.87793103448277
2024-11-08 18:00:00,159.799
2024-11-08 19:00:00,185.805
2024-11-08 20:00:00,207.148
2024-11-08 21:00:00,213.98689655172416
2024-11-08 22:00:00,229.89896551724138
2024-11-08 23:00:00,237.06620689655173
2024-11-09 00:00:00,231.5366666666667
2024-11-09 01:00:00,232.08599999999998
2024-11-09 02:00:00,230.555
2024-11-09 03:00:00,226.422
2024-11-09 04:00:00,215.699
2024-11-09 05:00:00,205.854
2024-11-09 06:00:00,198.66600000000003
2024-11-09 07:00:00,200.95499999999998
2024-11-09 08:00:00,200.38333333333333
2024-11-09 09:00:00,204.99666666666664
2024-11-09 10:00:00,183.5883333333333
2024-11-09 11:00:00,169.35033333333334
2024-11-09 12:00:00,148.80966666666663
2024-11-09 13:00:00,142.33620689655172
2024-11-09 14:00:00,135.171
2024-11-09 15:00:00,130.642
2024-11-09 16:00:00,130.62266666666667
2024-11-09 17:00:00,134.14133333333334
2024-11-09 18:00:00,142.434
2024-11-09 19:00:00,172.97833333333332
2024-11-09 20:00:00,181.648
2024-11-09 21:00:00,195.11466666666666
2024-11-09 22:00:00,189.1851724137931
2024-11-09 23:00:00,187.88620689655173
2024-11-10 00:00:00,187.00448275862067
2024-11-10 01:00:00,187.79413793103447
2024-11-10 02:00:00,186.69310344827588
2024-11-10 03:00:00,179.37896551724137
2024-11-10 04:00:00,179.06103448275863
2024-11-10 05:00:00,182.8841379310345
2024-11-10 06:00:00,176.93586206896552
2024-11-10 07:00:00,173.57689655172416
2024-11-10 08:00:00,179.08620689655172
2024-11-10 09:00:00,185.29000000000002
2024-11-10 10:00:00,179.96965517241378
2024-11-10 11:00:00,170.36
2024-11-10 12:00:00,156.043
2024-11-10 13:00:00,152.35866666666666
2024-11-10 14:00:00,148.23033333333336
2024-11-10 15:00:00,138.75033333333334
2024-11-10 16:00:00,138.7073333333333
2024-11-10 17:00:00,140.946
2024-11-10 18:00:00,153.35533333333333
2024-11-10 19:00:00,185.30655172413793
2024-11-10 20:00:00,211.58965517241379
2024-11-10 21:00:00,221.55965517241378
2024-11-10 22:00:00,230.65724137931036
2024-11-10 23:00:00,238.86896551724138
2024-11-11 00:00:00,235.26310344827587
2024-11-11 01:00:00,216.1651724137931
2024-11-11 02:00:00,224.91285714285712
2024-11-11 03:00:00,219.47178571428572
2024-11-11 04:00:00,207.3025
2024-11-11 05:00:00,201.19642857142858
2024-11-11 06:00:00,200.7742857142857
2024-11-11 07:00:00,208.6142857142857
2024-11-11 08:00:00,212.6982142857143
2024-11-11 09:00:00,225.62464285714285
2024-11-11 10:00:00,228.45925925925926
2024-11-11 11:00:00,213.83142857142857
2024-11-11 12:00:00,191.97931034482758
2024-11-11 13:00:00,169.572
2024-11-11 14:00:00,142.44766666666666
2024-11-11 15:00:00,136.56172413793104
2024-11-11 16:00:00,138.56333333333333
2024-11-11 17:00:00,143.65566666666666
2024-11-11 18:00:00,158.4316666666667
2024-11-11 19:00:00,182.23999999999998
2024-11-11 20:00:00,202.14233333333334
2024-11-11 21:00:00,221.92866666666666
2024-11-11 22:00:00,232.68
2024-11-11 23:00:00,234.5546666666667
2024-11-12 00:00:00,236.62666666666667
2024-11-12 01:00:00,235.70896551724138
2024-11-12 02:00:00,225.49241379310345
2024-11-12 03:00:00,211.52310344827586
2024-11-12 04:00:00,214.36766666666665
2024-11-12 05:00:00,207.35172413793103
2024-11-12 06:00:00,202.67066666666668
2024-11-12 07:00:00,198.308
2024-11-12 08:00:00,200.555
2024-11-12 09:00:00,206.17666666666665
2024-11-12 10:00:00,192.625
2024-11-12 11:00:00,172.98586206896553
2024-11-12 12:00:00,144.8875
2024-11-12 13:00:00,101.54777777777778
2024-11-12 14:00:00,64.97074074074074
2024-11-12 15:00:00,60.388928571428565
2024-11-12 16:00:00,69.35107142857143
2024-11-12 17:00:00,81.03500000000001
2024-11-12 18:00:00,103.61266666666666
2024-11-12 19:00:00,134.19310344827585
2024-11-12 20:00:00,190.5358620689655
2024-11-12 21:00:00,307.7555172413793
2024-11-12 22:00:00,407.5671428571428
2024-11-12 23:00:00,484.5385714285714
2024-11-13 00:00:00,517.8078571428572
2024-11-13 01:00:00,590.3807142857142
2024-11-13 02:00:00,602.4010344827586
2024-11-13 03:00:00,664.0327586206897
2024-11-13 04:00:00,694.0585714285716
2024-11-13 05:00:00,651.8162068965516
2024-11-13 06:00:00,582.8410714285714
2024-11-13 07:00:00,498.5774074074074
2024-11-13 08:00:00,446.18896551724134
2024-11-13 09:00:00,407.51629629629633
2024-11-13 10:00:00,385.74896551724134
2024-11-13 11:00:00,358.61310344827587
2024-11-13 12:00:00,340.4337931034483
2024-11-13 13:00:00,323.98241379310343
2024-11-13 14:00:00,290.1106666666667
2024-11-13 15:00:00,273.9556666666667
2024-11-13 16:00:00,256.976
2024-11-13 17:00:00,243.19607142857146
2024-11-13 18:00:00,254.66785714285717
2024-11-13 19:00:00,257.92285714285714
2024-11-13 20:00:00,264.6475
2024-11-13 21:00:00,277.8146428571428
2024-11-13 22:00:00,291.73071428571427
2024-11-13 23:00:00,307.87821428571425
2024-11-14 00:00:00,313.53758620689655
2024-11-14 01:00:00,305.78357142857146
2024-11-14 02:00:00,291.41785714285714
2024-11-14 03:00:00,298.2044827586207
2024-11-14 04:00:00,298.58892857142854
2024-11-14 05:00:00,308.4257142857142
2024-11-14 06:00:00,324.25999999999993
2024-11-14 07:00:00,324.5914285714286
2024-11-14 08:00:00,316.38142857142856
2024-11-14 09:00:00,321.95607142857136
2024-11-14 10:00:00,337.69749999999993
2024-11-14 11:00:00,378.32714285714286
2024-11-14 12:00:00,395.8321428571429
2024-11-14 13:00:00,370.86178571428576
2024-11-14 14:00:00,316.0428571428571
2024-11-14 15:00:00,221.32241379310344
2024-11-14 16:00:00,179.70344827586206
2024-11-14 17:00:00,164.35379310344828
2024-11-14 18:00:00,167.29655172413794
2024-11-14 19:00:00,195.64066666666665
2024-11-14 20:00:00,215.05333333333334
2024-11-14 21:00:00,236.51333333333332
2024-11-14 22:00:00,237.4646666666667
2024-11-14 23:00:00,241.85275862068968
2024-11-15 00:00:00,260.8193333333333
2024-11-15 01:00:00,286.85655172413794
2024-11-15 02:00:00,290.535
2024-11-15 03:00:00,313.228275862069
2024-11-15 04:00:00,343.46758620689656
2024-11-15 05:00:00,360.48433333333327
2024-11-15 06:00:00,364.64862068965516
2024-11-15 07:00:00,355.53266666666667
2024-11-15 08:00:00,360.5013793103449
2024-11-15 09:00:00,403.4035714285714
2024-11-15 10:00:00,468.105
2024-11-15 11:00:00,475.3530769230769
2024-11-15 12:00:00,340.8789285714286
2024-11-15 13:00:00,206.03642857142856
2024-11-15 14:00:00,125.63285714285715
2024-11-15 15:00:00,99.29833333333333
2024-11-15 16:00:00,95.62766666666667
2024-11-15 17:00:00,109.113
2024-11-15 18:00:00,122.52166666666668
2024-11-15 19:00:00,153.36
2024-11-15 20:00:00,185.55800000000002
2024-11-15 21:00:00,233.9316666666667
2024-11-15 22:00:00,281.2803333333333
2024-11-15 23:00:00,392.0523333333333
2024-11-16 00:00:00,492.192
2024-11-16 01:00:00,520.6736666666667
2024-11-16 02:00:00,523.2383333333333
2024-11-16 03:00:00,506.5766666666667
2024-11-16 04:00:00,500.68
2024-11-16 05:00:00,480.4003333333333
2024-11-16 06:00:00,456.3906666666666
2024-11-16 07:00:00,423.48833333333334
2024-11-16 08:00:00,403.0136666666667
2024-11-16 09:00:00,412.276
2024-11-16 10:00:00,445.12827586206896
2024-11-16 11:00:00,435.49074074074076
2024-11-16 12:00:00,404.46370370370374
2024-11-16 13:00:00,269.32214285714286
2024-11-16 14:00:00,205.9851724137931
2024-11-16 15:00:00,183.28214285714287
2024-11-16 16:00:00,180.9568965517241
2024-11-16 17:00:00,189.4834482758621
2024-11-16 18:00:00,207.41275862068963
2024-11-16 19:00:00,237.18206896551723
2024-11-16 20:00:00,270.5010344827586
2024-11-16 21:00:00,285.70517241379315
2024-11-16 22:00:00,297.1551724137931
2024-11-16 23:00:00,315.3027586206897
2024-11-17 00:00:00,333.1725
2024-11-17 01:00:00,346.1079310344827
2024-11-17 02:00:00,349.24275862068964
2024-11-17 03:00:00,367.9079310344828
2024-11-17 04:00:00,369.36275862068965
2024-11-17 05:00:00,371.2031034482759
2024-11-17 06:00:00,375.24172413793104
2024-11-17 07:00:00,365.5593103448276
2024-11-17 08:00:00,362.151724137931
2024-11-17 09:00:00,382.5786206896551
2024-11-17 10:00:00,389.15482758620686
2024-11-17 11:00:00,360.80931034482757
2024-11-17 12:00:00,369.9724137931035
2024-11-17 13:00:00,375.01
2024-11-17 14:00:00,371.36
2024-11-17 15:00:00,372.70300000000003
2024-11-17 16:00:00,394.666
2024-11-17 17:00:00,413.993
2024-11-17 18:00:00,462.25399999999996
2024-11-17 19:00:00,579.1013333333334
2024-11-17 20:00:00,682.4996428571428
2024-11-17 21:00:00,670.494827586207
2024-11-17 22:00:00,596.0882758620689
2024-11-17 23:00:00,529.1044827586207
2024-11-18 00:00:00,471.13793103448273
2024-11-18 01:00:00,428.3572413793104
2024-11-18 02:00:00,418.5955172413793
2024-11-18 03:00:00,428.3775862068966
2024-11-18 04:00:00,466.17413793103447
2024-11-18 05:00:00,474.88
2024-11-18 06:00:00,509.3555172413793
2024-11-18 07:00:00,524.8668965517242
2024-11-18 08:00:00,592.1806896551724
2024-11-18 09:00:00,665.8989285714285
2024-11-18 10:00:00,780.4307407407406
2024-11-18 11:00:00,826.679090909091
2024-11-18 12:00:00,805.853888888889
2024-11-18 13:00:00,777.5563636363637
2024-11-18 14:00:00,702.7182142857143
2024-11-18 15:00:00,660.7946666666667
2024-11-18 16:00:00,622.2513333333334
2024-11-18 17:00:00,596.5703333333333
2024-11-18 18:00:00,590.2844827586207
2024-11-18 19:00:00,588.8309999999999
2024-11-18 20:00:00,582.2073333333333
2024-11-18 21:00:00,569.8044827586208
2024-11-18 22:00:00,578.6376666666667
2024-11-18 23:00:00,575.0613333333332
2024-11-19 00:00:00,565.2956666666666
2024-11-19 01:00:00,573.4413793103448
2024-11-19 02:00:00,550.4073333333333
2024-11-19 03:00:00,509.578275862069
2024-11-19 04:00:00,448.74827586206897
2024-11-19 05:00:00,390.51000000000005
2024-11-19 06:00:00,316.3616666666667
2024-11-19 07:00:00,281.704
2024-11-19 08:00:00,252.958
2024-11-19 09:00:00,249.37133333333333
2024-11-19 10:00:00,265.59827586206893
2024-11-19 11:00:00,294.9506666666667
2024-11-19 12:00:00,297.04448275862063
2024-11-19 13:00:00,259.93931034482756
2024-11-19 14:00:00,236.708275862069
2024-11-19 15:00:00,239.89533333333333
2024-11-19 16:00:00,244.94733333333332
2024-11-19 17:00:00,252.691
2024-11-19 18:00:00,265.45933333333335
2024-11-19 19:00:00,283.97266666666667
2024-11-19 20:00:00,294.86333333333334
2024-11-19 21:00:00,323.18800000000005
2024-11-19 22:00:00,332.5353333333333
2024-11-19 23:00:00,336.6603333333333
2024-11-20 00:00:00,339.71633333333335
2024-11-20 01:00:00,343.95399999999995
2024-11-20 02:00:00,354.8803333333334
2024-11-20 03:00:00,370.16793103448276
2024-11-20 04:00:00,354.9010344827586
2024-11-20 05:00:00,352.5603448275863
2024-11-20 06:00:00,345.89241379310346
2024-11-20 07:00:00,321.64517241379315
2024-11-20 08:00:00,308.55413793103446
2024-11-20 09:00:00,297.8855172413793
2024-11-20 10:00:00,295.6875
2024-11-20 11:00:00,277.05699999999996
2024-11-20 12:00:00,228.15299999999996
2024-11-20 13:00:00,179.85733333333334
2024-11-20 14:00:00,148.804
2024-11-20 15:00:00,137.80133333333333
2024-11-20 16:00:00,136.64166666666668
2024-11-20 17:00:00,139.36166666666668
2024-11-20 18:00:00,159.92866666666666
2024-11-20 19:00:00,205.39206896551724
2024-11-20 20:00:00,232.3051724137931
2024-11-20 21:00:00,239.4210344827586
2024-11-20 22:00:00,253.20533333333333
2024-11-20 23:00:00,257.017
2024-11-21 00:00:00,255.56066666666666
2024-11-21 01:00:00,256.856
2024-11-21 02:00:00,250.84533333333331
2024-11-21 03:00:00,248.21099999999998
2024-11-21 04:00:00,247.804
2024-11-21 05:00:00,250.20733333333334
2024-11-21 06:00:00,254.49133333333333
2024-11-21 07:00:00,260.691
2024-11-21 08:00:00,265.38166666666666
2024-11-21 09:00:00,258.79466666666667
2024-11-21 10:00:00,254.40066666666664
2024-11-21 11:00:00,234.13433333333333
2024-11-21 12:00:00,202.18
2024-11-21 13:00:00,162.7593103448276
2024-11-21 14:00:00,123.39724137931036
2024-11-21 15:00:00,113.39333333333335
2024-11-21 16:00:00,111.90066666666667
2024-11-21 17:00:00,113.542
2024-11-21 18:00:00,139.98833333333332
2024-11-21 19:00:00,167.14100000000002
2024-11-21 20:00:00,185.16333333333336
2024-11-21 21:00:00,215.96766666666664
2024-11-21 22:00:00,238.22827586206898
2024-11-21 23:00:00,252.37733333333333
2024-11-22 00:00:00,265.3623333333333
2024-11-22 01:00:00,283.0603333333333
2024-11-22 02:00:00,301.64633333333336
2024-11-22 03:00:00,306.3316666666667
2024-11-22 04:00:00,315.9093333333333
2024-11-22 05:00:00,323.86034482758623
2024-11-22 06:00:00,323.8496666666667
2024-11-22 07:00:00,321.1183333333334
2024-11-22 08:00:00,316.0876666666667
2024-11-22 09:00:00,306.16999999999996
2024-11-22 10:00:00,319.06000000000006
2024-11-22 11:00:00,310.58266666666674
2024-11-22 12:00:00,291.0586666666667
2024-11-22 13:00:00,241.61166666666668
2024-11-22 14:00:00,208.8033333333333
2024-11-22 15:00:00,193.9206666666667
2024-11-22 16:00:00,199.49133333333333
2024-11-22 17:00:00,207.7206666666667
2024-11-22 18:00:00,228.6173333333333
2024-11-22 19:00:00,259.804
2024-11-22 20:00:00,285.9046666666666
2024-11-22 21:00:00,302.02933333333334
2024-11-22 22:00:00,312.8989655172414
2024-11-22 23:00:00,328.90099999999995
2024-11-23 00:00:00,334.75399999999996
2024-11-23 01:00:00,333.263
2024-11-23 02:00:00,338.24733333333336
2024-11-23 03:00:00,333.877
2024-11-23 04:00:00,336.09433333333334
2024-11-23 05:00:00,331.48833333333334
2024-11-23 06:00:00,310.43766666666664
2024-11-23 07:00:00,307.3456666666667
2024-11-23 08:00:00,296.07733333333334
2024-11-23 09:00:00,287.1666666666667
2024-11-23 10:00:00,279.0726666666667
2024-11-23 11:00:00,249.739
2024-11-23 12:00:00,202.54799999999997
2024-11-23 13:00:00,159.11333333333332
2024-11-23 14:00:00,132.97799999999998
2024-11-23 15:00:00,112.39366666666666
2024-11-23 16:00:00,109.76766666666666
2024-11-23 17:00:00,117.41033333333333
2024-11-23 18:00:00,148.36666666666667
2024-11-23 19:00:00,195.28333333333333
2024-11-23 20:00:00,235.71433333333331
2024-11-23 21:00:00,260.99066666666664
2024-11-23 22:00:00,285.664
2024-11-23 23:00:00,277.861
2024-11-24 00:00:00,277.42100000000005
2024-11-24 01:00:00,259.2883333333333
2024-11-24 02:00:00,245.34266666666664
2024-11-24 03:00:00,221.5413333333333
2024-11-24 04:00:00,217.30793103448278
2024-11-24 05:00:00,194.61166666666668
2024-11-24 06:00:00,176.65333333333334
2024-11-24 07:00:00,156.0
2024-11-24 08:00:00,144.35399999999998
2024-11-24 09:00:00,135.70266666666666
2024-11-24 10:00:00,123.32333333333334
2024-11-24 11:00:00,109.52366666666667
2024-11-24 12:00:00,97.796
2024-11-24 13:00:00,87.16699999999999
2024-11-24 14:00:00,75.58233333333334
2024-11-24 15:00:00,69.73666666666666
2024-11-24 16:00:00,72.81666666666666
2024-11-24 17:00:00,78.28033333333333
2024-11-24 18:00:00,94.37366666666667
2024-11-24 19:00:00,124.59166666666667
2024-11-24 20:00:00,140.85266666666666
2024-11-24 21:00:00,156.5846666666667
2024-11-24 22:00:00,172.98233333333334
2024-11-24 23:00:00,189.72633333333334
2024-11-25 00:00:00,196.23233333333334
2024-11-25 01:00:00,206.851
2024-11-25 02:00:00,210.667
2024-11-25 03:00:00,217.654
2024-11-25 04:00:00,223.0789655172414
2024-11-25 05:00:00,221.18666666666667
2024-11-25 06:00:00,221.76933333333332
2024-11-25 07:00:00,227.98000000000002
2024-11-25 08:00:00,252.70499999999998
2024-11-25 09:00:00,290.02666666666664
2024-11-25 10:00:00,345.0623333333333
2024-11-25 11:00:00,385.0969999999999
2024-11-25 12:00:00,377.8237931034483
2024-11-25 13:00:00,275.5368965517241
2024-11-25 14:00:00,255.79586206896553
2024-11-25 15:00:00,243.605
2024-11-25 16:00:00,241.46827586206896
2024-11-25 17:00:00,233.55166666666668
2024-11-25 18:00:00,241.54620689655172
2024-11-25 19:00:00,251.68033333333335
2024-11-25 20:00:00,250.161
2024-11-25 21:00:00,245.465
2024-11-25 22:00:00,230.0841379310345
2024-11-25 23:00:00,217.02933333333334
2024-11-26 00:00:00,205.84733333333332
2024-11-26 01:00:00,210.73
2024-11-26 02:00:00,206.01321428571433
2024-11-26 03:00:00,204.25892857142858
2024-11-26 04:00:00,201.23250000000002
2024-11-26 05:00:00,196.17000000000002
2024-11-26 06:00:00,184.8444827586207
2024-11-26 07:00:00,178.07535714285714
2024-11-26 08:00:00,166.0307142857143
2024-11-26 09:00:00,171.02300000000002
2024-11-26 10:00:00,177.30733333333333
2024-11-26 11:00:00,155.48733333333334
2024-11-26 12:00:00,130.88275862068966
2024-11-26 13:00:00,110.31666666666668
2024-11-26 14:00:00,91.26466666666667
2024-11-26 15:00:00,78.66433333333333
2024-11-26 16:00:00,76.376
2024-11-26 17:00:00,77.868
2024-11-26 18:00:00,93.85100000000001
2024-11-26 19:00:00,123.96166666666666
2024-11-26 20:00:00,162.53133333333332
2024-11-26 21:00:00,177.4676666666667
2024-11-26 22:00:00,202.55166666666668
2024-11-26 23:00:00,202.32633333333334
2024-11-27 00:00:00,205.82241379310344
2024-11-27 01:00:00,196.87357142857144
2024-11-27 02:00:00,186.7396551724138
2024-11-27 03:00:00,184.37241379310345
2024-11-27 04:00:00,193.84689655172414
2024-11-27 05:00:00,192.8541379310345
2024-11-27 06:00:00,180.33137931034483
2024-11-27 07:00:00,170.97275862068966
2024-11-27 08:00:00,174.38633333333334
2024-11-27 09:00:00,175.03000000000003
2024-11-27 10:00:00,168.8258620689655
2024-11-27 11:00:00,160.7741379310345
2024-11-27 12:00:00,137.223
2024-11-27 13:00:00,110.55466666666666
2024-11-27 14:00:00,97.01233333333333
2024-11-27 15:00:00,82.29666666666665
2024-11-27 16:00:00,69.74700000000001
2024-11-27 17:00:00,72.29533333333333
2024-11-27 18:00:00,94.77333333333333
2024-11-27 19:00:00,126.07466666666667
2024-11-27 20:00:00,154.04333333333335
2024-11-27 21:00:00,173.46699999999998
2024-11-27 22:00:00,180.79
2024-11-27 23:00:00,193.44379310344823
2024-11-28 00:00:00,198.6593103448276
2024-11-28 01:00:00,208.18862068965518
2024-11-28 02:00:00,209.5165517241379
2024-11-28 03:00:00,212.5310344827586
2024-11-28 04:00:00,224.41241379310344
2024-11-28 05:00:00,226.48758620689654
2024-11-28 06:00:00,237.70666666666668
2024-11-28 07:00:00,265.0643333333333
2024-11-28 08:00:00,277.884
2024-11-28 09:00:00,288.70866666666666
2024-11-28 10:00:00,278.0513333333334
2024-11-28 11:00:00,216.36433333333332
2024-11-28 12:00:00,163.0948275862069
2024-11-28 13:00:00,127.72800000000001
2024-11-28 14:00:00,105.41699999999999
2024-11-28 15:00:00,85.25466666666668
2024-11-28 16:00:00,77.37899999999999
2024-11-28 17:00:00,72.62166666666666
2024-11-28 18:00:00,90.90866666666668
2024-11-28 19:00:00,125.43448275862069
2024-11-28 20:00:00,160.00103448275866
2024-11-28 21:00:00,210.66551724137932
2024-11-28 22:00:00,229.17379310344828
2024-11-28 23:00:00,231.65758620689658
2024-11-29 00:00:00,230.1589655172414
2024-11-29 01:00:00,221.50344827586204
2024-11-29 02:00:00,222.6593103448276
2024-11-29 03:00:00,226.67655172413794
2024-11-29 04:00:00,221.44103448275862
2024-11-29 05:00:00,214.9655172413793
2024-11-29 06:00:00,217.7913793103448
2024-11-29 07:00:00,219.07
2024-11-29 08:00:00,229.04310344827587
2024-11-29 09:00:00,254.9437931034483
2024-11-29 10:00:00,262.82433333333336
2024-11-29 11:00:00,228.225
2024-11-29 12:00:00,171.64166666666668
2024-11-29 13:00:00,123.72266666666665
2024-11-29 14:00:00,108.31233333333333
2024-11-29 15:00:00,106.66499999999999
2024-11-29 16:00:00,102.90933333333332
2024-11-29 17:00:00,103.88266666666667
2024-11-29 18:00:00,130.24466666666666
2024-11-29 19:00:00,171.52766666666668
2024-11-29 20:00:00,198.308
2024-11-29 21:00:00,217.05533333333332
2024-11-29 22:00:00,236.36499999999998
2024-11-29 23:00:00,245.01966666666667
2024-11-30 00:00:00,252.945
2024-11-30 01:00:00,256.76233333333334
2024-11-30 02:00:00,255.6256666666667
2024-11-30 03:00:00,251.2486666666667
2024-11-30 04:00:00,250.75827586206896
2024-11-30 05:00:00,248.1757142857143
2024-11-30 06:00:00,248.12300000000002
2024-11-30 07:00:00,252.13933333333333
2024-11-30 08:00:00,268.14433333333335
2024-11-30 09:00:00,288.9353333333333
2024-11-30 10:00:00,290.494
2024-11-30 11:00:00,225.19766666666666
2024-11-30 12:00:00,155.33666666666664
2024-11-30 13:00:00,117.15400000000001
2024-11-30 14:00:00,84.64633333333335
2024-11-30 15:00:00,69.98862068965518
2024-11-30 16:00:00,69.30620689655173
2024-11-30 17:00:00,78.60966666666667
2024-11-30 18:00:00,100.27066666666668
2024-11-30 19:00:00,145.1823333333333
2024-11-30 20:00:00,148.99000000000004
2024-11-30 21:00:00,168.7493333333333
2024-11-30 22:00:00,184.49499999999998
2024-11-30 23:00:00,193.80433333333335
2024-12-01 00:00:00,195.97033333333331
2024-12-01 01:00:00,198.777
2024-12-01 02:00:00,192.742
2024-12-01 03:00:00,186.50033333333334
2024-12-01 04:00:00,176.14
2024-12-01 05:00:00,176.94033333333334
2024-12-01 06:00:00,177.05433333333335
2024-12-01 07:00:00,169.11
2024-12-01 08:00:00,171.02333333333334
2024-12-01 09:00:00,176.42433333333332
2024-12-01 10:00:00,159.93866666666665
2024-12-01 11:00:00,134.45103448275862
2024-12-01 12:00:00,96.94620689655173
2024-12-01 13:00:00,78.94896551724138
2024-12-01 14:00:00,64.44275862068966
2024-12-01 15:00:00,59.75206896551724
2024-12-01 16:00:00,67.626
2024-12-01 17:00:00,79.82166666666666
2024-12-01 18:00:00,104.98633333333332
2024-12-01 19:00:00,128.73666666666665
2024-12-01 20:00:00,154.77966666666669
2024-12-01 21:00:00,160.157
2024-12-01 22:00:00,166.16733333333332
2024-12-01 23:00:00,175.68766666666667
2024-12-02 00:00:00,174.6636666666667
2024-12-02 01:00:00,167.704
2024-12-02 02:00:00,156.59655172413792
2024-12-02 03:00:00,146.9058620689655
2024-12-02 04:00:00,143.2889655172414
2024-12-02 05:00:00,155.08633333333333
2024-12-02 06:00:00,159.26233333333332
2024-12-02 07:00:00,167.51666666666668
2024-12-02 08:00:00,168.578
2024-12-02 09:00:00,173.535
2024-12-02 10:00:00,159.64
2024-12-02 11:00:00,132.37433333333334
2024-12-02 12:00:00,111.569
2024-12-02 13:00:00,96.68566666666668
2024-12-02 14:00:00,85.48333333333333
2024-12-02 15:00:00,71.20900000000002
2024-12-02 16:00:00,65.66103448275862
2024-12-02 17:00:00,62.647000000000006
2024-12-02 18:00:00,74.07206896551725
2024-12-02 19:00:00,96.93366666666667
2024-12-02 20:00:00,121.18033333333332
2024-12-02 21:00:00,142.2555172413793
2024-12-02 22:00:00,150.06275862068964
2024-12-02 23:00:00,161.16666666666666
2024-12-03 00:00:00,168.29633333333334
2024-12-03 01:00:00,165.61700000000002
2024-12-03 02:00:00,157.897
2024-12-03 03:00:00,155.48466666666667
2024-12-03 04:00:00,155.1436666666667
2024-12-03 05:00:00,158.40633333333332
2024-12-03 06:00:00,157.08433333333332
2024-12-03 07:00:00,158.54333333333335
2024-12-03 08:00:00,163.20466666666664
2024-12-03 09:00:00,157.38633333333334
2024-12-03 10:00:00,140.189
2024-12-03 11:00:00,129.06586206896552
2024-12-03 12:00:00,108.95766666666667
2024-12-03 13:00:00,92.42733333333332
2024-12-03 14:00:00,71.184
2024-12-03 15:00:00,53.11678571428571
2024-12-03 16:00:00,49.87344827586207
2024-12-03 17:00:00,55.374
2024-12-03 18:00:00,69.48896551724138
2024-12-03 19:00:00,93.04275862068967
2024-12-03 20:00:00,112.45666666666668
2024-12-03 21:00:00,121.33866666666667
2024-12-03 22:00:00,123.18566666666668
2024-12-03 23:00:00,113.02933333333334
2024-12-04 00:00:00,96.71172413793103
2024-12-04 01:00:00,88.81571428571428
2024-12-04 02:00:00,84.69379310344829
2024-12-04 03:00:00,87.92655172413792
2024-12-04 04:00:00,89.4603448275862
2024-12-04 05:00:00,80.63407407407409
2024-12-04 06:00:00,79.9407142857143
2024-12-04 07:00:00,79.93666666666667
2024-12-04 08:00:00,82.56433333333332
2024-12-04 09:00:00,87.44800000000001
2024-12-04 10:00:00,91.49933333333334
2024-12-04 11:00:00,82.2025
2024-12-04 12:00:00,61.9748275862069
2024-12-04 13:00:00,45.588
2024-12-04 14:00:00,35.556333333333335
2024-12-04 15:00:00,27.612758620689654
2024-12-04 16:00:00,31.47931034482759
2024-12-04 17:00:00,39.6641935483871
2024-12-04 18:00:00,46.69580645161291
2024-12-04 19:00:00,67.69548387096773
2024-12-04 20:00:00,88.62689655172413
2024-12-04 21:00:00,105.69966666666667
2024-12-04 22:00:00,106.18033333333334
2024-12-04 23:00:00,107.34966666666666
2024-12-05 00:00:00,93.02655172413795
2024-12-05 01:00:00,85.39107142857144
2024-12-05 02:00:00,83.95733333333334
2024-12-05 03:00:00,80.90724137931035
2024-12-05 04:00:00,79.82066666666667
2024-12-05 05:00:00,79.10214285714287
2024-12-05 06:00:00,80.28241379310344
2024-12-05 07:00:00,79.18448275862069
2024-12-05 08:00:00,88.74833333333332
2024-12-05 09:00:00,86.57
2024-12-05 10:00:00,77.46633333333332
2024-12-05 11:00:00,75.56724137931033
2024-12-05 12:00:00,63.78172413793103
2024-12-05 13:00:00,48.716
2024-12-05 14:00:00,38.283
2024-12-05 15:00:00,32.745
2024-12-05 16:00:00,33.31965517241379
2024-12-05 17:00:00,41.0475
2024-12-05 18:00:00,56.11137931034482
2024-12-05 19:00:00,86.44241379310346
2024-12-05 20:00:00,102.50533333333333
2024-12-05 21:00:00,118.98066666666666
2024-12-05 22:00:00,127.266
2024-12-05 23:00:00,129.61333333333334
2024-12-06 00:00:00,122.13999999999999
2024-12-06 01:00:00,121.2258064516129
2024-12-06 02:00:00,112.33064516129032
2024-12-06 03:00:00,99.73032258064515
2024-12-06 04:00:00,101.77
2024-12-06 05:00:00,105.93838709677418
2024-12-06 06:00:00,92.18129032258064
2024-12-06 07:00:00,84.70290322580645
2024-12-06 08:00:00,92.69903225806452
2024-12-06 09:00:00,98.70838709677419
2024-12-06 10:00:00,91.56806451612904
2024-12-06 11:00:00,80.93599999999999
2024-12-06 12:00:00,65.541
2024-12-06 13:00:00,53.167
2024-12-06 14:00:00,49.10193548387097
2024-12-06 15:00:00,44.77645161290322
2024-12-06 16:00:00,42.07322580645161
2024-12-06 17:00:00,43.34225806451612
2024-12-06 18:00:00,55.266774193548386
2024-12-06 19:00:00,84.44645161290323
2024-12-06 20:00:00,115.64129032258064
2024-12-06 21:00:00,129.16206896551725
2024-12-06 22:00:00,158.09233333333333
2024-12-06 23:00:00,163.18766666666664
2024-12-07 00:00:00,180.88758620689654
2024-12-07 01:00:00,173.30266666666665
2024-12-07 02:00:00,146.97266666666667
2024-12-07 03:00:00,140.06799999999996
2024-12-07 04:00:00,138.194
2024-12-07 05:00:00,133.52206896551724
2024-12-07 06:00:00,124.787
2024-12-07 07:00:00,121.52733333333335
2024-12-07 08:00:00,128.82533333333333
2024-12-07 09:00:00,125.70366666666668
2024-12-07 10:00:00,113.479
2024-12-07 11:00:00,99.021
2024-12-07 12:00:00,82.99322580645159
2024-12-07 13:00:00,56.14903225806452
2024-12-07 14:00:00,48.28354838709677
2024-12-07 15:00:00,47.726451612903226
2024-12-07 16:00:00,49.284666666666666
2024-12-07 17:00:00,51.23612903225806
2024-12-07 18:00:00,69.68066666666667
2024-12-07 19:00:00,124.39999999999999
2024-12-07 20:00:00,165.51548387096773
2024-12-07 21:00:00,191.86096774193547
2024-12-07 22:00:00,220.13258064516128
2024-12-07 23:00:00,232.53233333333336
2024-12-08 00:00:00,242.61516129032256
2024-12-08 01:00:00,246.45677419354837
2024-12-08 02:00:00,244.01
2024-12-08 03:00:00,241.9864516129032
2024-12-08 04:00:00,232.32967741935485
2024-12-08 05:00:00,236.07354838709676
2024-12-08 06:00:00,243.67193548387095
2024-12-08 07:00:00,240.17774193548388
2024-12-08 08:00:00,225.713
2024-12-08 09:00:00,192.35666666666668
2024-12-08 10:00:00,151.96566666666664
2024-12-08 11:00:00,134.51833333333335
2024-12-08 12:00:00,108.81965517241379
2024-12-08 13:00:00,93.35433333333334
2024-12-08 14:00:00,88.85766666666667
2024-12-08 15:00:00,84.51333333333334
2024-12-08 16:00:00,86.40166666666667
2024-12-08 17:00:00,90.57933333333334
2024-12-08 18:00:00,105.889
2024-12-08 19:00:00,127.14399999999999
2024-12-08 20:00:00,127.36366666666667
2024-12-08 21:00:00,132.98933333333335
2024-12-08 22:00:00,129.35633333333334
2024-12-08 23:00:00,110.32535714285714
2024-12-09 00:00:00,90.30766666666666
2024-12-09 01:00:00,73.0425
2024-12-09 02:00:00,61.42103448275862
2024-12-09 03:00:00,52.35461538461538
2024-12-09 04:00:00,55.353928571428575
2024-12-09 05:00:00,56.800740740740736
2024-12-09 06:00:00,60.26
2024-12-09 07:00:00,59.63172413793104
2024-12-09 08:00:00,74.97068965517241
2024-12-09 09:00:00,80.70896551724138
2024-12-09 10:00:00,83.43793103448276
2024-12-09 11:00:00,93.18766666666666
2024-12-09 12:00:00,90.04133333333334
2024-12-09 13:00:00,88.1751724137931
2024-12-09 14:00:00,87.32275862068964
2024-12-09 15:00:00,79.82799999999999
2024-12-09 16:00:00,74.943
2024-12-09 17:00:00,75.51333333333334
2024-12-09 18:00:00,94.40310344827586
2024-12-09 19:00:00,127.54310344827586
2024-12-09 20:00:00,135.55724137931034
2024-12-09 21:00:00,152.1786206896552
2024-12-09 22:00:00,141.77965517241378
2024-12-09 23:00:00,138.16466666666665
2024-12-10 00:00:00,138.62633333333332
2024-12-10 01:00:00,124.657
2024-12-10 02:00:00,115.40793103448276
2024-12-10 03:00:00,113.795
2024-12-10 04:00:00,115.31965517241379
2024-12-10 05:00:00,109.04103448275862
2024-12-10 06:00:00,108.05896551724138
2024-12-10 07:00:00,102.37379310344829
2024-12-10 08:00:00,112.07266666666666
2024-12-10 09:00:00,121.52566666666667
2024-12-10 10:00:00,120.59166666666667
2024-12-10 11:00:00,118.94666666666667
2024-12-10 12:00:00,99.12107142857143
2024-12-10 13:00:00,74.536
2024-12-10 14:00:00,51.722
2024-12-10 15:00:00,36.487
2024-12-10 16:00:00,28.458333333333332
2024-12-10 17:00:00,35.2903448275862
2024-12-10 18:00:00,55.919999999999995
2024-12-10 19:00:00,88.81258064516129
2024-12-10 20:00:00,112.1390322580645
2024-12-10 21:00:00,123.29774193548387
2024-12-10 22:00:00,123.36193548387097
2024-12-10 23:00:00,121.97258064516129
2024-12-11 00:00:00,111.00099999999999
2024-12-11 01:00:00,106.83933333333333
2024-12-11 02:00:00,96.18419354838709
2024-12-11 03:00:00,91.56419354838711
2024-12-11 04:00:00,94.43129032258064
2024-12-11 05:00:00,96.83193548387096
2024-12-11 06:00:00,98.4058064516129
2024-12-11 07:00:00,102.83064516129033
2024-12-11 08:00:00,112.16838709677418
2024-12-11 09:00:00,117.25612903225807
2024-12-11 10:00:00,106.13645161290323
2024-12-11 11:00:00,86.24566666666666
2024-12-11 12:00:00,65.77580645161291
2024-12-11 13:00:00,54.57290322580645
2024-12-11 14:00:00,53.63129032258065
2024-12-11 15:00:00,48.577666666666666
2024-12-11 16:00:00,48.865161290322575
2024-12-11 17:00:00,55.59064516129032
2024-12-11 18:00:00,78.16645161290322
2024-12-11 19:00:00,120.66741935483871
2024-12-11 20:00:00,153.32290322580647
2024-12-11 21:00:00,166.1574193548387
2024-12-11 22:00:00,182.1032258064516
2024-12-11 23:00:00,192.01806451612904
2024-12-12 00:00:00,195.1051612903226
2024-12-12 01:00:00,197.29483870967744
2024-12-12 02:00:00,189.41483870967744
2024-12-12 03:00:00,176.58161290322582
2024-12-12 04:00:00,178.89935483870968
2024-12-12 05:00:00,178.59645161290322
2024-12-12 06:00:00,184.23354838709676
2024-12-12 07:00:00,183.4396774193548
2024-12-12 08:00:00,182.2525806451613
2024-12-12 09:00:00,182.68
2024-12-12 10:00:00,165.3593548387097
2024-12-12 11:00:00,132.87193548387097
2024-12-12 12:00:00,108.92935483870967
2024-12-12 13:00:00,88.628
2024-12-12 14:00:00,78.47366666666667
2024-12-12 15:00:00,74.80933333333334
2024-12-12 16:00:00,74.76
2024-12-12 17:00:00,80.60290322580646
2024-12-12 18:00:00,100.25516129032258
2024-12-12 19:00:00,145.85866666666666
2024-12-12 20:00:00,161.85566666666668
2024-12-12 21:00:00,157.67
2024-12-12 22:00:00,157.846
2024-12-12 23:00:00,153.14133333333334
2024-12-13 00:00:00,147.07451612903228
2024-12-13 01:00:00,151.19612903225806
2024-12-13 02:00:00,135.80774193548388
2024-12-13 03:00:00,136.01258064516128
2024-12-13 04:00:00,137.7
2024-12-13 05:00:00,127.02806451612904
2024-12-13 06:00:00,129.70709677419353
2024-12-13 07:00:00,126.12258064516128
2024-12-13 08:00:00,130.93612903225807
2024-12-13 09:00:00,129.4116129032258
2024-12-13 10:00:00,124.63387096774194
2024-12-13 11:00:00,112.21033333333334
2024-12-13 12:00:00,98.41833333333334
2024-12-13 13:00:00,80.7144827586207
2024-12-13 14:00:00,61.603793103448275
2024-12-13 15:00:00,50.02758620689656
2024-12-13 16:00:00,54.48766666666666
2024-12-13 17:00:00,59.22931034482758
2024-12-13 18:00:00,77.56071428571428
2024-12-13 19:00:00,100.74433333333333
2024-12-13 20:00:00,98.94266666666667
2024-12-13 21:00:00,95.47966666666666
2024-12-13 22:00:00,94.79931034482757
2024-12-13 23:00:00,100.65793103448276
2024-12-14 00:00:00,92.78137931034482
2024-12-14 01:00:00,87.12379310344828
2024-12-14 02:00:00,82.91399999999999
2024-12-14 03:00:00,81.35586206896552
2024-12-14 04:00:00,83.65233333333335
2024-12-14 05:00:00,79.16333333333333
2024-12-14 06:00:00,78.44166666666666
2024-12-14 07:00:00,82.21533333333333
2024-12-14 08:00:00,88.37566666666666
2024-12-14 09:00:00,88.467
2024-12-14 10:00:00,93.43310344827586
2024-12-14 11:00:00,87.70433333333334
2024-12-14 12:00:00,81.99566666666666
2024-12-14 13:00:00,69.988
2024-12-14 14:00:00,62.747241379310346
2024-12-14 15:00:00,60.55178571428571
2024-12-14 16:00:00,60.528214285714284
2024-12-14 17:00:00,64.6896551724138
2024-12-14 18:00:00,93.33103448275864
2024-12-14 19:00:00,161.0344827586207
2024-12-14 20:00:00,169.10333333333335
2024-12-14 21:00:00,191.83724137931034
2024-12-14 22:00:00,206.43800000000002
2024-12-14 23:00:00,207.00033333333332
2024-12-15 00:00:00,203.83666666666667
2024-12-15 01:00:00,188.63103448275862
2024-12-15 02:00:00,166.47750000000002
2024-12-15 03:00:00,163.48535714285714
2024-12-15 04:00:00,151.07714285714286
2024-12-15 05:00:00,156.26178571428574
2024-12-15 06:00:00,151.61103448275864
2024-12-15 07:00:00,152.01035714285712
2024-12-15 08:00:00,164.55517241379312
2024-12-15 09:00:00,160.85344827586206
2024-12-15 10:00:00,159.17249999999999
2024-12-15 11:00:00,158.5696428571429
2024-12-15 12:00:00,147.4444827586207
2024-12-15 13:00:00,133.24857142857144
2024-12-15 14:00:00,119.551
2024-12-15 15:00:00,107.71900000000001
2024-12-15 16:00:00,106.2051724137931
2024-12-15 17:00:00,111.25068965517241
2024-12-15 18:00:00,143.4
2024-12-15 19:00:00,202.83655172413793
2024-12-15 20:00:00,256.417
2024-12-15 21:00:00,304.04600000000005
2024-12-15 22:00:00,305.97
2024-12-15 23:00:00,289.742
2024-12-16 00:00:00,298.4533333333333
2024-12-16 01:00:00,285.3353333333334
2024-12-16 02:00:00,272.0866666666667
2024-12-16 03:00:00,265.70724137931035
2024-12-16 04:00:00,248.46758620689653
2024-12-16 05:00:00,236.53107142857144
2024-12-16 06:00:00,233.08785714285713
2024-12-16 07:00:00,236.8317857142857
2024-12-16 08:00:00,249.12678571428572
2024-12-16 09:00:00,251.97607142857143
2024-12-16 10:00:00,257.6458620689655
2024-12-16 11:00:00,271.18032258064517
2024-12-16 12:00:00,262.73806451612904
2024-12-16 13:00:00,228.5677419354839
2024-12-16 14:00:00,213.24419354838713
2024-12-16 15:00:00,202.71838709677417
2024-12-16 16:00:00,207.21451612903223
2024-12-16 17:00:00,216.04387096774192
2024-12-16 18:00:00,267.8963333333333
2024-12-16 19:00:00,317.049
2024-12-16 20:00:00,338.2696666666667
2024-12-16 21:00:00,391.918
2024-12-16 22:00:00,428.4493333333333
2024-12-16 23:00:00,399.57344827586206
2024-12-17 00:00:00,365.4872413793104
2024-12-17 01:00:00,376.831
2024-12-17 02:00:00,373.36466666666666
2024-12-17 03:00:00,364.60266666666666
2024-12-17 04:00:00,354.2146666666667
2024-12-17 05:00:00,343.9403333333333
2024-12-17 06:00:00,337.60466666666673
2024-12-17 07:00:00,335.88100000000003
2024-12-17 08:00:00,348.6589655172414
2024-12-17 09:00:00,382.20379310344833
2024-12-17 10:00:00,392.1843333333333
2024-12-17 11:00:00,371.33633333333336
2024-12-17 12:00:00,308.0089655172414
2024-12-17 13:00:00,268.0225806451613
2024-12-17 14:00:00,232.3709677419355
2024-12-17 15:00:00,217.04483870967744
2024-12-17 16:00:00,207.36700000000002
2024-12-17 17:00:00,216.03166666666667
2024-12-17 18:00:00,268.5748387096774
2024-12-17 19:00:00,321.76599999999996
2024-12-17 20:00:00,342.6332258064516
2024-12-17 21:00:00,391.1558064516129
2024-12-17 22:00:00,419.55225806451614
2024-12-17 23:00:00,457.5490322580645
2024-12-18 00:00:00,444.45612903225805
2024-12-18 01:00:00,404.96354838709675
2024-12-18 02:00:00,394.94290322580645
2024-12-18 03:00:00,364.82580645161283
2024-12-18 04:00:00,349.7987096774193
2024-12-18 05:00:00,343.2996774193548
2024-12-18 06:00:00,335.6151612903226
2024-12-18 07:00:00,320.27166666666665
2024-12-18 08:00:00,314.3846666666667
2024-12-18 09:00:00,311.9413333333333
2024-12-18 10:00:00,339.0986666666667
2024-12-18 11:00:00,359.386
2024-12-18 12:00:00,357.09
2024-12-18 13:00:00,302.34793103448277
2024-12-18 14:00:00,250.88366666666667
2024-12-18 15:00:00,241.38133333333332
2024-12-18 16:00:00,241.183
2024-12-18 17:00:00,252.13133333333334
2024-12-18 18:00:00,284.12399999999997
2024-12-18 19:00:00,357.045
2024-12-18 20:00:00,410.3473333333333
2024-12-18 21:00:00,427.18266666666665
2024-12-18 22:00:00,440.02633333333335
2024-12-18 23:00:00,443.5023333333333
2024-12-19 00:00:00,443.299
2024-12-19 01:00:00,432.70200000000006
2024-12-19 02:00:00,414.05766666666665
2024-12-19 03:00:00,394.456
2024-12-19 04:00:00,368.4813333333333
2024-12-19 05:00:00,364.05206896551726
2024-12-19 06:00:00,379.82862068965517
2024-12-19 07:00:00,390.1551724137931
2024-12-19 08:00:00,404.01535714285717
2024-12-19 09:00:00,506.2707142857143
2024-12-19 10:00:00,530.7820689655173
2024-12-19 11:00:00,458.32655172413797
2024-12-19 12:00:00,359.0944827586207
2024-12-19 13:00:00,241.21233333333333
2024-12-19 14:00:00,189.704
2024-12-19 15:00:00,158.301
2024-12-19 16:00:00,152.18866666666665
2024-12-19 17:00:00,156.42333333333332
2024-12-19 18:00:00,200.064
2024-12-19 19:00:00,243.44275862068966
2024-12-19 20:00:00,330.544
2024-12-19 21:00:00,367.65066666666667
2024-12-19 22:00:00,432.84166666666664
2024-12-19 23:00:00,457.10933333333327
2024-12-20 00:00:00,453.39599999999996
2024-12-20 01:00:00,426.3796551724138
2024-12-20 02:00:00,405.5523333333333
2024-12-20 03:00:00,370.0559999999999
2024-12-20 04:00:00,341.1733333333333
2024-12-20 05:00:00,328.4923333333333
2024-12-20 06:00:00,322.04233333333326
2024-12-20 07:00:00,328.44178571428574
2024-12-20 08:00:00,343.3389655172414
2024-12-20 09:00:00,369.44642857142856
2024-12-20 10:00:00,359.18586206896555
2024-12-20 11:00:00,321.217
2024-12-20 12:00:00,282.10870967741937
2024-12-20 13:00:00,243.52366666666666
2024-12-20 14:00:00,217.70387096774195
2024-12-20 15:00:00,197.506
2024-12-20 16:00:00,180.31033333333332
2024-12-20 17:00:00,184.21433333333331
2024-12-20 18:00:00,204.67600000000002
2024-12-20 19:00:00,240.91793103448276
2024-12-20 20:00:00,253.16299999999998
2024-12-20 21:00:00,269.67333333333335
2024-12-20 22:00:00,266.541
2024-12-20 23:00:00,250.99699999999999
2024-12-21 00:00:00,227.69
2024-12-21 01:00:00,209.48233333333334
2024-12-21 02:00:00,199.554
2024-12-21 03:00:00,199.56866666666664
2024-12-21 04:00:00,199.16966666666667
2024-12-21 05:00:00,190.09933333333336
2024-12-21 06:00:00,209.88586206896554
2024-12-21 07:00:00,217.4655172413793
2024-12-21 08:00:00,226.24633333333333
2024-12-21 09:00:00,235.97133333333335
2024-12-21 10:00:00,251.984
2024-12-21 11:00:00,235.13366666666664
2024-12-21 12:00:00,195.076
2024-12-21 13:00:00,152.89379310344827
2024-12-21 14:00:00,137.93133333333333
2024-12-21 15:00:00,126.09733333333334
2024-12-21 16:00:00,126.39399999999999
2024-12-21 17:00:00,125.04366666666668
2024-12-21 18:00:00,159.67433333333335
2024-12-21 19:00:00,213.985
2024-12-21 20:00:00,284.2056666666667
2024-12-21 21:00:00,328.30533333333335
2024-12-21 22:00:00,352.39
2024-12-21 23:00:00,357.2816666666667
2024-12-22 00:00:00,345.1013333333333
2024-12-22 01:00:00,331.9866666666667
2024-12-22 02:00:00,326.68
2024-12-22 03:00:00,316.326
2024-12-22 04:00:00,311.61800000000005
2024-12-22 05:00:00,296.1323333333333
2024-12-22 06:00:00,290.6476666666667
2024-12-22 07:00:00,294.7873333333334
2024-12-22 08:00:00,322.403
2024-12-22 09:00:00,373.716
2024-12-22 10:00:00,372.439
2024-12-22 11:00:00,317.789
2024-12-22 12:00:00,256.47266666666667
2024-12-22 13:00:00,220.62333333333333
2024-12-22 14:00:00,199.61666666666667
2024-12-22 15:00:00,181.88645161290324
2024-12-22 16:00:00,175.27866666666665
2024-12-22 17:00:00,177.276
2024-12-22 18:00:00,195.04766666666666
2024-12-22 19:00:00,242.60666666666665
2024-12-22 20:00:00,278.776
2024-12-22 21:00:00,325.7448387096775
2024-12-22 22:00:00,319.7713333333333
2024-12-22 23:00:00,325.64451612903224
2024-12-23 00:00:00,336.73838709677426
2024-12-23 01:00:00,331.4587096774194
2024-12-23 02:00:00,292.7141935483871
2024-12-23 03:00:00,269.36
2024-12-23 04:00:00,243.0774193548387
2024-12-23 05:00:00,215.13666666666668
2024-12-23 06:00:00,204.48161290322582
2024-12-23 07:00:00,214.33633333333333
2024-12-23 08:00:00,242.7976666666667
2024-12-23 09:00:00,275.99225806451614
2024-12-23 10:00:00,310.1012903225806
2024-12-23 11:00:00,333.38399999999996
2024-12-23 12:00:00,319.04
2024-12-23 13:00:00,291.9893333333333
2024-12-23 14:00:00,268.81870967741935
2024-12-23 15:00:00,239.39064516129034
2024-12-23 16:00:00,225.83709677419355
2024-12-23 17:00:00,223.0096774193548
2024-12-23 18:00:00,224.91709677419357
2024-12-23 19:00:00,237.4158064516129
2024-12-23 20:00:00,251.784
2024-12-23 21:00:00,259.04
2024-12-23 22:00:00,262.42551724137934
2024-12-23 23:00:00,269.89666666666665
2024-12-24 00:00:00,255.40896551724137
2024-12-24 01:00:00,249.5706896551724
2024-12-24 02:00:00,250.60266666666666
2024-12-24 03:00:00,249.05724137931034
2024-12-24 04:00:00,246.41620689655173
2024-12-24 05:00:00,225.10241379310347
2024-12-24 06:00:00,210.88655172413797
2024-12-24 07:00:00,202.07833333333335
2024-12-24 08:00:00,198.36766666666668
2024-12-24 09:00:00,200.74433333333334
2024-12-24 10:00:00,198.91199999999998
2024-12-24 11:00:00,182.5
2024-12-24 12:00:00,150.87266666666667
2024-12-24 13:00:00,133.04645161290324
2024-12-24 14:00:00,124.96451612903226
2024-12-24 15:00:00,117.03612903225807
2024-12-24 16:00:00,116.35548387096776
2024-12-24 17:00:00,129.10225806451612
2024-12-24 18:00:00,158.56967741935483
2024-12-24 19:00:00,193.4058064516129
2024-12-24 20:00:00,164.44387096774193
2024-12-24 21:00:00,159.57233333333332
2024-12-24 22:00:00,176.55241379310345
2024-12-24 23:00:00,191.8364516129032
2024-12-25 00:00:00,190.73258064516128
2024-12-25 01:00:00,200.20233333333334
2024-12-25 02:00:00,201.23666666666668
2024-12-25 03:00:00,200.94633333333334
2024-12-25 04:00:00,201.81399999999996
2024-12-25 05:00:00,194.54866666666663
2024-12-25 06:00:00,189.60833333333332
2024-12-25 07:00:00,194.9928571428571
2024-12-25 08:00:00,195.22466666666665
2024-12-25 09:00:00,208.67793103448275
2024-12-25 10:00:00,216.51000000000002
2024-12-25 11:00:00,199.86566666666664
2024-12-25 12:00:00,178.64206896551724
2024-12-25 13:00:00,146.0010344827586
2024-12-25 14:00:00,120.44833333333334
2024-12-25 15:00:00,113.17666666666668
2024-12-25 16:00:00,116.28533333333333
2024-12-25 17:00:00,118.82666666666665
2024-12-25 18:00:00,141.621
2024-12-25 19:00:00,178.56655172413795
2024-12-25 20:00:00,198.78862068965518
2024-12-25 21:00:00,222.37
2024-12-25 22:00:00,231.30103448275864
2024-12-25 23:00:00,227.96172413793101
2024-12-26 00:00:00,222.03827586206896
2024-12-26 01:00:00,211.48964285714283
2024-12-26 02:00:00,204.56500000000003
2024-12-26 03:00:00,192.69571428571427
2024-12-26 04:00:00,180.5171428571429
2024-12-26 05:00:00,171.8125925925926
2024-12-26 06:00:00,172.1751851851852
2024-12-26 07:00:00,174.09925925925927
2024-12-26 08:00:00,188.42888888888888
2024-12-26 09:00:00,200.90928571428572
2024-12-26 10:00:00,230.68566666666666
2024-12-26 11:00:00,236.85096774193548
2024-12-26 12:00:00,218.65709677419355
2024-12-26 13:00:00,169.5935483870968
2024-12-26 14:00:00,141.10677419354838
2024-12-26 15:00:00,128.92903225806452
2024-12-26 16:00:00,124.79903225806451
2024-12-26 17:00:00,130.33933333333331
2024-12-26 18:00:00,185.98838709677418
2024-12-26 19:00:00,237.11774193548385
2024-12-26 20:00:00,294.3306666666667
2024-12-26 21:00:00,338.7770967741936
2024-12-26 22:00:00,346.9332258064517
2024-12-26 23:00:00,295.15161290322584
2024-12-27 00:00:00,287.16161290322583
2024-12-27 01:00:00,268.928
2024-12-27 02:00:00,264.29400000000004
2024-12-27 03:00:00,254.248
2024-12-27 04:00:00,251.69866666666667
2024-12-27 05:00:00,258.3458620689655
2024-12-27 06:00:00,235.72137931034484
2024-12-27 07:00:00,223.49034482758623
2024-12-27 08:00:00,207.34724137931036
2024-12-27 09:00:00,159.28793103448274
2024-12-27 10:00:00,115.90464285714286
2024-12-27 11:00:00,109.77655172413793
2024-12-27 12:00:00,125.47571428571429
2024-12-27 13:00:00,133.59703703703704
2024-12-27 14:00:00,110.0548
2024-12-27 15:00:00,85.75310344827587
2024-12-27 16:00:00,77.61518518518518
2024-12-27 17:00:00,67.15535714285714
2024-12-27 18:00:00,62.41857142857142
2024-12-27 19:00:00,56.43000000000001
2024-12-27 20:00:00,56.111785714285716
2024-12-27 21:00:00,47.78
2024-12-27 22:00:00,47.54
2024-12-27 23:00:00,47.35961538461539
2024-12-28 00:00:00,48.927600000000005
2024-12-28 01:00:00,46.775416666666665
2024-12-28 02:00:00,46.38086956521739
2024-12-28 03:00:00,45.32695652173913
2024-12-28 04:00:00,43.47181818181818
2024-12-28 05:00:00,40.64043478260869
2024-12-28 06:00:00,42.52090909090909
2024-12-28 07:00:00,49.095
2024-12-28 08:00:00,60.09291666666667
2024-12-28 09:00:00,70.82199999999999
2024-12-28 10:00:00,81.46000000000001
2024-12-28 11:00:00,99.21607142857144
2024-12-28 12:00:00,115.73571428571428
2024-12-28 13:00:00,121.47666666666667
2024-12-28 14:00:00,119.65535714285714
2024-12-28 15:00:00,111.41
2024-12-28 16:00:00,96.56862068965516
2024-12-28 17:00:00,100.04620689655172
2024-12-28 18:00:00,106.2641379310345
2024-12-28 19:00:00,120.1296551724138
2024-12-28 20:00:00,126.05366666666667
2024-12-28 21:00:00,128.64033333333333
2024-12-28 22:00:00,131.27033333333333
2024-12-28 23:00:00,124.85413793103449
2024-12-29 00:00:00,113.32400000000001
2024-12-29 01:00:00,93.38866666666667
2024-12-29 02:00:00,84.62166666666666
2024-12-29 03:00:00,80.63566666666667
2024-12-29 04:00:00,85.94333333333334
2024-12-29 05:00:00,81.96333333333334
2024-12-29 06:00:00,86.48566666666667
2024-12-29 07:00:00,88.24966666666667
2024-12-29 08:00:00,91.87133333333333
2024-12-29 09:00:00,99.65333333333334
2024-12-29 10:00:00,104.06966666666668
2024-12-29 11:00:00,103.4337931034483
2024-12-29 12:00:00,97.53310344827587
2024-12-29 13:00:00,85.13733333333333
2024-12-29 14:00:00,78.25225806451614
2024-12-29 15:00:00,77.88774193548387
2024-12-29 16:00:00,78.27258064516128
2024-12-29 17:00:00,80.36548387096774
2024-12-29 18:00:00,82.83870967741936
2024-12-29 19:00:00,85.30516129032259
2024-12-29 20:00:00,86.99838709677418
2024-12-29 21:00:00,88.0516129032258
2024-12-29 22:00:00,83.93129032258064
2024-12-29 23:00:00,74.61612903225807
2024-12-30 00:00:00,67.37064516129033
2024-12-30 01:00:00,65.10935483870968
2024-12-30 02:00:00,62.72935483870968
2024-12-30 03:00:00,64.28645161290322
2024-12-30 04:00:00,64.80666666666667
2024-12-30 05:00:00,72.53133333333332
2024-12-30 06:00:00,73.79466666666666
2024-12-30 07:00:00,69.47066666666666
2024-12-30 08:00:00,77.64133333333332
2024-12-30 09:00:00,80.79096774193549
2024-12-30 10:00:00,86.71935483870968
2024-12-30 11:00:00,91.501
2024-12-30 12:00:00,88.11333333333332
2024-12-30 13:00:00,86.69642857142857
2024-12-30 14:00:00,89.31344827586207
2024-12-30 15:00:00,82.45466666666668
2024-12-30 16:00:00,85.11966666666667
2024-12-30 17:00:00,92.53322580645161
2024-12-30 18:00:00,105.95299999999999
2024-12-30 19:00:00,119.91833333333334
2024-12-30 20:00:00,120.81633333333333
2024-12-30 21:00:00,126.60933333333332
2024-12-30 22:00:00,133.51310344827587
2024-12-30 23:00:00,129.2206896551724
2024-12-31 00:00:00,124.1196551724138
2024-12-31 01:00:00,115.1203448275862
2024-12-31 02:00:00,113.10724137931034
2024-12-31 03:00:00,115.13862068965517
2024-12-31 04:00:00,115.77241379310344
2024-12-31 05:00:00,117.5592857142857
2024-12-31 06:00:00,119.75896551724139
2024-12-31 07:00:00,120.24379310344828
2024-12-31 08:00:00,123.21310344827586
2024-12-31 09:00:00,127.48433333333332
2024-12-31 10:00:00,129.12935483870967
2024-12-31 11:00:00,145.61433333333335
2024-12-31 12:00:00,144.505
2024-12-31 13:00:00,152.1074193548387
2024-12-31 14:00:00,164.44633333333334
2024-12-31 15:00:00,175.27300000000002
2024-12-31 16:00:00,179.26000000000002
2024-12-31 17:00:00,183.34965517241378
2024-12-31 18:00:00,187.39758620689656
2024-12-31 19:00:00,188.6703448275862
2024-12-31 20:00:00,189.4641379310345
2024-12-31 21:00:00,197.91724137931035
2024-12-31 22:00:00,220.87586206896555
2024-12-31 23:00:00,234.61896551724138
2025-01-01 00:00:00,216.24400000000003
2025-01-01 01:00:00,219.16586206896554
2025-01-01 02:00:00,204.8363333333333
2025-01-01 03:00:00,180.26399999999998
2025-01-01 04:00:00,150.02233333333334
2025-01-01 05:00:00,134.67833333333334
2025-01-01 06:00:00,133.225
2025-01-01 07:00:00,128.82
2025-01-01 08:00:00,127.10033333333334
2025-01-01 09:00:00,120.33766666666666
2025-01-01 10:00:00,129.26333333333332
2025-01-01 11:00:00,141.13379310344828
2025-01-01 12:00:00,144.62137931034482
2025-01-01 13:00:00,147.74310344827586
2025-01-01 14:00:00,148.5562068965517
2025-01-01 15:00:00,144.6855172413793
2025-01-01 16:00:00,150.38000000000002
2025-01-01 17:00:00,151.74066666666667
2025-01-01 18:00:00,167.06300000000002
2025-01-01 19:00:00,172.60033333333334
2025-01-01 20:00:00,181.217
2025-01-01 21:00:00,184.02833333333334
2025-01-01 22:00:00,181.7973333333333
2025-01-01 23:00:00,173.688
2025-01-02 00:00:00,153.97033333333331
2025-01-02 01:00:00,138.28758620689655
2025-01-02 02:00:00,130.2837931034483
2025-01-02 03:00:00,132.80433333333335
2025-01-02 04:00:00,138.57466666666667
2025-01-02 05:00:00,139.28533333333334
2025-01-02 06:00:00,143.028
2025-01-02 07:00:00,133.21433333333331
2025-01-02 08:00:00,125.48166666666667
2025-01-02 09:00:00,133.61933333333334
2025-01-02 10:00:00,152.97266666666667
2025-01-02 11:00:00,175.90366666666665
2025-01-02 12:00:00,178.27827586206897
2025-01-02 13:00:00,175.98799999999997
2025-01-02 14:00:00,174.83166666666665
2025-01-02 15:00:00,171.31071428571428
2025-01-02 16:00:00,179.03714285714287
2025-01-02 17:00:00,185.98037037037034
2025-01-02 18:00:00,199.8044444444444
2025-01-02 19:00:00,225.21321428571426
2025-01-02 20:00:00,240.70962962962966
2025-01-02 21:00:00,255.80185185185186
2025-01-02 22:00:00,260.50851851851854
2025-01-02 23:00:00,247.68777777777777
2025-01-03 00:00:00,216.77115384615385
2025-01-03 01:00:00,197.84153846153848
2025-01-03 02:00:00,187.47407407407408
2025-01-03 03:00:00,198.50037037037038
2025-01-03 04:00:00,194.25962962962964
2025-01-03 05:00:00,181.43185185185186
2025-01-03 06:00:00,165.4285185185185
2025-01-03 07:00:00,151.10703703703703
2025-01-03 08:00:00,148.52888888888887
2025-01-03 09:00:00,164.76423076923078
2025-01-03 10:00:00,188.28653846153844
2025-01-03 11:00:00,216.34423076923076
2025-01-03 12:00:00,279.1268
2025-01-03 13:00:00,331.2575
2025-01-03 14:00:00,338.9229629629629
2025-01-03 15:00:00,298.80178571428576
2025-01-03 16:00:00,250.88642857142855
2025-01-03 17:00:00,231.90642857142856
2025-01-03 18:00:00,243.3007142857143
2025-01-03 19:00:00,292.31148148148145
2025-01-03 20:00:00,339.2685714285714
2025-01-03 21:00:00,379.1714814814815
2025-01-03 22:00:00,393.6174074074074
2025-01-03 23:00:00,365.50851851851854
2025-01-04 00:00:00,316.8442307692308
2025-01-04 01:00:00,324.0576923076923
2025-01-04 02:00:00,230.74880000000002
2025-01-04 03:00:00,185.0232
2025-01-04 04:00:00,165.8676
2025-01-04 05:00:00,145.42346153846154
2025-01-04 06:00:00,137.40458333333333
2025-01-04 07:00:00,126.79384615384615
2025-01-04 08:00:00,138.14423076923077
2025-01-04 09:00:00,160.42230769230767
2025-01-04 10:00:00,209.76814814814813
2025-01-04 11:00:00,249.12555555555556
2025-01-04 12:00:00,323.0988888888889
2025-01-04 13:00:00,370.07178571428574
2025-01-04 14:00:00,330.9653571428571
2025-01-04 15:00:00,314.56857142857143
2025-01-04 16:00:00,285.01851851851853
2025-01-04 17:00:00,293.6146153846154
2025-01-04 18:00:00,287.017037037037
2025-01-04 19:00:00,277.5382142857143
2025-01-04 20:00:00,270.7374074074074
2025-01-04 21:00:00,265.6211111111111
2025-01-04 22:00:00,251.37
2025-01-04 23:00:00,240.2940740740741
2025-01-05 00:00:00,221.4662962962963
2025-01-05 01:00:00,194.72407407407405
2025-01-05 02:00:00,176.89037037037036
2025-01-05 03:00:00,160.71592592592592
2025-01-05 04:00:00,154.2814814814815
2025-01-05 05:00:00,132.19925925925926
2025-01-05 06:00:00,123.36535714285715
2025-01-05 07:00:00,113.4737037037037
2025-01-05 08:00:00,109.78535714285715
2025-01-05 09:00:00,103.6748275862069
2025-01-05 10:00:00,110.86275862068966
2025-01-05 11:00:00,120.83379310344829
2025-01-05 12:00:00,130.40178571428572
2025-01-05 13:00:00,146.78107142857144
2025-01-05 14:00:00,161.46964285714284
2025-01-05 15:00:00,164.8907142857143
2025-01-05 16:00:00,167.77749999999997
2025-01-05 17:00:00,171.17642857142854
2025-01-05 18:00:00,186.95714285714286
2025-01-05 19:00:00,207.1934482758621
2025-01-05 20:00:00,209.70862068965513
2025-01-05 21:00:00,214.64241379310346
2025-01-05 22:00:00,208.58344827586208
2025-01-05 23:00:00,192.98714285714283
2025-01-06 00:00:00,174.45071428571427
2025-01-06 01:00:00,163.66206896551722
2025-01-06 02:00:00,140.35931034482758
2025-01-06 03:00:00,148.03965517241377
2025-01-06 04:00:00,141.1293103448276
2025-01-06 05:00:00,138.83758620689656
2025-01-06 06:00:00,137.17206896551724
2025-01-06 07:00:00,137.64620689655172
2025-01-06 08:00:00,145.91620689655173
2025-01-06 09:00:00,161.9286206896552
2025-01-06 10:00:00,180.09620689655173
2025-01-06 11:00:00,198.78642857142856
2025-01-06 12:00:00,202.04642857142855
2025-01-06 13:00:00,190.53689655172414
2025-01-06 14:00:00,185.3225
2025-01-06 15:00:00,161.7489655172414
2025-01-06 16:00:00,152.17000000000002
2025-01-06 17:00:00,151.74285714285716
2025-01-06 18:00:00,163.58999999999997
2025-01-06 19:00:00,167.67172413793102
2025-01-06 20:00:00,166.23172413793105
2025-01-06 21:00:00,166.75
2025-01-06 22:00:00,156.14517241379315
2025-01-06 23:00:00,144.08928571428572
2025-01-07 00:00:00,130.0975
2025-01-07 01:00:00,114.05964285714285
2025-01-07 02:00:00,104.52769230769232
2025-01-07 03:00:00,101.96346153846154
2025-01-07 04:00:00,102.26423076923078
2025-01-07 05:00:00,108.0932
2025-01-07 06:00:00,101.74884615384615
2025-01-07 07:00:00,96.20692307692308
2025-01-07 08:00:00,119.66592592592593
2025-01-07 09:00:00,136.86038461538462
2025-01-07 10:00:00,149.73592592592593
2025-01-07 11:00:00,154.7610714285714
2025-01-07 12:00:00,162.93321428571426
2025-01-07 13:00:00,163.36700000000002
2025-01-07 14:00:00,166.99833333333336
2025-01-07 15:00:00,160.15178571428572
2025-01-07 16:00:00,160.76
2025-01-07 17:00:00,158.81730769230768
2025-01-07 18:00:00,166.76923076923077
2025-01-07 19:00:00,198.89423076923077
2025-01-07 20:00:00,218.67307692307693
2025-01-07 21:00:00,230.62
2025-01-07 22:00:00,248.60153846153844
2025-01-07 23:00:00,232.4011111111111
2025-01-08 00:00:00,207.46428571428572
2025-01-08 01:00:00,173.04222222222222
2025-01-08 02:00:00,144.70185185185187
2025-01-08 03:00:00,131.07111111111112
2025-01-08 04:00:00,116.70666666666666
2025-01-08 05:00:00,116.32892857142856
2025-01-08 06:00:00,123.48928571428573
2025-01-08 07:00:00,124.93851851851852
2025-01-08 08:00:00,121.42999999999999
2025-01-08 09:00:00,127.04793103448277
2025-01-08 10:00:00,123.68724137931035
2025-01-08 11:00:00,117.45413793103448
2025-01-08 12:00:00,95.46448275862068
2025-01-08 13:00:00,81.96862068965518
2025-01-08 14:00:00,74.2925
2025-01-08 15:00:00,71.02310344827586
2025-01-08 16:00:00,65.86866666666667
2025-01-08 17:00:00,72.06400000000001
2025-01-08 18:00:00,99.62379310344826
2025-01-08 19:00:00,158.41466666666668
2025-01-08 20:00:00,217.98709677419356
2025-01-08 21:00:00,237.78032258064516
2025-01-08 22:00:00,252.66733333333332
2025-01-08 23:00:00,262.7443333333333
2025-01-09 00:00:00,284.8796666666667
2025-01-09 01:00:00,270.1287096774193
2025-01-09 02:00:00,262.57096774193553
2025-01-09 03:00:00,239.36967741935484
2025-01-09 04:00:00,217.93096774193546
2025-01-09 05:00:00,213.99903225806452
2025-01-09 06:00:00,200.37161290322578
2025-01-09 07:00:00,197.80193548387095
2025-01-09 08:00:00,208.3183870967742
2025-01-09 09:00:00,231.97903225806454
2025-01-09 10:00:00,222.2741935483871
2025-01-09 11:00:00,230.92766666666665
2025-01-09 12:00:00,277.22387096774196
2025-01-09 13:00:00,261.42966666666666
2025-01-09 14:00:00,253.19612903225806
2025-01-09 15:00:00,238.26838709677418
2025-01-09 16:00:00,223.8516129032258
2025-01-09 17:00:00,216.51774193548388
2025-01-09 18:00:00,241.51999999999998
2025-01-09 19:00:00,321.4558064516129
2025-01-09 20:00:00,378.72999999999996
2025-01-09 21:00:00,437.664
2025-01-09 22:00:00,448.87931034482756
2025-01-09 23:00:00,439.32103448275865
2025-01-10 00:00:00,426.77586206896547
2025-01-10 01:00:00,397.55933333333337
2025-01-10 02:00:00,367.731724137931
2025-01-10 03:00:00,338.1417241379311
2025-01-10 04:00:00,291.61379310344824
2025-01-10 05:00:00,242.88931034482758
2025-01-10 06:00:00,193.8432142857143
2025-01-10 07:00:00,149.96275862068967
2025-01-10 08:00:00,137.64206896551724
2025-01-10 09:00:00,143.21387096774194
2025-01-10 10:00:00,149.1648387096774
2025-01-10 11:00:00,170.949
2025-01-10 12:00:00,213.49724137931034
2025-01-10 13:00:00,226.6120689655172
2025-01-10 14:00:00,220.655
2025-01-10 15:00:00,211.2755172413793
2025-01-10 16:00:00,200.30655172413793
2025-01-10 17:00:00,198.20103448275862
2025-01-10 18:00:00,200.87206896551726
2025-01-10 19:00:00,227.59821428571428
2025-01-10 20:00:00,258.1337931034483
2025-01-10 21:00:00,263.9167857142857
2025-01-10 22:00:00,286.1031034482759
2025-01-10 23:00:00,270.2177777777778
2025-01-11 00:00:00,241.58222222222224
2025-01-11 01:00:00,194.63222222222223
2025-01-11 02:00:00,160.10076923076923
2025-01-11 03:00:00,134.47653846153847
2025-01-11 04:00:00,115.01730769230768
2025-01-11 05:00:00,112.46461538461539
2025-01-11 06:00:00,104.3503846153846
2025-01-11 07:00:00,103.70999999999998
2025-01-11 08:00:00,107.57461538461538
2025-01-11 09:00:00,119.38111111111111
2025-01-11 10:00:00,138.37
2025-01-11 11:00:00,155.8160714285714
2025-01-11 12:00:00,158.9907142857143
2025-01-11 13:00:00,155.99785714285716
2025-01-11 14:00:00,156.66857142857143
2025-01-11 15:00:00,159.03964285714284
2025-01-11 16:00:00,167.53642857142856
2025-01-11 17:00:00,182.1857142857143
2025-01-11 18:00:00,189.09133333333332
2025-01-11 19:00:00,147.76666666666668
2025-01-11 20:00:00,134.96166666666667
2025-01-11 21:00:00,120.61899999999999
2025-01-11 22:00:00,112.55137931034481
2025-01-11 23:00:00,115.49103448275864
2025-01-12 00:00:00,120.58586206896551
2025-01-12 01:00:00,122.18285714285715
2025-01-12 02:00:00,120.49642857142858
2025-01-12 03:00:00,121.05814814814815
2025-01-12 04:00:00,114.64666666666666
2025-01-12 05:00:00,116.94518518518518
2025-01-12 06:00:00,113.2925925925926
2025-01-12 07:00:00,116.51222222222222
2025-01-12 08:00:00,140.49964285714285
2025-01-12 09:00:00,150.6625
2025-01-12 10:00:00,155.07714285714286
2025-01-12 11:00:00,150.81428571428572
2025-01-12 12:00:00,146.01962962962963
2025-01-12 13:00:00,151.39666666666665
2025-01-12 14:00:00,141.7962962962963
2025-01-12 15:00:00,133.36592592592592
2025-01-12 16:00:00,117.85689655172413
2025-01-12 17:00:00,127.29964285714286
2025-01-12 18:00:00,140.52714285714288
2025-01-12 19:00:00,149.41379310344828
2025-01-12 20:00:00,166.09689655172414
2025-01-12 21:00:00,176.09655172413792
2025-01-12 22:00:00,178.1113793103448
2025-01-12 23:00:00,171.33249999999998
2025-01-13 00:00:00,160.88500000000002
2025-01-13 01:00:00,142.04518518518518
2025-01-13 02:00:00,130.3188888888889
2025-01-13 03:00:00,109.33
2025-01-13 04:00:00,90.37961538461538
2025-01-13 05:00:00,79.77115384615384
2025-01-13 06:00:00,75.07230769230769
2025-01-13 07:00:00,70.57923076923076
2025-01-13 08:00:00,74.77535714285715
2025-01-13 09:00:00,83.57071428571429
2025-01-13 10:00:00,94.218
2025-01-13 11:00:00,101.8103448275862
2025-01-13 12:00:00,102.58466666666668
2025-01-13 13:00:00,100.1032258064516
2025-01-13 14:00:00,100.74677419354839
2025-01-13 15:00:00,100.45677419354838
2025-01-13 16:00:00,102.3083870967742
2025-01-13 17:00:00,103.44806451612902
2025-01-13 18:00:00,112.46516129032258
2025-01-13 19:00:00,127.85806451612903
2025-01-13 20:00:00,143.46161290322578
2025-01-13 21:00:00,147.06483870967742
2025-01-13 22:00:00,161.24774193548387
2025-01-13 23:00:00,166.0186666666667
2025-01-14 00:00:00,153.99733333333333
2025-01-14 01:00:00,142.28066666666666
2025-01-14 02:00:00,115.25766666666667
2025-01-14 03:00:00,113.04620689655172
2025-01-14 04:00:00,106.59766666666665
2025-01-14 05:00:00,112.75266666666668
2025-01-14 06:00:00,112.89566666666666
2025-01-14 07:00:00,104.209
2025-01-14 08:00:00,108.96133333333334
2025-01-14 09:00:00,115.49566666666666
2025-01-14 10:00:00,126.357
2025-01-14 11:00:00,133.121
2025-01-14 12:00:00,134.74689655172412
2025-01-14 13:00:00,132.06933333333333
2025-01-14 14:00:00,128.31433333333334
2025-01-14 15:00:00,123.53
2025-01-14 16:00:00,123.57241379310345
2025-01-14 17:00:00,129.58068965517242
2025-01-14 18:00:00,141.2086206896552
2025-01-14 19:00:00,180.565
2025-01-14 20:00:00,210.36035714285714
2025-01-14 21:00:00,288.296
2025-01-14 22:00:00,327.0736666666667
2025-01-14 23:00:00,338.08033333333333
2025-01-15 00:00:00,339.665
2025-01-15 01:00:00,357.8786206896552
2025-01-15 02:00:00,346.36793103448275
2025-01-15 03:00:00,320.3165517241379
2025-01-15 04:00:00,329.26689655172413
2025-01-15 05:00:00,299.86931034482757
2025-01-15 06:00:00,276.49357142857144
2025-01-15 07:00:00,255.05827586206894
2025-01-15 08:00:00,252.46166666666664
2025-01-15 09:00:00,231.15037037037038
2025-01-15 10:00:00,244.67827586206897
2025-01-15 11:00:00,250.50499999999997
2025-01-15 12:00:00,261.447
2025-01-15 13:00:00,275.21866666666665
2025-01-15 14:00:00,266.1951724137931
2025-01-15 15:00:00,243.60399999999998
2025-01-15 16:00:00,228.94193548387096
2025-01-15 17:00:00,187.87548387096774
2025-01-15 18:00:00,175.07033333333337
2025-01-15 19:00:00,180.09645161290325
2025-01-15 20:00:00,181.20129032258063
2025-01-15 21:00:00,178.19548387096776
2025-01-15 22:00:00,179.45322580645163
2025-01-15 23:00:00,163.4909677419355
2025-01-16 00:00:00,146.15806451612903
2025-01-16 01:00:00,151.4083870967742
2025-01-16 02:00:00,155.96290322580643
2025-01-16 03:00:00,149.7189655172414
2025-01-16 04:00:00,136.82774193548386
2025-01-16 05:00:00,126.65233333333335
2025-01-16 06:00:00,112.93866666666666
2025-01-16 07:00:00,98.96133333333334
2025-01-16 08:00:00,95.68066666666667
2025-01-16 09:00:00,114.069
2025-01-16 10:00:00,128.71200000000002
2025-01-16 11:00:00,132.06266666666667
2025-01-16 12:00:00,126.51962962962963
2025-01-16 13:00:00,124.20142857142856
2025-01-16 14:00:00,122.86833333333334
2025-01-16 15:00:00,112.94000000000001
2025-01-16 16:00:00,103.97299999999998
2025-01-16 17:00:00,114.76
2025-01-16 18:00:00,146.8246666666667
2025-01-16 19:00:00,214.82500000000002
2025-01-16 20:00:00,268.69206896551725
2025-01-16 21:00:00,321.39392857142855
2025-01-16 22:00:00,326.5203571428571
2025-01-16 23:00:00,283.9235714285714
2025-01-17 00:00:00,234.9303448275862
2025-01-17 01:00:00,202.6548148148148
2025-01-17 02:00:00,163.7646428571429
2025-01-17 03:00:00,145.025
2025-01-17 04:00:00,129.95518518518517
2025-01-17 05:00:00,120.94851851851853
2025-01-17 06:00:00,104.10607142857143
2025-01-17 07:00:00,97.48928571428571
2025-01-17 08:00:00,104.44285714285715
2025-01-17 09:00:00,104.85896551724137
2025-01-17 10:00:00,122.00413793103448
2025-01-17 11:00:00,127.56333333333333
2025-01-17 12:00:00,128.39111111111112
2025-01-17 13:00:00,123.70965517241379
2025-01-17 14:00:00,108.569
2025-01-17 15:00:00,99.93689655172415
2025-01-17 16:00:00,95.74137931034483
2025-01-17 17:00:00,98.04482758620689
2025-01-17 18:00:00,106.69096774193548
2025-01-17 19:00:00,115.91548387096775
2025-01-17 20:00:00,124.38774193548387
2025-01-17 21:00:00,124.18709677419355
2025-01-17 22:00:00,118.67
2025-01-17 23:00:00,111.72870967741935
2025-01-18 00:00:00,109.06099999999999
2025-01-18 01:00:00,106.79548387096774
2025-01-18 02:00:00,106.76935483870967
2025-01-18 03:00:00,101.61548387096774
2025-01-18 04:00:00,92.99516129032257
2025-01-18 05:00:00,89.84451612903227
2025-01-18 06:00:00,93.71903225806453
2025-01-18 07:00:00,96.58838709677418
2025-01-18 08:00:00,97.10903225806452
2025-01-18 09:00:00,98.43483870967744
2025-01-18 10:00:00,104.78129032258066
2025-01-18 11:00:00,126.86566666666666
2025-01-18 12:00:00,145.41064516129032
2025-01-18 13:00:00,147.47967741935483
2025-01-18 14:00:00,142.74677419354836
2025-01-18 15:00:00,151.86999999999998
2025-01-18 16:00:00,155.4346666666667
2025-01-18 17:00:00,163.13451612903225
2025-01-18 18:00:00,161.1509677419355
2025-01-18 19:00:00,180.05451612903224
2025-01-18 20:00:00,220.4209677419355
2025-01-18 21:00:00,237.02354838709675
2025-01-18 22:00:00,250.25709677419357
2025-01-18 23:00:00,246.97290322580645
2025-01-19 00:00:00,250.58935483870965
2025-01-19 01:00:00,234.1341935483871
2025-01-19 02:00:00,236.927
2025-01-19 03:00:00,220.4190322580645
2025-01-19 04:00:00,206.43645161290323
2025-01-19 05:00:00,196.52032258064517
2025-01-19 06:00:00,191.56032258064513
2025-01-19 07:00:00,192.6158064516129
2025-01-19 08:00:00,208.74548387096772
2025-01-19 09:00:00,234.54612903225808
2025-01-19 10:00:00,256.4383870967742
2025-01-19 11:00:00,258.00451612903225
2025-01-19 12:00:00,208.70419354838708
2025-01-19 13:00:00,165.75677419354838
2025-01-19 14:00:00,135.2225806451613
2025-01-19 15:00:00,109.5432258064516
2025-01-19 16:00:00,106.17290322580644
2025-01-19 17:00:00,120.46225806451612
2025-01-19 18:00:00,137.69096774193548
2025-01-19 19:00:00,189.5358064516129
2025-01-19 20:00:00,214.45499999999998
2025-01-19 21:00:00,249.27387096774194
2025-01-19 22:00:00,275.9125806451613
2025-01-19 23:00:00,276.2477419354839
2025-01-20 00:00:00,247.8632258064516
2025-01-20 01:00:00,208.98000000000002
2025-01-20 02:00:00,165.472
2025-01-20 03:00:00,144.09241379310345
2025-01-20 04:00:00,138.59866666666667
2025-01-20 05:00:00,134.14774193548388
2025-01-20 06:00:00,137.1193548387097
2025-01-20 07:00:00,140.56967741935483
2025-01-20 08:00:00,137.3190322580645
2025-01-20 09:00:00,139.29870967741934
2025-01-20 10:00:00,135.5135483870968
2025-01-20 11:00:00,123.712
2025-01-20 12:00:00,103.878
2025-01-20 13:00:00,89.06033333333335
2025-01-20 14:00:00,87.2925806451613
2025-01-20 15:00:00,91.43258064516128
2025-01-20 16:00:00,97.17709677419356
2025-01-20 17:00:00,110.316
2025-01-20 18:00:00,121.04967741935484
2025-01-20 19:00:00,146.9883870967742
2025-01-20 20:00:00,173.6241935483871
2025-01-20 21:00:00,185.6790322580645
2025-01-20 22:00:00,185.913
2025-01-20 23:00:00,170.65709677419355
2025-01-21 00:00:00,156.0958064516129
2025-01-21 01:00:00,139.47064516129032
2025-01-21 02:00:00,136.83166666666665
2025-01-21 03:00:00,131.3158064516129
2025-01-21 04:00:00,132.28290322580645
2025-01-21 05:00:00,132.29225806451612
2025-01-21 06:00:00,131.098
2025-01-21 07:00:00,139.1683870967742
2025-01-21 08:00:00,134.05903225806452
2025-01-21 09:00:00,130.6867741935484
2025-01-21 10:00:00,127.54225806451613
2025-01-21 11:00:00,111.59774193548387
2025-01-21 12:00:00,102.13645161290322
2025-01-21 13:00:00,91.18580645161289
2025-01-21 14:00:00,85.97451612903225
2025-01-21 15:00:00,85.71933333333335
2025-01-21 16:00:00,80.63451612903226
2025-01-21 17:00:00,83.10645161290323
2025-01-21 18:00:00,90.30774193548388
2025-01-21 19:00:00,118.06709677419354
2025-01-21 20:00:00,140.97193548387096
2025-01-21 21:00:00,150.16645161290322
2025-01-21 22:00:00,144.4925806451613
2025-01-21 23:00:00,130.15483870967742
2025-01-22 00:00:00,121.09645161290324
2025-01-22 01:00:00,114.45516129032256
2025-01-22 02:00:00,107.68709677419355
2025-01-22 03:00:00,104.87967741935483
2025-01-22 04:00:00,107.46548387096773
2025-01-22 05:00:00,111.11275862068966
2025-01-22 06:00:00,117.28903225806452
2025-01-22 07:00:00,122.03193548387098
2025-01-22 08:00:00,124.14806451612904
2025-01-22 09:00:00,133.69733333333332
2025-01-22 10:00:00,130.1723333333333
2025-01-22 11:00:00,125.02166666666668
2025-01-22 12:00:00,106.60249999999999
2025-01-22 13:00:00,87.63379310344828
2025-01-22 14:00:00,75.96620689655172
2025-01-22 15:00:00,62.817
2025-01-22 16:00:00,63.442903225806454
2025-01-22 17:00:00,62.81322580645161
2025-01-22 18:00:00,78.82741935483871
2025-01-22 19:00:00,105.23258064516129
2025-01-22 20:00:00,129.0448387096774
2025-01-22 21:00:00,167.31870967741935
2025-01-22 22:00:00,194.81354838709677
2025-01-22 23:00:00,203.39322580645162
2025-01-23 00:00:00,183.541935483871
2025-01-23 01:00:00,148.90290322580645
2025-01-23 02:00:00,129.6767741935484
2025-01-23 03:00:00,125.61322580645162
2025-01-23 04:00:00,123.03064516129034
2025-01-23 05:00:00,124.26766666666667
2025-01-23 06:00:00,125.92451612903227
2025-01-23 07:00:00,125.45645161290321
2025-01-23 08:00:00,139.19322580645164
2025-01-23 09:00:00,143.45096774193547
2025-01-23 10:00:00,146.84266666666664
2025-01-23 11:00:00,131.369
2025-01-23 12:00:00,114.05300000000001
2025-01-23 13:00:00,78.88866666666668
2025-01-23 14:00:00,49.534193548387094
2025-01-23 15:00:00,45.76548387096774
2025-01-23 16:00:00,45.92483870967742
2025-01-23 17:00:00,49.067096774193544
2025-01-23 18:00:00,53.07
2025-01-23 19:00:00,80.66967741935484
2025-01-23 20:00:00,98.9274193548387
2025-01-23 21:00:00,101.95806451612903
2025-01-23 22:00:00,99.70483870967742
2025-01-23 23:00:00,91.91064516129033
2025-01-24 00:00:00,89.10677419354839
2025-01-24 01:00:00,87.92161290322579
2025-01-24 02:00:00,88.01903225806453
2025-01-24 03:00:00,90.18354838709676
2025-01-24 04:00:00,93.8141935483871
2025-01-24 05:00:00,89.46466666666667
2025-01-24 06:00:00,98.68133333333334
2025-01-24 07:00:00,99.78266666666667
2025-01-24 08:00:00,103.00733333333334
2025-01-24 09:00:00,105.40966666666667
2025-01-24 10:00:00,103.557
2025-01-24 11:00:00,94.83129032258066
2025-01-24 12:00:00,83.32966666666667
2025-01-24 13:00:00,68.57033333333334
2025-01-24 14:00:00,58.28322580645161
2025-01-24 15:00:00,51.37433333333333
2025-01-24 16:00:00,48.025999999999996
2025-01-24 17:00:00,48.95666666666667
2025-01-24 18:00:00,57.39064516129032
2025-01-24 19:00:00,75.76333333333334
2025-01-24 20:00:00,95.49633333333333
2025-01-24 21:00:00,102.53766666666667
2025-01-24 22:00:00,103.33833333333334
2025-01-24 23:00:00,97.71866666666666
2025-01-25 00:00:00,88.44566666666668
2025-01-25 01:00:00,85.80344827586208
2025-01-25 02:00:00,87.25655172413792
2025-01-25 03:00:00,84.59137931034483
2025-01-25 04:00:00,86.72678571428571
2025-01-25 05:00:00,82.45535714285714
2025-01-25 06:00:00,77.96275862068966
2025-01-25 07:00:00,76.33172413793103
2025-01-25 08:00:00,76.82966666666667
2025-01-25 09:00:00,77.09733333333332
2025-01-25 10:00:00,72.08166666666666
2025-01-25 11:00:00,64.61966666666667
2025-01-25 12:00:00,62.56499999999999
2025-01-25 13:00:00,60.849
2025-01-25 14:00:00,53.33870967741935
2025-01-25 15:00:00,43.51419354838709
2025-01-25 16:00:00,45.26548387096774
2025-01-25 17:00:00,51.549677419354836
2025-01-25 18:00:00,60.446129032258064
2025-01-25 19:00:00,88.31096774193549
2025-01-25 20:00:00,115.36000000000001
2025-01-25 21:00:00,124.27677419354839
2025-01-25 22:00:00,130.78032258064516
2025-01-25 23:00:00,129.25096774193548
2025-01-26 00:00:00,119.02967741935484
2025-01-26 01:00:00,108.35580645161289
2025-01-26 02:00:00,101.30935483870968
2025-01-26 03:00:00,103.91903225806452
2025-01-26 04:00:00,99.94419354838709
2025-01-26 05:00:00,95.85516129032258
2025-01-26 06:00:00,92.62266666666667
2025-01-26 07:00:00,90.67433333333334
2025-01-26 08:00:00,93.33633333333333
2025-01-26 09:00:00,92.37266666666666
2025-01-26 10:00:00,94.21566666666666
2025-01-26 11:00:00,90.59766666666668
2025-01-26 12:00:00,78.93733333333333
2025-01-26 13:00:00,69.961
2025-01-26 14:00:00,64.607
2025-01-26 15:00:00,60.66733333333334
2025-01-26 16:00:00,58.824333333333335
2025-01-26 17:00:00,58.31233333333333
2025-01-26 18:00:00,66.889
2025-01-26 19:00:00,104.32300000000001
2025-01-26 20:00:00,147.2141935483871
2025-01-26 21:00:00,168.45612903225808
2025-01-26 22:00:00,181.64290322580646
2025-01-26 23:00:00,187.30129032258066
2025-01-27 00:00:00,174.1874193548387
2025-01-27 01:00:00,161.65387096774194
2025-01-27 02:00:00,136.552
2025-01-27 03:00:00,125.071
2025-01-27 04:00:00,123.48066666666666
2025-01-27 05:00:00,114.68366666666665
2025-01-27 06:00:00,116.40766666666667
2025-01-27 07:00:00,118.12451612903226
2025-01-27 08:00:00,125.06387096774193
2025-01-27 09:00:00,123.55645161290323
2025-01-27 10:00:00,118.11066666666667
2025-01-27 11:00:00,106.75233333333334
2025-01-27 12:00:00,89.50129032258064
2025-01-27 13:00:00,83.842
2025-01-27 14:00:00,76.97413793103448
2025-01-27 15:00:00,69.41896551724139
2025-01-27 16:00:00,68.53344827586207
2025-01-27 17:00:00,73.78466666666668
2025-01-27 18:00:00,79.82161290322581
2025-01-27 19:00:00,99.70193548387097
2025-01-27 20:00:00,128.13806451612902
2025-01-27 21:00:00,147.0509677419355
2025-01-27 22:00:00,160.39967741935484
2025-01-27 23:00:00,162.60290322580647
2025-01-28 00:00:00,155.4025806451613
2025-01-28 01:00:00,147.43354838709678
2025-01-28 02:00:00,135.09387096774194
2025-01-28 03:00:00,123.26366666666668
2025-01-28 04:00:00,120.74290322580644
2025-01-28 05:00:00,117.35966666666667
2025-01-28 06:00:00,112.02774193548387
2025-01-28 07:00:00,114.97290322580646
2025-01-28 08:00:00,118.64000000000001
2025-01-28 09:00:00,129.29966666666667
2025-01-28 10:00:00,135.0232258064516
2025-01-28 11:00:00,131.13354838709677
2025-01-28 12:00:00,127.00299999999999
2025-01-28 13:00:00,112.60833333333333
2025-01-28 14:00:00,90.89699999999999
2025-01-28 15:00:00,83.65633333333334
2025-01-28 16:00:00,78.02586206896552
2025-01-28 17:00:00,77.61193548387097
2025-01-28 18:00:00,89.62433333333334
2025-01-28 19:00:00,121.27774193548386
2025-01-28 20:00:00,168.04225806451612
2025-01-28 21:00:00,211.42709677419353
2025-01-28 22:00:00,238.79032258064515
2025-01-28 23:00:00,253.44838709677418
2025-01-29 00:00:00,258.8806451612903
2025-01-29 01:00:00,255.62580645161293
2025-01-29 02:00:00,256.9203225806452
2025-01-29 03:00:00,258.28032258064513
2025-01-29 04:00:00,252.01833333333335
2025-01-29 05:00:00,238.60206896551725
2025-01-29 06:00:00,239.84862068965515
2025-01-29 07:00:00,257.66517241379313
2025-01-29 08:00:00,284.12387096774194
2025-01-29 09:00:00,322.7770967741936
2025-01-29 10:00:00,336.69066666666663
2025-01-29 11:00:00,318.9470967741935
2025-01-29 12:00:00,248.99566666666666
2025-01-29 13:00:00,180.99517241379309
2025-01-29 14:00:00,143.56612903225806
2025-01-29 15:00:00,120.32064516129032
2025-01-29 16:00:00,118.82903225806453
2025-01-29 17:00:00,125.00225806451611
2025-01-29 18:00:00,138.58870967741936
2025-01-29 19:00:00,166.73870967741934
2025-01-29 20:00:00,214.56774193548387
2025-01-29 21:00:00,230.70580645161291
2025-01-29 22:00:00,236.94806451612905
2025-01-29 23:00:00,235.53129032258065
2025-01-30 00:00:00,236.20903225806452
2025-01-30 01:00:00,234.70967741935485
2025-01-30 02:00:00,222.45548387096773
2025-01-30 03:00:00,214.0074193548387
2025-01-30 04:00:00,212.04354838709676
2025-01-30 05:00:00,208.34499999999997
2025-01-30 06:00:00,213.94838709677418
2025-01-30 07:00:00,217.03266666666664
2025-01-30 08:00:00,228.75
2025-01-30 09:00:00,231.95966666666666
2025-01-30 10:00:00,216.93161290322578
2025-01-30 11:00:00,199.82096774193548
2025-01-30 12:00:00,159.8609677419355
2025-01-30 13:00:00,127.07129032258065
2025-01-30 14:00:00,115.49677419354839
2025-01-30 15:00:00,105.06129032258065
2025-01-30 16:00:00,99.27870967741936
2025-01-30 17:00:00,96.99129032258064
2025-01-30 18:00:00,105.38064516129033
2025-01-30 19:00:00,127.50258064516129
2025-01-30 20:00:00,160.445
2025-01-30 21:00:00,181.07633333333334
2025-01-30 22:00:00,191.8203333333333
2025-01-30 23:00:00,208.11366666666666
2025-01-31 00:00:00,212.204
2025-01-31 01:00:00,221.78866666666667
2025-01-31 02:00:00,220.19099999999997
2025-01-31 03:00:00,229.73666666666665
2025-01-31 04:00:00,233.7944827586207
2025-01-31 05:00:00,227.0986206896552
2025-01-31 06:00:00,215.27392857142857
2025-01-31 07:00:00,222.72142857142853
2025-01-31 08:00:00,220.1637037037037
2025-01-31 09:00:00,214.6165517241379
2025-01-31 10:00:00,201.79166666666666
2025-01-31 11:00:00,191.24666666666664
2025-01-31 12:00:00,178.06166666666667
2025-01-31 13:00:00,153.43966666666665
2025-01-31 14:00:00,139.11633333333336
2025-01-31 15:00:00,134.07533333333333
2025-01-31 16:00:00,135.946
2025-01-31 17:00:00,144.87137931034485
2025-01-31 18:00:00,165.15206896551726
2025-01-31 19:00:00,193.29931034482757
2025-01-31 20:00:00,222.70833333333334
2025-01-31 21:00:00,243.82066666666665
2025-01-31 22:00:00,236.80241379310345
2025-01-31 23:00:00,225.40689655172412
2025-02-01 00:00:00,209.4351724137931
2025-02-01 01:00:00,205.52655172413796
2025-02-01 02:00:00,200.8125
2025-02-01 03:00:00,193.5914285714286
2025-02-01 04:00:00,180.9625
2025-02-01 05:00:00,158.36214285714286
2025-02-01 06:00:00,148.50285714285715
2025-02-01 07:00:00,165.78310344827585
2025-02-01 08:00:00,155.51862068965517
2025-02-01 09:00:00,164.43699999999998
2025-02-01 10:00:00,187.12419354838707
2025-02-01 11:00:00,230.7574193548387
2025-02-01 12:00:00,253.2541935483871
2025-02-01 13:00:00,236.04166666666666
2025-02-01 14:00:00,230.9322580645161
2025-02-01 15:00:00,205.45032258064515
2025-02-01 16:00:00,160.37900000000002
2025-02-01 17:00:00,133.58566666666667
2025-02-01 18:00:00,140.05066666666667
2025-02-01 19:00:00,169.49133333333333
2025-02-01 20:00:00,203.828
2025-02-01 21:00:00,201.66366666666667
2025-02-01 22:00:00,183.75433333333334
2025-02-01 23:00:00,174.19193548387096
2025-02-02 00:00:00,161.30741935483871
2025-02-02 01:00:00,156.29096774193548
2025-02-02 02:00:00,151.61322580645162
2025-02-02 03:00:00,147.7390322580645
2025-02-02 04:00:00,150.67290322580644
2025-02-02 05:00:00,142.65800000000002
2025-02-02 06:00:00,139.88774193548386
2025-02-02 07:00:00,126.67903225806452
2025-02-02 08:00:00,130.13033333333334
2025-02-02 09:00:00,137.0632258064516
2025-02-02 10:00:00,165.41129032258064
2025-02-02 11:00:00,168.28433333333336
2025-02-02 12:00:00,179.47266666666667
2025-02-02 13:00:00,179.49099999999999
2025-02-02 14:00:00,166.1967741935484
2025-02-02 15:00:00,150.92419354838708
2025-02-02 16:00:00,154.5793333333333
2025-02-02 17:00:00,148.99677419354842
2025-02-02 18:00:00,152.70193548387098
2025-02-02 19:00:00,157.46733333333336
2025-02-02 20:00:00,156.309
2025-02-02 21:00:00,155.37733333333333
2025-02-02 22:00:00,156.25900000000001
2025-02-02 23:00:00,151.98399999999998
2025-02-03 00:00:00,143.5977419354839
2025-02-03 01:00:00,136.2774193548387
2025-02-03 02:00:00,130.0851612903226
2025-02-03 03:00:00,121.31166666666667
2025-02-03 04:00:00,120.80655172413793
2025-02-03 05:00:00,109.77400000000002
2025-02-03 06:00:00,115.07233333333332
2025-02-03 07:00:00,105.87500000000001
2025-02-03 08:00:00,100.14000000000001
2025-02-03 09:00:00,112.28129032258065
2025-02-03 10:00:00,126.39793103448277
2025-02-03 11:00:00,138.97482758620689
2025-02-03 12:00:00,119.88068965517242
2025-02-03 13:00:00,92.066
2025-02-03 14:00:00,72.41866666666668
2025-02-03 15:00:00,63.61066666666667
2025-02-03 16:00:00,62.139655172413796
2025-02-03 17:00:00,61.49933333333333
2025-02-03 18:00:00,69.068
2025-02-03 19:00:00,92.12133333333333
2025-02-03 20:00:00,124.10733333333333
2025-02-03 21:00:00,140.90233333333333
2025-02-03 22:00:00,140.60866666666666
2025-02-03 23:00:00,145.171
2025-02-04 00:00:00,145.75733333333335
2025-02-04 01:00:00,151.68793103448274
2025-02-04 02:00:00,150.66566666666668
2025-02-04 03:00:00,154.10133333333334
2025-02-04 04:00:00,141.82766666666666
2025-02-04 05:00:00,129.4241379310345
2025-02-04 06:00:00,126.60758620689657
2025-02-04 07:00:00,133.63896551724136
2025-02-04 08:00:00,141.48793103448276
2025-02-04 09:00:00,146.81827586206896
2025-02-04 10:00:00,144.88172413793103
2025-02-04 11:00:00,140.1396551724138
2025-02-04 12:00:00,127.51206896551724
2025-02-04 13:00:00,113.76724137931036
2025-02-04 14:00:00,117.59899999999999
2025-02-04 15:00:00,136.918
2025-02-04 16:00:00,140.47166666666666
2025-02-04 17:00:00,154.42600000000002
2025-02-04 18:00:00,170.8766666666667
2025-02-04 19:00:00,190.779
2025-02-04 20:00:00,211.076
2025-02-04 21:00:00,219.592
2025-02-04 22:00:00,218.54333333333332
2025-02-04 23:00:00,189.26966666666667
2025-02-05 00:00:00,177.62
2025-02-05 01:00:00,165.761
2025-02-05 02:00:00,147.1533333333333
2025-02-05 03:00:00,133.75066666666666
2025-02-05 04:00:00,120.82300000000001
2025-02-05 05:00:00,111.79866666666666
2025-02-05 06:00:00,111.062
2025-02-05 07:00:00,108.18299999999999
2025-02-05 08:00:00,109.60633333333334
2025-02-05 09:00:00,109.88966666666667
2025-02-05 10:00:00,109.19933333333333
2025-02-05 11:00:00,104.81620689655173
2025-02-05 12:00:00,92.59233333333333
2025-02-05 13:00:00,73.29633333333332
2025-02-05 14:00:00,58.080999999999996
2025-02-05 15:00:00,52.34866666666667
2025-02-05 16:00:00,44.23566666666667
2025-02-05 17:00:00,42.973333333333336
2025-02-05 18:00:00,51.29666666666666
2025-02-05 19:00:00,78.59066666666668
2025-02-05 20:00:00,102.02633333333333
2025-02-05 21:00:00,113.54833333333335
2025-02-05 22:00:00,125.83166666666666
2025-02-05 23:00:00,127.19399999999999
2025-02-06 00:00:00,119.59633333333333
2025-02-06 01:00:00,114.86333333333333
2025-02-06 02:00:00,115.42733333333332
2025-02-06 03:00:00,111.57206896551723
2025-02-06 04:00:00,108.76
2025-02-06 05:00:00,106.47862068965517
2025-02-06 06:00:00,106.59785714285715
2025-02-06 07:00:00,111.88137931034483
2025-02-06 08:00:00,128.05965517241378
2025-02-06 09:00:00,131.53178571428572
2025-02-06 10:00:00,123.21107142857143
2025-02-06 11:00:00,93.60000000000001
2025-02-06 12:00:00,72.3125
2025-02-06 13:00:00,49.60172413793103
2025-02-06 14:00:00,40.86689655172414
2025-02-06 15:00:00,42.41275862068966
2025-02-06 16:00:00,41.5848275862069
2025-02-06 17:00:00,42.00518518518519
2025-02-06 18:00:00,48.783448275862064
2025-02-06 19:00:00,65.37655172413793
2025-02-06 20:00:00,81.00310344827587
2025-02-06 21:00:00,85.78724137931034
2025-02-06 22:00:00,81.70896551724138
2025-02-06 23:00:00,85.07551724137932
2025-02-07 00:00:00,78.69733333333333
2025-02-07 01:00:00,81.17233333333334
2025-02-07 02:00:00,88.211
2025-02-07 03:00:00,94.57699999999998
2025-02-07 04:00:00,94.52379310344828
2025-02-07 05:00:00,87.92448275862068
2025-02-07 06:00:00,81.45758620689655
2025-02-07 07:00:00,79.48566666666666
2025-02-07 08:00:00,85.16966666666666
2025-02-07 09:00:00,86.26
2025-02-07 10:00:00,79.36433333333333
2025-02-07 11:00:00,70.22862068965517
2025-02-07 12:00:00,56.29233333333333
2025-02-07 13:00:00,47.56366666666666
2025-02-07 14:00:00,42.035
2025-02-07 15:00:00,39.941
2025-02-07 16:00:00,37.70433333333333
2025-02-07 17:00:00,40.38275862068965
2025-02-07 18:00:00,40.71034482758621
2025-02-07 19:00:00,47.90451612903226
2025-02-07 20:00:00,65.00903225806452
2025-02-07 21:00:00,77.42548387096774
2025-02-07 22:00:00,79.11000000000001
2025-02-07 23:00:00,73.33870967741936
2025-02-08 00:00:00,72.93066666666667
2025-02-08 01:00:00,76.866
2025-02-08 02:00:00,73.58399999999999
2025-02-08 03:00:00,71.93766666666667
2025-02-08 04:00:00,69.381
2025-02-08 05:00:00,71.27866666666665
2025-02-08 06:00:00,73.30161290322582
2025-02-08 07:00:00,77.40967741935485
2025-02-08 08:00:00,86.24806451612903
2025-02-08 09:00:00,87.42709677419356
2025-02-08 10:00:00,81.57935483870968
2025-02-08 11:00:00,79.88096774193548
2025-02-08 12:00:00,72.40774193548388
2025-02-08 13:00:00,64.78933333333333
2025-02-08 14:00:00,57.651612903225804
2025-02-08 15:00:00,45.62612903225807
2025-02-08 16:00:00,42.05129032258065
2025-02-08 17:00:00,42.94451612903226
2025-02-08 18:00:00,46.65870967741936
2025-02-08 19:00:00,74.98193548387097
2025-02-08 20:00:00,94.61322580645162
2025-02-08 21:00:00,111.96935483870966
2025-02-08 22:00:00,120.57161290322581
2025-02-08 23:00:00,128.78709677419354
2025-02-09 00:00:00,119.04580645161289
2025-02-09 01:00:00,117.89533333333334
2025-02-09 02:00:00,114.44
2025-02-09 03:00:00,107.98166666666665
2025-02-09 04:00:00,110.28066666666668
2025-02-09 05:00:00,112.73200000000001
2025-02-09 06:00:00,113.99333333333333
2025-02-09 07:00:00,121.91333333333334
2025-02-09 08:00:00,116.45599999999999
2025-02-09 09:00:00,120.98433333333332
2025-02-09 10:00:00,117.61838709677419
2025-02-09 11:00:00,108.79862068965518
2025-02-09 12:00:00,101.55580645161292
2025-02-09 13:00:00,94.28133333333334
2025-02-09 14:00:00,79.77483870967743
2025-02-09 15:00:00,73.92677419354838
2025-02-09 16:00:00,66.07516129032258
2025-02-09 17:00:00,68.07290322580644
2025-02-09 18:00:00,74.08548387096775
2025-02-09 19:00:00,94.34645161290322
2025-02-09 20:00:00,121.68967741935482
2025-02-09 21:00:00,148.64548387096772
2025-02-09 22:00:00,168.3441935483871
2025-02-09 23:00:00,170.37677419354836
2025-02-10 00:00:00,173.89548387096772
2025-02-10 01:00:00,170.88516129032257
2025-02-10 02:00:00,165.52935483870968
2025-02-10 03:00:00,158.09645161290322
2025-02-10 04:00:00,154.79322580645163
2025-02-10 05:00:00,147.6225806451613
2025-02-10 06:00:00,150.68645161290326
2025-02-10 07:00:00,144.26612903225808
2025-02-10 08:00:00,163.39870967741933
2025-02-10 09:00:00,179.32870967741934
2025-02-10 10:00:00,173.8351612903226
2025-02-10 11:00:00,139.06612903225803
2025-02-10 12:00:00,111.34354838709677
2025-02-10 13:00:00,88.28258064516129
2025-02-10 14:00:00,70.45161290322582
2025-02-10 15:00:00,62.38
2025-02-10 16:00:00,56.12677419354839
2025-02-10 17:00:00,61.31483870967742
2025-02-10 18:00:00,69.72161290322582
2025-02-10 19:00:00,94.92483870967742
2025-02-10 20:00:00,134.3158064516129
2025-02-10 21:00:00,151.64366666666666
2025-02-10 22:00:00,168.5823333333333
2025-02-10 23:00:00,188.29166666666666
2025-02-11 00:00:00,197.1093333333333
2025-02-11 01:00:00,193.064
2025-02-11 02:00:00,199.40166666666664
2025-02-11 03:00:00,180.5256666666667
2025-02-11 04:00:00,167.862
2025-02-11 05:00:00,160.99366666666668
2025-02-11 06:00:00,166.47133333333335
2025-02-11 07:00:00,173.816
2025-02-11 08:00:00,195.52333333333334
2025-02-11 09:00:00,201.30866666666668
2025-02-11 10:00:00,195.92366666666666
2025-02-11 11:00:00,138.75166666666667
2025-02-11 12:00:00,123.86633333333334
2025-02-11 13:00:00,117.47322580645161
2025-02-11 14:00:00,83.166
2025-02-11 15:00:00,71.59133333333332
2025-02-11 16:00:00,58.01166666666667
2025-02-11 17:00:00,59.33774193548387
2025-02-11 18:00:00,65.44064516129032
2025-02-11 19:00:00,80.36322580645161
2025-02-11 20:00:00,102.99741935483871
2025-02-11 21:00:00,124.73580645161292
2025-02-11 22:00:00,144.27387096774194
2025-02-11 23:00:00,146.71032258064514
2025-02-12 00:00:00,156.56387096774193
2025-02-12 01:00:00,163.49419354838707
2025-02-12 02:00:00,146.30516129032262
2025-02-12 03:00:00,148.2025806451613
2025-02-12 04:00:00,145.8683870967742
2025-02-12 05:00:00,130.98733333333334
2025-02-12 06:00:00,107.29758620689655
2025-02-12 07:00:00,91.14733333333334
2025-02-12 08:00:00,87.639
2025-02-12 09:00:00,81.54566666666666
2025-02-12 10:00:00,66.06433333333334
2025-02-12 11:00:00,60.29068965517241
2025-02-12 12:00:00,43.841034482758616
2025-02-12 13:00:00,40.63966666666667
2025-02-12 14:00:00,33.456774193548384
2025-02-12 15:00:00,29.712903225806453
2025-02-12 16:00:00,31.604
2025-02-12 17:00:00,31.440000000000005
2025-02-12 18:00:00,32.910645161290326
2025-02-12 19:00:00,42.230000000000004
2025-02-12 20:00:00,50.50741935483871
2025-02-12 21:00:00,63.24516129032258
2025-02-12 22:00:00,59.19903225806452
2025-02-12 23:00:00,59.44677419354839
2025-02-13 00:00:00,58.774
2025-02-13 01:00:00,60.62199999999999
2025-02-13 02:00:00,59.445
2025-02-13 03:00:00,61.765
2025-02-13 04:00:00,63.96366666666667
2025-02-13 05:00:00,65.29566666666666
2025-02-13 06:00:00,61.61666666666667
2025-02-13 07:00:00,64.009
2025-02-13 08:00:00,65.16133333333333
2025-02-13 09:00:00,66.92866666666666
2025-02-13 10:00:00,68.23551724137931
2025-02-13 11:00:00,62.36133333333334
2025-02-13 12:00:00,53.16967741935485
2025-02-13 13:00:00,49.80129032258065
2025-02-13 14:00:00,43.94096774193549
2025-02-13 15:00:00,36.31548387096774
2025-02-13 16:00:00,30.93258064516129
2025-02-13 17:00:00,28.179999999999996
2025-02-13 18:00:00,29.355
2025-02-13 19:00:00,36.07548387096774
2025-02-13 20:00:00,45.10366666666666
2025-02-13 21:00:00,47.114
2025-02-13 22:00:00,50.019333333333336
2025-02-13 23:00:00,68.45354838709677
2025-02-14 00:00:00,65.61096774193548
2025-02-14 01:00:00,53.05533333333334
2025-02-14 02:00:00,51.40064516129033
2025-02-14 03:00:00,54.62935483870968
2025-02-14 04:00:00,56.185483870967744
2025-02-14 05:00:00,59.28387096774193
2025-02-14 06:00:00,56.368387096774185
2025-02-14 07:00:00,59.78677419354838
2025-02-14 08:00:00,67.48516129032258
2025-02-14 09:00:00,73.2374193548387
2025-02-14 10:00:00,68.07933333333332
2025-02-14 11:00:00,55.67466666666667
2025-02-14 12:00:00,47.88766666666666
2025-02-14 13:00:00,40.04933333333333
2025-02-14 14:00:00,35.50233333333333
2025-02-14 15:00:00,34.812000000000005
2025-02-14 16:00:00,36.17206896551724
2025-02-14 17:00:00,34.961
2025-02-14 18:00:00,39.107
2025-02-14 19:00:00,51.712999999999994
2025-02-14 20:00:00,67.34700000000001
2025-02-14 21:00:00,78.08466666666666
2025-02-14 22:00:00,79.041
2025-02-14 23:00:00,84.69533333333334
2025-02-15 00:00:00,86.58379310344827
2025-02-15 01:00:00,84.96900000000001
2025-02-15 02:00:00,87.39344827586208
2025-02-15 03:00:00,84.107
2025-02-15 04:00:00,90.78133333333334
2025-02-15 05:00:00,95.19200000000001
2025-02-15 06:00:00,92.85275862068966
2025-02-15 07:00:00,95.99333333333333
2025-02-15 08:00:00,99.92551724137931
2025-02-15 09:00:00,106.38366666666667
2025-02-15 10:00:00,97.10966666666667
2025-02-15 11:00:00,91.24166666666666
2025-02-15 12:00:00,87.88206896551723
2025-02-15 13:00:00,74.84965517241379
2025-02-15 14:00:00,66.63206896551723
2025-02-15 15:00:00,64.84071428571428
2025-02-15 16:00:00,62.915
2025-02-15 17:00:00,52.601
2025-02-15 18:00:00,55.467333333333336
2025-02-15 19:00:00,82.99233333333333
2025-02-15 20:00:00,115.65033333333332
2025-02-15 21:00:00,144.00133333333332
2025-02-15 22:00:00,168.88466666666667
2025-02-15 23:00:00,183.43774193548387
2025-02-16 00:00:00,183.2051612903226
2025-02-16 01:00:00,186.76774193548388
2025-02-16 02:00:00,198.59322580645158
2025-02-16 03:00:00,220.75483870967741
2025-02-16 04:00:00,220.93548387096774
2025-02-16 05:00:00,222.14548387096772
2025-02-16 06:00:00,219.12387096774194
2025-02-16 07:00:00,216.3925806451613
2025-02-16 08:00:00,228.99161290322579
2025-02-16 09:00:00,229.44500000000002
2025-02-16 10:00:00,218.04482758620688
2025-02-16 11:00:00,169.57366666666667
2025-02-16 12:00:00,117.13566666666665
2025-02-16 13:00:00,86.09129032258066
2025-02-16 14:00:00,73.39709677419354
2025-02-16 15:00:00,67.41451612903225
2025-02-16 16:00:00,60.565666666666665
2025-02-16 17:00:00,58.899354838709684
2025-02-16 18:00:00,58.93333333333333
2025-02-16 19:00:00,73.27677419354839
2025-02-16 20:00:00,92.69806451612902
2025-02-16 21:00:00,106.57774193548387
2025-02-16 22:00:00,108.29741935483871
2025-02-16 23:00:00,121.71774193548387
2025-02-17 00:00:00,122.51225806451612
2025-02-17 01:00:00,130.91838709677418
2025-02-17 02:00:00,126.96032258064515
2025-02-17 03:00:00,125.27354838709678
2025-02-17 04:00:00,115.7658064516129
2025-02-17 05:00:00,115.91387096774193
2025-02-17 06:00:00,113.12903225806453
2025-02-17 07:00:00,128.2674193548387
2025-02-17 08:00:00,138.84533333333334
2025-02-17 09:00:00,144.51500000000001
2025-02-17 10:00:00,133.86233333333334
2025-02-17 11:00:00,107.51733333333333
2025-02-17 12:00:00,88.349
2025-02-17 13:00:00,70.38533333333334
2025-02-17 14:00:00,61.766451612903225
2025-02-17 15:00:00,56.291666666666664
2025-02-17 16:00:00,55.99133333333334
2025-02-17 17:00:00,53.663666666666664
2025-02-17 18:00:00,52.50633333333334
2025-02-17 19:00:00,67.484
2025-02-17 20:00:00,84.223
2025-02-17 21:00:00,111.13733333333334
2025-02-17 22:00:00,114.99600000000001
2025-02-17 23:00:00,118.53931034482758
2025-02-18 00:00:00,115.86275862068966
2025-02-18 01:00:00,108.67275862068966
2025-02-18 02:00:00,108.15103448275862
2025-02-18 03:00:00,97.5506896551724
2025-02-18 04:00:00,96.95310344827585
2025-02-18 05:00:00,92.97633333333333
2025-02-18 06:00:00,94.44827586206897
2025-02-18 07:00:00,101.69533333333332
2025-02-18 08:00:00,110.95333333333333
2025-02-18 09:00:00,126.85032258064516
2025-02-18 10:00:00,134.97
2025-02-18 11:00:00,117.42733333333334
2025-02-18 12:00:00,83.85733333333333
2025-02-18 13:00:00,61.15933333333333
2025-02-18 14:00:00,44.798709677419346
2025-02-18 15:00:00,33.815000000000005
2025-02-18 16:00:00,32.77633333333333
2025-02-18 17:00:00,32.55766666666667
2025-02-18 18:00:00,32.387
2025-02-18 19:00:00,49.05433333333334
2025-02-18 20:00:00,67.26566666666666
2025-02-18 21:00:00,84.35741935483873
2025-02-18 22:00:00,89.6548387096774
2025-02-18 23:00:00,91.71032258064514
2025-02-19 00:00:00,87.82322580645162
2025-02-19 01:00:00,91.90903225806451
2025-02-19 02:00:00,88.32724137931035
2025-02-19 03:00:00,87.33933333333333
2025-02-19 04:00:00,89.19800000000001
2025-02-19 05:00:00,97.4083870967742
2025-02-19 06:00:00,92.537
2025-02-19 07:00:00,86.29064516129031
2025-02-19 08:00:00,91.41733333333333
2025-02-19 09:00:00,96.75533333333333
2025-02-19 10:00:00,94.0467741935484
2025-02-19 11:00:00,83.89533333333333
2025-02-19 12:00:00,67.833
2025-02-19 13:00:00,59.47064516129033
2025-02-19 14:00:00,52.815000000000005
2025-02-19 15:00:00,52.830000000000005
2025-02-19 16:00:00,47.073
2025-02-19 17:00:00,43.36724137931035
2025-02-19 18:00:00,47.78466666666667
2025-02-19 19:00:00,61.509655172413794
2025-02-19 20:00:00,77.47448275862068
2025-02-19 21:00:00,93.85172413793103
2025-02-19 22:00:00,89.34137931034483
2025-02-19 23:00:00,75.51931034482759
2025-02-20 00:00:00,73.0303448275862
2025-02-20 01:00:00,69.66607142857143
2025-02-20 02:00:00,71.03642857142857
2025-02-20 03:00:00,62.94571428571428
2025-02-20 04:00:00,60.13821428571429
2025-02-20 05:00:00,59.743571428571435
2025-02-20 06:00:00,60.80464285714286
2025-02-20 07:00:00,61.40148148148149
2025-02-20 08:00:00,71.78857142857143
2025-02-20 09:00:00,90.78379310344828
2025-02-20 10:00:00,93.10600000000001
2025-02-20 11:00:00,70.966
2025-02-20 12:00:00,56.14033333333334
2025-02-20 13:00:00,51.09466666666666
2025-02-20 14:00:00,43.456
2025-02-20 15:00:00,39.428709677419356
2025-02-20 16:00:00,35.40225806451613
2025-02-20 17:00:00,34.60933333333333
2025-02-20 18:00:00,36.25333333333333
2025-02-20 19:00:00,39.000666666666675
2025-02-20 20:00:00,46.81033333333333
2025-02-20 21:00:00,54.19433333333334
2025-02-20 22:00:00,62.42666666666666
2025-02-20 23:00:00,63.251
2025-02-21 00:00:00,64.00833333333334
2025-02-21 01:00:00,64.94379310344829
2025-02-21 02:00:00,60.885999999999996
2025-02-21 03:00:00,66.11333333333333
2025-02-21 04:00:00,66.915
2025-02-21 05:00:00,67.35233333333333
2025-02-21 06:00:00,74.52366666666667
2025-02-21 07:00:00,87.95900000000002
2025-02-21 08:00:00,97.86866666666667
2025-02-21 09:00:00,99.84172413793102
2025-02-21 10:00:00,85.04931034482757
2025-02-21 11:00:00,80.42666666666668
2025-02-21 12:00:00,75.836
2025-02-21 13:00:00,84.06866666666666
2025-02-21 14:00:00,95.35620689655173
2025-02-21 15:00:00,88.5451724137931
2025-02-21 16:00:00,75.98214285714286
2025-02-21 17:00:00,73.31344827586207
2025-02-21 18:00:00,78.36966666666667
2025-02-21 19:00:00,84.96827586206896
2025-02-21 20:00:00,87.5083870967742
2025-02-21 21:00:00,91.18724137931035
2025-02-21 22:00:00,90.02862068965518
2025-02-21 23:00:00,83.94066666666667
2025-02-22 00:00:00,72.55099999999999
2025-02-22 01:00:00,77.169
2025-02-22 02:00:00,74.028
2025-02-22 03:00:00,67.09206896551724
2025-02-22 04:00:00,66.62724137931033
2025-02-22 05:00:00,63.16433333333334
2025-02-22 06:00:00,58.75933333333333
2025-02-22 07:00:00,54.42100000000001
2025-02-22 08:00:00,62.04766666666667
2025-02-22 09:00:00,63.92999999999999
2025-02-22 10:00:00,67.074
2025-02-22 11:00:00,67.51833333333333
2025-02-22 12:00:00,60.57633333333333
2025-02-22 13:00:00,53.3303448275862
2025-02-22 14:00:00,46.686428571428564
2025-02-22 15:00:00,41.96642857142858
2025-02-22 16:00:00,35.85964285714286
2025-02-22 17:00:00,34.41275862068966
2025-02-22 18:00:00,34.77
2025-02-22 19:00:00,45.85266666666667
2025-02-22 20:00:00,62.5841935483871
2025-02-22 21:00:00,70.71300000000001
2025-02-22 22:00:00,75.83
2025-02-22 23:00:00,71.164
2025-02-23 00:00:00,69.74344827586206
2025-02-23 01:00:00,67.60866666666666
2025-02-23 02:00:00,67.2755172413793
2025-02-23 03:00:00,70.19620689655173
2025-02-23 04:00:00,75.59821428571429
2025-02-23 05:00:00,84.21655172413793
2025-02-23 06:00:00,85.14965517241379
2025-02-23 07:00:00,81.68206896551725
2025-02-23 08:00:00,89.04896551724138
2025-02-23 09:00:00,83.86896551724138
2025-02-23 10:00:00,82.63142857142857
2025-02-23 11:00:00,72.59148148148148
2025-02-23 12:00:00,63.686206896551724
2025-02-23 13:00:00,51.14
2025-02-23 14:00:00,39.77758620689655
2025-02-23 15:00:00,36.29896551724137
2025-02-23 16:00:00,37.84206896551724
2025-02-23 17:00:00,41.67357142857143
2025-02-23 18:00:00,43.815517241379304
2025-02-23 19:00:00,50.47137931034483
2025-02-23 20:00:00,66.23310344827586
2025-02-23 21:00:00,81.36206896551724
2025-02-23 22:00:00,92.0506896551724
2025-02-23 23:00:00,105.26689655172414
2025-02-24 00:00:00,107.81379310344828
2025-02-24 01:00:00,107.30896551724138
2025-02-24 02:00:00,100.91068965517242
2025-02-24 03:00:00,97.76178571428571
2025-02-24 04:00:00,95.86357142857142
2025-02-24 05:00:00,93.91535714285715
2025-02-24 06:00:00,104.31535714285714
2025-02-24 07:00:00,112.3875
2025-02-24 08:00:00,126.35107142857143
2025-02-24 09:00:00,114.25071428571428
2025-02-24 10:00:00,100.08464285714287
2025-02-24 11:00:00,86.09344827586207
2025-02-24 12:00:00,65.63785714285714
2025-02-24 13:00:00,59.06793103448276
2025-02-24 14:00:00,55.480000000000004
2025-02-24 15:00:00,50.870689655172406
2025-02-24 16:00:00,46.419999999999995
2025-02-24 17:00:00,44.92903225806452
2025-02-24 18:00:00,44.28666666666667
2025-02-24 19:00:00,52.527
2025-02-24 20:00:00,68.53642857142857
2025-02-24 21:00:00,81.3793103448276
2025-02-24 22:00:00,94.157
2025-02-24 23:00:00,102.66666666666667
2025-02-25 00:00:00,104.9603448275862
2025-02-25 01:00:00,102.49034482758621
2025-02-25 02:00:00,102.73724137931035
2025-02-25 03:00:00,109.51620689655172
2025-02-25 04:00:00,101.26068965517241
2025-02-25 05:00:00,110.2707142857143
2025-02-25 06:00:00,111.75965517241379
2025-02-25 07:00:00,120.82333333333332
2025-02-25 08:00:00,126.72833333333332
2025-02-25 09:00:00,117.27483870967741
2025-02-25 10:00:00,101.37193548387097
2025-02-25 11:00:00,95.51129032258065
2025-02-25 12:00:00,80.08709677419355
2025-02-25 13:00:00,69.43
2025-02-25 14:00:00,61.230333333333334
2025-02-25 15:00:00,57.95451612903226
2025-02-25 16:00:00,51.74677419354838
2025-02-25 17:00:00,48.24354838709677
2025-02-25 18:00:00,48.01258064516129
2025-02-25 19:00:00,59.019677419354835
2025-02-25 20:00:00,82.85645161290323
2025-02-25 21:00:00,96.46999999999998
2025-02-25 22:00:00,117.81935483870969
2025-02-25 23:00:00,121.88322580645162
2025-02-26 00:00:00,130.06677419354838
2025-02-26 01:00:00,127.05580645161291
2025-02-26 02:00:00,113.9125806451613
2025-02-26 03:00:00,111.00903225806452
2025-02-26 04:00:00,108.0341935483871
2025-02-26 05:00:00,115.24741935483871
2025-02-26 06:00:00,137.0974193548387
2025-02-26 07:00:00,141.0925806451613
2025-02-26 08:00:00,173.4593548387097
2025-02-26 09:00:00,188.62161290322578
2025-02-26 10:00:00,176.27387096774194
2025-02-26 11:00:00,145.89833333333334
2025-02-26 12:00:00,119.99290322580644
2025-02-26 13:00:00,90.61566666666667
2025-02-26 14:00:00,76.81241379310345
2025-02-26 15:00:00,63.84310344827586
2025-02-26 16:00:00,62.12233333333333
2025-02-26 17:00:00,66.18933333333334
2025-02-26 18:00:00,74.90870967741935
2025-02-26 19:00:00,93.46
2025-02-26 20:00:00,111.92451612903226
2025-02-26 21:00:00,128.98225806451615
2025-02-26 22:00:00,134.6448387096774
2025-02-26 23:00:00,130.12548387096774
2025-02-27 00:00:00,132.05354838709678
2025-02-27 01:00:00,127.2709677419355
2025-02-27 02:00:00,119.79451612903225
2025-02-27 03:00:00,109.40935483870967
2025-02-27 04:00:00,102.90290322580644
2025-02-27 05:00:00,103.06233333333333
2025-02-27 06:00:00,102.40548387096774
2025-02-27 07:00:00,131.2358064516129
2025-02-27 08:00:00,134.03
2025-02-27 09:00:00,79.96866666666666
2025-02-27 10:00:00,55.28677419354839
2025-02-27 11:00:00,32.77285714285714
2025-02-27 12:00:00,26.961
2025-02-27 13:00:00,29.733
2025-02-27 14:00:00,41.455666666666666
2025-02-27 15:00:00,36.02366666666667
2025-02-27 16:00:00,31.075333333333333
2025-02-27 17:00:00,29.24433333333333
2025-02-27 18:00:00,31.193
2025-02-27 19:00:00,40.74666666666667
2025-02-27 20:00:00,45.681333333333335
2025-02-27 21:00:00,53.33666666666667
2025-02-27 22:00:00,53.952
2025-02-27 23:00:00,58.547333333333334
2025-02-28 00:00:00,57.80333333333333
2025-02-28 01:00:00,56.80266666666667
2025-02-28 02:00:00,49.53933333333334
2025-02-28 03:00:00,45.652068965517245
2025-02-28 04:00:00,54.05275862068965
2025-02-28 05:00:00,54.52034482758621
2025-02-28 06:00:00,55.90038461538461
2025-02-28 07:00:00,63.306666666666665
2025-02-28 08:00:00,66.68607142857142
2025-02-28 09:00:00,65.15035714285715
2025-02-28 10:00:00,66.87607142857142
2025-02-28 11:00:00,65.45407407407407
2025-02-28 12:00:00,61.961111111111116
2025-02-28 13:00:00,57.2662962962963
2025-02-28 14:00:00,54.410714285714285
2025-02-28 15:00:00,54.35344827586207
2025-02-28 16:00:00,58.32379310344828
2025-02-28 17:00:00,58.31931034482759
2025-02-28 18:00:00,56.798965517241385
2025-02-28 19:00:00,66.0506896551724
2025-02-28 20:00:00,64.81206896551724
2025-02-28 21:00:00,59.67321428571429
2025-02-28 22:00:00,61.944482758620694
2025-02-28 23:00:00,59.008620689655174
2025-03-01 00:00:00,56.86
2025-03-01 01:00:00,53.89068965517241
2025-03-01 02:00:00,62.41068965517242
2025-03-01 03:00:00,61.87310344827586
2025-03-01 04:00:00,60.86892857142857
2025-03-01 05:00:00,52.32571428571429
2025-03-01 06:00:00,47.52413793103448
2025-03-01 07:00:00,52.8775
2025-03-01 08:00:00,54.99107142857143
2025-03-01 09:00:00,62.28642857142857
2025-03-01 10:00:00,62.714137931034486
2025-03-01 11:00:00,62.705862068965516
2025-03-01 12:00:00,62.92071428571428
2025-03-01 13:00:00,66.33678571428571
2025-03-01 14:00:00,59.97689655172414
2025-03-01 15:00:00,51.68827586206897
2025-03-01 16:00:00,50.055
2025-03-01 17:00:00,46.291785714285716
2025-03-01 18:00:00,47.1251724137931
2025-03-01 19:00:00,48.75964285714286
2025-03-01 20:00:00,57.616206896551724
2025-03-01 21:00:00,67.17206896551724
2025-03-01 22:00:00,74.92758620689654
2025-03-01 23:00:00,84.7074074074074
2025-03-02 00:00:00,89.22392857142857
2025-03-02 01:00:00,89.7975
2025-03-02 02:00:00,101.91499999999999
2025-03-02 03:00:00,88.96851851851852
2025-03-02 04:00:00,76.25481481481482
2025-03-02 05:00:00,64.96107142857143
2025-03-02 06:00:00,50.919259259259256
2025-03-02 07:00:00,49.144444444444446
2025-03-02 08:00:00,53.007407407407406
2025-03-02 09:00:00,57.81037037037037
2025-03-02 10:00:00,61.823928571428574
2025-03-02 11:00:00,59.46035714285714
2025-03-02 12:00:00,42.57428571428572
2025-03-02 13:00:00,29.972222222222225
2025-03-02 14:00:00,23.74888888888889
2025-03-02 15:00:00,20.085925925925928
2025-03-02 16:00:00,21.472962962962963
2025-03-02 17:00:00,20.915185185185187
2025-03-02 18:00:00,23.095925925925922
2025-03-02 19:00:00,28.854814814814816
2025-03-02 20:00:00,38.73037037037037
2025-03-02 21:00:00,50.03392857142857
2025-03-02 22:00:00,60.690714285714286
2025-03-02 23:00:00,65.32678571428572
2025-03-03 00:00:00,70.07000000000001
2025-03-03 01:00:00,74.22357142857142
2025-03-03 02:00:00,65.60535714285714
2025-03-03 03:00:00,60.373214285714276
2025-03-03 04:00:00,62.898148148148145
2025-03-03 05:00:00,59.285000000000004
2025-03-03 06:00:00,68.14392857142857
2025-03-03 07:00:00,74.77250000000001
2025-03-03 08:00:00,80.14444444444445
2025-03-03 09:00:00,92.9475
2025-03-03 10:00:00,95.20733333333334
2025-03-03 11:00:00,76.76689655172413
2025-03-03 12:00:00,56.917931034482756
2025-03-03 13:00:00,48.978571428571435
2025-03-03 14:00:00,45.58172413793103
2025-03-03 15:00:00,39.63814814814815
2025-03-03 16:00:00,43.16571428571429
2025-03-03 17:00:00,46.17689655172414
2025-03-03 18:00:00,49.30620689655173
2025-03-03 19:00:00,54.458275862068966
2025-03-03 20:00:00,55.79482758620689
2025-03-03 21:00:00,57.58724137931034
2025-03-03 22:00:00,63.02206896551724
2025-03-03 23:00:00,70.62931034482759
2025-03-04 00:00:00,70.44206896551724
2025-03-04 01:00:00,74.05068965517242
2025-03-04 02:00:00,74.1703448275862
2025-03-04 03:00:00,63.53642857142857
2025-03-04 04:00:00,55.11965517241379
2025-03-04 05:00:00,67.02758620689654
2025-03-04 06:00:00,67.12
2025-03-04 07:00:00,65.66689655172414
2025-03-04 08:00:00,68.15785714285714
2025-03-04 09:00:00,60.47607142857144
2025-03-04 10:00:00,56.419629629629625
2025-03-04 11:00:00,55.93586206896552
2025-03-04 12:00:00,50.68758620689655
2025-03-04 13:00:00,49.13333333333333
2025-03-04 14:00:00,47.562
2025-03-04 15:00:00,42.69129032258065
2025-03-04 16:00:00,37.900000000000006
2025-03-04 17:00:00,39.66612903225806
2025-03-04 18:00:00,36.939
2025-03-04 19:00:00,35.434999999999995
2025-03-04 20:00:00,32.03633333333333
2025-03-04 21:00:00,33.011034482758625
2025-03-04 22:00:00,34.65172413793103
2025-03-04 23:00:00,38.36827586206897
2025-03-05 00:00:00,38.00034482758621
2025-03-05 01:00:00,36.35333333333333
2025-03-05 02:00:00,34.04586206896552
2025-03-05 03:00:00,32.169310344827586
2025-03-05 04:00:00,28.225517241379308
2025-03-05 05:00:00,27.10857142857143
2025-03-05 06:00:00,29.416071428571428
2025-03-05 07:00:00,32.577666666666666
2025-03-05 08:00:00,38.63066666666667
2025-03-05 09:00:00,38.872
2025-03-05 10:00:00,39.26266666666667
2025-03-05 11:00:00,35.435517241379316
2025-03-05 12:00:00,34.79107142857143
2025-03-05 13:00:00,26.01851851851852
2025-03-05 14:00:00,29.333448275862068
2025-03-05 15:00:00,29.482068965517243
2025-03-05 16:00:00,20.9852
2025-03-05 17:00:00,20.011428571428574
2025-03-05 18:00:00,25.281000000000002
2025-03-05 19:00:00,23.800666666666668
2025-03-05 20:00:00,30.913999999999998
2025-03-05 21:00:00,33.77655172413793
2025-03-05 22:00:00,32.906129032258065
2025-03-05 23:00:00,31.81451612903226
2025-03-06 00:00:00,35.65266666666666
2025-03-06 01:00:00,37.324838709677415
2025-03-06 02:00:00,42.82258064516129
2025-03-06 03:00:00,48.67677419354839
2025-03-06 04:00:00,48.395483870967745
2025-03-06 05:00:00,53.15129032258065
2025-03-06 06:00:00,54.759032258064515
2025-03-06 07:00:00,54.00096774193548
2025-03-06 08:00:00,61.769677419354835
2025-03-06 09:00:00,56.51483870967742
2025-03-06 10:00:00,56.119354838709675
2025-03-06 11:00:00,52.69838709677419
2025-03-06 12:00:00,42.93774193548387
2025-03-06 13:00:00,33.20433333333333
2025-03-06 14:00:00,29.466999999999995
2025-03-06 15:00:00,25.603793103448275
2025-03-06 16:00:00,23.877000000000002
2025-03-06 17:00:00,23.357741935483872
2025-03-06 18:00:00,24.78129032258064
2025-03-06 19:00:00,33.26833333333334
2025-03-06 20:00:00,57.98516129032258
2025-03-06 21:00:00,77.62838709677419
2025-03-06 22:00:00,100.24838709677418
2025-03-06 23:00:00,110.92935483870967
2025-03-07 00:00:00,119.18870967741935
2025-03-07 01:00:00,126.39774193548386
2025-03-07 02:00:00,128.51290322580647
2025-03-07 03:00:00,120.57032258064517
2025-03-07 04:00:00,114.50387096774193
2025-03-07 05:00:00,114.20064516129032
2025-03-07 06:00:00,120.08741935483872
2025-03-07 07:00:00,133.75129032258064
2025-03-07 08:00:00,145.92233333333334
2025-03-07 09:00:00,150.04666666666665
2025-03-07 10:00:00,110.10225806451614
2025-03-07 11:00:00,82.82677419354839
2025-03-07 12:00:00,69.86322580645162
2025-03-07 13:00:00,56.137241379310346
2025-03-07 14:00:00,42.39071428571428
2025-03-07 15:00:00,33.318333333333335
2025-03-07 16:00:00,23.156206896551723
2025-03-07 17:00:00,25.438275862068966
2025-03-07 18:00:00,28.229310344827585
2025-03-07 19:00:00,35.503571428571426
2025-03-07 20:00:00,53.60666666666667
2025-03-07 21:00:00,69.05966666666667
2025-03-07 22:00:00,74.704
2025-03-07 23:00:00,81.58733333333335
2025-03-08 00:00:00,80.602
2025-03-08 01:00:00,84.19967741935484
2025-03-08 02:00:00,88.22733333333332
2025-03-08 03:00:00,99.55612903225807
2025-03-08 04:00:00,95.57666666666667
2025-03-08 05:00:00,90.60133333333333
2025-03-08 06:00:00,89.13366666666666
2025-03-08 07:00:00,93.83354838709678
2025-03-08 08:00:00,99.15967741935485
2025-03-08 09:00:00,83.18774193548387
2025-03-08 10:00:00,73.27870967741937
2025-03-08 11:00:00,60.12516129032259
2025-03-08 12:00:00,48.53612903225807
2025-03-08 13:00:00,37.434
2025-03-08 14:00:00,30.978666666666673
2025-03-08 15:00:00,31.044666666666668
2025-03-08 16:00:00,26.549
2025-03-08 17:00:00,29.520000000000003
2025-03-08 18:00:00,36.16566666666667
2025-03-08 19:00:00,43.57966666666667
2025-03-08 20:00:00,60.53933333333334
2025-03-08 21:00:00,87.44322580645162
2025-03-08 22:00:00,109.16387096774194
2025-03-08 23:00:00,109.42999999999999
2025-03-09 00:00:00,123.79451612903226
2025-03-09 01:00:00,128.12322580645161
2025-03-09 02:00:00,125.74166666666666
2025-03-09 03:00:00,115.62225806451613
2025-03-09 04:00:00,107.90516129032257
2025-03-09 05:00:00,113.33766666666666
2025-03-09 06:00:00,117.38366666666667
2025-03-09 07:00:00,130.8709677419355
2025-03-09 08:00:00,143.70387096774192
2025-03-09 09:00:00,151.6858064516129
2025-03-09 10:00:00,119.40870967741935
2025-03-09 11:00:00,83.40354838709678
2025-03-09 12:00:00,67.56032258064516
2025-03-09 13:00:00,53.67
2025-03-09 14:00:00,47.31193548387096
2025-03-09 15:00:00,43.55466666666667
2025-03-09 16:00:00,41.568
2025-03-09 17:00:00,41.69866666666667
2025-03-09 18:00:00,46.49633333333333
2025-03-09 19:00:00,56.023
2025-03-09 20:00:00,70.639
2025-03-09 21:00:00,87.65655172413793
2025-03-09 22:00:00,96.12516129032258
2025-03-09 23:00:00,119.96333333333334
2025-03-10 00:00:00,112.74451612903225
2025-03-10 01:00:00,103.74451612903228
2025-03-10 02:00:00,95.66838709677418
2025-03-10 03:00:00,87.5316129032258
2025-03-10 04:00:00,87.64903225806451
2025-03-10 05:00:00,91.42354838709677
2025-03-10 06:00:00,98.586
2025-03-10 07:00:00,108.58896551724139
2025-03-10 08:00:00,122.72935483870967
2025-03-10 09:00:00,124.357
2025-03-10 10:00:00,114.93133333333334
2025-03-10 11:00:00,93.65516129032258
2025-03-10 12:00:00,74.28266666666667
2025-03-10 13:00:00,65.03366666666666
2025-03-10 14:00:00,55.22354838709677
2025-03-10 15:00:00,49.825161290322576
2025-03-10 16:00:00,47.01774193548387
2025-03-10 17:00:00,49.543225806451616
2025-03-10 18:00:00,55.600322580645155
2025-03-10 19:00:00,69.7158064516129
2025-03-10 20:00:00,82.78903225806452
2025-03-10 21:00:00,108.47774193548386
2025-03-10 22:00:00,122.66354838709677
2025-03-10 23:00:00,127.67322580645163
2025-03-11 00:00:00,133.40290322580645
2025-03-11 01:00:00,137.49451612903226
2025-03-11 02:00:00,140.55709677419355
2025-03-11 03:00:00,140.90483870967742
2025-03-11 04:00:00,139.37
2025-03-11 05:00:00,147.7948387096774
2025-03-11 06:00:00,155.29258064516128
2025-03-11 07:00:00,172.30225806451614
2025-03-11 08:00:00,177.6758064516129
2025-03-11 09:00:00,186.04741935483872
2025-03-11 10:00:00,141.72161290322583
2025-03-11 11:00:00,107.15806451612903
2025-03-11 12:00:00,101.10548387096775
2025-03-11 13:00:00,88.38258064516128
2025-03-11 14:00:00,79.44516129032257
2025-03-11 15:00:00,70.7058064516129
2025-03-11 16:00:00,55.42612903225807
2025-03-11 17:00:00,55.136129032258076
2025-03-11 18:00:00,64.64354838709677
2025-03-11 19:00:00,76.26299999999999
2025-03-11 20:00:00,97.04774193548387
2025-03-11 21:00:00,107.20387096774193
2025-03-11 22:00:00,118.17999999999999
2025-03-11 23:00:00,124.43290322580646
2025-03-12 00:00:00,130.46333333333334
2025-03-12 01:00:00,134.97967741935483
2025-03-12 02:00:00,144.00133333333332
2025-03-12 03:00:00,146.6823333333333
2025-03-12 04:00:00,145.18733333333333
2025-03-12 05:00:00,146.90566666666666
2025-03-12 06:00:00,136.17833333333334
2025-03-12 07:00:00,134.27833333333334
2025-03-12 08:00:00,140.64870967741933
2025-03-12 09:00:00,139.82419354838711
2025-03-12 10:00:00,112.58096774193548
2025-03-12 11:00:00,75.49580645161289
2025-03-12 12:00:00,63.913225806451614
2025-03-12 13:00:00,51.79483870967742
2025-03-12 14:00:00,40.99741935483871
2025-03-12 15:00:00,35.983870967741936
2025-03-12 16:00:00,34.58516129032258
2025-03-12 17:00:00,34.06806451612903
2025-03-12 18:00:00,36.729032258064514
2025-03-12 19:00:00,45.864333333333335
2025-03-12 20:00:00,54.620666666666665
2025-03-12 21:00:00,68.01666666666667
2025-03-12 22:00:00,73.85379310344828
2025-03-12 23:00:00,75.60035714285716
2025-03-13 00:00:00,75.62249999999999
2025-03-13 01:00:00,73.45392857142858
2025-03-13 02:00:00,73.73249999999999
2025-03-13 03:00:00,80.15862068965517
2025-03-13 04:00:00,77.68310344827586
2025-03-13 05:00:00,74.75642857142857
2025-03-13 06:00:00,86.35
2025-03-13 07:00:00,106.954
2025-03-13 08:00:00,117.76066666666667
2025-03-13 09:00:00,127.01344827586207
2025-03-13 10:00:00,108.6296551724138
2025-03-13 11:00:00,87.61428571428571
2025-03-13 12:00:00,84.52833333333334
2025-03-13 13:00:00,78.53483870967742
2025-03-13 14:00:00,64.70935483870967
2025-03-13 15:00:00,56.90064516129033
2025-03-13 16:00:00,49.95225806451613
2025-03-13 17:00:00,50.88580645161291
2025-03-13 18:00:00,62.211290322580645
2025-03-13 19:00:00,71.02387096774194
2025-03-13 20:00:00,73.11225806451613
2025-03-13 21:00:00,63.54612903225806
2025-03-13 22:00:00,63.23225806451613
2025-03-13 23:00:00,70.00967741935483
2025-03-14 00:00:00,82.39387096774193
2025-03-14 01:00:00,107.44999999999999
2025-03-14 02:00:00,132.53774193548387
2025-03-14 03:00:00,135.10935483870966
2025-03-14 04:00:00,129.34032258064516
2025-03-14 05:00:00,137.28096774193548
2025-03-14 06:00:00,149.11161290322582
2025-03-14 07:00:00,151.4416129032258
2025-03-14 08:00:00,155.23548387096776
2025-03-14 09:00:00,148.32066666666665
2025-03-14 10:00:00,100.22322580645161
2025-03-14 11:00:00,71.10100000000001
2025-03-14 12:00:00,58.38516129032258
2025-03-14 13:00:00,44.05838709677419
2025-03-14 14:00:00,36.69483870967742
2025-03-14 15:00:00,37.98258064516129
2025-03-14 16:00:00,39.02733333333334
2025-03-14 17:00:00,38.64774193548388
2025-03-14 18:00:00,40.00933333333333
2025-03-14 19:00:00,34.869
2025-03-14 20:00:00,34.146774193548396
2025-03-14 21:00:00,38.22387096774194
2025-03-14 22:00:00,39.35064516129032
2025-03-14 23:00:00,38.877741935483876
2025-03-15 00:00:00,40.094193548387096
2025-03-15 01:00:00,41.048064516129024
2025-03-15 02:00:00,27.023870967741935
2025-03-15 03:00:00,17.551935483870963
2025-03-15 04:00:00,15.636129032258063
2025-03-15 05:00:00,14.298333333333336
2025-03-15 06:00:00,13.295806451612904
2025-03-15 07:00:00,12.388620689655172
2025-03-15 08:00:00,13.640333333333333
2025-03-15 09:00:00,16.58451612903226
2025-03-15 10:00:00,19.498709677419356
2025-03-15 11:00:00,22.468064516129033
2025-03-15 12:00:00,22.12483870967742
2025-03-15 13:00:00,22.70225806451613
2025-03-15 14:00:00,23.973870967741938
2025-03-15 15:00:00,26.37666666666667
2025-03-15 16:00:00,27.71451612903226
2025-03-15 17:00:00,30.93903225806452
2025-03-15 18:00:00,33.156451612903226
2025-03-15 19:00:00,36.43533333333333
2025-03-15 20:00:00,43.47806451612903
2025-03-15 21:00:00,30.28870967741935
2025-03-15 22:00:00,30.10290322580645
2025-03-15 23:00:00,34.83612903225806
2025-03-16 00:00:00,31.429354838709674
2025-03-16 01:00:00,40.682580645161295
2025-03-16 02:00:00,50.340333333333334
2025-03-16 03:00:00,54.82333333333334
2025-03-16 04:00:00,65.41758620689656
2025-03-16 05:00:00,59.756551724137935
2025-03-16 06:00:00,53.154999999999994
2025-03-16 07:00:00,57.457931034482755
2025-03-16 08:00:00,69.93733333333334
2025-03-16 09:00:00,62.348333333333336
2025-03-16 10:00:00,56.51866666666667
2025-03-16 11:00:00,47.09533333333333
2025-03-16 12:00:00,39.12533333333333
2025-03-16 13:00:00,32.2396551724138
2025-03-16 14:00:00,27.517931034482757
2025-03-16 15:00:00,23.396551724137932
2025-03-16 16:00:00,21.46448275862069
2025-03-16 17:00:00,18.893793103448278
2025-03-16 18:00:00,19.59862068965517
2025-03-16 19:00:00,25.104827586206895
2025-03-16 20:00:00,32.50827586206896
2025-03-16 21:00:00,36.14655172413793
2025-03-16 22:00:00,43.24724137931034
2025-03-16 23:00:00,44.00310344827586
2025-03-17 00:00:00,49.23166666666667
2025-03-17 01:00:00,54.834666666666664
2025-03-17 02:00:00,52.196999999999996
2025-03-17 03:00:00,51.859333333333325
2025-03-17 04:00:00,55.68433333333333
2025-03-17 05:00:00,53.684999999999995
2025-03-17 06:00:00,69.71533333333333
2025-03-17 07:00:00,77.53066666666668
2025-03-17 08:00:00,83.112
2025-03-17 09:00:00,84.634
2025-03-17 10:00:00,60.5003448275862
2025-03-17 11:00:00,43.164482758620686
2025-03-17 12:00:00,37.75357142857143
2025-03-17 13:00:00,38.84433333333333
2025-03-17 14:00:00,38.05799999999999
2025-03-17 15:00:00,37.09096774193548
2025-03-17 16:00:00,36.343333333333334
2025-03-17 17:00:00,36.87064516129032
2025-03-17 18:00:00,35.05387096774193
2025-03-17 19:00:00,36.557096774193546
2025-03-17 20:00:00,47.083333333333336
2025-03-17 21:00:00,53.78099999999999
2025-03-17 22:00:00,57.17366666666667
2025-03-17 23:00:00,64.241
2025-03-18 00:00:00,64.44137931034483
2025-03-18 01:00:00,64.61178571428572
2025-03-18 02:00:00,68.71178571428571
2025-03-18 03:00:00,74.03222222222223
2025-03-18 04:00:00,80.07925925925926
2025-03-18 05:00:00,87.18035714285713
2025-03-18 06:00:00,87.30142857142857
2025-03-18 07:00:00,77.28035714285716
2025-03-18 08:00:00,78.99214285714287
2025-03-18 09:00:00,78.34555555555555
2025-03-18 10:00:00,71.70592592592592
2025-03-18 11:00:00,55.2174074074074
2025-03-18 12:00:00,45.11166666666667
2025-03-18 13:00:00,35.010999999999996
2025-03-18 14:00:00,31.214000000000002
2025-03-18 15:00:00,28.82
2025-03-18 16:00:00,27.805999999999997
2025-03-18 17:00:00,24.014137931034483
2025-03-18 18:00:00,25.501
2025-03-18 19:00:00,29.805
2025-03-18 20:00:00,40.66
2025-03-18 21:00:00,53.80333333333333
2025-03-18 22:00:00,63.37466666666667
2025-03-18 23:00:00,71.40466666666666
2025-03-19 00:00:00,76.95620689655172
2025-03-19 01:00:00,79.7
2025-03-19 02:00:00,85.886
2025-03-19 03:00:00,98.29166666666667
2025-03-19 04:00:00,101.87633333333335
2025-03-19 05:00:00,113.20666666666668
2025-03-19 06:00:00,115.98566666666667
2025-03-19 07:00:00,118.42399999999999
2025-03-19 08:00:00,124.92766666666667
2025-03-19 09:00:00,104.09933333333333
2025-03-19 10:00:00,72.68733333333333
2025-03-19 11:00:00,55.477586206896554
2025-03-19 12:00:00,53.85066666666667
2025-03-19 13:00:00,43.711
2025-03-19 14:00:00,32.75806451612903
2025-03-19 15:00:00,29.37548387096774
2025-03-19 16:00:00,24.281935483870967
2025-03-19 17:00:00,24.579333333333334
2025-03-19 18:00:00,29.903548387096773
2025-03-19 19:00:00,38.567419354838705
2025-03-19 20:00:00,51.87032258064515
2025-03-19 21:00:00,58.674193548387095
2025-03-19 22:00:00,64.586
2025-03-19 23:00:00,72.14548387096774
2025-03-20 00:00:00,82.10096774193549
2025-03-20 01:00:00,79.88870967741934
2025-03-20 02:00:00,77.72548387096774
2025-03-20 03:00:00,73.84870967741935
2025-03-20 04:00:00,79.69193548387096
2025-03-20 05:00:00,78.78612903225806
2025-03-20 06:00:00,83.815
2025-03-20 07:00:00,88.8283870967742
2025-03-20 08:00:00,115.97290322580645
2025-03-20 09:00:00,131.29903225806453
2025-03-20 10:00:00,107.94161290322579
2025-03-20 11:00:00,69.33774193548388
2025-03-20 12:00:00,50.0883870967742
2025-03-20 13:00:00,39.30466666666666
2025-03-20 14:00:00,29.850666666666665
2025-03-20 15:00:00,22.267333333333333
2025-03-20 16:00:00,18.848275862068967
2025-03-20 17:00:00,21.627999999999997
2025-03-20 18:00:00,25.363666666666667
2025-03-20 19:00:00,28.362666666666666
2025-03-20 20:00:00,40.224000000000004
2025-03-20 21:00:00,52.306333333333335
2025-03-20 22:00:00,59.25599999999999
2025-03-20 23:00:00,68.04516129032258
2025-03-21 00:00:00,75.31161290322582
2025-03-21 01:00:00,69.85451612903226
2025-03-21 02:00:00,67.63709677419355
2025-03-21 03:00:00,71.41
2025-03-21 04:00:00,87.18096774193549
2025-03-21 05:00:00,99.75967741935484
2025-03-21 06:00:00,91.79633333333335
2025-03-21 07:00:00,94.19645161290323
2025-03-21 08:00:00,96.60733333333333
2025-03-21 09:00:00,95.89433333333334
2025-03-21 10:00:00,77.62633333333332
2025-03-21 11:00:00,65.87833333333334
2025-03-21 12:00:00,47.02827586206897
2025-03-21 13:00:00,34.50533333333333
2025-03-21 14:00:00,26.784
2025-03-21 15:00:00,25.025
2025-03-21 16:00:00,23.739
2025-03-21 17:00:00,21.666666666666668
2025-03-21 18:00:00,24.58
2025-03-21 19:00:00,31.99
2025-03-21 20:00:00,44.145161290322584
2025-03-21 21:00:00,59.851
2025-03-21 22:00:00,67.94800000000001
2025-03-21 23:00:00,73.07548387096773
2025-03-22 00:00:00,71.02799999999999
2025-03-22 01:00:00,73.63516129032259
2025-03-22 02:00:00,75.71000000000001
2025-03-22 03:00:00,80.62967741935483
2025-03-22 04:00:00,96.43516129032258
2025-03-22 05:00:00,107.952
2025-03-22 06:00:00,98.27033333333334
2025-03-22 07:00:00,94.36451612903227
2025-03-22 08:00:00,104.05645161290323
2025-03-22 09:00:00,94.48612903225805
2025-03-22 10:00:00,80.1632258064516
2025-03-22 11:00:00,65.461
2025-03-22 12:00:00,56.36366666666666
2025-03-22 13:00:00,45.961999999999996
2025-03-22 14:00:00,36.092333333333336
2025-03-22 15:00:00,35.42066666666666
2025-03-22 16:00:00,34.967666666666666
2025-03-22 17:00:00,31.41866666666667
2025-03-22 18:00:00,38.242666666666665
2025-03-22 19:00:00,42.858333333333334
2025-03-22 20:00:00,59.17533333333334
2025-03-22 21:00:00,79.034
2025-03-22 22:00:00,88.76500000000001
2025-03-22 23:00:00,101.58068965517242
2025-03-23 00:00:00,100.389
2025-03-23 01:00:00,94.12433333333334
2025-03-23 02:00:00,95.77866666666667
2025-03-23 03:00:00,86.28233333333334
2025-03-23 04:00:00,97.82966666666667
2025-03-23 05:00:00,101.71366666666667
2025-03-23 06:00:00,104.78433333333332
2025-03-23 07:00:00,106.12466666666667
2025-03-23 08:00:00,112.825
2025-03-23 09:00:00,95.23033333333335
2025-03-23 10:00:00,80.801
2025-03-23 11:00:00,65.32733333333333
2025-03-23 12:00:00,51.416000000000004
2025-03-23 13:00:00,47.40965517241379
2025-03-23 14:00:00,44.76233333333334
2025-03-23 15:00:00,43.49193548387097
2025-03-23 16:00:00,39.62322580645161
2025-03-23 17:00:00,38.059677419354834
2025-03-23 18:00:00,38.02483870967742
2025-03-23 19:00:00,49.33870967741935
2025-03-23 20:00:00,65.80967741935484
2025-03-23 21:00:00,85.1232258064516
2025-03-23 22:00:00,90.41935483870968
2025-03-23 23:00:00,95.45903225806451
2025-03-24 00:00:00,98.88870967741936
2025-03-24 01:00:00,104.57774193548389
2025-03-24 02:00:00,106.55225806451612
2025-03-24 03:00:00,108.2383870967742
2025-03-24 04:00:00,114.31290322580647
2025-03-24 05:00:00,118.89129032258064
2025-03-24 06:00:00,121.2358064516129
2025-03-24 07:00:00,131.2841935483871
2025-03-24 08:00:00,142.73967741935485
2025-03-24 09:00:00,139.09935483870967
2025-03-24 10:00:00,93.33933333333334
2025-03-24 11:00:00,65.78566666666667
2025-03-24 12:00:00,50.277741935483874
2025-03-24 13:00:00,41.16967741935484
2025-03-24 14:00:00,36.285806451612906
2025-03-24 15:00:00,35.90612903225807
2025-03-24 16:00:00,30.666129032258063
2025-03-24 17:00:00,31.382258064516126
2025-03-24 18:00:00,41.241290322580646
2025-03-24 19:00:00,58.961935483870974
2025-03-24 20:00:00,85.66266666666665
2025-03-24 21:00:00,105.56451612903226
2025-03-24 22:00:00,118.49548387096775
2025-03-24 23:00:00,120.2216129032258
2025-03-25 00:00:00,128.74935483870968
2025-03-25 01:00:00,138.06451612903226
2025-03-25 02:00:00,149.60290322580644
2025-03-25 03:00:00,151.37766666666667
2025-03-25 04:00:00,151.96466666666666
2025-03-25 05:00:00,155.11533333333333
2025-03-25 06:00:00,164.55066666666664
2025-03-25 07:00:00,174.2858064516129
2025-03-25 08:00:00,194.19483870967744
2025-03-25 09:00:00,161.33774193548385
2025-03-25 10:00:00,107.28233333333334
2025-03-25 11:00:00,87.22068965517242
2025-03-25 12:00:00,77.52466666666668
2025-03-25 13:00:00,66.1558064516129
2025-03-25 14:00:00,52.284
2025-03-25 15:00:00,48.55166666666666
2025-03-25 16:00:00,45.77357142857142
2025-03-25 17:00:00,45.00633333333334
2025-03-25 18:00:00,46.07966666666667
2025-03-25 19:00:00,58.79827586206897
2025-03-25 20:00:00,82.32
2025-03-25 21:00:00,104.97724137931036
2025-03-25 22:00:00,122.75068965517241
2025-03-25 23:00:00,126.438
2025-03-26 00:00:00,144.823
2025-03-26 01:00:00,155.04933333333335
2025-03-26 02:00:00,147.87066666666666
2025-03-26 03:00:00,147.47833333333335
2025-03-26 04:00:00,144.27733333333333
2025-03-26 05:00:00,138.5758620689655
2025-03-26 06:00:00,137.19799999999998
2025-03-26 07:00:00,139.97033333333331
2025-03-26 08:00:00,152.419
2025-03-26 09:00:00,142.775
2025-03-26 10:00:00,111.02266666666667
2025-03-26 11:00:00,69.28633333333333
2025-03-26 12:00:00,50.574333333333335
2025-03-26 13:00:00,46.82677419354839
2025-03-26 14:00:00,47.602
2025-03-26 15:00:00,38.25333333333334
2025-03-26 16:00:00,29.285666666666668
2025-03-26 17:00:00,29.832
2025-03-26 18:00:00,39.58096774193548
2025-03-26 19:00:00,59.58266666666667
2025-03-26 20:00:00,88.79935483870968
2025-03-26 21:00:00,103.38064516129033
2025-03-26 22:00:00,119.9325806451613
2025-03-26 23:00:00,130.25483870967741
2025-03-27 00:00:00,141.9964516129032
2025-03-27 01:00:00,147.4906451612903
2025-03-27 02:00:00,147.41032258064516
2025-03-27 03:00:00,156.41
2025-03-27 04:00:00,157.3125806451613
2025-03-27 05:00:00,166.51935483870966
2025-03-27 06:00:00,165.19612903225809
2025-03-27 07:00:00,172.5364516129032
2025-03-27 08:00:00,168.28870967741938
2025-03-27 09:00:00,107.49806451612903
2025-03-27 10:00:00,77.74099999999999
2025-03-27 11:00:00,65.70599999999999
2025-03-27 12:00:00,50.152857142857144
2025-03-27 13:00:00,43.234482758620686
2025-03-27 14:00:00,38.79933333333334
2025-03-27 15:00:00,37.02066666666667
2025-03-27 16:00:00,32.70466666666667
2025-03-27 17:00:00,35.18966666666667
2025-03-27 18:00:00,37.733333333333334
2025-03-27 19:00:00,46.21967741935484
2025-03-27 20:00:00,62.76548387096774
2025-03-27 21:00:00,80.90516129032258
2025-03-27 22:00:00,86.44419354838709
2025-03-27 23:00:00,97.73870967741935
2025-03-28 00:00:00,100.866
2025-03-28 01:00:00,116.41666666666667
2025-03-28 02:00:00,147.9813333333333
2025-03-28 03:00:00,129.04633333333334
2025-03-28 04:00:00,75.12666666666668
2025-03-28 05:00:00,46.049677419354836
2025-03-28 06:00:00,45.792258064516126
2025-03-28 07:00:00,54.05
2025-03-28 08:00:00,68.795
2025-03-28 09:00:00,74.76774193548387
2025-03-28 10:00:00,63.09193548387096
2025-03-28 11:00:00,53.33724137931034
2025-03-28 12:00:00,40.13935483870968
2025-03-28 13:00:00,36.9041935483871
2025-03-28 14:00:00,33.70967741935484
2025-03-28 15:00:00,34.520645161290325
2025-03-28 16:00:00,29.51774193548387
2025-03-28 17:00:00,30.241666666666667
2025-03-28 18:00:00,36.96066666666666
2025-03-28 19:00:00,39.52193548387097
2025-03-28 20:00:00,44.70451612903226
2025-03-28 21:00:00,43.9141935483871
2025-03-28 22:00:00,37.251612903225805
2025-03-28 23:00:00,33.20903225806452
2025-03-29 00:00:00,32.940666666666665
2025-03-29 01:00:00,36.05
2025-03-29 02:00:00,36.152903225806455
2025-03-29 03:00:00,36.36870967741935
2025-03-29 04:00:00,37.413333333333334
2025-03-29 05:00:00,38.868
2025-03-29 06:00:00,42.02129032258064
2025-03-29 07:00:00,54.79419354838709
2025-03-29 08:00:00,62.09566666666667
2025-03-29 09:00:00,65.44806451612902
2025-03-29 10:00:00,59.556451612903224
2025-03-29 11:00:00,48.17258064516129
2025-03-29 12:00:00,37.63935483870968
2025-03-29 13:00:00,34.40645161290323
2025-03-29 14:00:00,31.26
2025-03-29 15:00:00,32.42666666666667
2025-03-29 16:00:00,26.469354838709677
2025-03-29 17:00:00,23.179999999999996
2025-03-29 18:00:00,25.406451612903226
2025-03-29 19:00:00,30.12451612903226
2025-03-29 20:00:00,36.57
2025-03-29 21:00:00,41.235517241379306
2025-03-29 22:00:00,40.464137931034486
2025-03-29 23:00:00,41.943333333333335
2025-03-30 00:00:00,49.91620689655172
2025-03-30 01:00:00,53.730999999999995
2025-03-30 02:00:00,55.730666666666664
2025-03-30 03:00:00,57.891333333333336
2025-03-30 04:00:00,57.84966666666667
2025-03-30 05:00:00,62.589000000000006
2025-03-30 06:00:00,75.69966666666667
2025-03-30 07:00:00,81.39399999999999
2025-03-30 08:00:00,71.02387096774193
2025-03-30 09:00:00,56.39566666666666
2025-03-30 10:00:00,41.31896551724138
2025-03-30 11:00:00,27.066551724137934
2025-03-30 12:00:00,21.450333333333333
2025-03-30 13:00:00,24.28066666666667
2025-03-30 14:00:00,19.392666666666667
2025-03-30 15:00:00,20.015333333333334
2025-03-30 16:00:00,19.18933333333333
2025-03-30 17:00:00,17.959666666666667
2025-03-30 18:00:00,20.479354838709675
2025-03-30 19:00:00,28.533870967741933
2025-03-30 20:00:00,42.910999999999994
2025-03-30 21:00:00,55.78903225806451
2025-03-30 22:00:00,67.15354838709678
2025-03-30 23:00:00,74.94774193548388
2025-03-31 00:00:00,69.76225806451613
2025-03-31 01:00:00,78.04096774193549
2025-03-31 02:00:00,72.58483870967743
2025-03-31 03:00:00,74.10967741935484
2025-03-31 04:00:00,76.74935483870968
2025-03-31 05:00:00,83.05322580645162
2025-03-31 06:00:00,106.10620689655173
2025-03-31 07:00:00,141.9523333333333
2025-03-31 08:00:00,142.97633333333334
2025-03-31 09:00:00,128.67866666666666
2025-03-31 10:00:00,102.47766666666666
2025-03-31 11:00:00,83.55933333333333
2025-03-31 12:00:00,61.58566666666666
2025-03-31 13:00:00,41.08862068965517
2025-03-31 14:00:00,23.833000000000002
2025-03-31 15:00:00,17.406999999999996
2025-03-31 16:00:00,14.400689655172414
2025-03-31 17:00:00,13.445862068965518
2025-03-31 18:00:00,16.131034482758622
2025-03-31 19:00:00,23.51379310344828
2025-03-31 20:00:00,36.89133333333333
2025-03-31 21:00:00,51.197333333333326
2025-03-31 22:00:00,58.13766666666667
2025-03-31 23:00:00,49.22233333333334
2025-04-01 00:00:00,49.25599999999999
2025-04-01 01:00:00,50.37266666666667
2025-04-01 02:00:00,73.55827586206897
2025-04-01 03:00:00,67.38666666666667
2025-04-01 04:00:00,68.273
2025-04-01 05:00:00,77.7874193548387
2025-04-01 06:00:00,87.55225806451612
2025-04-01 07:00:00,116.21806451612902
2025-04-01 08:00:00,137.39838709677417
2025-04-01 09:00:00,116.00161290322579
2025-04-01 10:00:00,100.28064516129034
2025-04-01 11:00:00,72.67387096774193
2025-04-01 12:00:00,52.731
2025-04-01 13:00:00,33.07241379310345
2025-04-01 14:00:00,29.491290322580646
2025-04-01 15:00:00,28.92483870967742
2025-04-01 16:00:00,28.507096774193545
2025-04-01 17:00:00,30.13290322580645
2025-04-01 18:00:00,35.630322580645164
2025-04-01 19:00:00,44.08068965517242
2025-04-01 20:00:00,61.40933333333333
2025-04-01 21:00:00,74.02870967741936
2025-04-01 22:00:00,87.50689655172413
2025-04-01 23:00:00,86.11774193548386
2025-04-02 00:00:00,89.77548387096775
2025-04-02 01:00:00,92.64129032258064
2025-04-02 02:00:00,92.87064516129031
2025-04-02 03:00:00,102.77032258064517
2025-04-02 04:00:00,109.86333333333333
2025-04-02 05:00:00,116.65645161290324
2025-04-02 06:00:00,156.3051724137931
2025-04-02 07:00:00,185.40933333333334
2025-04-02 08:00:00,229.401724137931
2025-04-02 09:00:00,192.81586206896552
2025-04-02 10:00:00,119.58666666666666
2025-04-02 11:00:00,82.79129032258065
2025-04-02 12:00:00,67.93516129032258
2025-04-02 13:00:00,56.574
2025-04-02 14:00:00,38.775
2025-04-02 15:00:00,34.81448275862069
2025-04-02 16:00:00,30.70620689655172
2025-04-02 17:00:00,28.817586206896554
2025-04-02 18:00:00,35.97785714285714
2025-04-02 19:00:00,50.85551724137931
2025-04-02 20:00:00,85.70551724137931
2025-04-02 21:00:00,109.89724137931034
2025-04-02 22:00:00,114.26655172413793
2025-04-02 23:00:00,109.67965517241379
2025-04-03 00:00:00,107.71535714285713
2025-04-03 01:00:00,112.3417857142857
2025-04-03 02:00:00,112.17071428571428
2025-04-03 03:00:00,112.80892857142858
2025-04-03 04:00:00,106.96964285714286
2025-04-03 05:00:00,114.02428571428572
2025-04-03 06:00:00,112.22678571428571
2025-04-03 07:00:00,111.40535714285714
2025-04-03 08:00:00,115.19821428571429
2025-04-03 09:00:00,116.29206896551725
2025-04-03 10:00:00,103.85178571428571
2025-04-03 11:00:00,74.83035714285714
2025-04-03 12:00:00,52.54034482758621
2025-04-03 13:00:00,38.070344827586204
2025-04-03 14:00:00,29.333571428571428
2025-04-03 15:00:00,26.805862068965517
2025-04-03 16:00:00,23.84448275862069
2025-04-03 17:00:00,23.825666666666667
2025-04-03 18:00:00,36.98433333333333
2025-04-03 19:00:00,58.089666666666666
2025-04-03 20:00:00,87.924
2025-04-03 21:00:00,95.32214285714285
2025-04-03 22:00:00,64.88724137931034
2025-04-03 23:00:00,68.61433333333333
2025-04-04 00:00:00,80.33099999999999
2025-04-04 01:00:00,84.94103448275864
2025-04-04 02:00:00,106.53344827586207
2025-04-04 03:00:00,114.00586206896551
2025-04-04 04:00:00,114.1703448275862
2025-04-04 05:00:00,109.33620689655173
2025-04-04 06:00:00,118.87107142857143
2025-04-04 07:00:00,131.1193103448276
2025-04-04 08:00:00,154.2958620689655
2025-04-04 09:00:00,154.76172413793103
2025-04-04 10:00:00,106.73233333333333
2025-04-04 11:00:00,76.85428571428572
2025-04-04 12:00:00,59.21344827586207
2025-04-04 13:00:00,42.956296296296294
2025-04-04 14:00:00,44.65851851851852
2025-04-04 15:00:00,35.52214285714286
2025-04-04 16:00:00,36.828620689655175
2025-04-04 17:00:00,30.752333333333333
2025-04-04 18:00:00,35.68933333333334
2025-04-04 19:00:00,42.07966666666667
2025-04-04 20:00:00,65.33172413793103
2025-04-04 21:00:00,61.03758620689655
2025-04-04 22:00:00,55.51866666666667
2025-04-04 23:00:00,54.666666666666664
2025-04-05 00:00:00,57.376
2025-04-05 01:00:00,58.86310344827586
2025-04-05 02:00:00,52.42758620689656
2025-04-05 03:00:00,57.29689655172413
2025-04-05 04:00:00,56.669999999999995
2025-04-05 05:00:00,62.738928571428566
2025-04-05 06:00:00,72.39185185185185
2025-04-05 07:00:00,96.55428571428571
2025-04-05 08:00:00,116.99
2025-04-05 09:00:00,107.12866666666667
2025-04-05 10:00:00,86.03866666666667
2025-04-05 11:00:00,71.55633333333334
2025-04-05 12:00:00,58.305
2025-04-05 13:00:00,46.001666666666665
2025-04-05 14:00:00,37.306666666666665
2025-04-05 15:00:00,34.93448275862069
2025-04-05 16:00:00,35.247142857142855
2025-04-05 17:00:00,31.974814814814813
2025-04-05 18:00:00,32.505172413793105
2025-04-05 19:00:00,40.60068965517241
2025-04-05 20:00:00,56.614482758620696
2025-04-05 21:00:00,79.58766666666666
2025-04-05 22:00:00,90.04466666666666
2025-04-05 23:00:00,91.18699999999998
2025-04-06 00:00:00,96.06
2025-04-06 01:00:00,99.59566666666666
2025-04-06 02:00:00,96.3451612903226
2025-04-06 03:00:00,102.16741935483871
2025-04-06 04:00:00,119.78709677419356
2025-04-06 05:00:00,140.6648387096774
2025-04-06 06:00:00,158.45032258064515
2025-04-06 07:00:00,153.01032258064515
2025-04-06 08:00:00,138.1625806451613
2025-04-06 09:00:00,117.39709677419356
2025-04-06 10:00:00,89.77516129032257
2025-04-06 11:00:00,73.65466666666667
2025-04-06 12:00:00,54.87466666666667
2025-04-06 13:00:00,52.37866666666667
2025-04-06 14:00:00,43.522333333333336
2025-04-06 15:00:00,37.62833333333333
2025-04-06 16:00:00,33.041
2025-04-06 17:00:00,30.68258064516129
2025-04-06 18:00:00,40.44322580645161
2025-04-06 19:00:00,66.18838709677419
2025-04-06 20:00:00,72.61032258064515
2025-04-06 21:00:00,97.77354838709678
2025-04-06 22:00:00,113.98129032258063
2025-04-06 23:00:00,127.21032258064515
2025-04-07 00:00:00,134.66709677419354
2025-04-07 01:00:00,134.15633333333332
2025-04-07 02:00:00,132.564
2025-04-07 03:00:00,138.907
2025-04-07 04:00:00,141.37862068965515
2025-04-07 05:00:00,147.07666666666668
2025-04-07 06:00:00,154.95966666666666
2025-04-07 07:00:00,167.2006896551724
2025-04-07 08:00:00,172.98366666666666
2025-04-07 09:00:00,155.6276666666667
2025-04-07 10:00:00,123.56
2025-04-07 11:00:00,97.44903225806452
2025-04-07 12:00:00,76.80483870967741
2025-04-07 13:00:00,60.139354838709686
2025-04-07 14:00:00,50.813225806451605
2025-04-07 15:00:00,46.9883870967742
2025-04-07 16:00:00,46.59290322580645
2025-04-07 17:00:00,45.55931034482759
2025-04-07 18:00:00,59.21551724137931
2025-04-07 19:00:00,81.66451612903225
2025-04-07 20:00:00,96.02645161290323
2025-04-07 21:00:00,112.68290322580646
2025-04-07 22:00:00,126.90709677419355
2025-04-07 23:00:00,127.32199999999999
2025-04-08 00:00:00,119.20451612903224
2025-04-08 01:00:00,113.18225806451613
2025-04-08 02:00:00,109.51161290322581
2025-04-08 03:00:00,103.72774193548386
2025-04-08 04:00:00,100.10096774193549
2025-04-08 05:00:00,102.16166666666666
2025-04-08 06:00:00,94.51677419354839
2025-04-08 07:00:00,97.41838709677418
2025-04-08 08:00:00,106.00275862068965
2025-04-08 09:00:00,104.191
2025-04-08 10:00:00,100.276
2025-04-08 11:00:00,96.82931034482758
2025-04-08 12:00:00,87.15599999999999
2025-04-08 13:00:00,78.85233333333332
2025-04-08 14:00:00,69.84266666666666
2025-04-08 15:00:00,62.76172413793103
2025-04-08 16:00:00,61.12566666666667
2025-04-08 17:00:00,61.99322580645161
2025-04-08 18:00:00,72.7058064516129
2025-04-08 19:00:00,87.71354838709676
2025-04-08 20:00:00,103.63166666666667
2025-04-08 21:00:00,110.88733333333333
2025-04-08 22:00:00,113.664
2025-04-08 23:00:00,110.20966666666666
2025-04-09 00:00:00,105.46774193548387
2025-04-09 01:00:00,104.71366666666667
2025-04-09 02:00:00,97.19133333333335
2025-04-09 03:00:00,93.048
2025-04-09 04:00:00,88.889
2025-04-09 05:00:00,93.01931034482759
2025-04-09 06:00:00,94.48689655172413
2025-04-09 07:00:00,99.59
2025-04-09 08:00:00,108.29310344827586
2025-04-09 09:00:00,106.141
2025-04-09 10:00:00,101.54066666666668
2025-04-09 11:00:00,91.88448275862069
2025-04-09 12:00:00,82.01931034482759
2025-04-09 13:00:00,78.96499999999999
2025-04-09 14:00:00,73.006
2025-04-09 15:00:00,71.471
2025-04-09 16:00:00,70.92548387096772
2025-04-09 17:00:00,68.58433333333333
2025-04-09 18:00:00,84.42806451612903
2025-04-09 19:00:00,105.62466666666666
2025-04-09 20:00:00,112.02933333333333
2025-04-09 21:00:00,111.938
2025-04-09 22:00:00,123.06233333333333
2025-04-09 23:00:00,121.70633333333333
2025-04-10 00:00:00,96.10133333333332
2025-04-10 01:00:00,81.55133333333333
2025-04-10 02:00:00,80.74333333333333
2025-04-10 03:00:00,74.21499999999999
2025-04-10 04:00:00,67.727
2025-04-10 05:00:00,65.44866666666667
2025-04-10 06:00:00,64.10466666666667
2025-04-10 07:00:00,80.268
2025-04-10 08:00:00,85.223
2025-04-10 09:00:00,89.86699999999999
2025-04-10 10:00:00,94.595
2025-04-10 11:00:00,83.33
2025-04-10 12:00:00,72.23566666666666
2025-04-10 13:00:00,67.362
2025-04-10 14:00:00,65.42806451612903
2025-04-10 15:00:00,66.27516129032259
2025-04-10 16:00:00,59.73548387096774
2025-04-10 17:00:00,56.07548387096774
2025-04-10 18:00:00,98.73387096774194
2025-04-10 19:00:00,48.391724137931035
2025-04-10 20:00:00,30.527142857142856
2025-04-10 21:00:00,35.263703703703705
2025-04-10 22:00:00,35.615172413793104
2025-04-10 23:00:00,41.179655172413796
2025-04-11 00:00:00,44.967666666666666
2025-04-11 01:00:00,47.393103448275866
2025-04-11 02:00:00,41.21699999999999
2025-04-11 03:00:00,36.08103448275862
2025-04-11 04:00:00,33.743
2025-04-11 05:00:00,40.01833333333333
2025-04-11 06:00:00,41.71566666666667
2025-04-11 07:00:00,48.596000000000004
2025-04-11 08:00:00,49.101
2025-04-11 09:00:00,51.943666666666665
2025-04-11 10:00:00,54.111666666666665
2025-04-11 11:00:00,47.79333333333334
2025-04-11 12:00:00,49.369677419354836
2025-04-11 13:00:00,45.309677419354834
2025-04-11 14:00:00,52.52516129032258
2025-04-11 15:00:00,52.76161290322581
2025-04-11 16:00:00,58.34967741935484
2025-04-11 17:00:00,40.337
2025-04-11 18:00:00,51.14774193548387
2025-04-11 19:00:00,143.05225806451614
2025-04-11 20:00:00,31.70793103448276
2025-04-11 21:00:00,20.144814814814815
2025-04-11 22:00:00,18.487777777777776
2025-04-11 23:00:00,24.434444444444445
2025-04-12 00:00:00,29.04241379310345
2025-04-12 01:00:00,34.034814814814816
2025-04-12 02:00:00,28.890000000000004
2025-04-12 03:00:00,30.06607142857143
2025-04-12 04:00:00,30.396206896551725
2025-04-12 05:00:00,35.977037037037036
2025-04-12 06:00:00,47.943571428571424
2025-04-12 07:00:00,45.52275862068965
2025-04-12 08:00:00,39.641666666666666
2025-04-12 09:00:00,39.257
2025-04-12 10:00:00,40.4203448275862
2025-04-12 11:00:00,42.27366666666667
2025-04-12 12:00:00,42.57677419354839
2025-04-12 13:00:00,42.1696551724138
2025-04-12 14:00:00,42.257
2025-04-12 15:00:00,39.958999999999996
2025-04-12 16:00:00,39.42677419354839
2025-04-12 17:00:00,39.62806451612904
2025-04-12 18:00:00,44.543225806451616
2025-04-12 19:00:00,47.35699999999999
2025-04-12 20:00:00,54.11032258064516
2025-04-12 21:00:00,61.29806451612903
2025-04-12 22:00:00,47.247
2025-04-12 23:00:00,29.92733333333333
2025-04-13 00:00:00,31.28333333333334
2025-04-13 01:00:00,39.531
2025-04-13 02:00:00,40.65533333333333
2025-04-13 03:00:00,43.36166666666667
2025-04-13 04:00:00,46.403
2025-04-13 05:00:00,46.68833333333334
2025-04-13 06:00:00,55.45225806451613
2025-04-13 07:00:00,62.30516129032257
2025-04-13 08:00:00,78.79645161290323
2025-04-13 09:00:00,84.70516129032258
2025-04-13 10:00:00,77.1441935483871
2025-04-13 11:00:00,66.4758064516129
2025-04-13 12:00:00,53.08566666666666
2025-04-13 13:00:00,48.192
2025-04-13 14:00:00,42.42733333333333
2025-04-13 15:00:00,40.82387096774193
2025-04-13 16:00:00,40.313870967741934
2025-04-13 17:00:00,42.54433333333334
2025-04-13 18:00:00,47.18354838709678
2025-04-13 19:00:00,61.240645161290324
2025-04-13 20:00:00,75.76709677419355
2025-04-13 21:00:00,85.54612903225807
2025-04-13 22:00:00,101.14333333333333
2025-04-13 23:00:00,100.88206896551723
2025-04-14 00:00:00,93.85033333333332
2025-04-14 01:00:00,93.18793103448276
2025-04-14 02:00:00,95.57827586206896
2025-04-14 03:00:00,90.14655172413794
2025-04-14 04:00:00,92.72733333333333
2025-04-14 05:00:00,111.51566666666668
2025-04-14 06:00:00,119.36933333333333
2025-04-14 07:00:00,111.24655172413793
2025-04-14 08:00:00,99.00833333333334
2025-04-14 09:00:00,85.807
2025-04-14 10:00:00,84.42033333333332
2025-04-14 11:00:00,57.30166666666666
2025-04-14 12:00:00,54.75344827586208
2025-04-14 13:00:00,48.68
2025-04-14 14:00:00,46.65870967741936
2025-04-14 15:00:00,36.880645161290325
2025-04-14 16:00:00,33.57677419354839
2025-04-14 17:00:00,35.72933333333333
2025-04-14 18:00:00,35.62387096774193
2025-04-14 19:00:00,40.44096774193549
2025-04-14 20:00:00,50.49870967741935
2025-04-14 21:00:00,52.78967741935484
2025-04-14 22:00:00,59.922333333333334
2025-04-14 23:00:00,67.39766666666667
2025-04-15 00:00:00,69.23033333333333
2025-04-15 01:00:00,72.57833333333333
2025-04-15 02:00:00,74.28433333333334
2025-04-15 03:00:00,77.22032258064516
2025-04-15 04:00:00,74.62645161290322
2025-04-15 05:00:00,75.21612903225805
2025-04-15 06:00:00,73.74580645161289
2025-04-15 07:00:00,79.29064516129033
2025-04-15 08:00:00,80.8216129032258
2025-04-15 09:00:00,71.68548387096773
2025-04-15 10:00:00,61.77806451612903
2025-04-15 11:00:00,53.389354838709686
2025-04-15 12:00:00,46.599333333333334
2025-04-15 13:00:00,40.38322580645162
2025-04-15 14:00:00,41.2758064516129
2025-04-15 15:00:00,40.44129032258065
2025-04-15 16:00:00,40.476129032258065
2025-04-15 17:00:00,39.8458064516129
2025-04-15 18:00:00,41.04733333333333
2025-04-15 19:00:00,56.11833333333333
2025-04-15 20:00:00,72.12433333333334
2025-04-15 21:00:00,79.37166666666667
2025-04-15 22:00:00,82.56933333333335
2025-04-15 23:00:00,84.37000000000002
2025-04-16 00:00:00,94.51966666666667
2025-04-16 01:00:00,95.68344827586206
2025-04-16 02:00:00,94.29620689655172
2025-04-16 03:00:00,92.31758620689655
2025-04-16 04:00:00,98.347
2025-04-16 05:00:00,96.20433333333334
2025-04-16 06:00:00,97.41966666666666
2025-04-16 07:00:00,116.06866666666666
2025-04-16 08:00:00,130.81966666666665
2025-04-16 09:00:00,88.78500000000001
2025-04-16 10:00:00,69.55645161290323
2025-04-16 11:00:00,62.25033333333333
2025-04-16 12:00:00,59.35999999999999
2025-04-16 13:00:00,56.30870967741935
2025-04-16 14:00:00,53.722580645161294
2025-04-16 15:00:00,54.47548387096774
2025-04-16 16:00:00,57.325161290322576
2025-04-16 17:00:00,59.97935483870968
2025-04-16 18:00:00,61.248709677419356
2025-04-16 19:00:00,79.81166666666667
2025-04-16 20:00:00,79.35741935483871
2025-04-16 21:00:00,84.61387096774195
2025-04-16 22:00:00,83.2451612903226
2025-04-16 23:00:00,80.16516129032257
2025-04-17 00:00:00,79.93451612903226
2025-04-17 01:00:00,78.00612903225807
2025-04-17 02:00:00,76.87161290322581
2025-04-17 03:00:00,75.39096774193548
2025-04-17 04:00:00,93.51233333333334
2025-04-17 05:00:00,100.98806451612903
2025-04-17 06:00:00,61.71709677419355
2025-04-17 07:00:00,53.05612903225806
2025-04-17 08:00:00,48.086
2025-04-17 09:00:00,49.58516129032258
2025-04-17 10:00:00,56.468387096774194
2025-04-17 11:00:00,53.82366666666667
2025-04-17 12:00:00,51.970333333333336
2025-04-17 13:00:00,46.09433333333333
2025-04-17 14:00:00,44.268
2025-04-17 15:00:00,47.24709677419355
2025-04-17 16:00:00,47.09225806451612
2025-04-17 17:00:00,50.583
2025-04-17 18:00:00,64.65225806451613
2025-04-17 19:00:00,77.38935483870966
2025-04-17 20:00:00,102.02774193548387
2025-04-17 21:00:00,118.45064516129031
2025-04-17 22:00:00,126.76129032258065
2025-04-17 23:00:00,132.63709677419354
2025-04-18 00:00:00,108.89387096774193
2025-04-18 01:00:00,86.52161290322582
2025-04-18 02:00:00,69.49645161290321
2025-04-18 03:00:00,63.042666666666676
2025-04-18 04:00:00,60.80866666666666
2025-04-18 05:00:00,55.33166666666667
2025-04-18 06:00:00,56.26199999999999
2025-04-18 07:00:00,67.72166666666666
2025-04-18 08:00:00,68.96366666666667
2025-04-18 09:00:00,67.893
2025-04-18 10:00:00,68.21551724137932
2025-04-18 11:00:00,69.45103448275862
2025-04-18 12:00:00,70.875
2025-04-18 13:00:00,68.4193103448276
2025-04-18 14:00:00,70.71566666666666
2025-04-18 15:00:00,62.78166666666666
2025-04-18 16:00:00,62.07333333333333
2025-04-18 17:00:00,62.29833333333333
2025-04-18 18:00:00,66.3174193548387
2025-04-18 19:00:00,79.83967741935483
2025-04-18 20:00:00,81.66806451612904
2025-04-18 21:00:00,72.39612903225807
2025-04-18 22:00:00,61.45935483870968
2025-04-18 23:00:00,47.74580645161291
2025-04-19 00:00:00,34.91612903225807
2025-04-19 01:00:00,29.236129032258066
2025-04-19 02:00:00,27.343548387096774
2025-04-19 03:00:00,24.96333333333333
2025-04-19 04:00:00,27.237666666666666
2025-04-19 05:00:00,32.85933333333333
2025-04-19 06:00:00,41.10466666666666
2025-04-19 07:00:00,52.20233333333333
2025-04-19 08:00:00,58.757
2025-04-19 09:00:00,62.097419354838706
2025-04-19 10:00:00,65.31806451612904
2025-04-19 11:00:00,64.03322580645161
2025-04-19 12:00:00,66.50032258064518
2025-04-19 13:00:00,65.92766666666667
2025-04-19 14:00:00,63.99166666666667
2025-04-19 15:00:00,61.464666666666666
2025-04-19 16:00:00,58.40548387096774
2025-04-19 17:00:00,55.12129032258064
2025-04-19 18:00:00,52.40967741935484
2025-04-19 19:00:00,47.58333333333334
2025-04-19 20:00:00,46.55290322580645
2025-04-19 21:00:00,45.52290322580645
2025-04-19 22:00:00,40.83433333333333
2025-04-19 23:00:00,38.10433333333334
2025-04-20 00:00:00,38.529333333333334
2025-04-20 01:00:00,41.07933333333334
2025-04-20 02:00:00,41.27433333333333
2025-04-20 03:00:00,40.67866666666667
2025-04-20 04:00:00,40.15032258064516
2025-04-20 05:00:00,37.53548387096774
2025-04-20 06:00:00,36.31366666666667
2025-04-20 07:00:00,36.182
2025-04-20 08:00:00,38.372903225806446
2025-04-20 09:00:00,46.80548387096774
2025-04-20 10:00:00,51.905806451612904
2025-04-20 11:00:00,55.19903225806452
2025-04-20 12:00:00,60.481666666666676
2025-04-20 13:00:00,61.9925806451613
2025-04-20 14:00:00,61.81677419354839
2025-04-20 15:00:00,58.66483870967742
2025-04-20 16:00:00,55.039032258064516
2025-04-20 17:00:00,54.80096774193548
2025-04-20 18:00:00,56.840333333333334
2025-04-20 19:00:00,62.6841935483871
2025-04-20 20:00:00,68.67129032258065
2025-04-20 21:00:00,71.0458064516129
2025-04-20 22:00:00,75.79483870967742
2025-04-20 23:00:00,84.02225806451614
2025-04-21 00:00:00,83.64064516129032
2025-04-21 01:00:00,81.1841935483871
2025-04-21 02:00:00,79.64733333333334
2025-04-21 03:00:00,78.059
2025-04-21 04:00:00,79.25741935483872
2025-04-21 05:00:00,83.91354838709677
2025-04-21 06:00:00,89.24166666666669
2025-04-21 07:00:00,94.38866666666667
2025-04-21 08:00:00,93.09866666666666
2025-04-21 09:00:00,83.69451612903227
2025-04-21 10:00:00,79.04
2025-04-21 11:00:00,72.64266666666666
2025-04-21 12:00:00,67.67399999999999
2025-04-21 13:00:00,67.64833333333333
2025-04-21 14:00:00,56.02433333333333
2025-04-21 15:00:00,51.27933333333333
2025-04-21 16:00:00,48.56285714285714
2025-04-21 17:00:00,43.959310344827585
2025-04-21 18:00:00,42.88758620689655
2025-04-21 19:00:00,46.116
2025-04-21 20:00:00,58.425333333333334
2025-04-21 21:00:00,70.00733333333332
2025-04-21 22:00:00,70.45709677419354
2025-04-21 23:00:00,72.17258064516129
2025-04-22 00:00:00,79.24161290322581
2025-04-22 01:00:00,85.88645161290322
2025-04-22 02:00:00,88.82096774193549
2025-04-22 03:00:00,105.28870967741936
2025-04-22 04:00:00,111.18387096774194
2025-04-22 05:00:00,118.09193548387097
2025-04-22 06:00:00,115.04903225806451
2025-04-22 07:00:00,108.34838709677419
2025-04-22 08:00:00,100.2274193548387
2025-04-22 09:00:00,99.34032258064516
2025-04-22 10:00:00,87.60580645161289
2025-04-22 11:00:00,78.39387096774193
2025-04-22 12:00:00,64.6541935483871
2025-04-22 13:00:00,54.589354838709674
2025-04-22 14:00:00,46.28
2025-04-22 15:00:00,49.01
2025-04-22 16:00:00,43.72967741935484
2025-04-22 17:00:00,44.7974193548387
2025-04-22 18:00:00,41.90161290322581
2025-04-22 19:00:00,55.12896551724138
2025-04-22 20:00:00,62.34666666666667
2025-04-22 21:00:00,75.077
2025-04-22 22:00:00,77.75290322580643
2025-04-22 23:00:00,87.70700000000001
2025-04-23 00:00:00,90.1325806451613
2025-04-23 01:00:00,81.98322580645161
2025-04-23 02:00:00,79.06387096774193
2025-04-23 03:00:00,75.49548387096775
2025-04-23 04:00:00,85.57419354838709
2025-04-23 05:00:00,93.66733333333333
2025-04-23 06:00:00,113.6051724137931
2025-04-23 07:00:00,141.55206896551724
2025-04-23 08:00:00,143.96344827586208
2025-04-23 09:00:00,111.99533333333332
2025-04-23 10:00:00,89.06862068965516
2025-04-23 11:00:00,80.89833333333334
2025-04-23 12:00:00,65.71516129032258
2025-04-23 13:00:00,55.35096774193548
2025-04-23 14:00:00,47.348
2025-04-23 15:00:00,51.05870967741935
2025-04-23 16:00:00,47.237419354838714
2025-04-23 17:00:00,45.980000000000004
2025-04-23 18:00:00,44.58290322580645
2025-04-23 19:00:00,49.65387096774193
2025-04-23 20:00:00,65.4455172413793
2025-04-23 21:00:00,83.6751724137931
2025-04-23 22:00:00,91.46419354838709
2025-04-23 23:00:00,97.96387096774194
2025-04-24 00:00:00,120.30193548387098
2025-04-24 01:00:00,133.05064516129033
2025-04-24 02:00:00,148.1690322580645
2025-04-24 03:00:00,166.89645161290323
2025-04-24 04:00:00,178.7935483870968
2025-04-24 05:00:00,166.76354838709673
2025-04-24 06:00:00,135.53548387096777
2025-04-24 07:00:00,128.7751612903226
2025-04-24 08:00:00,107.96709677419355
2025-04-24 09:00:00,81.11064516129032
2025-04-24 10:00:00,80.42516129032258
2025-04-24 11:00:00,82.13172413793103
2025-04-24 12:00:00,65.3044827586207
2025-04-24 13:00:00,50.184999999999995
2025-04-24 14:00:00,45.727333333333334
2025-04-24 15:00:00,43.70354838709678
2025-04-24 16:00:00,37.87733333333333
2025-04-24 17:00:00,35.374
2025-04-24 18:00:00,36.48066666666667
2025-04-24 19:00:00,47.04548387096774
2025-04-24 20:00:00,73.12464285714286
2025-04-24 21:00:00,94.38833333333334
2025-04-24 22:00:00,113.96833333333333
2025-04-24 23:00:00,119.61066666666666
2025-04-25 00:00:00,118.25366666666666
2025-04-25 01:00:00,127.935
2025-04-25 02:00:00,138.28099999999998
2025-04-25 03:00:00,133.38766666666666
2025-04-25 04:00:00,124.86966666666667
2025-04-25 05:00:00,110.69033333333336
2025-04-25 06:00:00,103.71933333333332
2025-04-25 07:00:00,105.003
2025-04-25 08:00:00,116.21466666666666
2025-04-25 09:00:00,135.32838709677418
2025-04-25 10:00:00,135.43483870967742
2025-04-25 11:00:00,123.20833333333333
2025-04-25 12:00:00,97.78566666666666
2025-04-25 13:00:00,73.0583870967742
2025-04-25 14:00:00,58.42709677419355
2025-04-25 15:00:00,50.01064516129032
2025-04-25 16:00:00,47.59774193548387
2025-04-25 17:00:00,44.589999999999996
2025-04-25 18:00:00,52.525999999999996
2025-04-25 19:00:00,64.21548387096774
2025-04-25 20:00:00,95.55833333333334
2025-04-25 21:00:00,112.75800000000001
2025-04-25 22:00:00,109.305
2025-04-25 23:00:00,114.77966666666667
2025-04-26 00:00:00,128.30966666666666
2025-04-26 01:00:00,132.295
2025-04-26 02:00:00,134.721
2025-04-26 03:00:00,140.55166666666668
2025-04-26 04:00:00,131.044
2025-04-26 05:00:00,136.22433333333333
2025-04-26 06:00:00,145.17580645161289
2025-04-26 07:00:00,159.09322580645158
2025-04-26 08:00:00,186.16266666666667
2025-04-26 09:00:00,191.839
2025-04-26 10:00:00,156.845
2025-04-26 11:00:00,99.92933333333332
2025-04-26 12:00:00,51.369
2025-04-26 13:00:00,35.30758620689655
2025-04-26 14:00:00,32.95
2025-04-26 15:00:00,43.769999999999996
2025-04-26 16:00:00,39.56689655172414
2025-04-26 17:00:00,56.644285714285715
2025-04-26 18:00:00,63.980689655172405
2025-04-26 19:00:00,56.61678571428571
2025-04-26 20:00:00,56.53633333333334
2025-04-26 21:00:00,71.2
2025-04-26 22:00:00,75.02379310344828
2025-04-26 23:00:00,66.19655172413793
2025-04-27 00:00:00,55.57285714285714
2025-04-27 01:00:00,53.82071428571429
2025-04-27 02:00:00,58.39035714285715
2025-04-27 03:00:00,54.202413793103446
2025-04-27 04:00:00,59.24896551724138
2025-04-27 05:00:00,72.03689655172414
2025-04-27 06:00:00,88.83758620689655
2025-04-27 07:00:00,109.64655172413794
2025-04-27 08:00:00,104.74931034482759
2025-04-27 09:00:00,107.12034482758621
2025-04-27 10:00:00,101.22344827586207
2025-04-27 11:00:00,93.9955172413793
2025-04-27 12:00:00,92.06266666666669
2025-04-27 13:00:00,83.40766666666667
2025-04-27 14:00:00,65.69806451612902
2025-04-27 15:00:00,50.688709677419354
2025-04-27 16:00:00,46.71645161290323
2025-04-27 17:00:00,51.65516129032258
2025-04-27 18:00:00,58.53967741935484
2025-04-27 19:00:00,74.12387096774192
2025-04-27 20:00:00,100.37322580645161
2025-04-27 21:00:00,114.42677419354838
2025-04-27 22:00:00,107.55935483870968
2025-04-27 23:00:00,109.45548387096774
2025-04-28 00:00:00,100.09935483870967
2025-04-28 01:00:00,93.29129032258064
2025-04-28 02:00:00,96.06433333333332
2025-04-28 03:00:00,100.23758620689655
2025-04-28 04:00:00,96.90733333333334
2025-04-28 05:00:00,91.31032258064516
2025-04-28 06:00:00,105.113
2025-04-28 07:00:00,126.825
2025-04-28 08:00:00,139.77733333333333
2025-04-28 09:00:00,128.35645161290324
2025-04-28 10:00:00,133.37800000000001
2025-04-28 11:00:00,119.09290322580644
2025-04-28 12:00:00,103.636
2025-04-28 13:00:00,97.97275862068966
2025-04-28 14:00:00,90.07935483870968
2025-04-28 15:00:00,88.30225806451612
2025-04-28 16:00:00,84.47516129032257
2025-04-28 17:00:00,84.21689655172413
2025-04-28 18:00:00,87.23172413793104
2025-04-28 19:00:00,82.29290322580647
2025-04-28 20:00:00,89.41833333333332
2025-04-28 21:00:00,88.216
2025-04-28 22:00:00,84.96966666666667
2025-04-28 23:00:00,75.88033333333334
2025-04-29 00:00:00,70.34033333333333
2025-04-29 01:00:00,70.65533333333333
2025-04-29 02:00:00,65.63833333333334
2025-04-29 03:00:00,66.788
2025-04-29 04:00:00,67.68533333333333
2025-04-29 05:00:00,67.14433333333334
2025-04-29 06:00:00,60.342999999999996
2025-04-29 07:00:00,58.889
2025-04-29 08:00:00,62.54933333333334
2025-04-29 09:00:00,63.05193548387096
2025-04-29 10:00:00,63.501724137931035
2025-04-29 11:00:00,58.20100000000001
2025-04-29 12:00:00,58.147000000000006
2025-04-29 13:00:00,53.63645161290322
2025-04-29 14:00:00,50.46612903225807
2025-04-29 15:00:00,54.02366666666667
2025-04-29 16:00:00,49.47516129032258
2025-04-29 17:00:00,49.733870967741936
2025-04-29 18:00:00,50.715
2025-04-29 19:00:00,57.07806451612903
2025-04-29 20:00:00,61.54677419354839
2025-04-29 21:00:00,68.34096774193547
2025-04-29 22:00:00,69.51967741935485
2025-04-29 23:00:00,66.81387096774193
2025-04-30 00:00:00,67.30322580645162
2025-04-30 01:00:00,74.66933333333333
2025-04-30 02:00:00,75.20666666666666
2025-04-30 03:00:00,77.50566666666667
2025-04-30 04:00:00,75.23033333333333
2025-04-30 05:00:00,69.23733333333332
2025-04-30 06:00:00,68.47266666666668
2025-04-30 07:00:00,67.74533333333333
2025-04-30 08:00:00,68.83516129032257
2025-04-30 09:00:00,69.98677419354838
2025-04-30 10:00:00,71.93645161290321
2025-04-30 11:00:00,71.24129032258064
2025-04-30 12:00:00,68.54366666666667
2025-04-30 13:00:00,64.78566666666667
2025-04-30 14:00:00,65.45233333333334
2025-04-30 15:00:00,62.792500000000004
2025-04-30 16:00:00,57.215333333333334
2025-04-30 17:00:00,54.28
2025-04-30 18:00:00,57.66258064516129
2025-04-30 19:00:00,62.41066666666667
2025-04-30 20:00:00,68.94677419354838
2025-04-30 21:00:00,66.95064516129032
2025-04-30 22:00:00,68.26935483870967
2025-04-30 23:00:00,65.89645161290322
2025-05-01 00:00:00,65.72193548387096
2025-05-01 01:00:00,67.36451612903227
2025-05-01 02:00:00,70.93967741935484
2025-05-01 03:00:00,72.78548387096774
2025-05-01 04:00:00,74.56935483870969
2025-05-01 05:00:00,76.70290322580645
2025-05-01 06:00:00,76.59677419354838
2025-05-01 07:00:00,77.581
2025-05-01 08:00:00,81.83533333333334
2025-05-01 09:00:00,82.36206896551724
2025-05-01 10:00:00,84.26
2025-05-01 11:00:00,71.41612903225807
2025-05-01 12:00:00,71.86166666666666
2025-05-01 13:00:00,65.57935483870968
2025-05-01 14:00:00,66.27833333333334
2025-05-01 15:00:00,67.63333333333334
2025-05-01 16:00:00,66.73903225806451
2025-05-01 17:00:00,64.30967741935484
2025-05-01 18:00:00,62.1
2025-05-01 19:00:00,67.58379310344827
2025-05-01 20:00:00,70.56344827586207
2025-05-01 21:00:00,68.49666666666667
2025-05-01 22:00:00,64.67066666666666
2025-05-01 23:00:00,61.94433333333333
2025-05-02 00:00:00,62.098
2025-05-02 01:00:00,69.502
2025-05-02 02:00:00,116.56033333333333
2025-05-02 03:00:00,90.72392857142857
2025-05-02 04:00:00,68.02103448275862
2025-05-02 05:00:00,62.85310344827586
2025-05-02 06:00:00,35.7776
2025-05-02 07:00:00,33.40083333333333
2025-05-02 08:00:00,28.231818181818184
2025-05-02 09:00:00,29.097368421052632
2025-05-02 10:00:00,28.935000000000002
2025-05-02 11:00:00,30.45590909090909
2025-05-02 12:00:00,29.19545454545454
2025-05-02 13:00:00,35.98130434782608
2025-05-02 14:00:00,38.702962962962964
2025-05-02 15:00:00,36.78103448275862
2025-05-02 16:00:00,32.73407407407407
2025-05-02 17:00:00,27.581666666666667
2025-05-02 18:00:00,27.153333333333332
2025-05-02 19:00:00,30.450666666666667
2025-05-02 20:00:00,40.56433333333334
2025-05-02 21:00:00,53.06655172413793
2025-05-02 22:00:00,63.410999999999994
2025-05-02 23:00:00,71.78099999999999
2025-05-03 00:00:00,81.86
2025-05-03 01:00:00,98.45137931034483
2025-05-03 02:00:00,102.65827586206898
2025-05-03 03:00:00,96.61448275862068
2025-05-03 04:00:00,100.63827586206898
2025-05-03 05:00:00,98.00068965517241
2025-05-03 06:00:00,97.96724137931035
2025-05-03 07:00:00,109.0206896551724
2025-05-03 08:00:00,110.21551724137932
2025-05-03 09:00:00,105.97586206896553
2025-05-03 10:00:00,91.50241379310346
2025-05-03 11:00:00,75.8093103448276
2025-05-03 12:00:00,74.51379310344828
2025-05-03 13:00:00,66.39999999999999
2025-05-03 14:00:00,54.27655172413793
2025-05-03 15:00:00,50.43
2025-05-03 16:00:00,45.50793103448276
2025-05-03 17:00:00,44.35066666666667
2025-05-03 18:00:00,45.14741935483871
2025-05-03 19:00:00,60.34766666666667
2025-05-03 20:00:00,84.19322580645161
2025-05-03 21:00:00,88.75096774193547
2025-05-03 22:00:00,91.66580645161291
2025-05-03 23:00:00,92.54161290322581
2025-05-04 00:00:00,96.878
2025-05-04 01:00:00,97.30806451612904
2025-05-04 02:00:00,96.0158064516129
2025-05-04 03:00:00,102.70225806451613
2025-05-04 04:00:00,134.8783870967742
2025-05-04 05:00:00,154.08870967741936
2025-05-04 06:00:00,157.66354838709677
2025-05-04 07:00:00,163.45322580645163
2025-05-04 08:00:00,156.6241935483871
2025-05-04 09:00:00,129.90709677419355
2025-05-04 10:00:00,112.70677419354838
2025-05-04 11:00:00,99.4416129032258
2025-05-04 12:00:00,83.28354838709677
2025-05-04 13:00:00,70.87935483870969
2025-05-04 14:00:00,60.6441935483871
2025-05-04 15:00:00,53.153225806451616
2025-05-04 16:00:00,44.06548387096774
2025-05-04 17:00:00,40.892580645161296
2025-05-04 18:00:00,37.943548387096776
2025-05-04 19:00:00,39.92612903225807
2025-05-04 20:00:00,47.68161290322581
2025-05-04 21:00:00,58.80548387096774
2025-05-04 22:00:00,62.03387096774193
2025-05-04 23:00:00,61.291000000000004
2025-05-05 00:00:00,51.145483870967745
2025-05-05 01:00:00,44.65774193548387
2025-05-05 02:00:00,36.70870967741936
2025-05-05 03:00:00,29.315
2025-05-05 04:00:00,23.424193548387095
2025-05-05 05:00:00,26.981666666666666
2025-05-05 06:00:00,31.428214285714287
2025-05-05 07:00:00,31.439000000000004
2025-05-05 08:00:00,34.31103448275862
2025-05-05 09:00:00,36.53
2025-05-05 10:00:00,36.202666666666666
2025-05-05 11:00:00,34.38
2025-05-05 12:00:00,34.86566666666667
2025-05-05 13:00:00,33.85566666666667
2025-05-05 14:00:00,34.607
2025-05-05 15:00:00,37.30433333333334
2025-05-05 16:00:00,36.928275862068965
2025-05-05 17:00:00,34.31413793103448
2025-05-05 18:00:00,39.77903225806452
2025-05-05 19:00:00,40.48161290322581
2025-05-05 20:00:00,48.04066666666667
2025-05-05 21:00:00,52.336666666666666
2025-05-05 22:00:00,58.151666666666664
2025-05-05 23:00:00,60.334666666666664
2025-05-06 00:00:00,63.98433333333333
2025-05-06 01:00:00,69.78466666666667
2025-05-06 02:00:00,68.11379310344827
2025-05-06 03:00:00,76.82241379310345
2025-05-06 04:00:00,68.8651724137931
2025-05-06 05:00:00,56.05620689655173
2025-05-06 06:00:00,64.60241379310345
2025-05-06 07:00:00,79.33896551724138
2025-05-06 08:00:00,81.88448275862069
2025-05-06 09:00:00,64.61827586206897
2025-05-06 10:00:00,58.093333333333334
2025-05-06 11:00:00,49.37413793103448
2025-05-06 12:00:00,43.87321428571429
2025-05-06 13:00:00,41.99892857142857
2025-05-06 14:00:00,37.24310344827586
2025-05-06 15:00:00,32.89833333333333
2025-05-06 16:00:00,31.25
2025-05-06 17:00:00,32.836666666666666
2025-05-06 18:00:00,31.713870967741936
2025-05-06 19:00:00,37.09466666666667
2025-05-06 20:00:00,45.201
2025-05-06 21:00:00,58.37733333333334
2025-05-06 22:00:00,65.83833333333334
2025-05-06 23:00:00,74.44896551724138
2025-05-07 00:00:00,66.57275862068965
2025-05-07 01:00:00,63.93689655172414
2025-05-07 02:00:00,62.70344827586207
2025-05-07 03:00:00,55.46892857142858
2025-05-07 04:00:00,56.15714285714286
2025-05-07 05:00:00,58.77428571428572
2025-05-07 06:00:00,64.27428571428571
2025-05-07 07:00:00,69.3037037037037
2025-05-07 08:00:00,66.69259259259259
2025-05-07 09:00:00,61.9574074074074
2025-05-07 10:00:00,62.24214285714286
2025-05-07 11:00:00,68.98
2025-05-07 12:00:00,58.494827586206895
2025-05-07 13:00:00,50.62931034482759
2025-05-07 14:00:00,44.29633333333333
2025-05-07 15:00:00,42.58793103448276
2025-05-07 16:00:00,44.604516129032255
2025-05-07 17:00:00,40.468333333333334
2025-05-07 18:00:00,41.639
2025-05-07 19:00:00,41.499655172413796
2025-05-07 20:00:00,45.72758620689655
2025-05-07 21:00:00,51.87
2025-05-07 22:00:00,59.48266666666667
2025-05-07 23:00:00,68.694
2025-05-08 00:00:00,71.53733333333334
2025-05-08 01:00:00,75.65566666666668
2025-05-08 02:00:00,89.632
2025-05-08 03:00:00,102.2051724137931
2025-05-08 04:00:00,110.18533333333333
2025-05-08 05:00:00,109.91499999999999
2025-05-08 06:00:00,114.464
2025-05-08 07:00:00,117.39066666666668
2025-05-08 08:00:00,123.18451612903226
2025-05-08 09:00:00,103.95645161290322
2025-05-08 10:00:00,81.89129032258064
2025-05-08 11:00:00,65.9758064516129
2025-05-08 12:00:00,56.81193548387097
2025-05-08 13:00:00,57.657419354838716
2025-05-08 14:00:00,58.94451612903226
2025-05-08 15:00:00,41.574666666666666
2025-05-08 16:00:00,37.25483870967742
2025-05-08 17:00:00,38.94193548387097
2025-05-08 18:00:00,43.522
2025-05-08 19:00:00,43.155806451612904
2025-05-08 20:00:00,54.73612903225807
2025-05-08 21:00:00,65.78387096774193
2025-05-08 22:00:00,78.19677419354838
2025-05-08 23:00:00,89.37806451612904
2025-05-09 00:00:00,93.214
2025-05-09 01:00:00,96.5758064516129
2025-05-09 02:00:00,88.58903225806452
2025-05-09 03:00:00,79.61580645161291
2025-05-09 04:00:00,76.60161290322581
2025-05-09 05:00:00,78.277
2025-05-09 06:00:00,80.75225806451611
2025-05-09 07:00:00,93.95161290322581
2025-05-09 08:00:00,116.31483870967742
2025-05-09 09:00:00,100.94096774193548
2025-05-09 10:00:00,75.11419354838709
2025-05-09 11:00:00,63.43903225806452
2025-05-09 12:00:00,45.42100000000001
2025-05-09 13:00:00,37.506
2025-05-09 14:00:00,33.03
2025-05-09 15:00:00,31.228
2025-05-09 16:00:00,31.79032258064516
2025-05-09 17:00:00,34.04
2025-05-09 18:00:00,33.193333333333335
2025-05-09 19:00:00,35.082903225806454
2025-05-09 20:00:00,44.20322580645161
2025-05-09 21:00:00,57.777741935483874
2025-05-09 22:00:00,68.57161290322581
2025-05-09 23:00:00,79.85903225806452
2025-05-10 00:00:00,91.59677419354838
2025-05-10 01:00:00,97.5316129032258
2025-05-10 02:00:00,107.11322580645162
2025-05-10 03:00:00,123.56225806451614
2025-05-10 04:00:00,135.33290322580643
2025-05-10 05:00:00,142.68129032258065
2025-05-10 06:00:00,144.45967741935485
2025-05-10 07:00:00,152.84451612903226
2025-05-10 08:00:00,171.86032258064517
2025-05-10 09:00:00,172.7816129032258
2025-05-10 10:00:00,113.41387096774193
2025-05-10 11:00:00,65.19096774193548
2025-05-10 12:00:00,51.60966666666666
2025-05-10 13:00:00,44.72096774193548
2025-05-10 14:00:00,42.22931034482759
2025-05-10 15:00:00,50.17366666666667
2025-05-10 16:00:00,50.93833333333334
2025-05-10 17:00:00,52.31071428571429
2025-05-10 18:00:00,53.28655172413793
2025-05-10 19:00:00,60.14357142857143
2025-05-10 20:00:00,69.41533333333334
2025-05-10 21:00:00,64.30833333333334
2025-05-10 22:00:00,66.50766666666667
2025-05-10 23:00:00,65.69466666666666
2025-05-11 00:00:00,67.21433333333333
2025-05-11 01:00:00,77.86733333333333
2025-05-11 02:00:00,79.92599999999999
2025-05-11 03:00:00,79.9396551724138
2025-05-11 04:00:00,88.04566666666666
2025-05-11 05:00:00,86.961
2025-05-11 06:00:00,84.81333333333333
2025-05-11 07:00:00,81.87400000000001
2025-05-11 08:00:00,88.93896551724139
2025-05-11 09:00:00,91.17068965517241
2025-05-11 10:00:00,78.28931034482758
2025-05-11 11:00:00,64.855
2025-05-11 12:00:00,49.26103448275862
2025-05-11 13:00:00,42.013103448275864
2025-05-11 14:00:00,33.68
2025-05-11 15:00:00,36.59214285714285
2025-05-11 16:00:00,37.711666666666666
2025-05-11 17:00:00,39.36833333333333
2025-05-11 18:00:00,41.976451612903226
2025-05-11 19:00:00,50.755806451612905
2025-05-11 20:00:00,83.50709677419356
2025-05-11 21:00:00,71.65774193548388
2025-05-11 22:00:00,43.03633333333334
2025-05-11 23:00:00,30.952
2025-05-12 00:00:00,26.315333333333335
2025-05-12 01:00:00,28.194999999999997
2025-05-12 02:00:00,34.699333333333335
2025-05-12 03:00:00,44.79466666666667
2025-05-12 04:00:00,47.05034482758621
2025-05-12 05:00:00,48.041000000000004
2025-05-12 06:00:00,49.031666666666666
2025-05-12 07:00:00,49.18666666666666
2025-05-12 08:00:00,54.311
2025-05-12 09:00:00,57.291333333333334
2025-05-12 10:00:00,61.544333333333334
2025-05-12 11:00:00,62.00483870967742
2025-05-12 12:00:00,53.865161290322575
2025-05-12 13:00:00,39.125
2025-05-12 14:00:00,38.148
2025-05-12 15:00:00,42.543225806451616
2025-05-12 16:00:00,48.6216129032258
2025-05-12 17:00:00,47.91193548387097
2025-05-12 18:00:00,48.3458064516129
2025-05-12 19:00:00,50.89483870967742
2025-05-12 20:00:00,66.26533333333333
2025-05-12 21:00:00,87.16900000000001
2025-05-12 22:00:00,90.20466666666667
2025-05-12 23:00:00,49.08766666666667
2025-05-13 00:00:00,32.733666666666664
2025-05-13 01:00:00,32.408
2025-05-13 02:00:00,30.060333333333332
2025-05-13 03:00:00,26.45689655172414
2025-05-13 04:00:00,21.487000000000002
2025-05-13 05:00:00,21.006666666666668
2025-05-13 06:00:00,21.790666666666667
2025-05-13 07:00:00,29.499666666666663
2025-05-13 08:00:00,42.464666666666666
2025-05-13 09:00:00,44.23266666666667
2025-05-13 10:00:00,43.18966666666667
2025-05-13 11:00:00,39.249
2025-05-13 12:00:00,33.96
2025-05-13 13:00:00,40.153333333333336
2025-05-13 14:00:00,37.73724137931035
2025-05-13 15:00:00,42.73966666666667
2025-05-13 16:00:00,50.23612903225806
2025-05-13 17:00:00,38.79233333333333
2025-05-13 18:00:00,28.194666666666663
2025-05-13 19:00:00,28.433793103448274
2025-05-13 20:00:00,30.340689655172415
2025-05-13 21:00:00,26.196785714285713
2025-05-13 22:00:00,25.633793103448276
2025-05-13 23:00:00,28.887999999999998
2025-05-14 00:00:00,29.148333333333333
2025-05-14 01:00:00,34.23413793103448
2025-05-14 02:00:00,31.908
2025-05-14 03:00:00,38.806000000000004
2025-05-14 04:00:00,42.48166666666667
2025-05-14 05:00:00,57.205666666666666
2025-05-14 06:00:00,67.002
2025-05-14 07:00:00,68.89200000000001
2025-05-14 08:00:00,67.386
2025-05-14 09:00:00,51.53
2025-05-14 10:00:00,46.405
2025-05-14 11:00:00,51.443103448275856
2025-05-14 12:00:00,51.425
2025-05-14 13:00:00,46.34967741935484
2025-05-14 14:00:00,44.165333333333336
2025-05-14 15:00:00,39.157000000000004
2025-05-14 16:00:00,34.894
2025-05-14 17:00:00,31.841666666666665
2025-05-14 18:00:00,39.30096774193548
2025-05-14 19:00:00,47.900333333333336
2025-05-14 20:00:00,62.74068965517242
2025-05-14 21:00:00,87.28137931034482
2025-05-14 22:00:00,101.87166666666667
2025-05-14 23:00:00,264.329
2025-05-15 00:00:00,388.37166666666667
2025-05-15 01:00:00,422.77400000000006
2025-05-15 02:00:00,437.43666666666667
2025-05-15 03:00:00,427.84566666666666
2025-05-15 04:00:00,402.22172413793106
2025-05-15 05:00:00,374.421724137931
2025-05-15 06:00:00,355.59724137931033
2025-05-15 07:00:00,356.62724137931036
2025-05-15 08:00:00,349.58310344827584
2025-05-15 09:00:00,320.2966666666667
2025-05-15 10:00:00,225.75166666666667
2025-05-15 11:00:00,129.77599999999998
2025-05-15 12:00:00,84.6683870967742
2025-05-15 13:00:00,69.62225806451613
2025-05-15 14:00:00,69.01451612903226
2025-05-15 15:00:00,70.79225806451613
2025-05-15 16:00:00,71.98466666666667
2025-05-15 17:00:00,66.1
2025-05-15 18:00:00,56.448965517241376
2025-05-15 19:00:00,63.75933333333333
2025-05-15 20:00:00,79.16466666666666
2025-05-15 21:00:00,91.02258064516128
2025-05-15 22:00:00,100.30483870967741
2025-05-15 23:00:00,108.44483870967741
2025-05-16 00:00:00,120.08290322580646
2025-05-16 01:00:00,125.68533333333333
2025-05-16 02:00:00,125.13000000000001
2025-05-16 03:00:00,158.61733333333333
2025-05-16 04:00:00,159.76066666666665
2025-05-16 05:00:00,137.24699999999999
2025-05-16 06:00:00,118.22166666666666
2025-05-16 07:00:00,114.43933333333334
2025-05-16 08:00:00,128.85233333333332
2025-05-16 09:00:00,137.72400000000002
2025-05-16 10:00:00,86.89366666666666
2025-05-16 11:00:00,60.00107142857143
2025-05-16 12:00:00,56.04551724137931
2025-05-16 13:00:00,57.885714285714286
2025-05-16 14:00:00,68.93285714285715
2025-05-16 15:00:00,82.65166666666667
2025-05-16 16:00:00,86.68933333333334
2025-05-16 17:00:00,82.23533333333333
2025-05-16 18:00:00,46.611
2025-05-16 19:00:00,40.240344827586206
2025-05-16 20:00:00,43.64566666666666
2025-05-16 21:00:00,52.793103448275865
2025-05-16 22:00:00,54.03793103448275
2025-05-16 23:00:00,49.14071428571429
2025-05-17 00:00:00,50.63857142857143
2025-05-17 01:00:00,49.754482758620696
2025-05-17 02:00:00,40.55344827586207
2025-05-17 03:00:00,39.27321428571429
2025-05-17 04:00:00,38.395357142857144
2025-05-17 05:00:00,35.015517241379314
2025-05-17 06:00:00,42.2648275862069
2025-05-17 07:00:00,71.04137931034482
2025-05-17 08:00:00,76.35166666666667
2025-05-17 09:00:00,67.23066666666666
2025-05-17 10:00:00,52.40266666666666
2025-05-17 11:00:00,46.07266666666667
2025-05-17 12:00:00,47.94548387096774
2025-05-17 13:00:00,48.17966666666666
2025-05-17 14:00:00,54.12566666666667
2025-05-17 15:00:00,48.69766666666666
2025-05-17 16:00:00,40.58896551724138
2025-05-17 17:00:00,41.48896551724138
2025-05-17 18:00:00,36.07344827586207
2025-05-17 19:00:00,38.84827586206896
2025-05-17 20:00:00,38.199333333333335
2025-05-17 21:00:00,40.62133333333333
2025-05-17 22:00:00,35.60666666666667
2025-05-17 23:00:00,35.445517241379314
2025-05-18 00:00:00,33.61535714285714
2025-05-18 01:00:00,33.74142857142857
2025-05-18 02:00:00,31.905714285714286
2025-05-18 03:00:00,32.13928571428571
2025-05-18 04:00:00,34.11392857142857
2025-05-18 05:00:00,38.766
2025-05-18 06:00:00,63.361666666666665
2025-05-18 07:00:00,75.88166666666666
2025-05-18 08:00:00,73.05689655172414
2025-05-18 09:00:00,68.25483870967743
2025-05-18 10:00:00,61.159032258064514
2025-05-18 11:00:00,54.42741935483871
2025-05-18 12:00:00,53.94741935483871
2025-05-18 13:00:00,57.525333333333336
2025-05-18 14:00:00,57.87903225806452
2025-05-18 15:00:00,67.81612903225808
2025-05-18 16:00:00,71.74483870967742
2025-05-18 17:00:00,75.97645161290322
2025-05-18 18:00:00,70.24677419354839
2025-05-18 19:00:00,71.98645161290322
2025-05-18 20:00:00,78.5941935483871
2025-05-18 21:00:00,86.8732258064516
2025-05-18 22:00:00,84.27483870967743
2025-05-18 23:00:00,80.23096774193547
2025-05-19 00:00:00,76.7132258064516
2025-05-19 01:00:00,81.747
2025-05-19 02:00:00,78.83
2025-05-19 03:00:00,77.51333333333334
2025-05-19 04:00:00,73.40677419354839
2025-05-19 05:00:00,70.61451612903227
2025-05-19 06:00:00,70.26935483870967
2025-05-19 07:00:00,70.62290322580645
2025-05-19 08:00:00,71.4558064516129
2025-05-19 09:00:00,71.72806451612902
2025-05-19 10:00:00,71.5809677419355
2025-05-19 11:00:00,73.28733333333334
2025-05-19 12:00:00,74.878
2025-05-19 13:00:00,74.10000000000001
2025-05-19 14:00:00,72.85548387096775
2025-05-19 15:00:00,77.42933333333333
2025-05-19 16:00:00,77.8258064516129
2025-05-19 17:00:00,74.59129032258065
2025-05-19 18:00:00,72.22741935483872
2025-05-19 19:00:00,79.76724137931035
2025-05-19 20:00:00,82.21344827586208
2025-05-19 21:00:00,87.27677419354839
2025-05-19 22:00:00,89.15322580645162
2025-05-19 23:00:00,91.53774193548388
2025-05-20 00:00:00,87.59967741935485
2025-05-20 01:00:00,82.62677419354839
2025-05-20 02:00:00,85.83483870967743
2025-05-20 03:00:00,89.70612903225808
2025-05-20 04:00:00,79.32333333333332
2025-05-20 05:00:00,69.75096774193547
2025-05-20 06:00:00,67.14806451612904
2025-05-20 07:00:00,62.94870967741935
2025-05-20 08:00:00,60.7241935483871
2025-05-20 09:00:00,58.832580645161286
2025-05-20 10:00:00,66.51935483870967
2025-05-20 11:00:00,68.45387096774192
2025-05-20 12:00:00,69.61733333333333
2025-05-20 13:00:00,76.03225806451613
2025-05-20 14:00:00,75.83451612903225
2025-05-20 15:00:00,78.70354838709677
2025-05-20 16:00:00,77.77516129032257
2025-05-20 17:00:00,80.7258064516129
2025-05-20 18:00:00,86.36774193548388
2025-05-20 19:00:00,86.14666666666668
2025-05-20 20:00:00,89.09774193548387
2025-05-20 21:00:00,96.5541935483871
2025-05-20 22:00:00,89.84290322580645
2025-05-20 23:00:00,77.48733333333332
2025-05-21 00:00:00,73.28166666666667
2025-05-21 01:00:00,71.08500000000001
2025-05-21 02:00:00,71.49733333333333
2025-05-21 03:00:00,73.88032258064516
2025-05-21 04:00:00,76.73620689655172
2025-05-21 05:00:00,80.95344827586207
2025-05-21 06:00:00,83.61166666666666
2025-05-21 07:00:00,77.46166666666666
2025-05-21 08:00:00,68.48433333333332
2025-05-21 09:00:00,67.00482758620689
2025-05-21 10:00:00,66.43551724137932
2025-05-21 11:00:00,67.82322580645162
2025-05-21 12:00:00,68.03064516129032
2025-05-21 13:00:00,69.30387096774194
2025-05-21 14:00:00,65.91548387096775
2025-05-21 15:00:00,63.902580645161294
2025-05-21 16:00:00,69.69137931034483
2025-05-21 17:00:00,72.88928571428572
2025-05-21 18:00:00,81.99066666666667
2025-05-21 19:00:00,68.284
2025-05-21 20:00:00,103.38
2025-05-21 21:00:00,85.18518518518519
2025-05-21 22:00:00,23.9425
2025-05-21 23:00:00,18.70130434782609
2025-05-22 00:00:00,19.37
2025-05-22 01:00:00,23.793478260869566
2025-05-22 02:00:00,26.172083333333333
2025-05-22 03:00:00,24.418695652173913
2025-05-22 04:00:00,26.259583333333335
2025-05-22 05:00:00,28.508750000000003
2025-05-22 06:00:00,26.54217391304348
2025-05-22 07:00:00,24.853478260869565
2025-05-22 08:00:00,27.038846153846155
2025-05-22 09:00:00,26.104166666666668
2025-05-22 10:00:00,25.2648
2025-05-22 11:00:00,25.106296296296296
2025-05-22 12:00:00,27.744642857142857
2025-05-22 13:00:00,27.712142857142858
2025-05-22 14:00:00,25.916666666666668
2025-05-22 15:00:00,24.335925925925924
2025-05-22 16:00:00,28.54137931034483
2025-05-22 17:00:00,29.285862068965518
2025-05-22 18:00:00,27.634333333333334
2025-05-22 19:00:00,34.60666666666667
2025-05-22 20:00:00,37.82310344827586
2025-05-22 21:00:00,44.832068965517244
2025-05-22 22:00:00,41.074285714285715
2025-05-22 23:00:00,42.737857142857145
2025-05-23 00:00:00,44.17689655172414
2025-05-23 01:00:00,48.815
2025-05-23 02:00:00,44.16896551724138
2025-05-23 03:00:00,47.216785714285706
2025-05-23 04:00:00,48.04357142857143
2025-05-23 05:00:00,46.92107142857143
2025-05-23 06:00:00,46.167142857142856
2025-05-23 07:00:00,47.33428571428572
2025-05-23 08:00:00,48.292500000000004
2025-05-23 09:00:00,41.493
2025-05-23 10:00:00,40.04333333333334
2025-05-23 11:00:00,39.58571428571429
2025-05-23 12:00:00,39.91
2025-05-23 13:00:00,45.99166666666667
2025-05-23 14:00:00,43.495
2025-05-23 15:00:00,39.9
2025-05-23 16:00:00,39.61566666666667
2025-05-23 17:00:00,39.601
2025-05-23 18:00:00,45.466
2025-05-23 19:00:00,38.61310344827587
2025-05-23 20:00:00,48.09620689655172
2025-05-23 21:00:00,56.40758620689656
2025-05-23 22:00:00,56.07103448275862
2025-05-23 23:00:00,55.81310344827586
2025-05-24 00:00:00,59.962413793103444
2025-05-24 01:00:00,57.94034482758621
2025-05-24 02:00:00,58.84068965517242
2025-05-24 03:00:00,64.36678571428571
2025-05-24 04:00:00,61.05428571428571
2025-05-24 05:00:00,55.693214285714284
2025-05-24 06:00:00,57.79821428571429
2025-05-24 07:00:00,58.431724137931035
2025-05-24 08:00:00,57.1596551724138
2025-05-24 09:00:00,54.9425
2025-05-24 10:00:00,50.23250000000001
2025-05-24 11:00:00,51.50464285714286
2025-05-24 12:00:00,56.275666666666666
2025-05-24 13:00:00,62.40689655172414
2025-05-24 14:00:00,67.26566666666666
2025-05-24 15:00:00,64.34266666666666
2025-05-24 16:00:00,59.745
2025-05-24 17:00:00,57.19433333333333
2025-05-24 18:00:00,56.57333333333334
2025-05-24 19:00:00,58.179
2025-05-24 20:00:00,59.36833333333333
2025-05-24 21:00:00,59.95666666666667
2025-05-24 22:00:00,62.52571428571429
2025-05-24 23:00:00,61.16357142857142
2025-05-25 00:00:00,61.31896551724138
2025-05-25 01:00:00,62.669
2025-05-25 02:00:00,55.54178571428571
2025-05-25 03:00:00,15.01
2025-05-25 04:00:00,13.859375
2025-05-25 05:00:00,9.008666666666667
2025-05-25 06:00:00,9.02375
2025-05-25 07:00:00,15.9155
2025-05-25 08:00:00,17.63823529411765
2025-05-25 09:00:00,24.290454545454544
2025-05-25 10:00:00,23.429565217391303
2025-05-25 11:00:00,28.248636363636365
2025-05-25 12:00:00,24.130416666666665
2025-05-25 13:00:00,24.586
2025-05-25 14:00:00,21.916
2025-05-25 15:00:00,24.752916666666664
2025-05-25 16:00:00,27.0052
2025-05-25 17:00:00,24.922000000000004
2025-05-25 18:00:00,26.829166666666666
2025-05-25 19:00:00,33.230000000000004
2025-05-25 20:00:00,42.72807692307693
2025-05-25 21:00:00,52.849999999999994
2025-05-25 22:00:00,56.87884615384615
2025-05-25 23:00:00,58.776153846153846
2025-05-26 00:00:00,67.60079999999999
2025-05-26 01:00:00,68.8928
2025-05-26 02:00:00,67.2816
2025-05-26 03:00:00,66.1232
2025-05-26 04:00:00,60.4612
2025-05-26 05:00:00,62.12615384615385
2025-05-26 06:00:00,58.35653846153846
2025-05-26 07:00:00,57.95884615384615
2025-05-26 08:00:00,54.47115384615385
2025-05-26 09:00:00,51.35
2025-05-26 10:00:00,42.53125
2025-05-26 11:00:00,32.907777777777774
2025-05-26 12:00:00,29.280357142857145
2025-05-26 13:00:00,32.23620689655173
2025-05-26 14:00:00,34.76933333333333
2025-05-26 15:00:00,30.969999999999995
2025-05-26 16:00:00,34.21933333333333
2025-05-26 17:00:00,35.17
2025-05-26 18:00:00,34.57586206896552
2025-05-26 19:00:00,38.66166666666666
2025-05-26 20:00:00,48.54241379310345
2025-05-26 21:00:00,63.83931034482759
2025-05-26 22:00:00,66.96896551724137
2025-05-26 23:00:00,64.28678571428571
2025-05-27 00:00:00,64.78379310344828
2025-05-27 01:00:00,60.95344827586207
2025-05-27 02:00:00,55.295172413793104
2025-05-27 03:00:00,53.179310344827584
2025-05-27 04:00:00,51.10931034482759
2025-05-27 05:00:00,48.26
2025-05-27 06:00:00,52.88928571428572
2025-05-27 07:00:00,64.2925
2025-05-27 08:00:00,56.96142857142858
2025-05-27 09:00:00,46.547777777777775
2025-05-27 10:00:00,41.16642857142857
2025-05-27 11:00:00,40.31310344827586
2025-05-27 12:00:00,41.619354838709675
2025-05-27 13:00:00,43.16451612903226
2025-05-27 14:00:00,43.479032258064514
2025-05-27 15:00:00,43.205666666666666
2025-05-27 16:00:00,43.263548387096776
2025-05-27 17:00:00,48.35033333333333
2025-05-27 18:00:00,51.73193548387097
2025-05-27 19:00:00,56.038064516129026
2025-05-27 20:00:00,67.61677419354838
2025-05-27 21:00:00,77.56838709677419
2025-05-27 22:00:00,77.49633333333333
2025-05-27 23:00:00,72.37766666666667
2025-05-28 00:00:00,75.60833333333333
2025-05-28 01:00:00,76.33099999999999
2025-05-28 02:00:00,72.1
2025-05-28 03:00:00,70.35833333333333
2025-05-28 04:00:00,69.81733333333334
2025-05-28 05:00:00,62.04233333333333
2025-05-28 06:00:00,61.19645161290323
2025-05-28 07:00:00,60.976451612903226
2025-05-28 08:00:00,52.649354838709684
2025-05-28 09:00:00,49.38645161290323
2025-05-28 10:00:00,41.8941935483871
2025-05-28 11:00:00,37.53793103448275
2025-05-28 12:00:00,36.748275862068965
2025-05-28 13:00:00,38.82931034482758
2025-05-28 14:00:00,43.08758620689655
2025-05-28 15:00:00,45.886785714285715
2025-05-28 16:00:00,50.213793103448275
2025-05-28 17:00:00,56.897241379310344
2025-05-28 18:00:00,62.20344827586207
2025-05-28 19:00:00,73.84620689655172
2025-05-28 20:00:00,80.50482758620691
2025-05-28 21:00:00,90.79137931034482
2025-05-28 22:00:00,89.12931034482759
2025-05-28 23:00:00,81.29678571428572
2025-05-29 00:00:00,66.39206896551724
2025-05-29 01:00:00,55.76137931034482
2025-05-29 02:00:00,57.067241379310346
2025-05-29 03:00:00,65.04034482758621
2025-05-29 04:00:00,68.69724137931034
2025-05-29 05:00:00,71.34931034482759
2025-05-29 06:00:00,84.81321428571428
2025-05-29 07:00:00,86.12571428571428
2025-05-29 08:00:00,71.58103448275861
2025-05-29 09:00:00,64.94964285714286
2025-05-29 10:00:00,48.001724137931035
2025-05-29 11:00:00,43.943448275862075
2025-05-29 12:00:00,49.59620689655172
2025-05-29 13:00:00,55.58793103448276
2025-05-29 14:00:00,57.301
2025-05-29 15:00:00,61.06689655172414
2025-05-29 16:00:00,62.103
2025-05-29 17:00:00,67.29400000000001
2025-05-29 18:00:00,54.97620689655172
2025-05-29 19:00:00,40.99068965517242
2025-05-29 20:00:00,48.612758620689654
2025-05-29 21:00:00,51.06344827586207
2025-05-29 22:00:00,49.532666666666664
2025-05-29 23:00:00,49.789655172413795
2025-05-30 00:00:00,51.638333333333335
2025-05-30 01:00:00,50.17333333333333
2025-05-30 02:00:00,52.655
2025-05-30 03:00:00,65.86333333333333
2025-05-30 04:00:00,76.16866666666667
2025-05-30 05:00:00,79.49733333333333
2025-05-30 06:00:00,75.87241379310345
2025-05-30 07:00:00,73.2448275862069
2025-05-30 08:00:00,77.88833333333334
2025-05-30 09:00:00,93.104
2025-05-30 10:00:00,79.695
2025-05-30 11:00:00,71.07466666666666
2025-05-30 12:00:00,76.61266666666667
2025-05-30 13:00:00,66.10206896551725
2025-05-30 14:00:00,53.03241379310345
2025-05-30 15:00:00,45.96137931034483
2025-05-30 16:00:00,46.30733333333333
2025-05-30 17:00:00,48.86448275862069
2025-05-30 18:00:00,48.92933333333334
2025-05-30 19:00:00,54.845333333333336
2025-05-30 20:00:00,65.50733333333334
2025-05-30 21:00:00,74.21199999999999
2025-05-30 22:00:00,81.1
2025-05-30 23:00:00,79.32566666666666
2025-05-31 00:00:00,85.34366666666666
2025-05-31 01:00:00,91.29766666666667
2025-05-31 02:00:00,98.195
2025-05-31 03:00:00,93.78233333333333
2025-05-31 04:00:00,95.85433333333334
2025-05-31 05:00:00,93.97172413793105
2025-05-31 06:00:00,97.06344827586207
2025-05-31 07:00:00,120.74172413793104
2025-05-31 08:00:00,152.38586206896554
2025-05-31 09:00:00,145.39620689655172
2025-05-31 10:00:00,111.334
2025-05-31 11:00:00,93.19933333333333
2025-05-31 12:00:00,90.94633333333333
2025-05-31 13:00:00,87.29333333333334
2025-05-31 14:00:00,79.61666666666666
2025-05-31 15:00:00,79.65666666666667
2025-05-31 16:00:00,82.83133333333333
2025-05-31 17:00:00,82.38833333333334
2025-05-31 18:00:00,48.55413793103448
2025-05-31 19:00:00,52.43827586206897
2025-05-31 20:00:00,63.57655172413793
2025-05-31 21:00:00,75.74758620689656
2025-05-31 22:00:00,78.09400000000001
2025-05-31 23:00:00,65.53758620689656
2025-06-01 00:00:00,53.815000000000005
2025-06-01 01:00:00,58.01033333333333
2025-06-01 02:00:00,50.86333333333334
2025-06-01 03:00:00,51.22566666666667
2025-06-01 04:00:00,50.67758620689656
2025-06-01 05:00:00,49.118620689655174
2025-06-01 06:00:00,42.92689655172414
2025-06-01 07:00:00,42.5903448275862
2025-06-01 08:00:00,45.1848275862069
2025-06-01 09:00:00,51.0803448275862
2025-06-01 10:00:00,55.05275862068965
2025-06-01 11:00:00,54.07793103448276
2025-06-01 12:00:00,57.362758620689654
2025-06-01 13:00:00,61.85964285714285
2025-06-01 14:00:00,71.26689655172413
2025-06-01 15:00:00,72.93931034482758
2025-06-01 16:00:00,73.06551724137931
2025-06-01 17:00:00,81.75862068965517
2025-06-01 18:00:00,34.74214285714286
2025-06-01 19:00:00,30.727586206896554
2025-06-01 20:00:00,40.36740740740741
2025-06-01 21:00:00,47.4362962962963
2025-06-01 22:00:00,41.21206896551725
2025-06-01 23:00:00,39.02851851851852
2025-06-02 00:00:00,36.403571428571425
2025-06-02 01:00:00,33.995185185185186
2025-06-02 02:00:00,33.08888888888889
2025-06-02 03:00:00,34.06384615384616
2025-06-02 04:00:00,38.189230769230775
2025-06-02 05:00:00,34.3175
2025-06-02 06:00:00,34.42
2025-06-02 07:00:00,39.167857142857144
2025-06-02 08:00:00,53.315
2025-06-02 09:00:00,54.98714285714285
2025-06-02 10:00:00,50.498275862068965
2025-06-02 11:00:00,48.76066666666667
2025-06-02 12:00:00,49.56689655172414
2025-06-02 13:00:00,49.82137931034483
2025-06-02 14:00:00,49.18233333333333
2025-06-02 15:00:00,51.042
2025-06-02 16:00:00,50.72551724137931
2025-06-02 17:00:00,48.21966666666667
2025-06-02 18:00:00,47.55566666666667
2025-06-02 19:00:00,49.575
2025-06-02 20:00:00,48.36266666666667
2025-06-02 21:00:00,42.937999999999995
2025-06-02 22:00:00,41.39466666666667
2025-06-02 23:00:00,43.97275862068965
2025-06-03 00:00:00,51.72733333333334
2025-06-03 01:00:00,46.36066666666667
2025-06-03 02:00:00,44.948
2025-06-03 03:00:00,41.71433333333333
2025-06-03 04:00:00,49.72833333333333
2025-06-03 05:00:00,67.25033333333333
2025-06-03 06:00:00,46.74033333333333
2025-06-03 07:00:00,32.95
2025-06-03 08:00:00,33.961666666666666
2025-06-03 09:00:00,40.00333333333333
2025-06-03 10:00:00,50.103793103448275
2025-06-03 11:00:00,54.082857142857144
2025-06-03 12:00:00,51.06551724137931
2025-06-03 13:00:00,45.785999999999994
2025-06-03 14:00:00,40.62931034482759
2025-06-03 15:00:00,40.51172413793103
2025-06-03 16:00:00,35.657666666666664
2025-06-03 17:00:00,33.84066666666667
2025-06-03 18:00:00,33.961666666666666
2025-06-03 19:00:00,39.50266666666666
2025-06-03 20:00:00,51.17166666666666
2025-06-03 21:00:00,58.01310344827586
2025-06-03 22:00:00,66.5206896551724
2025-06-03 23:00:00,68.15275862068965
2025-06-04 00:00:00,64.0496551724138
2025-06-04 01:00:00,61.35758620689655
2025-06-04 02:00:00,53.47733333333334
2025-06-04 03:00:00,62.775333333333336
2025-06-04 04:00:00,70.909
2025-06-04 05:00:00,70.81137931034482
2025-06-04 06:00:00,67.65689655172413
2025-06-04 07:00:00,69.94566666666667
2025-06-04 08:00:00,66.83533333333334
2025-06-04 09:00:00,63.106
2025-06-04 10:00:00,65.64733333333334
2025-06-04 11:00:00,69.48413793103448
2025-06-04 12:00:00,72.18233333333335
2025-06-04 13:00:00,76.15433333333334
2025-06-04 14:00:00,62.839333333333336
2025-06-04 15:00:00,49.18451612903226
2025-06-04 16:00:00,39.01548387096774
2025-06-04 17:00:00,40.44129032258064
2025-06-04 18:00:00,36.36774193548387
2025-06-04 19:00:00,41.20129032258065
2025-06-04 20:00:00,45.086666666666666
2025-06-04 21:00:00,50.684333333333335
2025-06-04 22:00:00,50.234
2025-06-04 23:00:00,50.849333333333334
2025-06-05 00:00:00,51.73733333333333
2025-06-05 01:00:00,57.77166666666667
2025-06-05 02:00:00,59.73833333333334
2025-06-05 03:00:00,64.77733333333333
2025-06-05 04:00:00,62.10344827586207
2025-06-05 05:00:00,62.74107142857143
2025-06-05 06:00:00,61.1975
2025-06-05 07:00:00,61.41689655172414
2025-06-05 08:00:00,76.52586206896552
2025-06-05 09:00:00,69.74241379310345
2025-06-05 10:00:00,50.9183870967742
2025-06-05 11:00:00,46.1
2025-06-05 12:00:00,65.06296296296297
2025-06-05 13:00:00,66.31666666666666
2025-06-05 14:00:00,68.36749999999999
2025-06-05 15:00:00,63.75586206896552
2025-06-05 16:00:00,52.625
2025-06-05 17:00:00,49.85642857142857
2025-06-05 18:00:00,41.698
2025-06-05 19:00:00,41.141666666666666
2025-06-05 20:00:00,42.925333333333334
2025-06-05 21:00:00,40.085517241379314
2025-06-05 22:00:00,39.6551724137931
2025-06-05 23:00:00,42.8551724137931
2025-06-06 00:00:00,44.0375
2025-06-06 01:00:00,46.086774193548386
2025-06-06 02:00:00,46.501290322580644
2025-06-06 03:00:00,40.15193548387097
2025-06-06 04:00:00,41.47290322580645
2025-06-06 05:00:00,39.597419354838706
2025-06-06 06:00:00,37.41548387096775
2025-06-06 07:00:00,41.053870967741936
2025-06-06 08:00:00,43.72548387096774
2025-06-06 09:00:00,42.568333333333335
2025-06-06 10:00:00,42.00689655172414
2025-06-06 11:00:00,38.644999999999996
2025-06-06 12:00:00,38.96935483870968
2025-06-06 13:00:00,43.65483870967742
2025-06-06 14:00:00,44.95322580645161
2025-06-06 15:00:00,42.38
2025-06-06 16:00:00,42.095666666666666
2025-06-06 17:00:00,44.78290322580645
2025-06-06 18:00:00,48.44645161290323
2025-06-06 19:00:00,53.62766666666666
2025-06-06 20:00:00,57.14225806451613
2025-06-06 21:00:00,69.42933333333333
2025-06-06 22:00:00,78.04451612903226
2025-06-06 23:00:00,77.69161290322579
2025-06-07 00:00:00,87.71129032258065
2025-06-07 01:00:00,90.30645161290323
2025-06-07 02:00:00,84.27741935483871
2025-06-07 03:00:00,81.77161290322582
2025-06-07 04:00:00,84.10677419354839
2025-06-07 05:00:00,80.15483870967742
2025-06-07 06:00:00,78.75290322580646
2025-06-07 07:00:00,72.7116129032258
2025-06-07 08:00:00,63.980000000000004
2025-06-07 09:00:00,50.05903225806451
2025-06-07 10:00:00,43.68677419354839
2025-06-07 11:00:00,42.800333333333334
2025-06-07 12:00:00,48.266666666666666
2025-06-07 13:00:00,50.19448275862069
2025-06-07 14:00:00,53.864000000000004
2025-06-07 15:00:00,57.118
2025-06-07 16:00:00,60.69266666666667
2025-06-07 17:00:00,57.831935483870964
2025-06-07 18:00:00,60.85666666666667
2025-06-07 19:00:00,63.278999999999996
2025-06-07 20:00:00,72.55137931034481
2025-06-07 21:00:00,83.484
2025-06-07 22:00:00,86.08103448275861
2025-06-07 23:00:00,89.33999999999999
2025-06-08 00:00:00,85.91
2025-06-08 01:00:00,84.569
2025-06-08 02:00:00,78.838
2025-06-08 03:00:00,76.87333333333332
2025-06-08 04:00:00,75.19133333333333
2025-06-08 05:00:00,76.77774193548386
2025-06-08 06:00:00,78.72516129032257
2025-06-08 07:00:00,80.57612903225807
2025-06-08 08:00:00,77.72129032258064
2025-06-08 09:00:00,66.67
2025-06-08 10:00:00,61.66870967741936
2025-06-08 11:00:00,58.21774193548387
2025-06-08 12:00:00,56.67032258064516
2025-06-08 13:00:00,57.757
2025-06-08 14:00:00,57.387741935483874
2025-06-08 15:00:00,55.63068965517241
2025-06-08 16:00:00,54.27366666666667
2025-06-08 17:00:00,58.909666666666666
2025-06-08 18:00:00,61.05166666666666
2025-06-08 19:00:00,68.982
2025-06-08 20:00:00,81.68033333333332
2025-06-08 21:00:00,99.61206896551724
2025-06-08 22:00:00,102.54833333333333
2025-06-08 23:00:00,100.66933333333333
2025-06-09 00:00:00,101.76133333333334
2025-06-09 01:00:00,102.06
2025-06-09 02:00:00,95.58586206896551
2025-06-09 03:00:00,97.32517241379311
2025-06-09 04:00:00,102.03068965517241
2025-06-09 05:00:00,100.98607142857144
2025-06-09 06:00:00,110.60535714285713
2025-06-09 07:00:00,118.79074074074073
2025-06-09 08:00:00,115.2851724137931
2025-06-09 09:00:00,98.79413793103447
2025-06-09 10:00:00,76.90892857142856
2025-06-09 11:00:00,66.17928571428571
2025-06-09 12:00:00,61.34793103448276
2025-06-09 13:00:00,54.94733333333333
2025-06-09 14:00:00,51.14
2025-06-09 15:00:00,50.73103448275862
2025-06-09 16:00:00,48.38517241379311
2025-06-09 17:00:00,45.553999999999995
2025-06-09 18:00:00,48.187000000000005
2025-06-09 19:00:00,43.92933333333334
2025-06-09 20:00:00,48.039310344827584
2025-06-09 21:00:00,56.57655172413793
2025-06-09 22:00:00,67.10333333333332
2025-06-09 23:00:00,72.19333333333334
2025-06-10 00:00:00,79.70966666666666
2025-06-10 01:00:00,77.93633333333334
2025-06-10 02:00:00,78.94633333333333
2025-06-10 03:00:00,73.05566666666667
2025-06-10 04:00:00,65.93133333333334
2025-06-10 05:00:00,68.09566666666666
2025-06-10 06:00:00,61.38933333333333
2025-06-10 07:00:00,60.281724137931036
2025-06-10 08:00:00,68.27766666666666
2025-06-10 09:00:00,65.42033333333333
2025-06-10 10:00:00,56.30714285714286
2025-06-10 11:00:00,52.187241379310336
2025-06-10 12:00:00,49.59275862068966
2025-06-10 13:00:00,46.93827586206897
2025-06-10 14:00:00,41.754
2025-06-10 15:00:00,40.20066666666666
2025-06-10 16:00:00,37.987857142857145
2025-06-10 17:00:00,36.92354838709678
2025-06-10 18:00:00,37.32566666666666
2025-06-10 19:00:00,49.04766666666667
2025-06-10 20:00:00,60.111935483870965
2025-06-10 21:00:00,73.97233333333334
2025-06-10 22:00:00,80.12483870967742
2025-06-10 23:00:00,87.36133333333333
2025-06-11 00:00:00,83.38103448275862
2025-06-11 01:00:00,85.28999999999999
2025-06-11 02:00:00,82.61833333333334
2025-06-11 03:00:00,86.47322580645161
2025-06-11 04:00:00,93.98774193548387
2025-06-11 05:00:00,95.13433333333333
2025-06-11 06:00:00,87.47666666666667
2025-06-11 07:00:00,66.5516129032258
2025-06-11 08:00:00,52.345
2025-06-11 09:00:00,47.80758620689655
2025-06-11 10:00:00,45.657586206896546
2025-06-11 11:00:00,50.82827586206896
2025-06-11 12:00:00,51.495666666666665
2025-06-11 13:00:00,53.36451612903225
2025-06-11 14:00:00,59.882666666666665
2025-06-11 15:00:00,62.703103448275854
2025-06-11 16:00:00,63.699999999999996
2025-06-11 17:00:00,66.70214285714285
2025-06-11 18:00:00,74.17266666666667
2025-06-11 19:00:00,78.32166666666667
2025-06-11 20:00:00,89.7648275862069
2025-06-11 21:00:00,96.73444444444443
2025-06-11 22:00:00,86.09866666666667
2025-06-11 23:00:00,73.85310344827586
2025-06-12 00:00:00,67.57833333333333
2025-06-12 01:00:00,64.83833333333334
2025-06-12 02:00:00,60.568666666666665
2025-06-12 03:00:00,60.23799999999999
2025-06-12 04:00:00,64.26766666666667
2025-06-12 05:00:00,68.95966666666666
2025-06-12 06:00:00,70.26933333333334
2025-06-12 07:00:00,74.49900000000001
2025-06-12 08:00:00,75.2
2025-06-12 09:00:00,77.39666666666668
2025-06-12 10:00:00,81.43928571428572
2025-06-12 11:00:00,78.80344827586208
2025-06-12 12:00:00,74.14900000000002
2025-06-12 13:00:00,68.73133333333334
2025-06-12 14:00:00,66.321
2025-06-12 15:00:00,61.89433333333333
2025-06-12 16:00:00,56.21935483870968
2025-06-12 17:00:00,60.039
2025-06-12 18:00:00,65.51322580645162
2025-06-12 19:00:00,70.81266666666667
2025-06-12 20:00:00,75.18193548387096
2025-06-12 21:00:00,79.36766666666666
2025-06-12 22:00:00,81.08225806451614
2025-06-12 23:00:00,79.74258064516128
2025-06-13 00:00:00,77.22066666666666
2025-06-13 01:00:00,75.04333333333334
2025-06-13 02:00:00,65.651
2025-06-13 03:00:00,60.217333333333336
2025-06-13 04:00:00,55.19870967741935
2025-06-13 05:00:00,59.910322580645165
2025-06-13 06:00:00,66.72838709677418
2025-06-13 07:00:00,67.78193548387097
2025-06-13 08:00:00,67.16166666666666
2025-06-13 09:00:00,67.453
2025-06-13 10:00:00,64.51586206896552
2025-06-13 11:00:00,63.336451612903225
2025-06-13 12:00:00,63.79666666666667
2025-06-13 13:00:00,76.92800000000001
2025-06-13 14:00:00,70.63032258064516
2025-06-13 15:00:00,49.803548387096775
2025-06-13 16:00:00,42.17266666666667
2025-06-13 17:00:00,39.49258064516129
2025-06-13 18:00:00,39.44766666666667
2025-06-13 19:00:00,38.039655172413795
2025-06-13 20:00:00,40.45433333333334
2025-06-13 21:00:00,44.93
2025-06-13 22:00:00,42.64033333333334
2025-06-13 23:00:00,44.97129032258065
2025-06-14 00:00:00,45.862258064516126
2025-06-14 01:00:00,50.71354838709677
2025-06-14 02:00:00,58.37096774193548
2025-06-14 03:00:00,65.56933333333333
2025-06-14 04:00:00,71.32766666666666
2025-06-14 05:00:00,68.78566666666667
2025-06-14 06:00:00,69.36999999999999
2025-06-14 07:00:00,64.837
2025-06-14 08:00:00,57.68033333333333
2025-06-14 09:00:00,56.440333333333335
2025-06-14 10:00:00,56.97366666666667
2025-06-14 11:00:00,58.5558064516129
2025-06-14 12:00:00,62.351724137931036
2025-06-14 13:00:00,59.81666666666667
2025-06-14 14:00:00,61.30266666666667
2025-06-14 15:00:00,60.85758620689655
2025-06-14 16:00:00,61.706896551724135
2025-06-14 17:00:00,63.020714285714284
2025-06-14 18:00:00,67.11586206896553
2025-06-14 19:00:00,70.88933333333334
2025-06-14 20:00:00,69.77379310344828
2025-06-14 21:00:00,72.39821428571429
2025-06-14 22:00:00,69.74
2025-06-14 23:00:00,69.23931034482759
2025-06-15 00:00:00,71.42758620689655
2025-06-15 01:00:00,71.5855172413793
2025-06-15 02:00:00,68.50689655172414
2025-06-15 03:00:00,60.537241379310345
2025-06-15 04:00:00,42.705862068965516
2025-06-15 05:00:00,23.9076
2025-06-15 06:00:00,22.938000000000002
2025-06-15 07:00:00,29.497307692307693
2025-06-15 08:00:00,40.92035714285714
2025-06-15 09:00:00,54.63111111111111
2025-06-15 10:00:00,45.99357142857143
2025-06-15 11:00:00,42.89071428571429
2025-06-15 12:00:00,44.62074074074074
2025-06-15 13:00:00,51.885185185185186
2025-06-15 14:00:00,41.940384615384616
2025-06-15 15:00:00,31.821481481481484
2025-06-15 16:00:00,27.92076923076923
2025-06-15 17:00:00,28.12392857142857
2025-06-15 18:00:00,26.41857142857143
2025-06-15 19:00:00,26.81310344827586
2025-06-15 20:00:00,32.00827586206896
2025-06-15 21:00:00,34.35821428571429
2025-06-15 22:00:00,41.79354838709677
2025-06-15 23:00:00,47.88709677419355
2025-06-16 00:00:00,59.59838709677419
2025-06-16 01:00:00,60.18387096774194
2025-06-16 02:00:00,58.87032258064516
2025-06-16 03:00:00,54.575
2025-06-16 04:00:00,49.333
2025-06-16 05:00:00,53.90233333333333
2025-06-16 06:00:00,55.943225806451615
2025-06-16 07:00:00,62.08741935483871
2025-06-16 08:00:00,52.1883870967742
2025-06-16 09:00:00,52.48612903225806
2025-06-16 10:00:00,45.292068965517245
2025-06-16 11:00:00,39.13
2025-06-16 12:00:00,42.31516129032258
2025-06-16 13:00:00,39.79966666666667
2025-06-16 14:00:00,35.88548387096775
2025-06-16 15:00:00,34.53806451612903
2025-06-16 16:00:00,35.965806451612906
2025-06-16 17:00:00,33.317741935483866
2025-06-16 18:00:00,35.939677419354844
2025-06-16 19:00:00,36.174838709677424
2025-06-16 20:00:00,39.32354838709677
2025-06-16 21:00:00,47.41935483870968
2025-06-16 22:00:00,51.14225806451613
2025-06-16 23:00:00,41.16612903225807
2025-06-17 00:00:00,44.24966666666667
2025-06-17 01:00:00,44.18161290322581
2025-06-17 02:00:00,38.785
2025-06-17 03:00:00,33.16206896551724
2025-06-17 04:00:00,31.139310344827585
2025-06-17 05:00:00,31.103448275862068
2025-06-17 06:00:00,30.57689655172414
2025-06-17 07:00:00,37.366206896551724
2025-06-17 08:00:00,41.69724137931035
2025-06-17 09:00:00,46.49758620689656
2025-06-17 10:00:00,50.97862068965517
2025-06-17 11:00:00,55.358620689655176
2025-06-17 12:00:00,62.13310344827587
2025-06-17 13:00:00,62.345666666666666
2025-06-17 14:00:00,61.684
2025-06-17 15:00:00,46.224333333333334
2025-06-17 16:00:00,26.815555555555555
2025-06-17 17:00:00,15.051153846153845
2025-06-17 18:00:00,20.97730769230769
2025-06-17 19:00:00,22.336896551724138
2025-06-17 20:00:00,13.465555555555556
2025-06-17 21:00:00,11.665555555555557
2025-06-17 22:00:00,12.956
2025-06-17 23:00:00,16.23
2025-06-18 00:00:00,19.63214285714286
2025-06-18 01:00:00,25.74655172413793
2025-06-18 02:00:00,25.174999999999997
2025-06-18 03:00:00,32.71740740740741
2025-06-18 04:00:00,35.71896551724138
2025-06-18 05:00:00,35.08607142857143
2025-06-18 06:00:00,38.27923076923077
2025-06-18 07:00:00,40.63034482758621
2025-06-18 08:00:00,43.476
2025-06-18 09:00:00,41.20931034482759
2025-06-18 10:00:00,45.044137931034484
2025-06-18 11:00:00,46.96642857142857
2025-06-18 12:00:00,51.11965517241379
2025-06-18 13:00:00,56.93666666666666
2025-06-18 14:00:00,61.27758620689655
2025-06-18 15:00:00,62.971724137931034
2025-06-18 16:00:00,59.23793103448276
2025-06-18 17:00:00,53.04827586206897
2025-06-18 18:00:00,44.07733333333333
2025-06-18 19:00:00,40.291666666666664
2025-06-18 20:00:00,44.34068965517242
2025-06-18 21:00:00,41.13448275862069
2025-06-18 22:00:00,38.26724137931034
2025-06-18 23:00:00,34.93448275862069
2025-06-19 00:00:00,30.328275862068963
2025-06-19 01:00:00,35.00892857142857
2025-06-19 02:00:00,43.11785714285714
2025-06-19 03:00:00,59.36533333333333
2025-06-19 04:00:00,55.535
2025-06-19 05:00:00,53.74933333333333
2025-06-19 06:00:00,43.882666666666665
2025-06-19 07:00:00,34.13633333333333
2025-06-19 08:00:00,34.22655172413793
2025-06-19 09:00:00,37.12586206896552
2025-06-19 10:00:00,41.010666666666665
2025-06-19 11:00:00,33.6
2025-06-19 12:00:00,29.440333333333335
2025-06-19 13:00:00,24.399
2025-06-19 14:00:00,21.404827586206896
2025-06-19 15:00:00,19.775172413793104
2025-06-19 16:00:00,20.947586206896553
2025-06-19 17:00:00,24.897
2025-06-19 18:00:00,26.955161290322582
2025-06-19 19:00:00,27.128064516129033
2025-06-19 20:00:00,28.543548387096774
2025-06-19 21:00:00,31.64
2025-06-19 22:00:00,34.85129032258064
2025-06-19 23:00:00,40.60935483870968
2025-06-20 00:00:00,38.85064516129032
2025-06-20 01:00:00,29.170666666666666
2025-06-20 02:00:00,20.006206896551728
2025-06-20 03:00:00,19.368275862068966
2025-06-20 04:00:00,20.446785714285713
2025-06-20 05:00:00,21.109655172413795
2025-06-20 06:00:00,19.91857142857143
2025-06-20 07:00:00,19.894827586206898
2025-06-20 08:00:00,21.763666666666666
2025-06-20 09:00:00,32.198
2025-06-20 10:00:00,39.89451612903226
2025-06-20 11:00:00,42.175
2025-06-20 12:00:00,36.7396551724138
2025-06-20 13:00:00,30.343103448275862
2025-06-20 14:00:00,32.30689655172414
2025-06-20 15:00:00,31.608999999999998
2025-06-20 16:00:00,28.782666666666668
2025-06-20 17:00:00,27.450344827586203
2025-06-20 18:00:00,24.599999999999998
2025-06-20 19:00:00,25.079666666666665
2025-06-20 20:00:00,26.715
2025-06-20 21:00:00,29.562666666666665
2025-06-20 22:00:00,30.747666666666667
2025-06-20 23:00:00,32.516333333333336
2025-06-21 00:00:00,37.49354838709677
2025-06-21 01:00:00,35.93633333333334
2025-06-21 02:00:00,37.59129032258064
2025-06-21 03:00:00,40.67677419354839
2025-06-21 04:00:00,41.829032258064515
2025-06-21 05:00:00,44.641935483870974
2025-06-21 06:00:00,41.18709677419355
2025-06-21 07:00:00,41.1941935483871
2025-06-21 08:00:00,34.44258064516129
2025-06-21 09:00:00,29.858387096774194
2025-06-21 10:00:00,27.67032258064516
2025-06-21 11:00:00,29.521666666666665
2025-06-21 12:00:00,29.756666666666668
2025-06-21 13:00:00,25.689333333333334
2025-06-21 14:00:00,26.05666666666667
2025-06-21 15:00:00,26.524838709677418
2025-06-21 16:00:00,26.987666666666666
2025-06-21 17:00:00,25.456666666666667
2025-06-21 18:00:00,22.996785714285714
2025-06-21 19:00:00,25.91933333333333
2025-06-21 20:00:00,29.717666666666666
2025-06-21 21:00:00,32.4
2025-06-21 22:00:00,38.190666666666665
2025-06-21 23:00:00,34.71933333333333
2025-06-22 00:00:00,34.961
2025-06-22 01:00:00,40.491
2025-06-22 02:00:00,37.235
2025-06-22 03:00:00,42.831
2025-06-22 04:00:00,37.651034482758625
2025-06-22 05:00:00,33.285862068965514
2025-06-22 06:00:00,28.347241379310343
2025-06-22 07:00:00,27.617142857142856
2025-06-22 08:00:00,26.225172413793103
2025-06-22 09:00:00,22.95642857142857
2025-06-22 10:00:00,23.495333333333335
2025-06-22 11:00:00,23.571666666666665
2025-06-22 12:00:00,23.991
2025-06-22 13:00:00,28.839
2025-06-22 14:00:00,37.589333333333336
2025-06-22 15:00:00,47.24333333333333
2025-06-22 16:00:00,50.992666666666665
2025-06-22 17:00:00,43.352666666666664
2025-06-22 18:00:00,40.068333333333335
2025-06-22 19:00:00,40.076
2025-06-22 20:00:00,43.466
2025-06-22 21:00:00,45.72666666666667
2025-06-22 22:00:00,41.858333333333334
2025-06-22 23:00:00,40.298
2025-06-23 00:00:00,39.265
2025-06-23 01:00:00,41.080000000000005
2025-06-23 02:00:00,42.12433333333333
2025-06-23 03:00:00,42.833999999999996
2025-06-23 04:00:00,45.72931034482759
2025-06-23 05:00:00,50.21103448275862
2025-06-23 06:00:00,55.075172413793105
2025-06-23 07:00:00,57.85533333333333
2025-06-23 08:00:00,61.595
2025-06-23 09:00:00,55.166666666666664
2025-06-23 10:00:00,50.63387096774194
2025-06-23 11:00:00,53.64866666666667
2025-06-23 12:00:00,54.14066666666667
2025-06-23 13:00:00,57.389333333333326
2025-06-23 14:00:00,56.23433333333333
2025-06-23 15:00:00,56.84032258064516
2025-06-23 16:00:00,54.770967741935486
2025-06-23 17:00:00,46.31733333333333
2025-06-23 18:00:00,38.82225806451613
2025-06-23 19:00:00,31.652903225806448
2025-06-23 20:00:00,25.16166666666667
2025-06-23 21:00:00,24.735999999999997
2025-06-23 22:00:00,25.82633333333333
2025-06-23 23:00:00,30.817333333333334
2025-06-24 00:00:00,32.964193548387094
2025-06-24 01:00:00,36.714666666666666
2025-06-24 02:00:00,36.99166666666667
2025-06-24 03:00:00,38.782333333333334
2025-06-24 04:00:00,36.60166666666667
2025-06-24 05:00:00,38.745
2025-06-24 06:00:00,48.342666666666666
2025-06-24 07:00:00,51.42758620689656
2025-06-24 08:00:00,49.22535714285714
2025-06-24 09:00:00,44.382333333333335
2025-06-24 10:00:00,43.12645161290323
2025-06-24 11:00:00,38.07566666666666
2025-06-24 12:00:00,38.953
2025-06-24 13:00:00,39.09032258064516
2025-06-24 14:00:00,43.62199999999999
2025-06-24 15:00:00,45.448
2025-06-24 16:00:00,56.49433333333333
2025-06-24 17:00:00,55.052
2025-06-24 18:00:00,50.778999999999996
2025-06-24 19:00:00,44.07035714285714
2025-06-24 20:00:00,48.34928571428571
2025-06-24 21:00:00,49.42892857142857
2025-06-24 22:00:00,53.746428571428574
2025-06-24 23:00:00,64.11821428571429
2025-06-25 00:00:00,72.205
2025-06-25 01:00:00,65.76357142857144
2025-06-25 02:00:00,60.11714285714286
2025-06-25 03:00:00,60.489285714285714
2025-06-25 04:00:00,61.091071428571425
2025-06-25 05:00:00,63.61555555555555
2025-06-25 06:00:00,64.51923076923077
2025-06-25 07:00:00,69.37148148148148
2025-06-25 08:00:00,74.26071428571429
2025-06-25 09:00:00,71.84482758620689
2025-06-25 10:00:00,67.35071428571429
2025-06-25 11:00:00,61.000689655172415
2025-06-25 12:00:00,63.06233333333333
2025-06-25 13:00:00,57.65689655172414
2025-06-25 14:00:00,53.763333333333335
2025-06-25 15:00:00,58.09928571428571
2025-06-25 16:00:00,58.07357142857143
2025-06-25 17:00:00,51.59655172413793
2025-06-25 18:00:00,51.83
2025-06-25 19:00:00,55.08142857142857
2025-06-25 20:00:00,58.54931034482758
2025-06-25 21:00:00,63.387499999999996
2025-06-25 22:00:00,60.951071428571424
2025-06-25 23:00:00,58.52892857142857
2025-06-26 00:00:00,49.208214285714284
2025-06-26 01:00:00,53.78966666666667
2025-06-26 02:00:00,42.641666666666666
2025-06-26 03:00:00,46.393103448275866
2025-06-26 04:00:00,38.215357142857144
2025-06-26 05:00:00,51.54827586206897
2025-06-26 06:00:00,40.01592592592593
2025-06-26 07:00:00,36.29185185185185
2025-06-26 08:00:00,42.25344827586206
2025-06-26 09:00:00,40.970000000000006
2025-06-26 10:00:00,29.879285714285714
2025-06-26 11:00:00,28.134999999999998
2025-06-26 12:00:00,27.34892857142857
2025-06-26 13:00:00,26.404137931034484
2025-06-26 14:00:00,24.77607142857143
2025-06-26 15:00:00,21.315862068965515
2025-06-26 16:00:00,25.0
2025-06-26 17:00:00,28.529333333333334
2025-06-26 18:00:00,29.07
2025-06-26 19:00:00,28.774193548387096
2025-06-26 20:00:00,29.568709677419356
2025-06-26 21:00:00,26.534516129032255
2025-06-26 22:00:00,27.426
2025-06-26 23:00:00,29.956774193548387
2025-06-27 00:00:00,31.704193548387096
2025-06-27 01:00:00,32.943548387096776
2025-06-27 02:00:00,32.08709677419355
2025-06-27 03:00:00,31.678333333333335
2025-06-27 04:00:00,25.746
2025-06-27 05:00:00,20.555
2025-06-27 06:00:00,21.076999999999998
2025-06-27 07:00:00,21.2551724137931
2025-06-27 08:00:00,24.106
2025-06-27 09:00:00,19.645
2025-06-27 10:00:00,21.97483870967742
2025-06-27 11:00:00,22.636774193548387
2025-06-27 12:00:00,25.035806451612903
2025-06-27 13:00:00,25.873
2025-06-27 14:00:00,20.79448275862069
2025-06-27 15:00:00,18.033793103448275
2025-06-27 16:00:00,16.911333333333335
2025-06-27 17:00:00,20.872666666666667
2025-06-27 18:00:00,21.627
2025-06-27 19:00:00,24.665862068965517
2025-06-27 20:00:00,26.993793103448276
2025-06-27 21:00:00,28.746206896551723
2025-06-27 22:00:00,30.261000000000003
2025-06-27 23:00:00,27.100666666666665
2025-06-28 00:00:00,22.807666666666666
2025-06-28 01:00:00,23.008333333333333
2025-06-28 02:00:00,21.4
2025-06-28 03:00:00,23.86448275862069
2025-06-28 04:00:00,21.779310344827586
2025-06-28 05:00:00,22.822068965517243
2025-06-28 06:00:00,30.08379310344828
2025-06-28 07:00:00,46.47233333333334
2025-06-28 08:00:00,49.86933333333333
2025-06-28 09:00:00,47.527
2025-06-28 10:00:00,51.434
2025-06-28 11:00:00,53.64214285714286
2025-06-28 12:00:00,49.750689655172415
2025-06-28 13:00:00,46.1548275862069
2025-06-28 14:00:00,40.78896551724138
2025-06-28 15:00:00,37.32
2025-06-28 16:00:00,23.231034482758623
2025-06-28 17:00:00,13.483214285714284
2025-06-28 18:00:00,15.929333333333334
2025-06-28 19:00:00,21.32172413793103
2025-06-28 20:00:00,24.326551724137932
2025-06-28 21:00:00,29.20068965517241
2025-06-28 22:00:00,32.836
2025-06-28 23:00:00,27.259666666666664
2025-06-29 00:00:00,26.95551724137931
2025-06-29 01:00:00,28.331000000000003
2025-06-29 02:00:00,28.167241379310347
2025-06-29 03:00:00,29.310333333333332
2025-06-29 04:00:00,32.79533333333333
2025-06-29 05:00:00,36.67733333333333
2025-06-29 06:00:00,40.94206896551724
2025-06-29 07:00:00,45.436206896551724
2025-06-29 08:00:00,47.16
2025-06-29 09:00:00,46.7396551724138
2025-06-29 10:00:00,49.494827586206895
2025-06-29 11:00:00,55.577666666666666
2025-06-29 12:00:00,54.69566666666666
2025-06-29 13:00:00,55.12896551724138
2025-06-29 14:00:00,49.392857142857146
2025-06-29 15:00:00,40.52607142857143
2025-06-29 16:00:00,39.26655172413793
2025-06-29 17:00:00,31.983103448275862
2025-06-29 18:00:00,33.078620689655175
2025-06-29 19:00:00,29.773448275862073
2025-06-29 20:00:00,22.019310344827584
2025-06-29 21:00:00,21.38
2025-06-29 22:00:00,25.72142857142857
2025-06-29 23:00:00,28.462692307692308
2025-06-30 00:00:00,30.958571428571428
2025-06-30 01:00:00,24.546071428571427
2025-06-30 02:00:00,21.712222222222223
2025-06-30 03:00:00,22.59107142857143
2025-06-30 04:00:00,17.484583333333333
2025-06-30 05:00:00,15.802
2025-06-30 06:00:00,16.91375
2025-06-30 07:00:00,16.659565217391304
2025-06-30 08:00:00,13.755
2025-06-30 09:00:00,14.763076923076925
2025-06-30 10:00:00,18.939999999999998
2025-06-30 11:00:00,26.49642857142857
2025-06-30 12:00:00,32.04642857142857
2025-06-30 13:00:00,36.669999999999995
2025-06-30 14:00:00,40.3451724137931
2025-06-30 15:00:00,45.45
2025-06-30 16:00:00,50.39533333333334
2025-06-30 17:00:00,45.76379310344828
2025-06-30 18:00:00,50.96566666666667
2025-06-30 19:00:00,50.311
2025-06-30 20:00:00,41.79833333333333
2025-06-30 21:00:00,41.039310344827584
2025-06-30 22:00:00,40.2396551724138
2025-06-30 23:00:00,42.23793103448276
2025-07-01 00:00:00,49.66172413793104
2025-07-01 01:00:00,51.954827586206896
2025-07-01 02:00:00,47.77068965517241
2025-07-01 03:00:00,42.41466666666667
2025-07-01 04:00:00,38.15933333333333
2025-07-01 05:00:00,33.851612903225806
2025-07-01 06:00:00,25.403000000000002
2025-07-01 07:00:00,25.997666666666667
2025-07-01 08:00:00,24.360666666666663
2025-07-01 09:00:00,25.365000000000002
2025-07-01 10:00:00,28.973000000000003
2025-07-01 11:00:00,28.762333333333334
2025-07-01 12:00:00,36.831
2025-07-01 13:00:00,35.516333333333336
2025-07-01 14:00:00,29.610322580645164
2025-07-01 15:00:00,27.09241379310345
2025-07-01 16:00:00,25.05806451612903
2025-07-01 17:00:00,22.991
2025-07-01 18:00:00,26.035
2025-07-01 19:00:00,26.146333333333335
2025-07-01 20:00:00,29.12
2025-07-01 21:00:00,30.721666666666668
2025-07-01 22:00:00,30.795
2025-07-01 23:00:00,32.26166666666667
2025-07-02 00:00:00,37.644999999999996
2025-07-02 01:00:00,43.401666666666664
2025-07-02 02:00:00,46.706
2025-07-02 03:00:00,46.23966666666667
2025-07-02 04:00:00,48.907333333333334
2025-07-02 05:00:00,44.81433333333334
2025-07-02 06:00:00,48.108387096774194
2025-07-02 07:00:00,50.44903225806452
2025-07-02 08:00:00,42.123666666666665
2025-07-02 09:00:00,30.767419354838708
2025-07-02 10:00:00,25.12
2025-07-02 11:00:00,22.80548387096774
2025-07-02 12:00:00,25.150645161290324
2025-07-02 13:00:00,25.046
2025-07-02 14:00:00,22.214193548387097
2025-07-02 15:00:00,20.14466666666667
2025-07-02 16:00:00,20.135172413793107
2025-07-02 17:00:00,20.978
2025-07-02 18:00:00,22.200666666666667
2025-07-02 19:00:00,21.947000000000003
2025-07-02 20:00:00,24.424
2025-07-02 21:00:00,31.138571428571428
2025-07-02 22:00:00,32.409666666666666
2025-07-02 23:00:00,31.25241379310345
2025-07-03 00:00:00,29.799999999999997
2025-07-03 01:00:00,32.627419354838715
2025-07-03 02:00:00,32.85333333333333
2025-07-03 03:00:00,29.671724137931037
2025-07-03 04:00:00,28.233103448275862
2025-07-03 05:00:00,23.46857142857143
2025-07-03 06:00:00,24.021428571428572
2025-07-03 07:00:00,22.19851851851852
2025-07-03 08:00:00,26.000689655172412
2025-07-03 09:00:00,28.979310344827585
2025-07-03 10:00:00,32.01827586206896
2025-07-03 11:00:00,31.70586206896552
2025-07-03 12:00:00,30.707142857142856
2025-07-03 13:00:00,25.89071428571429
2025-07-03 14:00:00,24.637931034482758
2025-07-03 15:00:00,24.049655172413797
2025-07-03 16:00:00,24.211
2025-07-03 17:00:00,23.761
2025-07-03 18:00:00,24.721999999999998
2025-07-03 19:00:00,26.111333333333334
2025-07-03 20:00:00,31.445
2025-07-03 21:00:00,33.87103448275862
2025-07-03 22:00:00,38.23966666666667
2025-07-03 23:00:00,39.81068965517241
2025-07-04 00:00:00,39.12266666666667
2025-07-04 01:00:00,43.564
2025-07-04 02:00:00,42.27066666666666
2025-07-04 03:00:00,37.94827586206897
2025-07-04 04:00:00,32.084482758620695
2025-07-04 05:00:00,29.28724137931034
2025-07-04 06:00:00,23.9675
2025-07-04 07:00:00,22.22407407407407
2025-07-04 08:00:00,24.428333333333335
2025-07-04 09:00:00,26.87
2025-07-04 10:00:00,27.101666666666667
2025-07-04 11:00:00,27.124137931034483
2025-07-04 12:00:00,29.423333333333336
2025-07-04 13:00:00,32.525999999999996
2025-07-04 14:00:00,34.008620689655174
2025-07-04 15:00:00,32.577777777777776
2025-07-04 16:00:00,28.7152
2025-07-04 17:00:00,28.11
2025-07-04 18:00:00,29.312962962962963
2025-07-04 19:00:00,26.240357142857142
2025-07-04 20:00:00,30.579642857142858
2025-07-04 21:00:00,33.63233333333333
2025-07-04 22:00:00,38.22129032258065
2025-07-04 23:00:00,40.02655172413793
2025-07-05 00:00:00,43.803999999999995
2025-07-05 01:00:00,43.50103448275862
2025-07-05 02:00:00,41.403000000000006
2025-07-05 03:00:00,38.202666666666666
2025-07-05 04:00:00,36.457931034482755
2025-07-05 05:00:00,38.58357142857143
2025-07-05 06:00:00,37.36892857142857
2025-07-05 07:00:00,34.19464285714286
2025-07-05 08:00:00,29.787499999999998
2025-07-05 09:00:00,32.245714285714286
2025-07-05 10:00:00,35.21071428571428
2025-07-05 11:00:00,39.74733333333334
2025-07-05 12:00:00,35.08620689655172
2025-07-05 13:00:00,34.149655172413794
2025-07-05 14:00:00,33.25344827586207
2025-07-05 15:00:00,33.020357142857144
2025-07-05 16:00:00,34.66034482758621
2025-07-05 17:00:00,34.934333333333335
2025-07-05 18:00:00,35.26533333333334
2025-07-05 19:00:00,32.696
2025-07-05 20:00:00,40.33433333333333
2025-07-05 21:00:00,43.257
2025-07-05 22:00:00,34.01433333333333
2025-07-05 23:00:00,32.91357142857142
2025-07-06 00:00:00,32.436071428571424
2025-07-06 01:00:00,31.30888888888889
2025-07-06 02:00:00,30.351428571428567
2025-07-06 03:00:00,28.971724137931037
2025-07-06 04:00:00,27.11357142857143
2025-07-06 05:00:00,24.90269230769231
2025-07-06 06:00:00,28.52615384615385
2025-07-06 07:00:00,23.302962962962965
2025-07-06 08:00:00,20.388928571428572
2025-07-06 09:00:00,22.58962962962963
2025-07-06 10:00:00,21.792962962962967
2025-07-06 11:00:00,21.654074074074078
2025-07-06 12:00:00,21.88666666666667
2025-07-06 13:00:00,27.265000000000004
2025-07-06 14:00:00,25.073793103448274
2025-07-06 15:00:00,27.415714285714284
2025-07-06 16:00:00,34.09206896551724
2025-07-06 17:00:00,36.85448275862069
2025-07-06 18:00:00,47.81344827586207
2025-07-06 19:00:00,46.816206896551726
2025-07-06 20:00:00,53.42413793103448
2025-07-06 21:00:00,61.5
2025-07-06 22:00:00,67.05172413793103
2025-07-06 23:00:00,70.19892857142857
2025-07-07 00:00:00,66.53821428571429
2025-07-07 01:00:00,48.72925925925926
2025-07-07 02:00:00,16.403846153846153
2025-07-07 03:00:00,16.682499999999997
2025-07-07 04:00:00,8.896
2025-07-07 05:00:00,6.031666666666666
2025-07-07 06:00:00,7.1625
2025-07-07 07:00:00,5.011
2025-07-07 08:00:00,7.656000000000001
2025-07-07 09:00:00,8.351153846153846
2025-07-07 10:00:00,16.605185185185185
2025-07-07 11:00:00,18.368076923076924
2025-07-07 12:00:00,18.827307692307695
2025-07-07 13:00:00,16.593703703703703
2025-07-07 14:00:00,19.56607142857143
2025-07-07 15:00:00,17.632857142857144
2025-07-07 16:00:00,18.521034482758623
2025-07-07 17:00:00,27.638333333333332
2025-07-07 18:00:00,23.265925925925927
2025-07-07 19:00:00,21.108275862068965
2025-07-07 20:00:00,20.515862068965518
2025-07-07 21:00:00,25.273666666666667
2025-07-07 22:00:00,31.299666666666667
2025-07-07 23:00:00,31.339310344827588
2025-07-08 00:00:00,32.57966666666667
2025-07-08 01:00:00,33.20433333333333
2025-07-08 02:00:00,33.54
2025-07-08 03:00:00,37.50142857142857
2025-07-08 04:00:00,38.38517241379311
2025-07-08 05:00:00,36.21206896551725
2025-07-08 06:00:00,38.00607142857143
2025-07-08 07:00:00,43.316071428571426
2025-07-08 08:00:00,42.893103448275866
2025-07-08 09:00:00,37.14357142857143
2025-07-08 10:00:00,40.02214285714285
2025-07-08 11:00:00,33.221428571428575
2025-07-08 12:00:00,29.057777777777776
2025-07-08 13:00:00,29.584333333333333
2025-07-08 14:00:00,27.236666666666668
2025-07-08 15:00:00,25.649
2025-07-08 16:00:00,25.692
2025-07-08 17:00:00,25.108709677419355
2025-07-08 18:00:00,30.555333333333333
2025-07-08 19:00:00,31.981333333333335
2025-07-08 20:00:00,37.81766666666667
2025-07-08 21:00:00,39.30806451612903
2025-07-08 22:00:00,42.60666666666667
2025-07-08 23:00:00,44.71433333333333
2025-07-09 00:00:00,41.182903225806456
2025-07-09 01:00:00,15.077857142857143
2025-07-09 02:00:00,10.058333333333334
2025-07-09 03:00:00,8.686818181818182
2025-07-09 04:00:00,10.1
2025-07-09 05:00:00,11.715217391304348
2025-07-09 06:00:00,11.932692307692308
2025-07-09 07:00:00,17.242222222222225
2025-07-09 08:00:00,19.89392857142857
2025-07-09 09:00:00,20.58344827586207
2025-07-09 10:00:00,21.667777777777776
2025-07-09 11:00:00,25.25689655172414
2025-07-09 12:00:00,25.717333333333332
2025-07-09 13:00:00,25.855666666666668
2025-07-09 14:00:00,27.250666666666667
2025-07-09 15:00:00,25.198333333333334
2025-07-09 16:00:00,26.70758620689655
2025-07-09 17:00:00,21.531333333333336
2025-07-09 18:00:00,30.253
2025-07-09 19:00:00,33.81333333333333
2025-07-09 20:00:00,12.92
2025-07-09 21:00:00,9.88904761904762
2025-07-09 22:00:00,6.2625
2025-07-09 23:00:00,9.059999999999999
2025-07-10 00:00:00,7.571000000000001
2025-07-10 01:00:00,7.283333333333333
2025-07-10 02:00:00,5.836363636363637
2025-07-10 03:00:00,6.443888888888889
2025-07-10 04:00:00,7.458181818181817
2025-07-10 05:00:00,8.118076923076924
2025-07-10 06:00:00,11.075909090909091
2025-07-10 07:00:00,14.050869565217392
2025-07-10 08:00:00,12.01576923076923
2025-07-10 09:00:00,13.630370370370372
2025-07-10 10:00:00,18.720000000000002
2025-07-10 11:00:00,18.7572
2025-07-10 12:00:00,18.89909090909091
2025-07-10 13:00:00,17.884074074074075
2025-07-10 14:00:00,13.544333333333332
2025-07-10 15:00:00,14.698275862068966
2025-07-10 16:00:00,16.3352
2025-07-10 17:00:00,19.720357142857146
2025-07-10 18:00:00,21.07962962962963
2025-07-10 19:00:00,26.150000000000002
2025-07-10 20:00:00,29.269642857142856
2025-07-10 21:00:00,30.501666666666665
2025-07-10 22:00:00,32.57733333333333
2025-07-10 23:00:00,33.286206896551725
2025-07-11 00:00:00,32.25185185185185
2025-07-11 01:00:00,33.63321428571429
2025-07-11 02:00:00,35.95428571428572
2025-07-11 03:00:00,42.097500000000004
2025-07-11 04:00:00,38.23074074074074
2025-07-11 05:00:00,39.68035714285714
2025-07-11 06:00:00,38.92
2025-07-11 07:00:00,42.05444444444444
2025-07-11 08:00:00,47.175000000000004
2025-07-11 09:00:00,40.56428571428571
2025-07-11 10:00:00,34.34285714285714
2025-07-11 11:00:00,30.953928571428573
2025-07-11 12:00:00,29.908148148148147
2025-07-11 13:00:00,22.751785714285713
2025-07-11 14:00:00,25.396153846153844
2025-07-11 15:00:00,26.47
2025-07-11 16:00:00,29.677500000000002
2025-07-11 17:00:00,35.89379310344828
2025-07-11 18:00:00,34.1408
2025-07-11 19:00:00,40.285000000000004
2025-07-11 20:00:00,44.47035714285715
2025-07-11 21:00:00,50.276785714285715
2025-07-11 22:00:00,50.4375
2025-07-11 23:00:00,52.17285714285714
2025-07-12 00:00:00,54.847142857142856
2025-07-12 01:00:00,52.034444444444446
2025-07-12 02:00:00,45.617142857142866
2025-07-12 03:00:00,37.05785714285714
2025-07-12 04:00:00,31.00607142857143
2025-07-12 05:00:00,33.53107142857143
2025-07-12 06:00:00,39.621428571428574
2025-07-12 07:00:00,32.73607142857143
2025-07-12 08:00:00,40.31892857142857
2025-07-12 09:00:00,40.96321428571429
2025-07-12 10:00:00,43.84392857142858
2025-07-12 11:00:00,45.855555555555554
2025-07-12 12:00:00,44.87103448275862
2025-07-12 13:00:00,46.71892857142858
2025-07-12 14:00:00,42.78785714285714
2025-07-12 15:00:00,44.108620689655176
2025-07-12 16:00:00,33.29379310344827
2025-07-12 17:00:00,24.056206896551725
2025-07-12 18:00:00,25.27592592592593
2025-07-12 19:00:00,29.922758620689656
2025-07-12 20:00:00,32.59551724137931
2025-07-12 21:00:00,21.694074074074074
2025-07-12 22:00:00,24.27857142857143
2025-07-12 23:00:00,27.23464285714286
2025-07-13 00:00:00,28.831071428571427
2025-07-13 01:00:00,31.973333333333333
2025-07-13 02:00:00,34.30074074074074
2025-07-13 03:00:00,33.04925925925926
2025-07-13 04:00:00,38.7962962962963
2025-07-13 05:00:00,39.180740740740745
2025-07-13 06:00:00,35.88037037037037
2025-07-13 07:00:00,35.63703703703704
2025-07-13 08:00:00,37.45777777777778
2025-07-13 09:00:00,32.77740740740741
2025-07-13 10:00:00,27.76423076923077
2025-07-13 11:00:00,28.116071428571427
2025-07-13 12:00:00,31.991481481481483
2025-07-13 13:00:00,34.443461538461534
2025-07-13 14:00:00,34.426153846153845
2025-07-13 15:00:00,38.278571428571425
2025-07-13 16:00:00,37.44642857142857
2025-07-13 17:00:00,29.599285714285713
2025-07-13 18:00:00,26.144137931034486
2025-07-13 19:00:00,26.09892857142857
2025-07-13 20:00:00,13.56962962962963
2025-07-13 21:00:00,14.208148148148148
2025-07-13 22:00:00,16.448461538461537
2025-07-13 23:00:00,18.597037037037037
2025-07-14 00:00:00,19.484074074074073
2025-07-14 01:00:00,21.33241379310345
2025-07-14 02:00:00,21.633214285714285
2025-07-14 03:00:00,18.852857142857143
2025-07-14 04:00:00,17.778888888888886
2025-07-14 05:00:00,17.004615384615384
2025-07-14 06:00:00,22.990769230769235
2025-07-14 07:00:00,24.74285714285714
2025-07-14 08:00:00,29.98423076923077
2025-07-14 09:00:00,28.586153846153845
2025-07-14 10:00:00,24.492692307692305
2025-07-14 11:00:00,20.23
2025-07-14 12:00:00,23.984999999999996
2025-07-14 13:00:00,22.288571428571426
2025-07-14 14:00:00,19.984827586206894
2025-07-14 15:00:00,18.685172413793104
2025-07-14 16:00:00,16.23793103448276
2025-07-14 17:00:00,16.78551724137931
2025-07-14 18:00:00,18.552666666666664
2025-07-14 19:00:00,15.749655172413794
2025-07-14 20:00:00,10.363333333333333
2025-07-14 21:00:00,12.81
2025-07-14 22:00:00,14.732962962962961
2025-07-14 23:00:00,14.72344827586207
2025-07-15 00:00:00,14.55892857142857
2025-07-15 01:00:00,14.873199999999999
2025-07-15 02:00:00,14.566538461538462
2025-07-15 03:00:00,13.856428571428571
2025-07-15 04:00:00,13.245000000000001
2025-07-15 05:00:00,14.489285714285714
2025-07-15 06:00:00,14.041071428571428
2025-07-15 07:00:00,16.483793103448274
2025-07-15 08:00:00,17.15740740740741
2025-07-15 09:00:00,20.034137931034483
2025-07-15 10:00:00,20.810714285714287
2025-07-15 11:00:00,22.07896551724138
2025-07-15 12:00:00,23.114285714285717
2025-07-15 13:00:00,22.610344827586207
2025-07-15 14:00:00,20.218888888888888
2025-07-15 15:00:00,18.047307692307694
2025-07-15 16:00:00,19.529642857142854
2025-07-15 17:00:00,19.483214285714286
2025-07-15 18:00:00,19.120714285714286
2025-07-15 19:00:00,19.15142857142857
2025-07-15 20:00:00,18.81896551724138
2025-07-15 21:00:00,19.749310344827588
2025-07-15 22:00:00,20.978965517241377
2025-07-15 23:00:00,21.54586206896552
2025-07-16 00:00:00,23.61896551724138
2025-07-16 01:00:00,23.678620689655176
2025-07-16 02:00:00,22.194
2025-07-16 03:00:00,24.660999999999998
2025-07-16 04:00:00,24.279333333333334
2025-07-16 05:00:00,20.84466666666667
2025-07-16 06:00:00,22.841724137931035
2025-07-16 07:00:00,25.759285714285713
2025-07-16 08:00:00,33.42
2025-07-16 09:00:00,37.004333333333335
2025-07-16 10:00:00,33.973
2025-07-16 11:00:00,31.945862068965518
2025-07-16 12:00:00,31.689999999999998
2025-07-16 13:00:00,28.430689655172415
2025-07-16 14:00:00,21.53107142857143
2025-07-16 15:00:00,20.189285714285713
2025-07-16 16:00:00,24.604137931034483
2025-07-16 17:00:00,27.447741935483872
2025-07-16 18:00:00,28.22290322580645
2025-07-16 19:00:00,28.043333333333333
2025-07-16 20:00:00,27.886451612903226
2025-07-16 21:00:00,33.490645161290324
2025-07-16 22:00:00,44.931935483870966
2025-07-16 23:00:00,31.173548387096773
2025-07-17 00:00:00,31.41774193548387
2025-07-17 01:00:00,35.02166666666667
2025-07-17 02:00:00,34.163870967741936
2025-07-17 03:00:00,33.71806451612903
2025-07-17 04:00:00,28.92516129032258
2025-07-17 05:00:00,18.14392857142857
2025-07-17 06:00:00,12.857037037037037
2025-07-17 07:00:00,10.622222222222222
2025-07-17 08:00:00,14.40103448275862
2025-07-17 09:00:00,18.195357142857144
2025-07-17 10:00:00,22.467142857142854
2025-07-17 11:00:00,24.215172413793105
2025-07-17 12:00:00,26.26833333333333
2025-07-17 13:00:00,27.373333333333335
2025-07-17 14:00:00,27.765666666666668
2025-07-17 15:00:00,28.359333333333332
2025-07-17 16:00:00,31.40290322580645
2025-07-17 17:00:00,28.02258064516129
2025-07-17 18:00:00,26.144516129032258
2025-07-17 19:00:00,25.765806451612903
2025-07-17 20:00:00,29.177419354838708
2025-07-17 21:00:00,31.842666666666666
2025-07-17 22:00:00,19.774482758620692
2025-07-17 23:00:00,10.80318181818182
2025-07-18 00:00:00,16.2032
2025-07-18 01:00:00,19.9884
2025-07-18 02:00:00,14.259310344827586
2025-07-18 03:00:00,17.301724137931036
2025-07-18 04:00:00,14.45516129032258
2025-07-18 05:00:00,15.738666666666665
2025-07-18 06:00:00,18.460714285714285
2025-07-18 07:00:00,20.93
2025-07-18 08:00:00,23.72
2025-07-18 09:00:00,25.857586206896553
2025-07-18 10:00:00,24.965862068965517
2025-07-18 11:00:00,29.282666666666668
2025-07-18 12:00:00,32.525666666666666
2025-07-18 13:00:00,34.400333333333336
2025-07-18 14:00:00,32.99366666666666
2025-07-18 15:00:00,29.997586206896553
2025-07-18 16:00:00,30.040000000000003
2025-07-18 17:00:00,27.391785714285714
2025-07-18 18:00:00,22.736428571428572
2025-07-18 19:00:00,21.455172413793104
2025-07-18 20:00:00,25.620322580645162
2025-07-18 21:00:00,27.007333333333335
2025-07-18 22:00:00,24.759310344827586
2025-07-18 23:00:00,25.074666666666666
2025-07-19 00:00:00,23.949333333333335
2025-07-19 01:00:00,22.630333333333333
2025-07-19 02:00:00,20.141666666666666
2025-07-19 03:00:00,17.052666666666667
2025-07-19 04:00:00,15.686666666666667
2025-07-19 05:00:00,15.387666666666666
2025-07-19 06:00:00,15.524137931034483
2025-07-19 07:00:00,15.658999999999999
2025-07-19 08:00:00,16.988999999999997
2025-07-19 09:00:00,18.061666666666667
2025-07-19 10:00:00,17.864827586206893
2025-07-19 11:00:00,16.56740740740741
2025-07-19 12:00:00,17.03290322580645
2025-07-19 13:00:00,19.634
2025-07-19 14:00:00,17.276666666666664
2025-07-19 15:00:00,17.971333333333334
2025-07-19 16:00:00,19.21379310344828
2025-07-19 17:00:00,18.114333333333335
2025-07-19 18:00:00,17.55233333333333
2025-07-19 19:00:00,17.413870967741932
2025-07-19 20:00:00,20.850322580645162
2025-07-19 21:00:00,27.133870967741935
2025-07-19 22:00:00,28.375806451612902
2025-07-19 23:00:00,30.721
2025-07-20 00:00:00,35.5516129032258
2025-07-20 01:00:00,39.3941935483871
2025-07-20 02:00:00,38.36129032258064
2025-07-20 03:00:00,29.654193548387095
2025-07-20 04:00:00,23.54548387096774
2025-07-20 05:00:00,22.335806451612903
2025-07-20 06:00:00,22.709333333333333
2025-07-20 07:00:00,23.054
2025-07-20 08:00:00,22.710322580645162
2025-07-20 09:00:00,21.046129032258065
2025-07-20 10:00:00,24.19516129032258
2025-07-20 11:00:00,26.533548387096772
2025-07-20 12:00:00,25.649354838709677
2025-07-20 13:00:00,26.261290322580646
2025-07-20 14:00:00,24.414516129032258
2025-07-20 15:00:00,22.247741935483873
2025-07-20 16:00:00,23.620645161290323
2025-07-20 17:00:00,24.726451612903226
2025-07-20 18:00:00,21.919354838709676
2025-07-20 19:00:00,24.06483870967742
2025-07-20 20:00:00,28.350645161290323
2025-07-20 21:00:00,32.62677419354839
2025-07-20 22:00:00,32.8058064516129
2025-07-20 23:00:00,31.23161290322581
2025-07-21 00:00:00,31.066774193548387
2025-07-21 01:00:00,33.42032258064516
2025-07-21 02:00:00,31.40612903225806
2025-07-21 03:00:00,30.22290322580645
2025-07-21 04:00:00,26.951612903225808
2025-07-21 05:00:00,30.36225806451613
2025-07-21 06:00:00,28.98709677419355
2025-07-21 07:00:00,32.105333333333334
2025-07-21 08:00:00,33.48241379310345
2025-07-21 09:00:00,35.02758620689655
2025-07-21 10:00:00,36.22931034482759
2025-07-21 11:00:00,44.1
2025-07-21 12:00:00,51.61538461538461
2025-07-21 13:00:00,54.985
2025-07-21 14:00:00,53.525862068965516
2025-07-21 15:00:00,49.55357142857143
2025-07-21 16:00:00,46.491379310344826
2025-07-21 17:00:00,42.38793103448276
2025-07-21 18:00:00,28.48148148148148
2025-07-21 19:00:00,20.951923076923077
2025-07-21 20:00:00,24.03448275862069
2025-07-21 21:00:00,33.62354838709677
2025-07-21 22:00:00,38.854838709677416
2025-07-21 23:00:00,47.22838709677419
2025-07-22 00:00:00,52.58064516129032
2025-07-22 01:00:00,58.516129032258064
2025-07-22 02:00:00,58.193548387096776
2025-07-22 03:00:00,57.36290322580645
2025-07-22 04:00:00,52.75806451612903
2025-07-22 05:00:00,50.016129032258064
2025-07-22 06:00:00,47.145161290322584
2025-07-22 07:00:00,49.86290322580645
2025-07-22 08:00:00,45.80833333333333
2025-07-22 09:00:00,41.916666666666664
2025-07-22 10:00:00,41.87766666666666
2025-07-22 11:00:00,25.715161290322584
2025-07-22 12:00:00,19.330344827586206
2025-07-22 13:00:00,19.22222222222222
2025-07-22 14:00:00,18.525862068965516
2025-07-22 15:00:00,22.580357142857142
2025-07-22 16:00:00,25.366666666666667
2025-07-22 17:00:00,33.508620689655174
2025-07-22 18:00:00,41.85
2025-07-22 19:00:00,46.87096774193548
2025-07-22 20:00:00,50.38709677419355
2025-07-22 21:00:00,44.604838709677416
2025-07-22 22:00:00,30.5
2025-07-22 23:00:00,20.114
2025-07-23 00:00:00,15.89655172413793
2025-07-23 01:00:00,12.75
2025-07-23 02:00:00,13.879032258064516
2025-07-23 03:00:00,14.0
2025-07-23 04:00:00,13.405172413793103
2025-07-23 05:00:00,15.725806451612904
2025-07-23 06:00:00,16.766666666666666
2025-07-23 07:00:00,23.141666666666666
2025-07-23 08:00:00,26.653225806451612
2025-07-23 09:00:00,18.31896551724138
2025-07-23 10:00:00,15.72851851851852
2025-07-23 11:00:00,19.05
2025-07-23 12:00:00,18.016666666666666
2025-07-23 13:00:00,22.40740740740741
2025-07-23 14:00:00,26.161034482758623
2025-07-23 15:00:00,32.125
2025-07-23 16:00:00,34.325
2025-07-23 17:00:00,36.8
2025-07-23 18:00:00,37.20161290322581
2025-07-23 19:00:00,35.064516129032256
2025-07-23 20:00:00,32.29838709677419
2025-07-23 21:00:00,32.07258064516129
2025-07-23 22:00:00,32.403225806451616
2025-07-23 23:00:00,32.763548387096776
2025-07-24 00:00:00,32.0
2025-07-24 01:00:00,35.50833333333333
2025-07-24 02:00:00,32.69166666666667
2025-07-24 03:00:00,20.982758620689655
2025-07-24 04:00:00,10.694444444444445
2025-07-24 05:00:00,10.6875
2025-07-24 06:00:00,11.512142857142859
2025-07-24 07:00:00,18.675
2025-07-24 08:00:00,26.25
2025-07-24 09:00:00,29.366666666666667
2025-07-24 10:00:00,31.637931034482758
2025-07-24 11:00:00,33.419642857142854
2025-07-24 12:00:00,35.075
2025-07-24 13:00:00,35.65833333333333
2025-07-24 14:00:00,36.422413793103445
2025-07-24 15:00:00,34.14655172413793
2025-07-24 16:00:00,37.65464285714285
2025-07-24 17:00:00,40.589285714285715
2025-07-24 18:00:00,44.776785714285715
2025-07-24 19:00:00,45.974137931034484
2025-07-24 20:00:00,48.556451612903224
2025-07-24 21:00:00,55.58064516129032
2025-07-24 22:00:00,55.983870967741936
2025-07-24 23:00:00,61.07258064516129
2025-07-25 00:00:00,65.5
2025-07-25 01:00:00,59.46774193548387
2025-07-25 02:00:00,53.99193548387097
2025-07-25 03:00:00,50.25806451612903
2025-07-25 04:00:00,48.91935483870968
2025-07-25 05:00:00,48.95161290322581
2025-07-25 06:00:00,51.33064516129032
2025-07-25 07:00:00,47.58064516129032
2025-07-25 08:00:00,45.645161290322584
2025-07-25 09:00:00,45.806451612903224
2025-07-25 10:00:00,47.685483870967744
2025-07-25 11:00:00,37.454193548387096
2025-07-25 12:00:00,37.68103448275862
2025-07-25 13:00:00,38.09758620689655
2025-07-25 14:00:00,36.63967741935484
2025-07-25 15:00:00,39.483870967741936
2025-07-25 16:00:00,36.491379310344826
2025-07-25 17:00:00,36.86666666666667
2025-07-25 18:00:00,36.163870967741936
2025-07-25 19:00:00,36.107419354838704
2025-07-25 20:00:00,32.73066666666667
2025-07-25 21:00:00,29.201612903225808
2025-07-25 22:00:00,35.483870967741936
2025-07-25 23:00:00,39.814
2025-07-26 00:00:00,45.193548387096776
2025-07-26 01:00:00,39.685483870967744
2025-07-26 02:00:00,23.400645161290324
2025-07-26 03:00:00,17.555666666666664
2025-07-26 04:00:00,15.314516129032258
2025-07-26 05:00:00,22.377857142857145
2025-07-26 06:00:00,26.8
2025-07-26 07:00:00,25.629032258064516
2025-07-26 08:00:00,25.891666666666666
2025-07-26 09:00:00,27.96551724137931
2025-07-26 10:00:00,30.308333333333334
2025-07-26 11:00:00,33.708333333333336
2025-07-26 12:00:00,34.346774193548384
2025-07-26 13:00:00,32.04838709677419
2025-07-26 14:00:00,31.169354838709676
2025-07-26 15:00:00,29.29032258064516
2025-07-26 16:00:00,28.29032258064516
2025-07-26 17:00:00,27.4
2025-07-26 18:00:00,28.217741935483872
2025-07-26 19:00:00,28.06451612903226
2025-07-26 20:00:00,29.68548387096774
2025-07-26 21:00:00,32.28225806451613
2025-07-26 22:00:00,35.29032258064516
2025-07-26 23:00:00,35.336129032258064
2025-07-27 00:00:00,36.46666666666667
2025-07-27 01:00:00,37.725
2025-07-27 02:00:00,40.74166666666667
2025-07-27 03:00:00,40.88333333333333
2025-07-27 04:00:00,47.49166666666667
2025-07-27 05:00:00,52.956896551724135
2025-07-27 06:00:00,38.141666666666666
2025-07-27 07:00:00,25.401785714285715
2025-07-27 08:00:00,21.310344827586206
2025-07-27 09:00:00,20.10185185185185
2025-07-27 10:00:00,17.212962962962962
2025-07-27 11:00:00,19.366666666666667
2025-07-27 12:00:00,20.29034482758621
2025-07-27 13:00:00,21.035714285714285
2025-07-27 14:00:00,21.637931034482758
2025-07-27 15:00:00,24.379310344827587
2025-07-27 16:00:00,23.339285714285715
2025-07-27 17:00:00,21.294642857142858
2025-07-27 18:00:00,21.955357142857142
2025-07-27 19:00:00,24.25
2025-07-27 20:00:00,27.78448275862069
2025-07-27 21:00:00,30.166666666666668
2025-07-27 22:00:00,29.551724137931036
2025-07-27 23:00:00,27.591666666666665
2025-07-28 00:00:00,27.291666666666668
2025-07-28 01:00:00,24.3
2025-07-28 02:00:00,28.341666666666665
2025-07-28 03:00:00,28.13066666666667
2025-07-28 04:00:00,25.133333333333333
2025-07-28 05:00:00,22.825
2025-07-28 06:00:00,25.008333333333333
2025-07-28 07:00:00,29.733333333333334
2025-07-28 08:00:00,36.53333333333333
2025-07-28 09:00:00,35.206896551724135
2025-07-28 10:00:00,35.15
2025-07-28 11:00:00,36.293103448275865
2025-07-28 12:00:00,41.233333333333334
2025-07-28 13:00:00,45.916666666666664
2025-07-28 14:00:00,47.375
2025-07-28 15:00:00,51.05833333333333
2025-07-28 16:00:00,53.935483870967744
2025-07-28 17:00:00,45.85344827586207
2025-07-28 18:00:00,46.9251724137931
2025-07-28 19:00:00,52.25266666666666
2025-07-28 20:00:00,55.010999999999996
2025-07-28 21:00:00,49.314516129032256
2025-07-28 22:00:00,42.096774193548384
2025-07-28 23:00:00,33.35
2025-07-29 00:00:00,33.15
2025-07-29 01:00:00,36.916666666666664
2025-07-29 02:00:00,32.79838709677419
2025-07-29 03:00:00,29.53448275862069
2025-07-29 04:00:00,27.96551724137931
2025-07-29 05:00:00,25.851071428571426
2025-07-29 06:00:00,30.401785714285715
2025-07-29 07:00:00,30.933333333333334
2025-07-29 08:00:00,33.19827586206897
2025-07-29 09:00:00,31.22137931034483
2025-07-29 10:00:00,21.68
2025-07-29 11:00:00,14.262222222222222
2025-07-29 12:00:00,11.88107142857143
2025-07-29 13:00:00,13.316206896551725
2025-07-29 14:00:00,17.37333333333333
2025-07-29 15:00:00,17.767241379310345
2025-07-29 16:00:00,21.044642857142858
2025-07-29 17:00:00,25.88888888888889
2025-07-29 18:00:00,26.925
2025-07-29 19:00:00,25.862903225806452
2025-07-29 20:00:00,31.879032258064516
2025-07-29 21:00:00,37.725806451612904
2025-07-29 22:00:00,27.153225806451612
2025-07-29 23:00:00,28.06933333333333
2025-07-30 00:00:00,25.192413793103444
2025-07-30 01:00:00,27.341666666666665
2025-07-30 02:00:00,21.212758620689655
2025-07-30 03:00:00,19.255483870967744
2025-07-30 04:00:00,24.283333333333335
2025-07-30 05:00:00,24.75
2025-07-30 06:00:00,26.766666666666666
2025-07-30 07:00:00,29.276785714285715
2025-07-30 08:00:00,27.85185185185185
2025-07-30 09:00:00,27.67241379310345
2025-07-30 10:00:00,28.913793103448278
2025-07-30 11:00:00,29.71551724137931
2025-07-30 12:00:00,26.198275862068964
2025-07-30 13:00:00,30.879032258064516
2025-07-30 14:00:00,27.267241379310345
2025-07-30 15:00:00,25.396551724137932
2025-07-30 16:00:00,29.801724137931036
2025-07-30 17:00:00,25.21551724137931
2025-07-30 18:00:00,21.794642857142858
2025-07-30 19:00:00,26.425925925925927
2025-07-30 20:00:00,24.811851851851856
2025-07-30 21:00:00,23.60185185185185
2025-07-30 22:00:00,21.734999999999996
2025-07-30 23:00:00,19.212962962962962
2025-07-31 00:00:00,16.2268
2025-07-31 01:00:00,11.833181818181817
2025-07-31 02:00:00,11.858148148148148
2025-07-31 03:00:00,11.887826086956522
2025-07-31 04:00:00,11.610000000000001
2025-07-31 05:00:00,15.372857142857143
2025-07-31 06:00:00,12.862173913043478
2025-07-31 07:00:00,12.284583333333332
2025-07-31 08:00:00,15.94681818181818
2025-07-31 09:00:00,22.19
2025-07-31 10:00:00,32.903600000000004
2025-07-31 11:00:00,40.87785714285714
2025-07-31 12:00:00,40.08
2025-07-31 13:00:00,38.91379310344828
2025-07-31 14:00:00,24.27777777777778
2025-07-31 15:00:00,10.575714285714286
2025-07-31 16:00:00,10.0032
2025-07-31 17:00:00,10.04
2025-07-31 18:00:00,17.7232
2025-07-31 19:00:00,19.734444444444446
2025-07-31 20:00:00,19.198275862068964
2025-07-31 21:00:00,19.625
2025-07-31 22:00:00,21.435185185185187
2025-07-31 23:00:00,24.175925925925927
2025-08-01 00:00:00,25.06896551724138
2025-08-01 01:00:00,25.646551724137932
2025-08-01 02:00:00,28.298076923076923
2025-08-01 03:00:00,28.1875
2025-08-01 04:00:00,17.71
2025-08-01 05:00:00,8.785384615384617
2025-08-01 06:00:00,7.630434782608695
2025-08-01 07:00:00,7.704999999999999
2025-08-01 08:00:00,13.160714285714286
2025-08-01 09:00:00,24.689655172413794
2025-08-01 10:00:00,33.28857142857142
2025-08-01 11:00:00,34.31666666666667
2025-08-01 12:00:00,32.94166666666667
2025-08-01 13:00:00,29.661034482758623
2025-08-01 14:00:00,28.258333333333333
2025-08-01 15:00:00,26.578064516129036
2025-08-01 16:00:00,25.78066666666667
2025-08-01 17:00:00,22.024193548387096
2025-08-01 18:00:00,23.967741935483872
2025-08-01 19:00:00,24.20967741935484
2025-08-01 20:00:00,21.233333333333334
2025-08-01 21:00:00,19.325
2025-08-01 22:00:00,19.838709677419356
2025-08-01 23:00:00,22.99483870967742
2025-08-02 00:00:00,20.616666666666667
2025-08-02 01:00:00,20.353448275862068
2025-08-02 02:00:00,20.572580645161292
2025-08-02 03:00:00,19.32516129032258
2025-08-02 04:00:00,19.225806451612904
2025-08-02 05:00:00,20.403225806451612
2025-08-02 06:00:00,20.701612903225808
2025-08-02 07:00:00,23.008064516129032
2025-08-02 08:00:00,33.04032258064516
2025-08-02 09:00:00,32.744516129032256
2025-08-02 10:00:00,33.024193548387096
2025-08-02 11:00:00,33.395161290322584
2025-08-02 12:00:00,34.016129032258064
2025-08-02 13:00:00,30.45967741935484
2025-08-02 14:00:00,32.05833333333333
2025-08-02 15:00:00,32.193548387096776
2025-08-02 16:00:00,33.79838709677419
2025-08-02 17:00:00,31.822580645161292
2025-08-02 18:00:00,30.108333333333334
2025-08-02 19:00:00,29.366666666666667
2025-08-02 20:00:00,26.252666666666663
2025-08-02 21:00:00,23.858333333333334
2025-08-02 22:00:00,21.697333333333333
2025-08-02 23:00:00,22.566666666666666
2025-08-03 00:00:00,21.05096774193548
2025-08-03 01:00:00,19.56451612903226
2025-08-03 02:00:00,15.169333333333332
2025-08-03 03:00:00,10.413666666666666
2025-08-03 04:00:00,10.55642857142857
2025-08-03 05:00:00,13.336206896551724
2025-08-03 06:00:00,16.852666666666668
2025-08-03 07:00:00,17.591666666666665
2025-08-03 08:00:00,22.715161290322584
2025-08-03 09:00:00,27.05
2025-08-03 10:00:00,30.951612903225808
2025-08-03 11:00:00,33.12096774193548
2025-08-03 12:00:00,37.49166666666667
2025-08-03 13:00:00,38.193548387096776
2025-08-03 14:00:00,37.53225806451613
2025-08-03 15:00:00,42.28225806451613
2025-08-03 16:00:00,43.814516129032256
2025-08-03 17:00:00,42.49193548387097
2025-08-03 18:00:00,41.82258064516129
2025-08-03 19:00:00,42.715161290322584
2025-08-03 20:00:00,43.486451612903224
2025-08-03 21:00:00,48.225806451612904
2025-08-03 22:00:00,45.45967741935484
2025-08-03 23:00:00,42.96774193548387
2025-08-04 00:00:00,39.145161290322584
2025-08-04 01:00:00,40.774193548387096
2025-08-04 02:00:00,38.57258064516129
2025-08-04 03:00:00,36.535999999999994
2025-08-04 04:00:00,31.016666666666666
2025-08-04 05:00:00,30.733333333333334
2025-08-04 06:00:00,29.439655172413794
2025-08-04 07:00:00,29.81896551724138
2025-08-04 08:00:00,31.45
2025-08-04 09:00:00,30.137096774193548
2025-08-04 10:00:00,28.800967741935484
2025-08-04 11:00:00,29.701612903225808
2025-08-04 12:00:00,30.637096774193548
2025-08-04 13:00:00,33.45161290322581
2025-08-04 14:00:00,33.82233333333333
2025-08-04 15:00:00,33.17741935483871
2025-08-04 16:00:00,34.806451612903224
2025-08-04 17:00:00,35.766129032258064
2025-08-04 18:00:00,38.075
2025-08-04 19:00:00,35.145161290322584
2025-08-04 20:00:00,33.86933333333333
2025-08-04 21:00:00,32.8303448275862
2025-08-04 22:00:00,30.975
2025-08-04 23:00:00,31.811935483870965
2025-08-05 00:00:00,36.16129032258065
2025-08-05 01:00:00,35.70161290322581
2025-08-05 02:00:00,32.346774193548384
2025-08-05 03:00:00,27.06451612903226
2025-08-05 04:00:00,26.733870967741936
2025-08-05 05:00:00,25.927666666666664
2025-08-05 06:00:00,24.919354838709676
2025-08-05 07:00:00,26.416666666666668
2025-08-05 08:00:00,27.817096774193548
2025-08-05 09:00:00,29.080645161290324
2025-08-05 10:00:00,30.002580645161288
2025-08-05 11:00:00,29.749666666666666
2025-08-05 12:00:00,34.96933333333333
2025-08-05 13:00:00,28.658333333333335
2025-08-05 14:00:00,28.29032258064516
2025-08-05 15:00:00,30.129032258064516
2025-08-05 16:00:00,29.941666666666666
2025-08-05 17:00:00,30.85483870967742
2025-08-05 18:00:00,29.85
2025-08-05 19:00:00,28.466666666666665
2025-08-05 20:00:00,24.355666666666668
2025-08-05 21:00:00,23.266666666666666
2025-08-05 22:00:00,27.55642857142857
2025-08-05 23:00:00,33.039
2025-08-06 00:00:00,29.033333333333335
2025-08-06 01:00:00,29.226896551724135
2025-08-06 02:00:00,24.78724137931034
2025-08-06 03:00:00,22.857142857142858
2025-08-06 04:00:00,23.723214285714285
2025-08-06 05:00:00,25.98821428571429
2025-08-06 06:00:00,26.767857142857142
2025-08-06 07:00:00,27.598214285714285
2025-08-06 08:00:00,25.838965517241377
2025-08-06 09:00:00,24.214285714285715
2025-08-06 10:00:00,27.407931034482758
2025-08-06 11:00:00,26.29310344827586
2025-08-06 12:00:00,30.683333333333334
2025-08-06 13:00:00,29.129310344827587
2025-08-06 14:00:00,32.13392857142857
2025-08-06 15:00:00,35.8125
2025-08-06 16:00:00,31.612903225806452
2025-08-06 17:00:00,31.05
2025-08-06 18:00:00,32.11666666666667
2025-08-06 19:00:00,31.608333333333334
2025-08-06 20:00:00,33.575
2025-08-06 21:00:00,35.34166666666667
2025-08-06 22:00:00,36.45
2025-08-06 23:00:00,38.44733333333333
2025-08-07 00:00:00,43.704193548387096
2025-08-07 01:00:00,41.391666666666666
2025-08-07 02:00:00,34.36666666666667
2025-08-07 03:00:00,30.783333333333335
2025-08-07 04:00:00,30.102258064516132
2025-08-07 05:00:00,26.373548387096772
2025-08-07 06:00:00,20.59433333333333
2025-08-07 07:00:00,21.862903225806452
2025-08-07 08:00:00,25.282258064516128
2025-08-07 09:00:00,26.983870967741936
2025-08-07 10:00:00,27.403225806451612
2025-08-07 11:00:00,28.43548387096774
2025-08-07 12:00:00,32.53225806451613
2025-08-07 13:00:00,31.741666666666667
2025-08-07 14:00:00,29.875
2025-08-07 15:00:00,30.508333333333333
2025-08-07 16:00:00,28.394333333333332
2025-08-07 17:00:00,28.841666666666665
2025-08-07 18:00:00,28.516129032258064
2025-08-07 19:00:00,28.791666666666668
2025-08-07 20:00:00,32.99741935483871
2025-08-07 21:00:00,36.70161290322581
2025-08-07 22:00:00,35.475806451612904
2025-08-07 23:00:00,35.83322580645161
2025-08-08 00:00:00,35.413870967741936
2025-08-08 01:00:00,35.73066666666667
2025-08-08 02:00:00,33.505483870967744
2025-08-08 03:00:00,28.411290322580644
2025-08-08 04:00:00,25.716666666666665
2025-08-08 05:00:00,22.84433333333333
2025-08-08 06:00:00,20.997241379310346
2025-08-08 07:00:00,26.107142857142858
2025-08-08 08:00:00,26.25
2025-08-08 09:00:00,28.25862068965517
2025-08-08 10:00:00,29.941666666666666
2025-08-08 11:00:00,30.475806451612904
2025-08-08 12:00:00,31.903225806451612
2025-08-08 13:00:00,30.217741935483872
2025-08-08 14:00:00,29.698275862068964
2025-08-08 15:00:00,32.88793103448276
2025-08-08 16:00:00,29.983333333333334
2025-08-08 17:00:00,30.158333333333335
2025-08-08 18:00:00,32.733870967741936
2025-08-08 19:00:00,33.354838709677416
2025-08-08 20:00:00,38.89774193548387
2025-08-08 21:00:00,42.74166666666667
2025-08-08 22:00:00,37.21774193548387
2025-08-08 23:00:00,32.365483870967736
2025-08-09 00:00:00,22.964000000000002
2025-08-09 01:00:00,17.732142857142858
2025-08-09 02:00:00,17.629310344827587
2025-08-09 03:00:00,18.057586206896556
2025-08-09 04:00:00,20.732758620689655
2025-08-09 05:00:00,21.04032258064516
2025-08-09 06:00:00,25.120967741935484
2025-08-09 07:00:00,31.56451612903226
2025-08-09 08:00:00,59.93428571428571
2025-08-09 09:00:00,13.75
2025-08-09 10:00:00,15.26
2025-08-09 11:00:00,15.923076923076923
2025-08-09 12:00:00,15.89
2025-08-09 13:00:00,18.642500000000002
2025-08-09 14:00:00,20.576249999999998
2025-08-09 15:00:00,20.72
2025-08-09 16:00:00,21.444444444444443
2025-08-09 17:00:00,20.046296296296298
2025-08-09 18:00:00,23.568181818181817
2025-08-09 19:00:00,25.16
2025-08-09 20:00:00,27.532608695652176
2025-08-09 21:00:00,33.864583333333336
2025-08-09 22:00:00,31.36
2025-08-09 23:00:00,30.77791666666667
2025-08-10 00:00:00,31.65
2025-08-10 01:00:00,33.28
2025-08-10 02:00:00,32.28125
2025-08-10 03:00:00,33.072916666666664
2025-08-10 04:00:00,32.916666666666664
2025-08-10 05:00:00,30.619565217391305
2025-08-10 06:00:00,30.270833333333332
2025-08-10 07:00:00,33.739583333333336
2025-08-10 08:00:00,37.03
2025-08-10 09:00:00,38.71153846153846
2025-08-10 10:00:00,35.36607142857143
2025-08-10 11:00:00,35.044642857142854
2025-08-10 12:00:00,32.1
2025-08-10 13:00:00,29.491666666666667
2025-08-10 14:00:00,28.267241379310345
2025-08-10 15:00:00,30.50862068965517
2025-08-10 16:00:00,30.401785714285715
2025-08-10 17:00:00,27.448275862068964
2025-08-10 18:00:00,28.28448275862069
2025-08-10 19:00:00,31.474137931034484
2025-08-10 20:00:00,37.589285714285715
2025-08-10 21:00:00,42.901785714285715
2025-08-10 22:00:00,41.00892857142857
2025-08-10 23:00:00,38.848214285714285
2025-08-11 00:00:00,38.19444444444444
2025-08-11 01:00:00,31.34259259259259
2025-08-11 02:00:00,27.267857142857142
2025-08-11 03:00:00,23.3125
2025-08-11 04:00:00,21.508928571428573
2025-08-11 05:00:00,22.660714285714285
2025-08-11 06:00:00,23.67241379310345
2025-08-11 07:00:00,25.81896551724138
2025-08-11 08:00:00,23.79310344827586
2025-08-11 09:00:00,24.24137931034483
2025-08-11 10:00:00,26.232758620689655
2025-08-11 11:00:00,27.116071428571427
2025-08-11 12:00:00,27.08
2025-08-11 13:00:00,31.06896551724138
2025-08-11 14:00:00,28.93103448275862
2025-08-11 15:00:00,30.608333333333334
2025-08-11 16:00:00,33.175
2025-08-11 17:00:00,34.6
2025-08-11 18:00:00,33.125
2025-08-11 19:00:00,41.95
2025-08-11 20:00:00,46.189
2025-08-11 21:00:00,50.51933333333333
2025-08-11 22:00:00,54.38333333333333
2025-08-11 23:00:00,51.99433333333333
2025-08-12 00:00:00,51.18333333333333
2025-08-12 01:00:00,49.958333333333336
2025-08-12 02:00:00,46.083333333333336
2025-08-12 03:00:00,39.625
2025-08-12 04:00:00,21.622142857142858
2025-08-12 05:00:00,17.366071428571427
2025-08-12 06:00:00,15.0
2025-08-12 07:00:00,17.625
2025-08-12 08:00:00,19.115384615384617
2025-08-12 09:00:00,20.517857142857142
2025-08-12 10:00:00,20.028846153846153
2025-08-12 11:00:00,21.375
2025-08-12 12:00:00,28.85
2025-08-12 13:00:00,34.64892857142858
2025-08-12 14:00:00,35.714285714285715
2025-08-12 15:00:00,34.419642857142854
2025-08-12 16:00:00,35.14423076923077
2025-08-12 17:00:00,29.962962962962962
2025-08-12 18:00:00,32.79
2025-08-12 19:00:00,32.06481481481482
2025-08-12 20:00:00,36.44827586206897
2025-08-12 21:00:00,43.1551724137931
2025-08-12 22:00:00,45.0
2025-08-12 23:00:00,43.3125
2025-08-13 00:00:00,46.439655172413794
2025-08-13 01:00:00,42.830357142857146
2025-08-13 02:00:00,40.5948275862069
2025-08-13 03:00:00,36.65
2025-08-13 04:00:00,36.891666666666666
2025-08-13 05:00:00,37.49166666666667
2025-08-13 06:00:00,38.975
2025-08-13 07:00:00,42.733333333333334
2025-08-13 08:00:00,35.78333333333333
2025-08-13 09:00:00,29.116666666666667
2025-08-13 10:00:00,27.366666666666667
2025-08-13 11:00:00,23.841666666666665
2025-08-13 12:00:00,25.46551724137931
2025-08-13 13:00:00,25.120689655172413
2025-08-13 14:00:00,29.366666666666667
2025-08-13 15:00:00,30.041666666666668
2025-08-13 16:00:00,31.6875
2025-08-13 17:00:00,30.767241379310345
2025-08-13 18:00:00,34.458333333333336
2025-08-13 19:00:00,37.291666666666664
2025-08-13 20:00:00,43.147333333333336
2025-08-13 21:00:00,46.8
2025-08-13 22:00:00,51.4
2025-08-13 23:00:00,50.678000000000004
2025-08-14 00:00:00,53.166666666666664
2025-08-14 01:00:00,54.233333333333334
2025-08-14 02:00:00,42.078
2025-08-14 03:00:00,36.827586206896555
2025-08-14 04:00:00,39.675
2025-08-14 05:00:00,30.613999999999997
2025-08-14 06:00:00,17.154074074074074
2025-08-14 07:00:00,11.565833333333332
2025-08-14 08:00:00,11.833333333333334
2025-08-14 09:00:00,17.166666666666668
2025-08-14 10:00:00,13.48090909090909
2025-08-14 11:00:00,11.159090909090908
2025-08-14 12:00:00,8.979166666666666
2025-08-14 13:00:00,12.087272727272728
2025-08-14 14:00:00,11.99
2025-08-14 15:00:00,14.416666666666666
2025-08-14 16:00:00,16.55142857142857
2025-08-14 17:00:00,20.69
2025-08-14 18:00:00,28.50862068965517
2025-08-14 19:00:00,33.839615384615385
2025-08-14 20:00:00,41.544642857142854
2025-08-14 21:00:00,42.714285714285715
2025-08-14 22:00:00,43.03703703703704
2025-08-14 23:00:00,42.42296296296296
2025-08-15 00:00:00,37.05555555555556
2025-08-15 01:00:00,37.398148148148145
2025-08-15 02:00:00,32.1551724137931
2025-08-15 03:00:00,32.592592592592595
2025-08-15 04:00:00,36.526785714285715
2025-08-15 05:00:00,36.824074074074076
2025-08-15 06:00:00,38.535714285714285
2025-08-15 07:00:00,41.62931034482759
2025-08-15 08:00:00,46.275862068965516
2025-08-15 09:00:00,53.776785714285715
2025-08-15 10:00:00,56.40833333333333
2025-08-15 11:00:00,51.27777777777778
2025-08-15 12:00:00,40.75
2025-08-15 13:00:00,30.24
2025-08-15 14:00:00,31.5
2025-08-15 15:00:00,29.15
2025-08-15 16:00:00,33.09
2025-08-15 17:00:00,36.93
2025-08-15 18:00:00,38.74
2025-08-15 19:00:00,44.861250000000005
2025-08-15 20:00:00,54.86538461538461
2025-08-15 21:00:00,65.63541666666667
2025-08-15 22:00:00,72.26
2025-08-15 23:00:00,68.99038461538461
2025-08-16 00:00:00,67.9423076923077
2025-08-16 01:00:00,56.425925925925924
2025-08-16 02:00:00,60.57692307692308
2025-08-16 03:00:00,63.97115384615385
2025-08-16 04:00:00,65.73076923076923
2025-08-16 05:00:00,54.77777777777778
2025-08-16 06:00:00,53.95192307692308
2025-08-16 07:00:00,53.020833333333336
2025-08-16 08:00:00,49.49038461538461
2025-08-16 09:00:00,46.660370370370366
2025-08-16 10:00:00,39.464615384615385
2025-08-16 11:00:00,35.5625
2025-08-16 12:00:00,33.77481481481482
2025-08-16 13:00:00,32.76851851851852
2025-08-16 14:00:00,38.1
2025-08-16 15:00:00,40.31310344827586
2025-08-16 16:00:00,42.224137931034484
2025-08-16 17:00:00,41.669642857142854
2025-08-16 18:00:00,34.55833333333333
2025-08-16 19:00:00,39.12931034482759
2025-08-16 20:00:00,48.775
2025-08-16 21:00:00,54.05172413793103
2025-08-16 22:00:00,52.810344827586206
2025-08-16 23:00:00,52.55903225806451
2025-08-17 00:00:00,52.31896551724138
2025-08-17 01:00:00,54.85
2025-08-17 02:00:00,47.71551724137931
2025-08-17 03:00:00,39.775
2025-08-17 04:00:00,38.225
2025-08-17 05:00:00,36.75
2025-08-17 06:00:00,34.24433333333333
2025-08-17 07:00:00,34.574285714285715
2025-08-17 08:00:00,34.69827586206897
2025-08-17 09:00:00,38.035714285714285
2025-08-17 10:00:00,40.410714285714285
2025-08-17 11:00:00,40.875
2025-08-17 12:00:00,36.96714285714285
2025-08-17 13:00:00,38.97607142857142
2025-08-17 14:00:00,35.068571428571424
2025-08-17 15:00:00,33.625
2025-08-17 16:00:00,25.997037037037035
2025-08-17 17:00:00,25.351071428571426
2025-08-17 18:00:00,26.724137931034484
2025-08-17 19:00:00,28.163793103448278
2025-08-17 20:00:00,39.31666666666667
2025-08-17 21:00:00,42.672413793103445
2025-08-17 22:00:00,41.83064516129032
2025-08-17 23:00:00,39.753103448275866
2025-08-18 00:00:00,41.175
2025-08-18 01:00:00,44.0625
2025-08-18 02:00:00,41.611111111111114
2025-08-18 03:00:00,33.767857142857146
2025-08-18 04:00:00,31.370689655172413
2025-08-18 05:00:00,35.008620689655174
2025-08-18 06:00:00,30.379310344827587
2025-08-18 07:00:00,31.35185185185185
2025-08-18 08:00:00,35.73275862068966
2025-08-18 09:00:00,40.0
2025-08-18 10:00:00,45.31535714285714
2025-08-18 11:00:00,40.30357142857143
2025-08-18 12:00:00,39.73
2025-08-18 13:00:00,36.41
2025-08-18 14:00:00,32.63392857142857
2025-08-18 15:00:00,30.24074074074074
2025-08-18 16:00:00,23.79310344827586
2025-08-18 17:00:00,22.076923076923077
2025-08-18 18:00:00,22.482758620689655
2025-08-18 19:00:00,24.91
2025-08-18 20:00:00,31.80642857142857
2025-08-18 21:00:00,40.07142857142857
2025-08-18 22:00:00,40.75
2025-08-18 23:00:00,41.37785714285714
2025-08-19 00:00:00,43.25892857142857
2025-08-19 01:00:00,45.25
2025-08-19 02:00:00,47.94827586206897
2025-08-19 03:00:00,44.6551724137931
2025-08-19 04:00:00,45.25892857142857
2025-08-19 05:00:00,44.85344827586207
2025-08-19 06:00:00,41.26923076923077
2025-08-19 07:00:00,44.035714285714285
2025-08-19 08:00:00,43.422413793103445
2025-08-19 09:00:00,36.13793103448276
2025-08-19 10:00:00,28.060344827586206
2025-08-19 11:00:00,24.791666666666668
2025-08-19 12:00:00,22.65
2025-08-19 13:00:00,23.26851851851852
2025-08-19 14:00:00,24.612068965517242
2025-08-19 15:00:00,17.133928571428573
2025-08-19 16:00:00,23.67241379310345
2025-08-19 17:00:00,28.161290322580644
2025-08-19 18:00:00,30.596774193548388
2025-08-19 19:00:00,28.68548387096774
2025-08-19 20:00:00,25.35483870967742
2025-08-19 21:00:00,33.25
2025-08-19 22:00:00,35.70967741935484
2025-08-19 23:00:00,43.15833333333333
2025-08-20 00:00:00,50.20709677419355
2025-08-20 01:00:00,58.38709677419355
2025-08-20 02:00:00,48.596774193548384
2025-08-20 03:00:00,44.145161290322584
2025-08-20 04:00:00,32.854838709677416
2025-08-20 05:00:00,26.14516129032258
2025-08-20 06:00:00,23.396551724137932
2025-08-20 07:00:00,22.833333333333332
2025-08-20 08:00:00,28.0
2025-08-20 09:00:00,27.178571428571427
2025-08-20 10:00:00,24.057586206896556
2025-08-20 11:00:00,23.05
2025-08-20 12:00:00,20.443548387096776
2025-08-20 13:00:00,19.189655172413794
2025-08-20 14:00:00,17.67241379310345
2025-08-20 15:00:00,20.517241379310345
2025-08-20 16:00:00,17.953703703703702
2025-08-20 17:00:00,20.266129032258064
2025-08-20 18:00:00,18.85483870967742
2025-08-20 19:00:00,25.266666666666666
2025-08-20 20:00:00,23.616071428571427
2025-08-20 21:00:00,32.108333333333334
2025-08-20 22:00:00,25.383333333333333
2025-08-20 23:00:00,24.333333333333332
2025-08-21 00:00:00,25.991666666666667
2025-08-21 01:00:00,27.267241379310345
2025-08-21 02:00:00,24.1
2025-08-21 03:00:00,30.966666666666665
2025-08-21 04:00:00,26.612068965517242
2025-08-21 05:00:00,31.93103448275862
2025-08-21 06:00:00,32.85344827586207
2025-08-21 07:00:00,32.00833333333333
2025-08-21 08:00:00,32.34433333333333
2025-08-21 09:00:00,31.20689655172414
2025-08-21 10:00:00,34.55172413793103
2025-08-21 11:00:00,32.49166666666667
2025-08-21 12:00:00,28.612068965517242
2025-08-21 13:00:00,25.421935483870964
2025-08-21 14:00:00,23.387096774193548
2025-08-21 15:00:00,28.07758620689655
2025-08-21 16:00:00,24.310344827586206
2025-08-21 17:00:00,22.481290322580644
2025-08-21 18:00:00,25.316666666666666
2025-08-21 19:00:00,27.516666666666666
2025-08-21 20:00:00,33.727666666666664
2025-08-21 21:00:00,39.29032258064516
2025-08-21 22:00:00,37.11666666666667
2025-08-21 23:00:00,38.21225806451613
2025-08-22 00:00:00,39.233333333333334
2025-08-22 01:00:00,38.330357142857146
2025-08-22 02:00:00,41.689655172413794
2025-08-22 03:00:00,46.293103448275865
2025-08-22 04:00:00,49.75
2025-08-22 05:00:00,48.060344827586206
2025-08-22 06:00:00,52.01724137931034
2025-08-22 07:00:00,99.65833333333333
2025-08-22 08:00:00,62.62931034482759
2025-08-22 09:00:00,67.06666666666666
2025-08-22 10:00:00,59.233333333333334
2025-08-22 11:00:00,40.922413793103445
2025-08-22 12:00:00,38.8448275862069
2025-08-22 13:00:00,36.452666666666666
2025-08-22 14:00:00,26.228387096774195
2025-08-22 15:00:00,32.685483870967744
2025-08-22 16:00:00,37.043103448275865
2025-08-22 17:00:00,47.30833333333333
2025-08-22 18:00:00,46.55
2025-08-22 19:00:00,45.425
2025-08-22 20:00:00,47.468275862068964
2025-08-22 21:00:00,45.73275862068966
2025-08-22 22:00:00,49.5
2025-08-22 23:00:00,48.039
2025-08-23 00:00:00,46.833333333333336
2025-08-23 01:00:00,49.141666666666666
2025-08-23 02:00:00,47.791666666666664
2025-08-23 03:00:00,40.45
2025-08-23 04:00:00,34.46551724137931
2025-08-23 05:00:00,29.42241379310345
2025-08-23 06:00:00,30.675
2025-08-23 07:00:00,30.982142857142858
2025-08-23 08:00:00,31.75
2025-08-23 09:00:00,36.6551724137931
2025-08-23 10:00:00,38.33620689655172
2025-08-23 11:00:00,35.774193548387096
2025-08-23 12:00:00,34.333333333333336
2025-08-23 13:00:00,33.41379310344828
2025-08-23 14:00:00,30.112903225806452
2025-08-23 15:00:00,26.70689655172414
2025-08-23 16:00:00,22.666666666666668
2025-08-23 17:00:00,19.42241379310345
2025-08-23 18:00:00,40.475
2025-08-23 19:00:00,41.80833333333333
2025-08-23 20:00:00,38.961
2025-08-23 21:00:00,20.836296296296297
2025-08-23 22:00:00,19.875
2025-08-23 23:00:00,20.055555555555557
2025-08-24 00:00:00,16.555416666666666
2025-08-24 01:00:00,20.24
2025-08-24 02:00:00,22.025
2025-08-24 03:00:00,16.37962962962963
2025-08-24 04:00:00,19.714285714285715
2025-08-24 05:00:00,22.787037037037038
2025-08-24 06:00:00,25.333333333333332
2025-08-24 07:00:00,29.464285714285715
2025-08-24 08:00:00,35.107142857142854
2025-08-24 09:00:00,33.71551724137931
2025-08-24 10:00:00,24.913571428571426
2025-08-24 11:00:00,25.408333333333335
2025-08-24 12:00:00,23.524193548387096
2025-08-24 13:00:00,20.051724137931036
2025-08-24 14:00:00,17.747333333333337
2025-08-24 15:00:00,15.308333333333334
2025-08-24 16:00:00,13.483333333333333
2025-08-24 17:00:00,15.672413793103448
2025-08-24 18:00:00,17.566666666666666
2025-08-24 19:00:00,19.083333333333332
2025-08-24 20:00:00,18.357142857142858
2025-08-24 21:00:00,22.72032258064516
2025-08-24 22:00:00,22.408333333333335
2025-08-24 23:00:00,22.00925925925926
2025-08-25 00:00:00,30.269333333333336
2025-08-25 01:00:00,25.291666666666668
2025-08-25 02:00:00,18.775862068965516
2025-08-25 03:00:00,21.428571428571427
2025-08-25 04:00:00,22.821428571428573
2025-08-25 05:00:00,19.14185185185185
2025-08-25 06:00:00,18.81896551724138
2025-08-25 07:00:00,20.883928571428573
2025-08-25 08:00:00,21.805555555555557
2025-08-25 09:00:00,23.77777777777778
2025-08-25 10:00:00,24.773103448275865
2025-08-25 11:00:00,23.12037037037037
2025-08-25 12:00:00,26.6875
2025-08-25 13:00:00,29.383928571428573
2025-08-25 14:00:00,32.81481481481482
2025-08-25 15:00:00,34.44642857142857
2025-08-25 16:00:00,27.65
2025-08-25 17:00:00,24.975806451612904
2025-08-25 18:00:00,23.110322580645164
2025-08-25 19:00:00,25.233333333333334
2025-08-25 20:00:00,25.491666666666667
2025-08-25 21:00:00,25.316666666666666
2025-08-25 22:00:00,26.274193548387096
2025-08-25 23:00:00,24.913793103448278
2025-08-26 00:00:00,23.107142857142858
2025-08-26 01:00:00,21.006538461538465
2025-08-26 02:00:00,13.695384615384615
2025-08-26 03:00:00,13.47851851851852
2025-08-26 04:00:00,12.059642857142858
2025-08-26 05:00:00,14.42
2025-08-26 06:00:00,16.442307692307693
2025-08-26 07:00:00,18.3732
2025-08-26 08:00:00,18.606206896551722
2025-08-26 09:00:00,19.594827586206897
2025-08-26 10:00:00,21.238620689655175
2025-08-26 11:00:00,20.289999999999996
2025-08-26 12:00:00,19.33344827586207
2025-08-26 13:00:00,21.14814814814815
2025-08-26 14:00:00,23.803870967741936
2025-08-26 15:00:00,21.796296296296298
2025-08-26 16:00:00,23.416666666666668
2025-08-26 17:00:00,20.364583333333332
2025-08-26 18:00:00,16.923076923076923
2025-08-26 19:00:00,15.223214285714286
2025-08-26 20:00:00,23.514137931034483
2025-08-26 21:00:00,29.991666666666667
2025-08-26 22:00:00,32.36666666666667
2025-08-26 23:00:00,36.51064516129032
2025-08-27 00:00:00,43.80172413793103
2025-08-27 01:00:00,39.266666666666666
2025-08-27 02:00:00,35.806451612903224
2025-08-27 03:00:00,32.435483870967744
2025-08-27 04:00:00,33.306451612903224
2025-08-27 05:00:00,37.12068965517241
2025-08-27 06:00:00,39.13967741935484
2025-08-27 07:00:00,39.056451612903224
2025-08-27 08:00:00,42.71774193548387
2025-08-27 09:00:00,42.685483870967744
2025-08-27 10:00:00,39.825
2025-08-27 11:00:00,34.258620689655174
2025-08-27 12:00:00,17.613214285714285
2025-08-27 13:00:00,13.51448275862069
2025-08-27 14:00:00,21.708333333333332
2025-08-27 15:00:00,16.678275862068965
2025-08-27 16:00:00,21.370967741935484
2025-08-27 17:00:00,21.869333333333334
2025-08-27 18:00:00,25.275862068965516
2025-08-27 19:00:00,27.516666666666666
2025-08-27 20:00:00,35.55903225806451
2025-08-27 21:00:00,44.943548387096776
2025-08-27 22:00:00,48.465161290322584
2025-08-27 23:00:00,49.83870967741935
2025-08-28 00:00:00,54.346774193548384
2025-08-28 01:00:00,55.774193548387096
2025-08-28 02:00:00,55.04032258064516
2025-08-28 03:00:00,63.78225806451613
2025-08-28 04:00:00,61.57258064516129
2025-08-28 05:00:00,66.4758064516129
2025-08-28 06:00:00,66.87903225806451
2025-08-28 07:00:00,67.41129032258064
2025-08-28 08:00:00,79.7258064516129
2025-08-28 09:00:00,71.08870967741936
2025-08-28 10:00:00,65.37903225806451
2025-08-28 11:00:00,55.33064516129032
2025-08-28 12:00:00,52.053870967741936
2025-08-28 13:00:00,48.63709677419355
2025-08-28 14:00:00,40.91129032258065
2025-08-28 15:00:00,40.096774193548384
2025-08-28 16:00:00,40.59935483870967
2025-08-28 17:00:00,41.975
2025-08-28 18:00:00,41.539
2025-08-28 19:00:00,41.024193548387096
2025-08-28 20:00:00,45.75833333333333
2025-08-28 21:00:00,49.016129032258064
2025-08-28 22:00:00,46.3
2025-08-28 23:00:00,48.44096774193549
2025-08-29 00:00:00,51.08064516129032
2025-08-29 01:00:00,55.29032258064516
2025-08-29 02:00:00,47.604838709677416
2025-08-29 03:00:00,45.064
2025-08-29 04:00:00,51.15833333333333
2025-08-29 05:00:00,53.233870967741936
2025-08-29 06:00:00,49.806451612903224
2025-08-29 07:00:00,50.63333333333333
2025-08-29 08:00:00,50.71666666666667
2025-08-29 09:00:00,44.94166666666667
2025-08-29 10:00:00,32.09166666666667
2025-08-29 11:00:00,22.580357142857142
2025-08-29 12:00:00,29.892857142857142
2025-08-29 13:00:00,43.392857142857146
2025-08-29 14:00:00,41.541666666666664
2025-08-29 15:00:00,24.32758620689655
2025-08-29 16:00:00,26.63888888888889
2025-08-29 17:00:00,27.758064516129032
2025-08-29 18:00:00,31.633333333333333
2025-08-29 19:00:00,35.524193548387096
2025-08-29 20:00:00,34.285999999999994
2025-08-29 21:00:00,34.284838709677416
2025-08-29 22:00:00,33.83620689655172
2025-08-29 23:00:00,32.919333333333334
2025-08-30 00:00:00,35.041666666666664
2025-08-30 01:00:00,36.422413793103445
2025-08-30 02:00:00,29.782258064516128
2025-08-30 03:00:00,26.767241379310345
2025-08-30 04:00:00,23.301724137931036
2025-08-30 05:00:00,22.752857142857142
2025-08-30 06:00:00,22.517241379310345
2025-08-30 07:00:00,23.75
2025-08-30 08:00:00,25.241666666666667
2025-08-30 09:00:00,27.291666666666668
2025-08-30 10:00:00,31.60483870967742
2025-08-30 11:00:00,29.89516129032258
2025-08-30 12:00:00,30.911290322580644
2025-08-30 13:00:00,32.33870967741935
2025-08-30 14:00:00,33.28225806451613
2025-08-30 15:00:00,31.68548387096774
2025-08-30 16:00:00,28.870967741935484
2025-08-30 17:00:00,22.129032258064516
2025-08-30 18:00:00,20.68548387096774
2025-08-30 19:00:00,21.558333333333334
2025-08-30 20:00:00,27.733870967741936
2025-08-30 21:00:00,36.475806451612904
2025-08-30 22:00:00,39.354838709677416
2025-08-30 23:00:00,43.473225806451616
2025-08-31 00:00:00,44.733870967741936
2025-08-31 01:00:00,45.475
2025-08-31 02:00:00,41.525
2025-08-31 03:00:00,36.225
2025-08-31 04:00:00,33.141666666666666
2025-08-31 05:00:00,33.543103448275865
2025-08-31 06:00:00,32.660714285714285
2025-08-31 07:00:00,32.275
2025-08-31 08:00:00,17.515
2025-08-31 09:00:00,14.61
2025-08-31 10:00:00,17.491071428571427
2025-08-31 11:00:00,21.910714285714285
2025-08-31 12:00:00,22.07758620689655
2025-08-31 13:00:00,23.725
2025-08-31 14:00:00,23.129032258064516
2025-08-31 15:00:00,26.53448275862069
2025-08-31 16:00:00,30.439655172413794
2025-08-31 17:00:00,29.008333333333333
2025-08-31 18:00:00,31.637931034482758
2025-08-31 19:00:00,29.391666666666666
2025-08-31 20:00:00,27.475
2025-08-31 21:00:00,29.269999999999996
2025-08-31 22:00:00,27.61933333333333
2025-08-31 23:00:00,26.454137931034484
2025-09-01 00:00:00,20.275862068965516
2025-09-01 01:00:00,21.046296296296298
2025-09-01 02:00:00,15.941666666666666
2025-09-01 03:00:00,13.126206896551723
2025-09-01 04:00:00,10.278846153846153
2025-09-01 05:00:00,11.663928571428572
2025-09-01 06:00:00,13.057586206896552
2025-09-01 07:00:00,14.705357142857142
2025-09-01 08:00:00,15.545
2025-09-01 09:00:00,13.97
2025-09-01 10:00:00,12.383928571428571
2025-09-01 11:00:00,13.753076923076922
2025-09-01 12:00:00,16.580357142857142
2025-09-01 13:00:00,21.523103448275865
2025-09-01 14:00:00,22.255483870967744
2025-09-01 15:00:00,19.137931034482758
2025-09-01 16:00:00,15.098214285714286
2025-09-01 17:00:00,11.214285714285714
2025-09-01 18:00:00,10.64
2025-09-01 19:00:00,10.4968
2025-09-01 20:00:00,8.641304347826088
2025-09-01 21:00:00,9.763157894736842
2025-09-01 22:00:00,8.636363636363637
2025-09-01 23:00:00,10.817619047619049
2025-09-02 00:00:00,12.727692307692308
2025-09-02 01:00:00,13.211666666666666
2025-09-02 02:00:00,12.506538461538462
2025-09-02 03:00:00,11.351851851851851
2025-09-02 04:00:00,11.011363636363637
2025-09-02 05:00:00,9.932692307692308
2025-09-02 06:00:00,11.898148148148149
2025-09-02 07:00:00,15.21
2025-09-02 08:00:00,14.47
2025-09-02 09:00:00,14.055555555555555
2025-09-02 10:00:00,19.036333333333335
2025-09-02 11:00:00,18.317307692307693
2025-09-02 12:00:00,19.775
2025-09-02 13:00:00,18.600689655172413
2025-09-02 14:00:00,16.387931034482758
2025-09-02 15:00:00,14.442307692307692
2025-09-02 16:00:00,12.56
2025-09-02 17:00:00,16.89730769230769
2025-09-02 18:00:00,14.054230769230768
2025-09-02 19:00:00,13.81076923076923
2025-09-02 20:00:00,13.752857142857142
2025-09-02 21:00:00,9.083461538461538
2025-09-02 22:00:00,7.776785714285714
2025-09-02 23:00:00,11.922962962962963
2025-09-03 00:00:00,18.240384615384617
2025-09-03 01:00:00,24.029130434782612
2025-09-03 02:00:00,24.97222222222222
2025-09-03 03:00:00,25.44357142857143
2025-09-03 04:00:00,21.62962962962963
2025-09-03 05:00:00,17.089285714285715
2025-09-03 06:00:00,11.827037037037037
2025-09-03 07:00:00,13.351071428571428
2025-09-03 08:00:00,14.803571428571429
2025-09-03 09:00:00,18.021071428571428
2025-09-03 10:00:00,22.302592592592596
2025-09-03 11:00:00,29.74074074074074
2025-09-03 12:00:00,31.133928571428573
2025-09-03 13:00:00,29.4
2025-09-03 14:00:00,24.31896551724138
2025-09-03 15:00:00,13.473199999999999
2025-09-03 16:00:00,12.825238095238095
2025-09-03 17:00:00,9.488636363636363
2025-09-03 18:00:00,15.725185185185184
2025-09-03 19:00:00,16.91
2025-09-03 20:00:00,18.453703703703702
2025-09-03 21:00:00,25.73076923076923
2025-09-03 22:00:00,23.410714285714285
2025-09-03 23:00:00,24.80642857142857
2025-09-04 00:00:00,21.73148148148148
2025-09-04 01:00:00,20.576923076923077
2025-09-04 02:00:00,27.009615384615383
2025-09-04 03:00:00,18.740384615384617
2025-09-04 04:00:00,22.544642857142858
2025-09-04 05:00:00,25.586206896551722
2025-09-04 06:00:00,25.603448275862068
2025-09-04 07:00:00,27.81896551724138
2025-09-04 08:00:00,32.06481481481482
2025-09-04 09:00:00,32.48444444444444
2025-09-04 10:00:00,29.689655172413794
2025-09-04 11:00:00,22.739583333333332
2025-09-04 12:00:00,19.39730769230769
2025-09-04 13:00:00,22.935185185185187
2025-09-04 14:00:00,20.153846153846153
2025-09-04 15:00:00,25.261379310344825
2025-09-04 16:00:00,23.175925925925927
2025-09-04 17:00:00,23.923076923076923
2025-09-04 18:00:00,16.935185185185187
2025-09-04 19:00:00,21.00307692307692
2025-09-04 20:00:00,26.666666666666668
2025-09-04 21:00:00,31.48148148148148
2025-09-04 22:00:00,33.172413793103445
2025-09-04 23:00:00,37.09206896551724
2025-09-05 00:00:00,38.473214285714285
2025-09-05 01:00:00,35.05172413793103
2025-09-05 02:00:00,34.252758620689654
2025-09-05 03:00:00,33.218275862068964
2025-09-05 04:00:00,28.655172413793103
2025-09-05 05:00:00,19.594827586206897
2025-09-05 06:00:00,14.892857142857142
2025-09-05 07:00:00,16.935769230769232
2025-09-05 08:00:00,21.160714285714285
2025-09-05 09:00:00,22.67241379310345
2025-09-05 10:00:00,20.66037037037037
2025-09-05 11:00:00,21.1875
2025-09-05 12:00:00,25.15740740740741
2025-09-05 13:00:00,24.916666666666668
2025-09-05 14:00:00,24.982758620689655
2025-09-05 15:00:00,28.314000000000004
2025-09-05 16:00:00,19.718620689655175
2025-09-05 17:00:00,17.074827586206897
2025-09-05 18:00:00,15.775862068965518
2025-09-05 19:00:00,21.491935483870968
2025-09-05 20:00:00,28.716666666666665
2025-09-05 21:00:00,33.016129032258064
2025-09-05 22:00:00,34.36290322580645
2025-09-05 23:00:00,36.223225806451616
2025-09-06 00:00:00,36.225806451612904
2025-09-06 01:00:00,36.685483870967744
2025-09-06 02:00:00,33.016129032258064
2025-09-06 03:00:00,30.816666666666666
2025-09-06 04:00:00,30.258333333333333
2025-09-06 05:00:00,28.905172413793103
2025-09-06 06:00:00,27.678571428571427
2025-09-06 07:00:00,31.05
2025-09-06 08:00:00,38.672413793103445
2025-09-06 09:00:00,35.83620689655172
2025-09-06 10:00:00,34.1551724137931
2025-09-06 11:00:00,34.03448275862069
2025-09-06 12:00:00,33.74107142857143
2025-09-06 13:00:00,33.77777777777778
2025-09-06 14:00:00,27.025862068965516
2025-09-06 15:00:00,24.071428571428573
2025-09-06 16:00:00,26.598214285714285
2025-09-06 17:00:00,28.5625
2025-09-06 18:00:00,28.81896551724138
2025-09-06 19:00:00,33.138888888888886
2025-09-06 20:00:00,38.31481481481482
2025-09-06 21:00:00,33.99
2025-09-06 22:00:00,40.833333333333336
2025-09-06 23:00:00,38.15692307692307
2025-09-07 00:00:00,40.98076923076923
2025-09-07 01:00:00,40.175925925925924
2025-09-07 02:00:00,32.46296296296296
2025-09-07 03:00:00,35.129629629629626
2025-09-07 04:00:00,34.69444444444444
2025-09-07 05:00:00,33.669629629629625
2025-09-07 06:00:00,32.22222222222222
2025-09-07 07:00:00,31.34259259259259
2025-09-07 08:00:00,33.851851851851855
2025-09-07 09:00:00,34.83653846153846
2025-09-07 10:00:00,35.26923076923077
2025-09-07 11:00:00,29.03846153846154
2025-09-07 12:00:00,27.317307692307693
2025-09-07 13:00:00,26.5
2025-09-07 14:00:00,24.25
2025-09-07 15:00:00,20.41346153846154
2025-09-07 16:00:00,22.808518518518515
2025-09-07 17:00:00,21.705357142857142
2025-09-07 18:00:00,22.991071428571427
2025-09-07 19:00:00,24.252962962962965
2025-09-07 20:00:00,25.303571428571427
2025-09-07 21:00:00,28.51851851851852
2025-09-07 22:00:00,33.888888888888886
2025-09-07 23:00:00,39.69444444444444
2025-09-08 00:00:00,45.669642857142854
2025-09-08 01:00:00,41.24107142857143
2025-09-08 02:00:00,34.964285714285715
2025-09-08 03:00:00,32.455357142857146
2025-09-08 04:00:00,30.705357142857142
2025-09-08 05:00:00,29.276785714285715
2025-09-08 06:00:00,31.15111111111111
2025-09-08 07:00:00,34.22222222222222
2025-09-08 08:00:00,36.61206896551724
2025-09-08 09:00:00,35.75586206896552
2025-09-08 10:00:00,31.5625
2025-09-08 11:00:00,26.182692307692307
2025-09-08 12:00:00,25.63066666666667
2025-09-08 13:00:00,24.74137931034483
2025-09-08 14:00:00,20.27777777777778
2025-09-08 15:00:00,19.08962962962963
2025-09-08 16:00:00,17.10814814814815
2025-09-08 17:00:00,15.231481481481481
2025-09-08 18:00:00,15.482142857142858
2025-09-08 19:00:00,20.830357142857142
2025-09-08 20:00:00,27.660714285714285
2025-09-08 21:00:00,37.53333333333333
2025-09-08 22:00:00,47.016666666666666
2025-09-08 23:00:00,58.01366666666666
2025-09-09 00:00:00,60.66935483870968
2025-09-09 01:00:00,63.024193548387096
2025-09-09 02:00:00,61.596774193548384
2025-09-09 03:00:00,40.443548387096776
2025-09-09 04:00:00,28.857142857142858
2025-09-09 05:00:00,24.308333333333334
2025-09-09 06:00:00,23.172333333333334
2025-09-09 07:00:00,25.267241379310345
2025-09-09 08:00:00,30.4
2025-09-09 09:00:00,33.205666666666666
2025-09-09 10:00:00,29.155172413793103
2025-09-09 11:00:00,26.094827586206897
2025-09-09 12:00:00,25.517241379310345
2025-09-09 13:00:00,23.95689655172414
2025-09-09 14:00:00,21.74137931034483
2025-09-09 15:00:00,19.196428571428573
2025-09-09 16:00:00,18.470357142857146
2025-09-09 17:00:00,21.03448275862069
2025-09-09 18:00:00,23.366666666666667
2025-09-09 19:00:00,24.089285714285715
2025-09-09 20:00:00,27.92241379310345
2025-09-09 21:00:00,30.1
2025-09-09 22:00:00,30.74137931034483
2025-09-09 23:00:00,28.68655172413793
2025-09-10 00:00:00,27.267241379310345
2025-09-10 01:00:00,28.395185185185188
2025-09-10 02:00:00,22.47137931034483
2025-09-10 03:00:00,21.669642857142858
2025-09-10 04:00:00,27.089285714285715
2025-09-10 05:00:00,21.824074074074073
2025-09-10 06:00:00,22.50586206896552
2025-09-10 07:00:00,22.625
2025-09-10 08:00:00,25.375
2025-09-10 09:00:00,27.160714285714285
2025-09-10 10:00:00,27.405172413793103
2025-09-10 11:00:00,23.712962962962962
2025-09-10 12:00:00,26.017857142857142
2025-09-10 13:00:00,28.79310344827586
2025-09-10 14:00:00,25.474137931034484
2025-09-10 15:00:00,23.32758620689655
2025-09-10 16:00:00,22.76448275862069
2025-09-10 17:00:00,24.925
2025-09-10 18:00:00,24.137931034482758
2025-09-10 19:00:00,22.844827586206897
2025-09-10 20:00:00,22.691666666666666
2025-09-10 21:00:00,28.038666666666664
2025-09-10 22:00:00,25.139
2025-09-10 23:00:00,25.330344827586206
2025-09-11 00:00:00,25.935999999999996
2025-09-11 01:00:00,31.85
2025-09-11 02:00:00,25.808333333333334
2025-09-11 03:00:00,25.43103448275862
2025-09-11 04:00:00,23.32758620689655
2025-09-11 05:00:00,25.155172413793103
2025-09-11 06:00:00,22.002758620689654
2025-09-11 07:00:00,23.88107142857143
2025-09-11 08:00:00,26.896551724137932
2025-09-11 09:00:00,31.669642857142858
2025-09-11 10:00:00,30.825
2025-09-11 11:00:00,30.18103448275862
2025-09-11 12:00:00,31.669655172413794
2025-09-11 13:00:00,30.887931034482758
2025-09-11 14:00:00,26.129310344827587
2025-09-11 15:00:00,26.691481481481485
2025-09-11 16:00:00,25.794642857142858
2025-09-11 17:00:00,29.75925925925926
2025-09-11 18:00:00,28.661290322580644
2025-09-11 19:00:00,31.588965517241377
2025-09-11 20:00:00,36.20161290322581
2025-09-11 21:00:00,34.11666666666667
2025-09-11 22:00:00,38.5
2025-09-11 23:00:00,39.107142857142854
2025-09-12 00:00:00,38.50833333333333
2025-09-12 01:00:00,37.758620689655174
2025-09-12 02:00:00,33.833333333333336
2025-09-12 03:00:00,32.77884615384615
2025-09-12 04:00:00,30.566206896551726
2025-09-12 05:00:00,27.612068965517242
2025-09-12 06:00:00,24.71551724137931
2025-09-12 07:00:00,24.824074074074073
2025-09-12 08:00:00,26.508928571428573
2025-09-12 09:00:00,29.821428571428573
2025-09-12 10:00:00,30.366071428571427
2025-09-12 11:00:00,28.71461538461538
2025-09-12 12:00:00,30.62037037037037
2025-09-12 13:00:00,26.258928571428573
2025-09-12 14:00:00,25.775
2025-09-12 15:00:00,21.919642857142858
2025-09-12 16:00:00,24.408333333333335
2025-09-12 17:00:00,26.358333333333334
2025-09-12 18:00:00,26.25
2025-09-12 19:00:00,30.683333333333334
2025-09-12 20:00:00,35.846774193548384
2025-09-12 21:00:00,37.16129032258065
2025-09-12 22:00:00,38.37903225806452
2025-09-12 23:00:00,41.041666666666664
2025-09-13 00:00:00,39.25806451612903
2025-09-13 01:00:00,40.36290322580645
2025-09-13 02:00:00,36.58870967741935
2025-09-13 03:00:00,36.81666666666667
2025-09-13 04:00:00,38.056451612903224
2025-09-13 05:00:00,34.74193548387097
2025-09-13 06:00:00,29.072580645161292
2025-09-13 07:00:00,25.341666666666665
2025-09-13 08:00:00,27.06451612903226
2025-09-13 09:00:00,29.775
2025-09-13 10:00:00,29.2
2025-09-13 11:00:00,24.399310344827583
2025-09-13 12:00:00,25.483333333333334
2025-09-13 13:00:00,27.155172413793103
2025-09-13 14:00:00,25.625
2025-09-13 15:00:00,25.975
2025-09-13 16:00:00,21.833333333333332
2025-09-13 17:00:00,23.362903225806452
2025-09-13 18:00:00,24.467741935483872
2025-09-13 19:00:00,23.0
2025-09-13 20:00:00,29.137096774193548
2025-09-13 21:00:00,32.75
2025-09-13 22:00:00,41.74166666666667
2025-09-13 23:00:00,42.939
2025-09-14 00:00:00,43.35
2025-09-14 01:00:00,46.439655172413794
2025-09-14 02:00:00,44.689655172413794
2025-09-14 03:00:00,40.59166666666667
2025-09-14 04:00:00,40.925
2025-09-14 05:00:00,40.88517241379311
2025-09-14 06:00:00,41.21551724137931
2025-09-14 07:00:00,43.025862068965516
2025-09-14 08:00:00,49.31310344827586
2025-09-14 09:00:00,52.78448275862069
2025-09-14 10:00:00,38.0
2025-09-14 11:00:00,27.612068965517242
2025-09-14 12:00:00,28.972333333333335
2025-09-14 13:00:00,29.438064516129028
2025-09-14 14:00:00,27.096774193548388
2025-09-14 15:00:00,27.120967741935484
2025-09-14 16:00:00,24.983870967741936
2025-09-14 17:00:00,29.61548387096774
2025-09-14 18:00:00,30.766666666666666
2025-09-14 19:00:00,33.825
2025-09-14 20:00:00,42.38793103448276
2025-09-14 21:00:00,45.56666666666667
2025-09-14 22:00:00,45.53333333333333
2025-09-14 23:00:00,45.520344827586214
2025-09-15 00:00:00,45.03333333333333
2025-09-15 01:00:00,45.12766666666666
2025-09-15 02:00:00,44.041666666666664
2025-09-15 03:00:00,45.825
2025-09-15 04:00:00,45.41379310344828
2025-09-15 05:00:00,42.75833333333333
2025-09-15 06:00:00,46.625
2025-09-15 07:00:00,40.55833333333333
2025-09-15 08:00:00,36.68103448275862
2025-09-15 09:00:00,32.608333333333334
2025-09-15 10:00:00,33.50833333333333
2025-09-15 11:00:00,27.93689655172414
2025-09-15 12:00:00,28.379310344827587
2025-09-15 13:00:00,29.191666666666666
2025-09-15 14:00:00,25.208333333333332
2025-09-15 15:00:00,21.583333333333332
2025-09-15 16:00:00,21.6
2025-09-15 17:00:00,22.597333333333335
2025-09-15 18:00:00,24.933333333333334
2025-09-15 19:00:00,29.594827586206897
2025-09-15 20:00:00,33.247241379310346
2025-09-15 21:00:00,37.325
2025-09-15 22:00:00,43.00833333333333
2025-09-15 23:00:00,44.78633333333334
2025-09-16 00:00:00,46.31896551724138
2025-09-16 01:00:00,48.55
2025-09-16 02:00:00,49.13793103448276
2025-09-16 03:00:00,46.991379310344826
2025-09-16 04:00:00,47.66379310344828
2025-09-16 05:00:00,42.4
2025-09-16 06:00:00,37.34166666666667
2025-09-16 07:00:00,32.99166666666667
2025-09-16 08:00:00,28.948275862068964
2025-09-16 09:00:00,28.20566666666667
2025-09-16 10:00:00,29.853448275862068
2025-09-16 11:00:00,28.517857142857142
2025-09-16 12:00:00,28.196428571428573
2025-09-16 13:00:00,33.35344827586207
2025-09-16 14:00:00,34.035714285714285
2025-09-16 15:00:00,28.15740740740741
2025-09-16 16:00:00,27.59259259259259
2025-09-16 17:00:00,26.35185185185185
2025-09-16 18:00:00,29.38888888888889
2025-09-16 19:00:00,30.5625
2025-09-16 20:00:00,40.901785714285715
2025-09-16 21:00:00,45.96666666666667
2025-09-16 22:00:00,56.075
2025-09-16 23:00:00,52.93333333333333
2025-09-17 00:00:00,50.03333333333333
2025-09-17 01:00:00,53.61666666666667
2025-09-17 02:00:00,51.925
2025-09-17 03:00:00,44.71666666666667
2025-09-17 04:00:00,40.580357142857146
2025-09-17 05:00:00,40.0
2025-09-17 06:00:00,40.389
2025-09-17 07:00:00,38.6551724137931
2025-09-17 08:00:00,45.025862068965516
2025-09-17 09:00:00,46.75833333333333
2025-09-17 10:00:00,56.474137931034484
2025-09-17 11:00:00,50.0625
2025-09-17 12:00:00,51.19642857142857
2025-09-17 13:00:00,43.0
2025-09-17 14:00:00,45.8125
2025-09-17 15:00:00,44.75925925925926
2025-09-17 16:00:00,46.46142857142858
2025-09-17 17:00:00,39.11607142857143
2025-09-17 18:00:00,34.69642857142857
2025-09-17 19:00:00,40.12666666666667
2025-09-17 20:00:00,48.79925925925926
2025-09-17 21:00:00,56.9375
2025-09-17 22:00:00,60.160714285714285
2025-09-17 23:00:00,65.81857142857143
2025-09-18 00:00:00,64.83620689655173
2025-09-18 01:00:00,65.48275862068965
2025-09-18 02:00:00,63.38793103448276
2025-09-18 03:00:00,63.025862068965516
2025-09-18 04:00:00,59.66379310344828
2025-09-18 05:00:00,55.758620689655174
2025-09-18 06:00:00,48.827586206896555
2025-09-18 07:00:00,41.669642857142854
2025-09-18 08:00:00,33.238214285714285
2025-09-18 09:00:00,28.848214285714285
2025-09-18 10:00:00,31.767857142857142
2025-09-18 11:00:00,39.78703703703704
2025-09-18 12:00:00,47.229166666666664
2025-09-18 13:00:00,43.58
2025-09-18 14:00:00,36.982142857142854
2025-09-18 15:00:00,41.0
2025-09-18 16:00:00,41.59433333333333
2025-09-18 17:00:00,43.925
2025-09-18 18:00:00,45.62068965517241
2025-09-18 19:00:00,52.67307692307692
2025-09-18 20:00:00,55.098214285714285
2025-09-18 21:00:00,68.04733333333334
2025-09-18 22:00:00,69.18103448275862
2025-09-18 23:00:00,68.81099999999999
2025-09-19 00:00:00,69.475
2025-09-19 01:00:00,72.06666666666666
2025-09-19 02:00:00,75.61666666666666
2025-09-19 03:00:00,75.2
2025-09-19 04:00:00,74.32758620689656
2025-09-19 05:00:00,70.53333333333333
2025-09-19 06:00:00,70.55833333333334
2025-09-19 07:00:00,69.00862068965517
2025-09-19 08:00:00,71.74166666666666
2025-09-19 09:00:00,59.14655172413793
2025-09-19 10:00:00,56.85344827586207
2025-09-19 11:00:00,46.672413793103445
2025-09-19 12:00:00,39.75
2025-09-19 13:00:00,33.33620689655172
2025-09-19 14:00:00,36.24107142857143
2025-09-19 15:00:00,33.63793103448276
2025-09-19 16:00:00,31.13888888888889
2025-09-19 17:00:00,32.3275
2025-09-19 18:00:00,31.46551724137931
2025-09-19 19:00:00,35.560344827586206
2025-09-19 20:00:00,45.5948275862069
2025-09-19 21:00:00,42.61666666666667
2025-09-19 22:00:00,48.06666666666667
2025-09-19 23:00:00,47.169333333333334
2025-09-20 00:00:00,45.53333333333333
2025-09-20 01:00:00,44.65833333333333
2025-09-20 02:00:00,46.208333333333336
2025-09-20 03:00:00,49.060344827586206
2025-09-20 04:00:00,53.083333333333336
2025-09-20 05:00:00,48.264
2025-09-20 06:00:00,47.15
2025-09-20 07:00:00,54.12931034482759
2025-09-20 08:00:00,52.91379310344828
2025-09-20 09:00:00,45.724137931034484
2025-09-20 10:00:00,37.991379310344826
2025-09-20 11:00:00,36.36206896551724
2025-09-20 12:00:00,33.714285714285715
2025-09-20 13:00:00,31.392857142857142
2025-09-20 14:00:00,32.72607142857142
2025-09-20 15:00:00,34.464285714285715
2025-09-20 16:00:00,31.1751724137931
2025-09-20 17:00:00,30.175
2025-09-20 18:00:00,27.887931034482758
2025-09-20 19:00:00,29.405172413793103
2025-09-20 20:00:00,38.233333333333334
2025-09-20 21:00:00,42.45
2025-09-20 22:00:00,46.69166666666667
2025-09-20 23:00:00,43.815862068965515
2025-09-21 00:00:00,42.483333333333334
2025-09-21 01:00:00,43.2
2025-09-21 02:00:00,40.358333333333334
2025-09-21 03:00:00,39.56666666666667
2025-09-21 04:00:00,37.44166666666667
2025-09-21 05:00:00,39.09166666666667
2025-09-21 06:00:00,38.3
2025-09-21 07:00:00,39.543103448275865
2025-09-21 08:00:00,42.75833333333333
2025-09-21 09:00:00,46.46666666666667
2025-09-21 10:00:00,44.00833333333333
2025-09-21 11:00:00,41.625
2025-09-21 12:00:00,41.50833333333333
2025-09-21 13:00:00,42.30833333333333
2025-09-21 14:00:00,37.241379310344826
2025-09-21 15:00:00,35.439
2025-09-21 16:00:00,38.46666666666667
2025-09-21 17:00:00,39.061
2025-09-21 18:00:00,40.96666666666667
2025-09-21 19:00:00,41.41379310344828
2025-09-21 20:00:00,43.35
2025-09-21 21:00:00,43.03333333333333
2025-09-21 22:00:00,41.55
2025-09-21 23:00:00,42.61933333333333
2025-09-22 00:00:00,39.85
2025-09-22 01:00:00,47.391666666666666
2025-09-22 02:00:00,43.083333333333336
2025-09-22 03:00:00,42.93333333333333
2025-09-22 04:00:00,45.15833333333333
2025-09-22 05:00:00,45.391666666666666
2025-09-22 06:00:00,43.791666666666664
2025-09-22 07:00:00,45.69827586206897
2025-09-22 08:00:00,47.80566666666667
2025-09-22 09:00:00,49.314
2025-09-22 10:00:00,45.49166666666667
2025-09-22 11:00:00,41.95413793103449
2025-09-22 12:00:00,35.689655172413794
2025-09-22 13:00:00,32.81666666666667
2025-09-22 14:00:00,32.206896551724135
2025-09-22 15:00:00,33.18033333333333
2025-09-22 16:00:00,31.35
2025-09-22 17:00:00,33.01724137931034
2025-09-22 18:00:00,31.089285714285715
2025-09-22 19:00:00,35.0948275862069
2025-09-22 20:00:00,40.3
2025-09-22 21:00:00,44.02896551724138
2025-09-22 22:00:00,45.87068965517241
2025-09-22 23:00:00,38.82464285714286
2025-09-23 00:00:00,36.80172413793103
2025-09-23 01:00:00,37.580357142857146
2025-09-23 02:00:00,37.13793103448276
2025-09-23 03:00:00,36.13392857142857
2025-09-23 04:00:00,38.669642857142854
2025-09-23 05:00:00,44.86206896551724
2025-09-23 06:00:00,40.42857142857143
2025-09-23 07:00:00,37.5
2025-09-23 08:00:00,40.574285714285715
2025-09-23 09:00:00,41.9375
2025-09-23 10:00:00,39.651785714285715
2025-09-23 11:00:00,34.38107142857143
2025-09-23 12:00:00,31.720357142857146
2025-09-23 13:00:00,32.638888888888886
2025-09-23 14:00:00,26.50862068965517
2025-09-23 15:00:00,26.267857142857142
2025-09-23 16:00:00,29.953703703703702
2025-09-23 17:00:00,28.678571428571427
2025-09-23 18:00:00,25.7
2025-09-23 19:00:00,35.951034482758615
2025-09-23 20:00:00,35.87068965517241
2025-09-23 21:00:00,42.672333333333334
2025-09-23 22:00:00,43.833333333333336
2025-09-23 23:00:00,38.846999999999994
2025-09-24 00:00:00,41.958333333333336
2025-09-24 01:00:00,43.358333333333334
2025-09-24 02:00:00,43.94827586206897
2025-09-24 03:00:00,42.922413793103445
2025-09-24 04:00:00,39.725
2025-09-24 05:00:00,41.46666666666667
2025-09-24 06:00:00,40.358333333333334
2025-09-24 07:00:00,40.80833333333333
2025-09-24 08:00:00,36.825
2025-09-24 09:00:00,31.353448275862068
2025-09-24 10:00:00,30.387931034482758
2025-09-24 11:00:00,30.61407407407407
2025-09-24 12:00:00,29.8125
2025-09-24 13:00:00,29.191666666666666
2025-09-24 14:00:00,25.366071428571427
2025-09-24 15:00:00,26.413793103448278
2025-09-24 16:00:00,30.73148148148148
2025-09-24 17:00:00,31.75
2025-09-24 18:00:00,32.42857142857143
2025-09-24 19:00:00,35.57142857142857
2025-09-24 20:00:00,41.526785714285715
2025-09-24 21:00:00,50.38793103448276
2025-09-24 22:00:00,50.080357142857146
2025-09-24 23:00:00,46.269999999999996
2025-09-25 00:00:00,44.71551724137931
2025-09-25 01:00:00,43.25892857142857
2025-09-25 02:00:00,42.26851851851852
2025-09-25 03:00:00,42.660714285714285
2025-09-25 04:00:00,44.52777777777778
2025-09-25 05:00:00,42.05357142857143
2025-09-25 06:00:00,39.625
2025-09-25 07:00:00,36.86607142857143
2025-09-25 08:00:00,37.25
2025-09-25 09:00:00,29.883928571428573
2025-09-25 10:00:00,25.72222222222222
2025-09-25 11:00:00,25.12333333333333
2025-09-25 12:00:00,27.5625
2025-09-25 13:00:00,27.75
2025-09-25 14:00:00,26.35
2025-09-25 15:00:00,22.986
2025-09-25 16:00:00,24.93103448275862
2025-09-25 17:00:00,26.558333333333334
2025-09-25 18:00:00,30.025862068965516
2025-09-25 19:00:00,35.5
2025-09-25 20:00:00,46.577586206896555
2025-09-25 21:00:00,51.543103448275865
2025-09-25 22:00:00,44.35344827586207
2025-09-25 23:00:00,42.47689655172414
2025-09-26 00:00:00,41.224137931034484
2025-09-26 01:00:00,43.598214285714285
2025-09-26 02:00:00,41.80172413793103
2025-09-26 03:00:00,38.517857142857146
2025-09-26 04:00:00,40.25892857142857
2025-09-26 05:00:00,41.741379310344826
2025-09-26 06:00:00,42.68464285714286
2025-09-26 07:00:00,45.160714285714285
2025-09-26 08:00:00,43.55357142857143
2025-09-26 09:00:00,46.462758620689655
2025-09-26 10:00:00,46.48275862068966
2025-09-26 11:00:00,35.50586206896552
2025-09-26 12:00:00,34.85620689655172
2025-09-26 13:00:00,32.85344827586207
2025-09-26 14:00:00,30.68142857142857
2025-09-26 15:00:00,26.137931034482758
2025-09-26 16:00:00,29.225806451612904
2025-09-26 17:00:00,28.93548387096774
2025-09-26 18:00:00,29.083333333333332
2025-09-26 19:00:00,34.693548387096776
2025-09-26 20:00:00,46.00806451612903
2025-09-26 21:00:00,47.57258064516129
2025-09-26 22:00:00,48.08064516129032
2025-09-26 23:00:00,47.556451612903224
2025-09-27 00:00:00,43.92857142857143
2025-09-27 01:00:00,45.62931034482759
2025-09-27 02:00:00,48.577586206896555
2025-09-27 03:00:00,49.651785714285715
2025-09-27 04:00:00,49.892857142857146
2025-09-27 05:00:00,52.327586206896555
2025-09-27 06:00:00,56.975
2025-09-27 07:00:00,62.858333333333334
2025-09-27 08:00:00,62.34166666666667
2025-09-27 09:00:00,59.63333333333333
2025-09-27 10:00:00,66.0
2025-09-27 11:00:00,61.30833333333333
2025-09-27 12:00:00,65.48333333333333
2025-09-27 13:00:00,65.8225806451613
2025-09-27 14:00:00,64.91677419354839
2025-09-27 15:00:00,65.475
2025-09-27 16:00:00,61.99193548387097
2025-09-27 17:00:00,62.62096774193548
2025-09-27 18:00:00,69.21774193548387
2025-09-27 19:00:00,72.6
2025-09-27 20:00:00,87.90833333333333
2025-09-27 21:00:00,91.586
2025-09-27 22:00:00,94.89166666666667
2025-09-27 23:00:00,96.91379310344827
2025-09-28 00:00:00,98.1
2025-09-28 01:00:00,90.20833333333333
2025-09-28 02:00:00,73.09482758620689
2025-09-28 03:00:00,50.8448275862069
2025-09-28 04:00:00,40.32142857142857
2025-09-28 05:00:00,35.333333333333336
2025-09-28 06:00:00,32.13392857142857
2025-09-28 07:00:00,28.663793103448278
2025-09-28 08:00:00,28.637931034482758
2025-09-28 09:00:00,30.391666666666666
2025-09-28 10:00:00,29.82758620689655
2025-09-28 11:00:00,29.196428571428573
2025-09-28 12:00:00,28.46933333333333
2025-09-28 13:00:00,24.091666666666665
2025-09-28 14:00:00,21.96551724137931
2025-09-28 15:00:00,21.301724137931036
2025-09-28 16:00:00,20.86321428571429
2025-09-28 17:00:00,21.79310344827586
2025-09-28 18:00:00,24.225
2025-09-28 19:00:00,29.341666666666665
2025-09-28 20:00:00,41.575
2025-09-28 21:00:00,46.041666666666664
2025-09-28 22:00:00,49.18333333333333
2025-09-28 23:00:00,48.25566666666667
2025-09-29 00:00:00,47.75
2025-09-29 01:00:00,47.93333333333333
2025-09-29 02:00:00,47.46551724137931
2025-09-29 03:00:00,44.34433333333333
2025-09-29 04:00:00,42.36666666666667
2025-09-29 05:00:00,38.44827586206897
2025-09-29 06:00:00,41.99433333333333
2025-09-29 07:00:00,45.44166666666667
2025-09-29 08:00:00,46.541666666666664
2025-09-29 09:00:00,32.63333333333333
2025-09-29 10:00:00,29.55
2025-09-29 11:00:00,31.517241379310345
2025-09-29 12:00:00,32.91379310344828
2025-09-29 13:00:00,31.508064516129032
2025-09-29 14:00:00,31.558333333333334
2025-09-29 15:00:00,32.38709677419355
2025-09-29 16:00:00,31.505666666666666
2025-09-29 17:00:00,34.160714285714285
2025-09-29 18:00:00,38.075
2025-09-29 19:00:00,46.354838709677416
2025-09-29 20:00:00,52.21774193548387
2025-09-29 21:00:00,50.943548387096776
2025-09-29 22:00:00,56.62096774193548
2025-09-29 23:00:00,55.871290322580656
2025-09-30 00:00:00,59.87903225806452
2025-09-30 01:00:00,62.62903225806452
2025-09-30 02:00:00,66.87903225806451
2025-09-30 03:00:00,60.0
2025-09-30 04:00:00,52.21774193548387
2025-09-30 05:00:00,55.233333333333334
2025-09-30 06:00:00,56.90833333333333
2025-09-30 07:00:00,50.475806451612904
2025-09-30 08:00:00,54.93103448275862
2025-09-30 09:00:00,50.1
2025-09-30 10:00:00,50.364000000000004
2025-09-30 11:00:00,52.235517241379306
2025-09-30 12:00:00,35.545
2025-09-30 13:00:00,17.058518518518518
2025-09-30 14:00:00,15.277777777777779
2025-09-30 15:00:00,15.75925925925926
2025-09-30 16:00:00,22.166666666666668
2025-09-30 17:00:00,23.51923076923077
2025-09-30 18:00:00,29.046296296296298
2025-09-30 19:00:00,36.291785714285716
2025-09-30 20:00:00,41.034838709677416
2025-09-30 21:00:00,48.96666666666667
2025-09-30 22:00:00,39.03333333333333
2025-09-30 23:00:00,28.363666666666667
2025-10-01 00:00:00,21.060344827586206
2025-10-01 01:00:00,19.18689655172414
2025-10-01 02:00:00,19.875
2025-10-01 03:00:00,18.053571428571427
2025-10-01 04:00:00,19.642857142857142
2025-10-01 05:00:00,26.675925925925927
2025-10-01 06:00:00,35.91379310344828
2025-10-01 07:00:00,41.76933333333333
2025-10-01 08:00:00,55.13392857142857
2025-10-01 09:00:00,55.49107142857143
2025-10-01 10:00:00,56.92857142857143
2025-10-01 11:00:00,51.129629629629626
2025-10-01 12:00:00,48.037241379310345
2025-10-01 13:00:00,43.54034482758621
2025-10-01 14:00:00,45.810344827586206
2025-10-01 15:00:00,44.767857142857146
2025-10-01 16:00:00,48.953
2025-10-01 17:00:00,48.741379310344826
2025-10-01 18:00:00,53.78333333333333
2025-10-01 19:00:00,52.81666666666667
2025-10-01 20:00:00,60.61206896551724
2025-10-01 21:00:00,68.18333333333334
2025-10-01 22:00:00,72.81666666666666
2025-10-01 23:00:00,73.51966666666667
2025-10-02 00:00:00,58.43333333333333
2025-10-02 01:00:00,42.94827586206897
2025-10-02 02:00:00,38.456896551724135
2025-10-02 03:00:00,32.357142857142854
2025-10-02 04:00:00,30.939655172413794
2025-10-02 05:00:00,30.294642857142858
2025-10-02 06:00:00,32.827586206896555
2025-10-02 07:00:00,35.98275862068966
2025-10-02 08:00:00,44.30357142857143
2025-10-02 09:00:00,51.56896551724138
2025-10-02 10:00:00,47.0
2025-10-02 11:00:00,46.35068965517242
2025-10-02 12:00:00,55.833333333333336
2025-10-02 13:00:00,62.36666666666667
2025-10-02 14:00:00,60.81896551724138
2025-10-02 15:00:00,51.456896551724135
2025-10-02 16:00:00,42.66379310344828
2025-10-02 17:00:00,48.90241379310345
2025-10-02 18:00:00,48.725
2025-10-02 19:00:00,43.787241379310345
2025-10-02 20:00:00,44.76851851851852
2025-10-02 21:00:00,58.419642857142854
2025-10-02 22:00:00,63.583333333333336
2025-10-02 23:00:00,54.196999999999996
2025-10-03 00:00:00,44.94827586206897
2025-10-03 01:00:00,36.544642857142854
2025-10-03 02:00:00,38.939655172413794
2025-10-03 03:00:00,34.775862068965516
2025-10-03 04:00:00,35.10344827586207
2025-10-03 05:00:00,36.80357142857143
2025-10-03 06:00:00,35.974137931034484
2025-10-03 07:00:00,32.81896551724138
2025-10-03 08:00:00,33.230000000000004
2025-10-03 09:00:00,32.535714285714285
2025-10-03 10:00:00,30.266666666666666
2025-10-03 11:00:00,29.43103448275862
2025-10-03 12:00:00,26.725
2025-10-03 13:00:00,27.15
2025-10-03 14:00:00,28.370689655172413
2025-10-03 15:00:00,28.816666666666666
2025-10-03 16:00:00,26.725
2025-10-03 17:00:00,26.480666666666668
2025-10-03 18:00:00,25.891666666666666
2025-10-03 19:00:00,33.63066666666667
2025-10-03 20:00:00,44.65833333333333
2025-10-03 21:00:00,55.706896551724135
2025-10-03 22:00:00,58.56666666666667
2025-10-03 23:00:00,67.96700000000001
2025-10-04 00:00:00,65.15833333333333
2025-10-04 01:00:00,63.22233333333334
2025-10-04 02:00:00,59.6
2025-10-04 03:00:00,61.35
2025-10-04 04:00:00,69.64166666666667
2025-10-04 05:00:00,80.93103448275862
2025-10-04 06:00:00,86.21827586206896
2025-10-04 07:00:00,78.18333333333334
2025-10-04 08:00:00,87.47413793103448
2025-10-04 09:00:00,99.675
2025-10-04 10:00:00,72.536
2025-10-04 11:00:00,49.0
2025-10-04 12:00:00,41.025862068965516
2025-10-04 13:00:00,43.648148148148145
2025-10-04 14:00:00,47.125
2025-10-04 15:00:00,47.01724137931034
2025-10-04 16:00:00,46.758620689655174
2025-10-04 17:00:00,50.230000000000004
2025-10-04 18:00:00,57.09206896551724
2025-10-04 19:00:00,69.32758620689656
2025-10-04 20:00:00,81.6
2025-10-04 21:00:00,85.23333333333333
2025-10-04 22:00:00,80.15
2025-10-04 23:00:00,71.11666666666666
2025-10-05 00:00:00,74.55833333333334
2025-10-05 01:00:00,79.975
2025-10-05 02:00:00,79.69166666666666
2025-10-05 03:00:00,71.625
2025-10-05 04:00:00,74.76666666666667
2025-10-05 05:00:00,79.38333333333334
2025-10-05 06:00:00,79.26666666666667
2025-10-05 07:00:00,70.08333333333333
2025-10-05 08:00:00,57.67857142857143
2025-10-05 09:00:00,42.30357142857143
2025-10-05 10:00:00,31.580357142857142
2025-10-05 11:00:00,34.96296296296296
2025-10-05 12:00:00,55.53703703703704
2025-10-05 13:00:00,68.49074074074075
2025-10-05 14:00:00,66.36607142857143
2025-10-05 15:00:00,59.964285714285715
2025-10-05 16:00:00,58.125
2025-10-05 17:00:00,51.05555555555556
2025-10-05 18:00:00,52.175925925925924
2025-10-05 19:00:00,59.407407407407405
2025-10-05 20:00:00,72.63888888888889
2025-10-05 21:00:00,77.96296296296296
2025-10-05 22:00:00,80.07142857142857
2025-10-05 23:00:00,82.11
2025-10-06 00:00:00,59.87785714285714
2025-10-06 01:00:00,26.938148148148148
2025-10-06 02:00:00,14.456521739130435
2025-10-06 03:00:00,15.256296296296297
2025-10-06 04:00:00,18.551153846153845
2025-10-06 05:00:00,21.62962962962963
2025-10-06 06:00:00,25.305555555555557
2025-10-06 07:00:00,28.241071428571427
2025-10-06 08:00:00,29.41346153846154
2025-10-06 09:00:00,33.425925925925924
2025-10-06 10:00:00,38.69444444444444
2025-10-06 11:00:00,43.050714285714285
2025-10-06 12:00:00,45.42857142857143
2025-10-06 13:00:00,38.6
2025-10-06 14:00:00,33.71666666666667
2025-10-06 15:00:00,29.941666666666666
2025-10-06 16:00:00,25.352666666666664
2025-10-06 17:00:00,24.67241379310345
2025-10-06 18:00:00,27.502758620689658
2025-10-06 19:00:00,33.669642857142854
2025-10-06 20:00:00,40.258620689655174
2025-10-06 21:00:00,41.03448275862069
2025-10-06 22:00:00,40.060344827586206
2025-10-06 23:00:00,36.41379310344828
2025-10-07 00:00:00,30.4375
2025-10-07 01:00:00,23.169642857142858
2025-10-07 02:00:00,20.767857142857142
2025-10-07 03:00:00,24.107142857142858
2025-10-07 04:00:00,23.25
2025-10-07 05:00:00,23.416666666666668
2025-10-07 06:00:00,16.63
2025-10-07 07:00:00,16.01851851851852
2025-10-07 08:00:00,19.83961538461538
2025-10-07 09:00:00,21.25925925925926
2025-10-07 10:00:00,18.442413793103444
2025-10-07 11:00:00,20.410714285714285
2025-10-07 12:00:00,19.758333333333333
2025-10-07 13:00:00,22.166666666666668
2025-10-07 14:00:00,23.09259259259259
2025-10-07 15:00:00,23.076923076923077
2025-10-07 16:00:00,26.36111111111111
2025-10-07 17:00:00,16.39814814814815
2025-10-07 18:00:00,12.155172413793103
2025-10-07 19:00:00,12.991071428571429
2025-10-07 20:00:00,22.79310344827586
2025-10-07 21:00:00,30.910714285714285
2025-10-07 22:00:00,30.541666666666668
2025-10-07 23:00:00,36.016129032258064
2025-10-08 00:00:00,34.71774193548387
2025-10-08 01:00:00,27.64516129032258
2025-10-08 02:00:00,24.79032258064516
2025-10-08 03:00:00,29.153225806451612
2025-10-08 04:00:00,32.37903225806452
2025-10-08 05:00:00,35.733870967741936
2025-10-08 06:00:00,37.95967741935484
2025-10-08 07:00:00,40.24193548387097
2025-10-08 08:00:00,40.07258064516129
2025-10-08 09:00:00,36.025
2025-10-08 10:00:00,35.98275862068966
2025-10-08 11:00:00,38.00806451612903
2025-10-08 12:00:00,41.43103448275862
2025-10-08 13:00:00,41.15833333333333
2025-10-08 14:00:00,41.29838709677419
2025-10-08 15:00:00,37.62096774193548
2025-10-08 16:00:00,35.86666666666667
2025-10-08 17:00:00,36.922413793103445
2025-10-08 18:00:00,34.875
2025-10-08 19:00:00,39.40833333333333
2025-10-08 20:00:00,45.46774193548387
2025-10-08 21:00:00,43.443548387096776
2025-10-08 22:00:00,42.505483870967744
2025-10-08 23:00:00,39.317096774193544
2025-10-09 00:00:00,39.564516129032256
2025-10-09 01:00:00,39.67741935483871
2025-10-09 02:00:00,39.145161290322584
2025-10-09 03:00:00,37.104838709677416
2025-10-09 04:00:00,36.40032258064516
2025-10-09 05:00:00,37.53225806451613
2025-10-09 06:00:00,38.475
2025-10-09 07:00:00,41.05
2025-10-09 08:00:00,43.104838709677416
2025-10-09 09:00:00,43.5
2025-10-09 10:00:00,44.145161290322584
2025-10-09 11:00:00,36.903225806451616
2025-10-09 12:00:00,31.525
2025-10-09 13:00:00,30.68103448275862
2025-10-09 14:00:00,31.158333333333335
2025-10-09 15:00:00,33.291666666666664
2025-10-09 16:00:00,31.491666666666667
2025-10-09 17:00:00,31.008333333333333
2025-10-09 18:00:00,31.716666666666665
2025-10-09 19:00:00,37.358333333333334
2025-10-09 20:00:00,47.86290322580645
2025-10-09 21:00:00,59.983870967741936
2025-10-09 22:00:00,63.12096774193548
2025-10-09 23:00:00,63.51064516129032
2025-10-10 00:00:00,64.11290322580645
2025-10-10 01:00:00,61.70967741935484
2025-10-10 02:00:00,57.306451612903224
2025-10-10 03:00:00,55.225806451612904
2025-10-10 04:00:00,56.056451612903224
2025-10-10 05:00:00,58.88709677419355
2025-10-10 06:00:00,61.153225806451616
2025-10-10 07:00:00,62.233870967741936
2025-10-10 08:00:00,63.064516129032256
2025-10-10 09:00:00,61.20967741935484
2025-10-10 10:00:00,57.45161290322581
2025-10-10 11:00:00,57.41935483870968
2025-10-10 12:00:00,54.508620689655174
2025-10-10 13:00:00,55.76933333333333
2025-10-10 14:00:00,53.725806451612904
2025-10-10 15:00:00,52.61290322580645
2025-10-10 16:00:00,54.18
2025-10-10 17:00:00,54.75833333333333
2025-10-10 18:00:00,55.465161290322584
2025-10-10 19:00:00,63.814516129032256
2025-10-10 20:00:00,78.64516129032258
2025-10-10 21:00:00,86.33064516129032
2025-10-10 22:00:00,91.29838709677419
2025-10-10 23:00:00,101.66677419354839
2025-10-11 00:00:00,102.59677419354838
2025-10-11 01:00:00,100.96774193548387
2025-10-11 02:00:00,98.58870967741936
2025-10-11 03:00:00,100.14516129032258
2025-10-11 04:00:00,97.58870967741936
2025-10-11 05:00:00,93.61290322580645
2025-10-11 06:00:00,90.74193548387096
2025-10-11 07:00:00,84.33064516129032
2025-10-11 08:00:00,83.33064516129032
2025-10-11 09:00:00,74.0725806451613
2025-10-11 10:00:00,64.55645161290323
2025-10-11 11:00:00,55.96774193548387
2025-10-11 12:00:00,50.9
2025-10-11 13:00:00,50.958333333333336
2025-10-11 14:00:00,48.30833333333333
2025-10-11 15:00:00,46.60655172413794
2025-10-11 16:00:00,45.30129032258065
2025-10-11 17:00:00,46.57258064516129
2025-10-11 18:00:00,49.16935483870968
2025-10-11 19:00:00,58.16129032258065
2025-10-11 20:00:00,72.85483870967742
2025-10-11 21:00:00,76.79032258064517
2025-10-11 22:00:00,82.0241935483871
2025-10-11 23:00:00,77.00806451612904
2025-10-12 00:00:00,69.54032258064517
2025-10-12 01:00:00,67.08064516129032
2025-10-12 02:00:00,68.16935483870968
2025-10-12 03:00:00,66.4274193548387
2025-10-12 04:00:00,65.60483870967742
2025-10-12 05:00:00,65.63709677419355
2025-10-12 06:00:00,68.20967741935483
2025-10-12 07:00:00,69.9274193548387
2025-10-12 08:00:00,73.38709677419355
2025-10-12 09:00:00,72.58064516129032
2025-10-12 10:00:00,75.29838709677419
2025-10-12 11:00:00,70.86290322580645
2025-10-12 12:00:00,62.37903225806452
2025-10-12 13:00:00,52.104838709677416
2025-10-12 14:00:00,45.12903225806452
2025-10-12 15:00:00,40.0
2025-10-12 16:00:00,38.41935483870968
2025-10-12 17:00:00,39.0
2025-10-12 18:00:00,46.05935483870968
2025-10-12 19:00:00,56.78225806451613
2025-10-12 20:00:00,68.475
2025-10-12 21:00:00,79.36290322580645
2025-10-12 22:00:00,79.58064516129032
2025-10-12 23:00:00,80.51645161290324
2025-10-13 00:00:00,77.64516129032258
2025-10-13 01:00:00,75.4758064516129
2025-10-13 02:00:00,77.62096774193549
2025-10-13 03:00:00,72.94354838709677
2025-10-13 04:00:00,78.26612903225806
2025-10-13 05:00:00,77.74193548387096
2025-10-13 06:00:00,82.21774193548387
2025-10-13 07:00:00,82.48333333333333
2025-10-13 08:00:00,99.70833333333333
2025-10-13 09:00:00,101.375
2025-10-13 10:00:00,84.56666666666666
2025-10-13 11:00:00,68.00862068965517
2025-10-13 12:00:00,58.50586206896552
2025-10-13 13:00:00,52.0
2025-10-13 14:00:00,49.63333333333333
2025-10-13 15:00:00,49.50833333333333
2025-10-13 16:00:00,49.795806451612904
2025-10-13 17:00:00,51.153225806451616
2025-10-13 18:00:00,58.92741935483871
2025-10-13 19:00:00,71.75806451612904
2025-10-13 20:00:00,83.94354838709677
2025-10-13 21:00:00,99.44354838709677
2025-10-13 22:00:00,101.56709677419354
2025-10-13 23:00:00,105.40870967741935
2025-10-14 00:00:00,106.20967741935483
2025-10-14 01:00:00,104.18548387096774
2025-10-14 02:00:00,105.95161290322581
2025-10-14 03:00:00,97.21774193548387
2025-10-14 04:00:00,89.12903225806451
2025-10-14 05:00:00,90.3225806451613
2025-10-14 06:00:00,87.25806451612904
2025-10-14 07:00:00,89.35483870967742
2025-10-14 08:00:00,92.60833333333333
2025-10-14 09:00:00,95.12903225806451
2025-10-14 10:00:00,90.41129032258064
2025-10-14 11:00:00,73.175
2025-10-14 12:00:00,52.43103448275862
2025-10-14 13:00:00,49.87931034482759
2025-10-14 14:00:00,48.083333333333336
2025-10-14 15:00:00,48.66379310344828
2025-10-14 16:00:00,46.025862068965516
2025-10-14 17:00:00,46.875
2025-10-14 18:00:00,55.78333333333333
2025-10-14 19:00:00,67.45833333333333
2025-10-14 20:00:00,80.33333333333333
2025-10-14 21:00:00,87.4
2025-10-14 22:00:00,89.61666666666666
2025-10-14 23:00:00,96.975
2025-10-15 00:00:00,112.8
2025-10-15 01:00:00,119.39166666666667
2025-10-15 02:00:00,114.23333333333333
2025-10-15 03:00:00,112.45
2025-10-15 04:00:00,116.74166666666666
2025-10-15 05:00:00,116.325
2025-10-15 06:00:00,110.03333333333333
2025-10-15 07:00:00,115.739
2025-10-15 08:00:00,123.65
2025-10-15 09:00:00,127.736
2025-10-15 10:00:00,133.01666666666668
2025-10-15 11:00:00,86.77862068965517
2025-10-15 12:00:00,55.32703703703704
2025-10-15 13:00:00,55.642857142857146
2025-10-15 14:00:00,54.47222222222222
2025-10-15 15:00:00,53.451034482758615
2025-10-15 16:00:00,52.35344827586207
2025-10-15 17:00:00,50.19166666666667
2025-10-15 18:00:00,59.40833333333333
2025-10-15 19:00:00,75.986
2025-10-15 20:00:00,86.28333333333333
2025-10-15 21:00:00,102.19166666666666
2025-10-15 22:00:00,113.65833333333333
2025-10-15 23:00:00,126.65266666666666
2025-10-16 00:00:00,143.9
2025-10-16 01:00:00,139.86666666666667
2025-10-16 02:00:00,127.10833333333333
2025-10-16 03:00:00,126.03333333333333
2025-10-16 04:00:00,123.30833333333334
2025-10-16 05:00:00,123.45
2025-10-16 06:00:00,124.98333333333333
2025-10-16 07:00:00,132.18333333333334
2025-10-16 08:00:00,128.59166666666667
2025-10-16 09:00:00,119.7
2025-10-16 10:00:00,113.2
2025-10-16 11:00:00,103.16666666666667
2025-10-16 12:00:00,77.33333333333333
2025-10-16 13:00:00,62.86206896551724
2025-10-16 14:00:00,61.607142857142854
2025-10-16 15:00:00,62.56896551724138
2025-10-16 16:00:00,61.05357142857143
2025-10-16 17:00:00,66.84821428571429
2025-10-16 18:00:00,73.56896551724138
2025-10-16 19:00:00,97.75862068965517
2025-10-16 20:00:00,107.08620689655173
2025-10-16 21:00:00,131.92241379310346
2025-10-16 22:00:00,130.24137931034483
2025-10-16 23:00:00,141.70137931034483
2025-10-17 00:00:00,136.49137931034483
2025-10-17 01:00:00,139.51724137931035
2025-10-17 02:00:00,132.57758620689654
2025-10-17 03:00:00,130.14655172413794
2025-10-17 04:00:00,121.18103448275862
2025-10-17 05:00:00,124.075
2025-10-17 06:00:00,127.2
2025-10-17 07:00:00,128.81666666666666
2025-10-17 08:00:00,128.20833333333334
2025-10-17 09:00:00,116.55
2025-10-17 10:00:00,108.039
2025-10-17 11:00:00,104.50275862068965
2025-10-17 12:00:00,94.99137931034483
2025-10-17 13:00:00,81.58035714285714
2025-10-17 14:00:00,75.15517241379311
2025-10-17 15:00:00,72.17241379310344
2025-10-17 16:00:00,80.69733333333333
2025-10-17 17:00:00,80.41379310344827
2025-10-17 18:00:00,86.11206896551724
2025-10-17 19:00:00,94.75
2025-10-17 20:00:00,105.6896551724138
2025-10-17 21:00:00,121.17241379310344
2025-10-17 22:00:00,121.60833333333333
2025-10-17 23:00:00,129.11933333333334
2025-10-18 00:00:00,140.75266666666667
2025-10-18 01:00:00,149.375
2025-10-18 02:00:00,136.31666666666666
2025-10-18 03:00:00,130.91666666666666
2025-10-18 04:00:00,123.48333333333333
2025-10-18 05:00:00,121.76666666666667
2025-10-18 06:00:00,116.33333333333333
2025-10-18 07:00:00,120.06666666666666
2025-10-18 08:00:00,126.76666666666667
2025-10-18 09:00:00,137.6
2025-10-18 10:00:00,142.36666666666667
2025-10-18 11:00:00,136.59166666666667
2025-10-18 12:00:00,109.59166666666667
2025-10-18 13:00:00,91.46551724137932
2025-10-18 14:00:00,80.56666666666666
2025-10-18 15:00:00,76.88333333333334
2025-10-18 16:00:00,79.58064516129032
2025-10-18 17:00:00,82.41129032258064
2025-10-18 18:00:00,101.5
2025-10-18 19:00:00,112.68806451612903
2025-10-18 20:00:00,130.50806451612902
2025-10-18 21:00:00,149.55387096774194
2025-10-18 22:00:00,154.04032258064515
2025-10-18 23:00:00,153.08354838709678
2025-10-19 00:00:00,163.5
2025-10-19 01:00:00,173.1209677419355
2025-10-19 02:00:00,164.14733333333334
2025-10-19 03:00:00,175.56666666666666
2025-10-19 04:00:00,164.6
2025-10-19 05:00:00,163.375
2025-10-19 06:00:00,161.25833333333333
2025-10-19 07:00:00,162.53225806451613
2025-10-19 08:00:00,161.49193548387098
2025-10-19 09:00:00,169.11290322580646
2025-10-19 10:00:00,167.37354838709678
2025-10-19 11:00:00,153.6558064516129
2025-10-19 12:00:00,130.44096774193548
2025-10-19 13:00:00,109.90838709677419
2025-10-19 14:00:00,109.06709677419354
2025-10-19 15:00:00,104.59677419354838
2025-10-19 16:00:00,102.95709677419354
2025-10-19 17:00:00,101.80096774193548
2025-10-19 18:00:00,126.65870967741935
2025-10-19 19:00:00,141.90322580645162
2025-10-19 20:00:00,167.6290322580645
2025-10-19 21:00:00,193.7016129032258
2025-10-19 22:00:00,222.32516129032257
2025-10-19 23:00:00,251.88451612903225
2025-10-20 00:00:00,271.91129032258067
2025-10-20 01:00:00,272.3306451612903
2025-10-20 02:00:00,276.2096774193548
2025-10-20 03:00:00,268.08870967741933
2025-10-20 04:00:00,247.8548387096774
2025-10-20 05:00:00,229.95967741935485
2025-10-20 06:00:00,220.23387096774192
2025-10-20 07:00:00,218.661
2025-10-20 08:00:00,218.4974193548387
2025-10-20 09:00:00,226.5025806451613
2025-10-20 10:00:00,205.06451612903226
2025-10-20 11:00:00,182.13709677419354
2025-10-20 12:00:00,145.21774193548387
2025-10-20 13:00:00,123.81451612903226
2025-10-20 14:00:00,105.87096774193549
2025-10-20 15:00:00,91.775
2025-10-20 16:00:00,91.46666666666667
2025-10-20 17:00:00,94.80645161290323
2025-10-20 18:00:00,101.90322580645162
2025-10-20 19:00:00,146.8709677419355
2025-10-20 20:00:00,220.67741935483872
2025-10-20 21:00:00,364.75
2025-10-20 22:00:00,529.3303571428571
2025-10-20 23:00:00,631.0108695652174
2025-10-21 00:00:00,713.6446666666667
2025-10-21 01:00:00,734.9545454545455
2025-10-21 02:00:00,571.25
2025-10-21 03:00:00,533.6538461538462
2025-10-21 04:00:00,494.75
2025-10-21 05:00:00,437.25
2025-10-21 06:00:00,465.04
2025-10-21 07:00:00,436.30357142857144
2025-10-21 08:00:00,386.2931034482759
2025-10-21 09:00:00,296.6034482758621
2025-10-21 10:00:00,241.7
2025-10-21 11:00:00,182.2016129032258
2025-10-21 12:00:00,135.30903225806452
2025-10-21 13:00:00,102.91964285714286
2025-10-21 14:00:00,90.62068965517241
2025-10-21 15:00:00,87.44166666666666
2025-10-21 16:00:00,86.74166666666666
2025-10-21 17:00:00,91.86290322580645
2025-10-21 18:00:00,100.60566666666666
2025-10-21 19:00:00,128.15322580645162
2025-10-21 20:00:00,183.57258064516128
2025-10-21 21:00:00,229.69166666666666
2025-10-21 22:00:00,275.60483870967744
2025-10-21 23:00:00,319.82
2025-10-22 00:00:00,333.2016129032258
2025-10-22 01:00:00,309.96774193548384
2025-10-22 02:00:00,296.7983870967742
2025-10-22 03:00:00,265.008064516129
2025-10-22 04:00:00,242.67741935483872
2025-10-22 05:00:00,213.69433333333333
2025-10-22 06:00:00,207.98333333333332
2025-10-22 07:00:00,212.1209677419355
2025-10-22 08:00:00,209.91129032258064
2025-10-22 09:00:00,229.82258064516128
2025-10-22 10:00:00,253.63709677419354
2025-10-22 11:00:00,265.275
2025-10-22 12:00:00,224.59166666666667
2025-10-22 13:00:00,180.61290322580646
2025-10-22 14:00:00,149.9058064516129
2025-10-22 15:00:00,121.12096774193549
2025-10-22 16:00:00,104.83064516129032
2025-10-22 17:00:00,102.525
2025-10-22 18:00:00,102.164
2025-10-22 19:00:00,110.63333333333334
2025-10-22 20:00:00,133.73066666666668
2025-10-22 21:00:00,174.325
2025-10-22 22:00:00,191.13066666666666
2025-10-22 23:00:00,199.12766666666667
2025-10-23 00:00:00,189.00833333333333
2025-10-23 01:00:00,175.08333333333334
2025-10-23 02:00:00,164.725
2025-10-23 03:00:00,150.45
2025-10-23 04:00:00,150.99166666666667
2025-10-23 05:00:00,154.18333333333334
2025-10-23 06:00:00,152.64166666666668
2025-10-23 07:00:00,151.0
2025-10-23 08:00:00,151.85833333333332
2025-10-23 09:00:00,151.25
2025-10-23 10:00:00,145.11206896551724
2025-10-23 11:00:00,142.30645161290323
2025-10-23 12:00:00,137.95967741935485
2025-10-23 13:00:00,132.41935483870967
2025-10-23 14:00:00,113.84166666666667
2025-10-23 15:00:00,88.43103448275862
2025-10-23 16:00:00,81.98333333333333
2025-10-23 17:00:00,75.93103448275862
2025-10-23 18:00:00,80.68142857142857
2025-10-23 19:00:00,103.23333333333333
2025-10-23 20:00:00,131.70833333333334
2025-10-23 21:00:00,147.4655172413793
2025-10-23 22:00:00,160.68103448275863
2025-10-23 23:00:00,180.95266666666666
2025-10-24 00:00:00,184.25
2025-10-24 01:00:00,178.14655172413794
2025-10-24 02:00:00,174.66666666666666
2025-10-24 03:00:00,166.325
2025-10-24 04:00:00,161.19166666666666
2025-10-24 05:00:00,154.95833333333334
2025-10-24 06:00:00,145.54166666666666
2025-10-24 07:00:00,137.625
2025-10-24 08:00:00,129.09166666666667
2025-10-24 09:00:00,115.92857142857143
2025-10-24 10:00:00,112.11666666666666
2025-10-24 11:00:00,116.19827586206897
2025-10-24 12:00:00,113.511
2025-10-24 13:00:00,100.86666666666666
2025-10-24 14:00:00,80.04032258064517
2025-10-24 15:00:00,69.66935483870968
2025-10-24 16:00:00,67.66666666666667
2025-10-24 17:00:00,72.15322580645162
2025-10-24 18:00:00,79.81933333333333
2025-10-24 19:00:00,97.875
2025-10-24 20:00:00,116.49166666666666
2025-10-24 21:00:00,133.65322580645162
2025-10-24 22:00:00,144.7525806451613
2025-10-24 23:00:00,154.84935483870967
2025-10-25 00:00:00,165.50833333333333
2025-10-25 01:00:00,155.30833333333334
2025-10-25 02:00:00,146.575
2025-10-25 03:00:00,145.51666666666668
2025-10-25 04:00:00,148.06451612903226
2025-10-25 05:00:00,151.44733333333335
2025-10-25 06:00:00,151.975
2025-10-25 07:00:00,158.13333333333333
2025-10-25 08:00:00,188.675
2025-10-25 09:00:00,203.95833333333334
2025-10-25 10:00:00,203.32758620689654
2025-10-25 11:00:00,180.51366666666667
2025-10-25 12:00:00,155.7258064516129
2025-10-25 13:00:00,134.6290322580645
2025-10-25 14:00:00,118.98066666666666
2025-10-25 15:00:00,101.51666666666667
2025-10-25 16:00:00,100.04032258064517
2025-10-25 17:00:00,102.59935483870967
2025-10-25 18:00:00,113.0241935483871
2025-10-25 19:00:00,143.27586206896552
2025-10-25 20:00:00,164.79166666666666
2025-10-25 21:00:00,191.8
2025-10-25 22:00:00,201.1
2025-10-25 23:00:00,203.61666666666667
2025-10-26 00:00:00,200.14166666666668
2025-10-26 01:00:00,202.875
2025-10-26 02:00:00,204.11666666666667
2025-10-26 03:00:00,200.26666666666668
2025-10-26 04:00:00,199.38333333333333
2025-10-26 05:00:00,191.06666666666666
2025-10-26 06:00:00,185.5
2025-10-26 07:00:00,183.2
2025-10-26 08:00:00,196.275
2025-10-26 09:00:00,186.41400000000002
2025-10-26 10:00:00,173.70689655172413
2025-10-26 11:00:00,158.34433333333334
2025-10-26 12:00:00,124.13333333333334
2025-10-26 13:00:00,96.29862068965517
2025-10-26 14:00:00,78.93333333333334
2025-10-26 15:00:00,85.28333333333333
2025-10-26 16:00:00,80.91129032258064
2025-10-26 17:00:00,83.69733333333333
2025-10-26 18:00:00,97.42233333333334
2025-10-26 19:00:00,110.58870967741936
2025-10-26 20:00:00,141.32258064516128
2025-10-26 21:00:00,154.27967741935484
2025-10-26 22:00:00,169.075
2025-10-26 23:00:00,176.9490322580645
2025-10-27 00:00:00,173.58870967741936
2025-10-27 01:00:00,164.31193548387097
2025-10-27 02:00:00,160.2983870967742
2025-10-27 03:00:00,152.48333333333332
2025-10-27 04:00:00,150.69354838709677
2025-10-27 05:00:00,142.97233333333332
2025-10-27 06:00:00,160.04166666666666
2025-10-27 07:00:00,170.04733333333334
2025-10-27 08:00:00,190.60833333333332
2025-10-27 09:00:00,205.225
2025-10-27 10:00:00,193.75862068965517
2025-10-27 11:00:00,169.82758620689654
2025-10-27 12:00:00,135.38793103448276
2025-10-27 13:00:00,127.525
2025-10-27 14:00:00,123.27586206896552
2025-10-27 15:00:00,117.16071428571429
2025-10-27 16:00:00,120.54310344827586
2025-10-27 17:00:00,114.59758620689655
2025-10-27 18:00:00,125.07758620689656
2025-10-27 19:00:00,141.46666666666667
2025-10-27 20:00:00,139.7
2025-10-27 21:00:00,136.25833333333333
2025-10-27 22:00:00,137.06666666666666
2025-10-27 23:00:00,134.639
2025-10-28 00:00:00,127.00833333333334
2025-10-28 01:00:00,125.9
2025-10-28 02:00:00,120.18333333333334
2025-10-28 03:00:00,117.83333333333333
2025-10-28 04:00:00,120.75
2025-10-28 05:00:00,125.8
2025-10-28 06:00:00,148.78333333333333
2025-10-28 07:00:00,155.59166666666667
2025-10-28 08:00:00,164.23333333333332
2025-10-28 09:00:00,178.78333333333333
2025-10-28 10:00:00,174.41666666666666
2025-10-28 11:00:00,151.33620689655172
2025-10-28 12:00:00,117.35344827586206
2025-10-28 13:00:00,101.41666666666667
2025-10-28 14:00:00,103.41666666666667
2025-10-28 15:00:00,101.725
2025-10-28 16:00:00,110.17800000000001
2025-10-28 17:00:00,113.86666666666666
2025-10-28 18:00:00,120.25
2025-10-28 19:00:00,130.26666666666668
2025-10-28 20:00:00,135.45833333333334
2025-10-28 21:00:00,132.45
2025-10-28 22:00:00,128.45
2025-10-28 23:00:00,120.82766666666666
2025-10-29 00:00:00,111.56133333333334
2025-10-29 01:00:00,100.56666666666666
2025-10-29 02:00:00,93.725
2025-10-29 03:00:00,92.64166666666667
2025-10-29 04:00:00,98.53333333333333
2025-10-29 05:00:00,113.34166666666667
2025-10-29 06:00:00,132.75566666666666
2025-10-29 07:00:00,152.98333333333332
2025-10-29 08:00:00,155.65566666666666
2025-10-29 09:00:00,164.41379310344828
2025-10-29 10:00:00,153.75
2025-10-29 11:00:00,125.55172413793103
2025-10-29 12:00:00,117.89166666666667
2025-10-29 13:00:00,137.8448275862069
2025-10-29 14:00:00,161.81896551724137
2025-10-29 15:00:00,172.45689655172413
2025-10-29 16:00:00,177.6
2025-10-29 17:00:00,176.93333333333334
2025-10-29 18:00:00,185.46666666666667
2025-10-29 19:00:00,195.275
2025-10-29 20:00:00,219.7844827586207
2025-10-29 21:00:00,216.44827586206895
2025-10-29 22:00:00,222.1293103448276
2025-10-29 23:00:00,229.71666666666667
2025-10-30 00:00:00,232.89166666666668
2025-10-30 01:00:00,235.74166666666667
2025-10-30 02:00:00,245.05
2025-10-30 03:00:00,255.84166666666667
2025-10-30 04:00:00,265.55172413793105
2025-10-30 05:00:00,265.38793103448273
2025-10-30 06:00:00,259.1
2025-10-30 07:00:00,272.51666666666665
2025-10-30 08:00:00,276.6666666666667
2025-10-30 09:00:00,285.975
2025-10-30 10:00:00,287.2083333333333
2025-10-30 11:00:00,256.03333333333336
2025-10-30 12:00:00,190.947
2025-10-30 13:00:00,162.14733333333334
2025-10-30 14:00:00,136.76724137931035
2025-10-30 15:00:00,129.5
2025-10-30 16:00:00,126.21666666666667
2025-10-30 17:00:00,124.40833333333333
2025-10-30 18:00:00,123.99433333333333
2025-10-30 19:00:00,120.04166666666667
2025-10-30 20:00:00,116.925
2025-10-30 21:00:00,107.1
2025-10-30 22:00:00,99.75833333333334
2025-10-30 23:00:00,93.70266666666666
2025-10-31 00:00:00,94.075
2025-10-31 01:00:00,91.96666666666667
2025-10-31 02:00:00,90.84166666666667
2025-10-31 03:00:00,87.24166666666666
2025-10-31 04:00:00,87.3
2025-10-31 05:00:00,81.275
2025-10-31 06:00:00,74.57758620689656
2025-10-31 07:00:00,75.76724137931035
2025-10-31 08:00:00,81.17241379310344
2025-10-31 09:00:00,85.93103448275862
2025-10-31 10:00:00,98.25862068965517
2025-10-31 11:00:00,98.861
2025-10-31 12:00:00,97.33896551724138
2025-10-31 13:00:00,95.79310344827586
2025-10-31 14:00:00,93.20689655172414
2025-10-31 15:00:00,89.775
2025-10-31 16:00:00,85.71516129032258
2025-10-31 17:00:00,82.07000000000001
2025-10-31 18:00:00,92.80645161290323
2025-10-31 19:00:00,106.41935483870968
2025-10-31 20:00:00,119.88967741935484
2025-10-31 21:00:00,129.56193548387097
2025-10-31 22:00:00,143.25806451612902
2025-10-31 23:00:00,135.38066666666666
2025-11-01 00:00:00,137.38066666666666
2025-11-01 01:00:00,131.325
2025-11-01 02:00:00,132.236
2025-11-01 03:00:00,126.3225806451613
2025-11-01 04:00:00,124.31099999999999
2025-11-01 05:00:00,119.24166666666666
2025-11-01 06:00:00,123.15
2025-11-01 07:00:00,131.01666666666668
2025-11-01 08:00:00,159.86933333333334
2025-11-01 09:00:00,210.62199999999999
2025-11-01 10:00:00,303.96933333333334
2025-11-01 11:00:00,307.975
2025-11-01 12:00:00,242.1606896551724
2025-11-01 13:00:00,212.66400000000002
2025-11-01 14:00:00,223.5458620689655
2025-11-01 15:00:00,232.589
2025-11-01 16:00:00,199.61933333333334
2025-11-01 17:00:00,193.61933333333334
2025-11-01 18:00:00,227.44870967741934
2025-11-01 19:00:00,273.4193548387097
2025-11-01 20:00:00,296.4596774193548
2025-11-01 21:00:00,276.8735483870968
2025-11-01 22:00:00,252.139
2025-11-01 23:00:00,223.33599999999998
2025-11-02 00:00:00,202.58870967741936
2025-11-02 01:00:00,187.73387096774192
2025-11-02 02:00:00,181.57142857142858
2025-11-02 03:00:00,190.61793103448275
2025-11-02 04:00:00,218.31310344827585
2025-11-02 05:00:00,248.90833333333333
2025-11-02 06:00:00,268.9141379310345
2025-11-02 07:00:00,264.6351724137931
2025-11-02 08:00:00,263.6610344827586
2025-11-02 09:00:00,261.472
2025-11-02 10:00:00,271.90241379310345
2025-11-02 11:00:00,256.90566666666666
2025-11-02 12:00:00,204.614
2025-11-02 13:00:00,147.49166666666667
2025-11-02 14:00:00,109.04310344827586
2025-11-02 15:00:00,95.83620689655173
2025-11-02 16:00:00,100.23862068965518
2025-11-02 17:00:00,106.35344827586206
2025-11-02 18:00:00,110.85266666666666
2025-11-02 19:00:00,135.475
2025-11-02 20:00:00,147.98066666666668
2025-11-02 21:00:00,155.15
2025-11-02 22:00:00,159.37233333333333
2025-11-02 23:00:00,160.1551724137931
2025-11-03 00:00:00,157.73066666666668
2025-11-03 01:00:00,151.04310344827587
2025-11-03 02:00:00,180.95566666666667
2025-11-03 03:00:00,219.67193548387095
2025-11-03 04:00:00,205.7958620689655
2025-11-03 05:00:00,180.16655172413792
2025-11-03 06:00:00,169.23
2025-11-03 07:00:00,173.35931034482758
2025-11-03 08:00:00,166.04896551724138
2025-11-03 09:00:00,166.1493103448276
2025-11-03 10:00:00,177.66379310344828
2025-11-03 11:00:00,213.20103448275862
2025-11-03 12:00:00,251.32407407407408
2025-11-03 13:00:00,230.99137931034483
2025-11-03 14:00:00,171.0344827586207
2025-11-03 15:00:00,135.65
2025-11-03 16:00:00,111.80172413793103
2025-11-03 17:00:00,99.45689655172414
2025-11-03 18:00:00,105.69827586206897
2025-11-03 19:00:00,139.23275862068965
2025-11-03 20:00:00,165.0344827586207
2025-11-03 21:00:00,173.90833333333333
2025-11-03 22:00:00,188.1
2025-11-03 23:00:00,181.1751724137931
2025-11-04 00:00:00,174.56666666666666
2025-11-04 01:00:00,177.75
2025-11-04 02:00:00,163.99166666666667
2025-11-04 03:00:00,156.41666666666666
2025-11-04 04:00:00,154.18333333333334
2025-11-04 05:00:00,152.40833333333333
2025-11-04 06:00:00,160.56666666666666
2025-11-04 07:00:00,166.0
2025-11-04 08:00:00,185.33333333333334
2025-11-04 09:00:00,198.689
2025-11-04 10:00:00,169.71666666666667
2025-11-04 11:00:00,125.25833333333334
2025-11-04 12:00:00,106.25586206896551
2025-11-04 13:00:00,104.72413793103448
2025-11-04 14:00:00,88.97413793103448
2025-11-04 15:00:00,77.59166666666667
2025-11-04 16:00:00,67.97766666666666
2025-11-04 17:00:00,62.814516129032256
2025-11-04 18:00:00,66.85
2025-11-04 19:00:00,78.20967741935483
2025-11-04 20:00:00,91.0
2025-11-04 21:00:00,97.79838709677419
2025-11-04 22:00:00,109.23387096774194
2025-11-04 23:00:00,117.14166666666667
2025-11-05 00:00:00,105.43548387096774
2025-11-05 01:00:00,103.12903225806451
2025-11-05 02:00:00,94.4758064516129
2025-11-05 03:00:00,92.04032258064517
2025-11-05 04:00:00,93.74193548387096
2025-11-05 05:00:00,105.04838709677419
2025-11-05 06:00:00,115.01612903225806
2025-11-05 07:00:00,125.35483870967742
2025-11-05 08:00:00,129.70967741935485
2025-11-05 09:00:00,117.80833333333334
2025-11-05 10:00:00,88.34677419354838
2025-11-05 11:00:00,77.88678571428571
2025-11-05 12:00:00,68.6896551724138
2025-11-05 13:00:00,69.53333333333333
2025-11-05 14:00:00,64.86290322580645
2025-11-05 15:00:00,55.526774193548384
2025-11-05 16:00:00,53.40833333333333
2025-11-05 17:00:00,57.075
2025-11-05 18:00:00,71.49193548387096
2025-11-05 19:00:00,90.50806451612904
2025-11-05 20:00:00,118.45967741935483
2025-11-05 21:00:00,156.65322580645162
2025-11-05 22:00:00,202.07
2025-11-05 23:00:00,228.68033333333332
2025-11-06 00:00:00,312.5083333333333
2025-11-06 01:00:00,299.06451612903226
2025-11-06 02:00:00,253.2258064516129
2025-11-06 03:00:00,231.7258064516129
2025-11-06 04:00:00,226.95967741935485
2025-11-06 05:00:00,252.41129032258064
2025-11-06 06:00:00,293.8467741935484
2025-11-06 07:00:00,348.3333333333333
2025-11-06 08:00:00,380.9943333333333
2025-11-06 09:00:00,351.46666666666664
2025-11-06 10:00:00,255.3709677419355
2025-11-06 11:00:00,150.514
2025-11-06 12:00:00,99.21774193548387
2025-11-06 13:00:00,86.89516129032258
2025-11-06 14:00:00,74.45967741935483
2025-11-06 15:00:00,69.48387096774194
2025-11-06 16:00:00,62.37096774193548
2025-11-06 17:00:00,63.38709677419355
2025-11-06 18:00:00,67.66129032258064
2025-11-06 19:00:00,86.33064516129032
2025-11-06 20:00:00,99.68548387096774
2025-11-06 21:00:00,117.84677419354838
2025-11-06 22:00:00,136.50806451612902
2025-11-06 23:00:00,147.325
2025-11-07 00:00:00,210.93548387096774
2025-11-07 01:00:00,277.8833333333333
2025-11-07 02:00:00,311.8225806451613
2025-11-07 03:00:00,345.03333333333336
2025-11-07 04:00:00,380.1306666666667
2025-11-07 05:00:00,392.46666666666664
2025-11-07 06:00:00,373.114
2025-11-07 07:00:00,308.5416666666667
2025-11-07 08:00:00,272.03225806451616
2025-11-07 09:00:00,229.25266666666667
2025-11-07 10:00:00,203.51724137931035
2025-11-07 11:00:00,183.50266666666667
2025-11-07 12:00:00,158.59166666666667
2025-11-07 13:00:00,132.61290322580646
2025-11-07 14:00:00,107.76724137931035
2025-11-07 15:00:00,90.20967741935483
2025-11-07 16:00:00,85.75862068965517
2025-11-07 17:00:00,85.90833333333333
2025-11-07 18:00:00,97.88709677419355
2025-11-07 19:00:00,116.05833333333334
2025-11-07 20:00:00,137.82258064516128
2025-11-07 21:00:00,158.54032258064515
2025-11-07 22:00:00,170.45709677419356
2025-11-07 23:00:00,183.553
2025-11-08 00:00:00,189.32258064516128
2025-11-08 01:00:00,197.45967741935485
2025-11-08 02:00:00,228.61290322580646
2025-11-08 03:00:00,290.28225806451616
2025-11-08 04:00:00,328.775
2025-11-08 05:00:00,340.76666666666665
2025-11-08 06:00:00,339.7416666666667
2025-11-08 07:00:00,335.7416666666667
2025-11-08 08:00:00,338.8574193548387
2025-11-08 09:00:00,332.96666666666664
2025-11-08 10:00:00,362.9516129032258
2025-11-08 11:00:00,360.7983870967742
2025-11-08 12:00:00,226.83035714285714
2025-11-08 13:00:00,195.90833333333333
2025-11-08 14:00:00,187.3851724137931
2025-11-08 15:00:00,170.03483870967742
2025-11-08 16:00:00,152.4655172413793
2025-11-08 17:00:00,159.88333333333333
2025-11-08 18:00:00,169.6209677419355
2025-11-08 19:00:00,197.93548387096774
2025-11-08 20:00:00,211.73387096774192
2025-11-08 21:00:00,222.09935483870967
2025-11-08 22:00:00,231.32258064516128
2025-11-08 23:00:00,231.11966666666666
2025-11-09 00:00:00,231.1290322580645
2025-11-09 01:00:00,234.88709677419354
2025-11-09 02:00:00,248.34166666666667
2025-11-09 03:00:00,275.7
2025-11-09 04:00:00,302.725
2025-11-09 05:00:00,316.46666666666664
2025-11-09 06:00:00,318.125
2025-11-09 07:00:00,323.6166666666667
2025-11-09 08:00:00,324.925
2025-11-09 09:00:00,303.66129032258067
2025-11-09 10:00:00,270.0483870967742
2025-11-09 11:00:00,216.8790322580645
2025-11-09 12:00:00,172.70833333333334
2025-11-09 13:00:00,136.20833333333334
2025-11-09 14:00:00,107.45833333333333
2025-11-09 15:00:00,84.9396551724138
2025-11-09 16:00:00,83.114
2025-11-09 17:00:00,91.214
2025-11-09 18:00:00,117.35
2025-11-09 19:00:00,151.21666666666667
2025-11-09 20:00:00,183.9
2025-11-09 21:00:00,196.8790322580645
2025-11-09 22:00:00,216.3548387096774
2025-11-09 23:00:00,217.575
2025-11-10 00:00:00,211.7016129032258
2025-11-10 01:00:00,215.38709677419354
2025-11-10 02:00:00,226.61290322580646
2025-11-10 03:00:00,261.9596774193548
2025-11-10 04:00:00,296.241935483871
2025-11-10 05:00:00,305.4051724137931
2025-11-10 06:00:00,314.63392857142856
2025-11-10 07:00:00,322.9310344827586
2025-11-10 08:00:00,298.7916666666667
2025-11-10 09:00:00,276.9583333333333
2025-11-10 10:00:00,298.98333333333335
2025-11-10 11:00:00,273.0357142857143
2025-11-10 12:00:00,225.47413793103448
2025-11-10 13:00:00,177.96774193548387
2025-11-10 14:00:00,187.32258064516128
2025-11-10 15:00:00,187.6
2025-11-10 16:00:00,187.1
2025-11-10 17:00:00,196.20689655172413
2025-11-10 18:00:00,215.825
2025-11-10 19:00:00,256.625
2025-11-10 20:00:00,285.914
2025-11-10 21:00:00,325.78333333333336
2025-11-10 22:00:00,334.4768965517241
2025-11-10 23:00:00,357.7082142857143
2025-11-11 00:00:00,375.2083333333333
2025-11-11 01:00:00,389.73333333333335
2025-11-11 02:00:00,397.2916666666667
2025-11-11 03:00:00,392.23333333333335
2025-11-11 04:00:00,406.2083333333333
2025-11-11 05:00:00,407.4166666666667
2025-11-11 06:00:00,412.8666666666667
2025-11-11 07:00:00,405.525
2025-11-11 08:00:00,399.125
2025-11-11 09:00:00,386.26666666666665
2025-11-11 10:00:00,376.43333333333334
2025-11-11 11:00:00,321.42483870967743
2025-11-11 12:00:00,245.66379310344828
2025-11-11 13:00:00,191.05903225806452
2025-11-11 14:00:00,181.21774193548387
2025-11-11 15:00:00,154.00806451612902
2025-11-11 16:00:00,138.46774193548387
2025-11-11 17:00:00,145.66935483870967
2025-11-11 18:00:00,155.30645161290323
2025-11-11 19:00:00,183.0483870967742
2025-11-11 20:00:00,196.5241935483871
2025-11-11 21:00:00,222.48387096774192
2025-11-11 22:00:00,278.5
2025-11-11 23:00:00,335.2776666666667
2025-11-12 00:00:00,392.1290322580645
2025-11-12 01:00:00,458.21774193548384
2025-11-12 02:00:00,479.6074193548387
2025-11-12 03:00:00,460.19166666666666
2025-11-12 04:00:00,443.975
2025-11-12 05:00:00,433.825
2025-11-12 06:00:00,438.28066666666666
2025-11-12 07:00:00,407.75
2025-11-12 08:00:00,393.4583333333333
2025-11-12 09:00:00,413.5458064516129
2025-11-12 10:00:00,406.9058064516129
2025-11-12 11:00:00,337.53225806451616
2025-11-12 12:00:00,274.1693548387097
2025-11-12 13:00:00,223.83064516129033
2025-11-12 14:00:00,181.68333333333334
2025-11-12 15:00:00,150.11666666666667
2025-11-12 16:00:00,141.25806451612902
2025-11-12 17:00:00,145.6290322580645
2025-11-12 18:00:00,166.81451612903226
2025-11-12 19:00:00,196.4516129032258
2025-11-12 20:00:00,230.7741935483871
2025-11-12 21:00:00,240.31451612903226
2025-11-12 22:00:00,256.258064516129
2025-11-12 23:00:00,269.7416666666667
2025-11-13 00:00:00,275.98387096774195
2025-11-13 01:00:00,301.8225806451613
2025-11-13 02:00:00,315.5967741935484
2025-11-13 03:00:00,315.36290322580646
2025-11-13 04:00:00,340.55833333333334
2025-11-13 05:00:00,356.6
2025-11-13 06:00:00,358.43333333333334
2025-11-13 07:00:00,348.3709677419355
2025-11-13 08:00:00,350.89516129032256
2025-11-13 09:00:00,343.0967741935484
2025-11-13 10:00:00,356.5556666666667
2025-11-13 11:00:00,303.5833333333333
2025-11-13 12:00:00,245.375
2025-11-13 13:00:00,201.7155172413793
2025-11-13 14:00:00,201.95689655172413
2025-11-13 15:00:00,191.68333333333334
2025-11-13 16:00:00,184.48387096774192
2025-11-13 17:00:00,180.2741935483871
2025-11-13 18:00:00,203.81451612903226
2025-11-13 19:00:00,239.175
2025-11-13 20:00:00,256.36290322580646
2025-11-13 21:00:00,262.30645161290323
2025-11-13 22:00:00,279.18548387096774
2025-11-13 23:00:00,266.4556666666667
2025-11-14 00:00:00,259.5
2025-11-14 01:00:00,244.40322580645162
2025-11-14 02:00:00,246.85
2025-11-14 03:00:00,255.44166666666666
2025-11-14 04:00:00,261.0416666666667
2025-11-14 05:00:00,261.93333333333334
2025-11-14 06:00:00,260.55833333333334
2025-11-14 07:00:00,254.68333333333334
2025-11-14 08:00:00,248.66379310344828
2025-11-14 09:00:00,241.41379310344828
2025-11-14 10:00:00,234.75833333333333
2025-11-14 11:00:00,224.43333333333334
2025-11-14 12:00:00,210.29032258064515
2025-11-14 13:00:00,183.00833333333333
2025-11-14 14:00:00,182.73333333333332
2025-11-14 15:00:00,165.02586206896552
2025-11-14 16:00:00,152.325
2025-11-14 17:00:00,147.06666666666666
2025-11-14 18:00:00,171.92741935483872
2025-11-14 19:00:00,203.61290322580646
2025-11-14 20:00:00,228.99433333333334
2025-11-14 21:00:00,262.60833333333335
2025-11-14 22:00:00,284.93333333333334
2025-11-14 23:00:00,283.9427586206897
2025-11-15 00:00:00,287.68333333333334
2025-11-15 01:00:00,291.1166666666667
2025-11-15 02:00:00,310.8666666666667
2025-11-15 03:00:00,320.56666666666666
2025-11-15 04:00:00,301.758064516129
2025-11-15 05:00:00,313.1666666666667
2025-11-15 06:00:00,314.2583333333333
2025-11-15 07:00:00,305.14166666666665
2025-11-15 08:00:00,284.2416666666667
2025-11-15 09:00:00,268.225
2025-11-15 10:00:00,266.03225806451616
2025-11-15 11:00:00,246.85833333333332
2025-11-15 12:00:00,206.38709677419354
2025-11-15 13:00:00,176.16666666666666
2025-11-15 14:00:00,154.76612903225808
2025-11-15 15:00:00,148.69354838709677
2025-11-15 16:00:00,136.05833333333334
2025-11-15 17:00:00,138.61290322580646
2025-11-15 18:00:00,153.42741935483872
2025-11-15 19:00:00,178.92741935483872
2025-11-15 20:00:00,202.9758064516129
2025-11-15 21:00:00,231.27161290322582
2025-11-15 22:00:00,250.7232258064516
2025-11-15 23:00:00,288.0833333333333
2025-11-16 00:00:00,324.0483870967742
2025-11-16 01:00:00,357.5806451612903
2025-11-16 02:00:00,366.4758064516129
2025-11-16 03:00:00,353.714
2025-11-16 04:00:00,348.6290322580645
2025-11-16 05:00:00,323.8709677419355
2025-11-16 06:00:00,309.0
2025-11-16 07:00:00,288.9274193548387
2025-11-16 08:00:00,289.7096774193548
2025-11-16 09:00:00,285.01612903225805
2025-11-16 10:00:00,277.4
2025-11-16 11:00:00,245.06451612903226
2025-11-16 12:00:00,194.85833333333332
2025-11-16 13:00:00,134.08333333333334
2025-11-16 14:00:00,105.34677419354838
2025-11-16 15:00:00,104.56666666666666
2025-11-16 16:00:00,111.33064516129032
2025-11-16 17:00:00,112.86666666666666
2025-11-16 18:00:00,127.28333333333333
2025-11-16 19:00:00,155.26666666666668
2025-11-16 20:00:00,180.63333333333333
2025-11-16 21:00:00,199.36666666666667
2025-11-16 22:00:00,221.13333333333333
2025-11-16 23:00:00,257.5948275862069
2025-11-17 00:00:00,282.6166666666667
2025-11-17 01:00:00,289.1166666666667
2025-11-17 02:00:00,290.71666666666664
2025-11-17 03:00:00,301.64166666666665
2025-11-17 04:00:00,291.01666666666665
2025-11-17 05:00:00,282.9
2025-11-17 06:00:00,272.6306666666667
2025-11-17 07:00:00,256.05833333333334
2025-11-17 08:00:00,216.14166666666668
2025-11-17 09:00:00,190.35833333333332
2025-11-17 10:00:00,196.239
2025-11-17 11:00:00,185.59166666666667
2025-11-17 12:00:00,158.98333333333332
2025-11-17 13:00:00,136.76666666666668
2025-11-17 14:00:00,116.62931034482759
2025-11-17 15:00:00,109.00892857142857
2025-11-17 16:00:00,102.5
2025-11-17 17:00:00,107.64516129032258
2025-11-17 18:00:00,125.0941935483871
2025-11-17 19:00:00,165.5483870967742
2025-11-17 20:00:00,186.92483870967743
2025-11-17 21:00:00,222.075
2025-11-17 22:00:00,231.75
2025-11-17 23:00:00,246.95
2025-11-18 00:00:00,259.6209677419355
2025-11-18 01:00:00,251.84677419354838
2025-11-18 02:00:00,246.25806451612902
2025-11-18 03:00:00,246.15322580645162
2025-11-18 04:00:00,249.95709677419356
2025-11-18 05:00:00,257.7474193548387
2025-11-18 06:00:00,268.0483870967742
2025-11-18 07:00:00,272.3306451612903
2025-11-18 08:00:00,281.55645161290323
2025-11-18 09:00:00,306.18
2025-11-18 10:00:00,327.46516129032256
2025-11-18 11:00:00,320.5967741935484
2025-11-18 12:00:00,270.05
2025-11-18 13:00:00,210.1048387096774
2025-11-18 14:00:00,170.44096774193548
2025-11-18 15:00:00,149.55833333333334
2025-11-18 16:00:00,137.2258064516129
2025-11-18 17:00:00,141.08870967741936
2025-11-18 18:00:00,159.91129032258064
2025-11-18 19:00:00,191.8709677419355
2025-11-18 20:00:00,214.97838709677418
2025-11-18 21:00:00,231.29032258064515
2025-11-18 22:00:00,246.91129032258064
2025-11-18 23:00:00,257.39166666666665
2025-11-19 00:00:00,271.3306451612903
2025-11-19 01:00:00,276.8735483870968
2025-11-19 02:00:00,288.60566666666665
2025-11-19 03:00:00,289.525
2025-11-19 04:00:00,305.775
2025-11-19 05:00:00,316.19166666666666
2025-11-19 06:00:00,322.21666666666664
2025-11-19 07:00:00,324.09166666666664
2025-11-19 08:00:00,323.51666666666665
2025-11-19 09:00:00,344.23333333333335
2025-11-19 10:00:00,360.75
2025-11-19 11:00:00,337.8306451612903
2025-11-19 12:00:00,255.73387096774192
2025-11-19 13:00:00,200.50833333333333
2025-11-19 14:00:00,181.00833333333333
2025-11-19 15:00:00,152.81933333333333
2025-11-19 16:00:00,156.26612903225808
2025-11-19 17:00:00,161.57258064516128
2025-11-19 18:00:00,178.7741935483871
2025-11-19 19:00:00,218.9516129032258
2025-11-19 20:00:00,245.58870967741936
2025-11-19 21:00:00,267.0241935483871
2025-11-19 22:00:00,305.6532258064516
2025-11-19 23:00:00,301.475
2025-11-20 00:00:00,295.9974193548387
2025-11-20 01:00:00,295.5241935483871
2025-11-20 02:00:00,286.83870967741933
2025-11-20 03:00:00,280.625
2025-11-20 04:00:00,287.2416666666667
2025-11-20 05:00:00,301.19354838709677
2025-11-20 06:00:00,296.73387096774195
2025-11-20 07:00:00,294.0
2025-11-20 08:00:00,290.7258064516129
2025-11-20 09:00:00,289.81451612903226
2025-11-20 10:00:00,274.23333333333335
2025-11-20 11:00:00,262.125
2025-11-20 12:00:00,217.20266666666666
2025-11-20 13:00:00,172.69444444444446
2025-11-20 14:00:00,150.46774193548387
2025-11-20 15:00:00,142.56666666666666
2025-11-20 16:00:00,135.28900000000002
2025-11-20 17:00:00,140.86290322580646
2025-11-20 18:00:00,160.2155172413793
2025-11-20 19:00:00,185.75
2025-11-20 20:00:00,202.7525806451613
2025-11-20 21:00:00,226.08870967741936
2025-11-20 22:00:00,242.29032258064515
2025-11-20 23:00:00,249.686
2025-11-21 00:00:00,243.33322580645162
2025-11-21 01:00:00,253.725
2025-11-21 02:00:00,261.66129032258067
2025-11-21 03:00:00,269.08870967741933
2025-11-21 04:00:00,266.1774193548387
2025-11-21 05:00:00,272.1209677419355
2025-11-21 06:00:00,259.8709677419355
2025-11-21 07:00:00,262.88709677419354
2025-11-21 08:00:00,267.3333333333333
2025-11-21 09:00:00,283.48333333333335
2025-11-21 10:00:00,263.81666666666666
2025-11-21 11:00:00,222.80566666666667
2025-11-21 12:00:00,166.19166666666666
2025-11-21 13:00:00,145.70566666666667
2025-11-21 14:00:00,128.2355172413793
2025-11-21 15:00:00,122.65
2025-11-21 16:00:00,113.01666666666667
2025-11-21 17:00:00,122.54838709677419
2025-11-21 18:00:00,138.42741935483872
2025-11-21 19:00:00,172.73387096774192
2025-11-21 20:00:00,211.93548387096774
2025-11-21 21:00:00,221.5483870967742
2025-11-21 22:00:00,237.86290322580646
2025-11-21 23:00:00,239.483
2025-11-22 00:00:00,249.2741935483871
2025-11-22 01:00:00,251.6290322580645
2025-11-22 02:00:00,242.17741935483872
2025-11-22 03:00:00,245.93548387096774
2025-11-22 04:00:00,249.9516129032258
2025-11-22 05:00:00,246.82258064516128
2025-11-22 06:00:00,259.6290322580645
2025-11-22 07:00:00,263.41129032258067
2025-11-22 08:00:00,266.2716129032258
2025-11-22 09:00:00,279.81451612903226
2025-11-22 10:00:00,305.6774193548387
2025-11-22 11:00:00,268.69354838709677
2025-11-22 12:00:00,232.69354838709677
2025-11-22 13:00:00,199.5
2025-11-22 14:00:00,150.4758064516129
2025-11-22 15:00:00,133.6048387096774
2025-11-22 16:00:00,131.76612903225808
2025-11-22 17:00:00,142.7741935483871
2025-11-22 18:00:00,161.50806451612902
2025-11-22 19:00:00,198.41666666666666
2025-11-22 20:00:00,213.8951612903226
2025-11-22 21:00:00,231.31451612903226
2025-11-22 22:00:00,247.79032258064515
2025-11-22 23:00:00,279.24724137931037
2025-11-23 00:00:00,271.83870967741933
2025-11-23 01:00:00,282.4596774193548
2025-11-23 02:00:00,277.30645161290323
2025-11-23 03:00:00,267.6532258064516
2025-11-23 04:00:00,270.25
2025-11-23 05:00:00,269.1774193548387
2025-11-23 06:00:00,266.5241935483871
2025-11-23 07:00:00,262.8225806451613
2025-11-23 08:00:00,270.01612903225805
2025-11-23 09:00:00,302.2122580645161
2025-11-23 10:00:00,344.5403225806452
2025-11-23 11:00:00,344.758064516129
2025-11-23 12:00:00,305.94354838709677
2025-11-23 13:00:00,253.96774193548387
2025-11-23 14:00:00,197.16129032258064
2025-11-23 15:00:00,157.7741935483871
2025-11-23 16:00:00,152.16129032258064
2025-11-23 17:00:00,163.86290322580646
2025-11-23 18:00:00,196.84677419354838
2025-11-23 19:00:00,218.26612903225808
2025-11-23 20:00:00,250.11290322580646
2025-11-23 21:00:00,271.5
2025-11-23 22:00:00,276.475
2025-11-23 23:00:00,284.025
2025-11-24 00:00:00,305.85
2025-11-24 01:00:00,279.60833333333335
2025-11-24 02:00:00,278.2416666666667
2025-11-24 03:00:00,265.90833333333336
2025-11-24 04:00:00,250.9
2025-11-24 05:00:00,250.08333333333334
2025-11-24 06:00:00,247.75
2025-11-24 07:00:00,260.2916666666667
2025-11-24 08:00:00,270.40833333333336
2025-11-24 09:00:00,274.886
2025-11-24 10:00:00,272.7416666666667
2025-11-24 11:00:00,238.65566666666666
2025-11-24 12:00:00,208.89166666666668
2025-11-24 13:00:00,173.1
2025-11-24 14:00:00,146.475
2025-11-24 15:00:00,126.58064516129032
2025-11-24 16:00:00,115.98387096774194
2025-11-24 17:00:00,122.37096774193549
2025-11-24 18:00:00,141.4516129032258
2025-11-24 19:00:00,170.9758064516129
2025-11-24 20:00:00,196.54032258064515
2025-11-24 21:00:00,214.15870967741935
2025-11-24 22:00:00,228.29032258064515
2025-11-24 23:00:00,239.58866666666665
2025-11-25 00:00:00,252.91935483870967
2025-11-25 01:00:00,241.06451612903226
2025-11-25 02:00:00,240.2016129032258
2025-11-25 03:00:00,234.19354838709677
2025-11-25 04:00:00,224.29032258064515
2025-11-25 05:00:00,227.24193548387098
2025-11-25 06:00:00,230.6048387096774
2025-11-25 07:00:00,235.75806451612902
2025-11-25 08:00:00,241.43548387096774
2025-11-25 09:00:00,252.92741935483872
2025-11-25 10:00:00,243.2741935483871
2025-11-25 11:00:00,209.91666666666666
2025-11-25 12:00:00,162.31666666666666
2025-11-25 13:00:00,127.5241935483871
2025-11-25 14:00:00,113.00806451612904
2025-11-25 15:00:00,104.35
2025-11-25 16:00:00,99.7741935483871
2025-11-25 17:00:00,101.56451612903226
2025-11-25 18:00:00,120.00833333333334
2025-11-25 19:00:00,148.3951612903226
2025-11-25 20:00:00,178.69612903225806
2025-11-25 21:00:00,201.95967741935485
2025-11-25 22:00:00,217.33870967741936
2025-11-25 23:00:00,222.056
2025-11-26 00:00:00,218.65322580645162
2025-11-26 01:00:00,222.16935483870967
2025-11-26 02:00:00,216.07258064516128
2025-11-26 03:00:00,210.3951612903226
2025-11-26 04:00:00,210.63709677419354
2025-11-26 05:00:00,209.12645161290322
2025-11-26 06:00:00,200.625
2025-11-26 07:00:00,189.30833333333334
2025-11-26 08:00:00,184.00806451612902
2025-11-26 09:00:00,179.2
2025-11-26 10:00:00,188.64166666666668
2025-11-26 11:00:00,175.07258064516128
2025-11-26 12:00:00,143.94433333333333
2025-11-26 13:00:00,125.74433333333333
2025-11-26 14:00:00,109.55645161290323
2025-11-26 15:00:00,109.28225806451613
2025-11-26 16:00:00,107.23935483870967
2025-11-26 17:00:00,117.21774193548387
2025-11-26 18:00:00,139.06451612903226
2025-11-26 19:00:00,162.4516129032258
2025-11-26 20:00:00,224.99451612903226
2025-11-26 21:00:00,229.19354838709677
2025-11-26 22:00:00,266.26933333333335
2025-11-26 23:00:00,264.26933333333335
2025-11-27 00:00:00,269.01612903225805
2025-11-27 01:00:00,280.2258064516129
2025-11-27 02:00:00,276.11290322580646
2025-11-27 03:00:00,274.05645161290323
2025-11-27 04:00:00,280.7474193548387
2025-11-27 05:00:00,283.9274193548387
2025-11-27 06:00:00,299.1774193548387
2025-11-27 07:00:00,269.10483870967744
2025-11-27 08:00:00,298.18806451612903
2025-11-27 09:00:00,345.26612903225805
2025-11-27 10:00:00,361.741935483871
2025-11-27 11:00:00,312.01870967741934
2025-11-27 12:00:00,226.38709677419354
2025-11-27 13:00:00,146.3548387096774
2025-11-27 14:00:00,144.13709677419354
2025-11-27 15:00:00,137.69354838709677
2025-11-27 16:00:00,130.81451612903226
2025-11-27 17:00:00,132.16129032258064
2025-11-27 18:00:00,152.6048387096774
2025-11-27 19:00:00,197.14774193548388
2025-11-27 20:00:00,237.51612903225808
2025-11-27 21:00:00,271.2983870967742
2025-11-27 22:00:00,298.4758064516129
2025-11-27 23:00:00,303.7943333333333
2025-11-28 00:00:00,292.63709677419354
2025-11-28 01:00:00,292.0483870967742
2025-11-28 02:00:00,284.275
2025-11-28 03:00:00,281.2583333333333
2025-11-28 04:00:00,279.0416666666667
2025-11-28 05:00:00,266.741935483871
2025-11-28 06:00:00,256.56451612903226
2025-11-28 07:00:00,269.39516129032256
2025-11-28 08:00:00,287.21774193548384
2025-11-28 09:00:00,283.9032258064516
2025-11-28 10:00:00,256.51666666666665
2025-11-28 11:00:00,209.24166666666667
2025-11-28 12:00:00,167.725
2025-11-28 13:00:00,126.43548387096774
2025-11-28 14:00:00,124.1774193548387
2025-11-28 15:00:00,109.44827586206897
2025-11-28 16:00:00,106.5725806451613
2025-11-28 17:00:00,103.90322580645162
2025-11-28 18:00:00,123.73387096774194
2025-11-28 19:00:00,155.67741935483872
2025-11-28 20:00:00,188.66935483870967
2025-11-28 21:00:00,206.25806451612902
2025-11-28 22:00:00,224.7741935483871
2025-11-28 23:00:00,228.40533333333332
2025-11-29 00:00:00,223.56451612903226
2025-11-29 01:00:00,211.95967741935485
2025-11-29 02:00:00,195.05645161290323
2025-11-29 03:00:00,179.1290322580645
2025-11-29 04:00:00,174.26612903225808
2025-11-29 05:00:00,168.0941935483871
2025-11-29 06:00:00,167.42741935483872
2025-11-29 07:00:00,180.99193548387098
2025-11-29 08:00:00,173.6048387096774
2025-11-29 09:00:00,158.67741935483872
2025-11-29 10:00:00,146.51870967741937
2025-11-29 11:00:00,129.5
2025-11-29 12:00:00,109.46551724137932
2025-11-29 13:00:00,96.75
2025-11-29 14:00:00,77.536
2025-11-29 15:00:00,67.10266666666666
2025-11-29 16:00:00,64.83064516129032
2025-11-29 17:00:00,68.81451612903226
2025-11-29 18:00:00,86.53333333333333
2025-11-29 19:00:00,117.375
2025-11-29 20:00:00,139.84166666666667
2025-11-29 21:00:00,150.19166666666666
2025-11-29 22:00:00,166.04733333333334
2025-11-29 23:00:00,152.66071428571428
2025-11-30 00:00:00,151.6
2025-11-30 01:00:00,147.325
2025-11-30 02:00:00,145.39166666666668
2025-11-30 03:00:00,149.325
2025-11-30 04:00:00,145.36666666666667
2025-11-30 05:00:00,146.99166666666667
2025-11-30 06:00:00,149.45
2025-11-30 07:00:00,154.03333333333333
2025-11-30 08:00:00,156.84733333333332
2025-11-30 09:00:00,154.00833333333333
2025-11-30 10:00:00,152.3790322580645
2025-11-30 11:00:00,147.36290322580646
2025-11-30 12:00:00,137.43548387096774
2025-11-30 13:00:00,116.70833333333333
2025-11-30 14:00:00,98.86290322580645
2025-11-30 15:00:00,79.65322580645162
2025-11-30 16:00:00,79.58064516129032
2025-11-30 17:00:00,90.29838709677419
2025-11-30 18:00:00,106.38709677419355
2025-11-30 19:00:00,143.1451612903226
2025-11-30 20:00:00,157.62645161290322
2025-11-30 21:00:00,175.92193548387095
2025-11-30 22:00:00,197.07258064516128
2025-11-30 23:00:00,184.49733333333333
2025-12-01 00:00:00,189.93548387096774
2025-12-01 01:00:00,180.50806451612902
2025-12-01 02:00:00,181.8951612903226
2025-12-01 03:00:00,177.43548387096774
2025-12-01 04:00:00,174.46774193548387
2025-12-01 05:00:00,173.43548387096774
2025-12-01 06:00:00,175.7525806451613
2025-12-01 07:00:00,179.03225806451613
2025-12-01 08:00:00,186.16387096774193
2025-12-01 09:00:00,196.16129032258064
2025-12-01 10:00:00,186.1451612903226
2025-12-01 11:00:00,157.1316129032258
2025-12-01 12:00:00,129.27586206896552
2025-12-01 13:00:00,109.35344827586206
2025-12-01 14:00:00,89.54433333333333
2025-12-01 15:00:00,85.79290322580646
2025-12-01 16:00:00,90.3441935483871
2025-12-01 17:00:00,97.23935483870967
2025-12-01 18:00:00,126.89774193548386
2025-12-01 19:00:00,166.45419354838708
2025-12-01 20:00:00,207.56709677419354
2025-12-01 21:00:00,256.1103225806452
2025-12-01 22:00:00,270.8090322580645
2025-12-01 23:00:00,273.8134482758621
2025-12-02 00:00:00,280.90566666666666
2025-12-02 01:00:00,288.936
2025-12-02 02:00:00,294.4026666666667
2025-12-02 03:00:00,286.2606451612903
2025-12-02 04:00:00,270.2741935483871
2025-12-02 05:00:00,252.34166666666667
2025-12-02 06:00:00,250.69433333333333
2025-12-02 07:00:00,266.14516129032256
2025-12-02 08:00:00,277.5967741935484
2025-12-02 09:00:00,298.64774193548385
2025-12-02 10:00:00,295.8225806451613
2025-12-02 11:00:00,261.37233333333336
2025-12-02 12:00:00,229.74193548387098
2025-12-02 13:00:00,210.5106451612903
2025-12-02 14:00:00,187.11933333333334
2025-12-02 15:00:00,190.75806451612902
2025-12-02 16:00:00,191.63451612903225
2025-12-02 17:00:00,179.29290322580644
2025-12-02 18:00:00,185.37354838709678
2025-12-02 19:00:00,215.44354838709677
2025-12-02 20:00:00,241.85193548387096
2025-12-02 21:00:00,258.97322580645164
2025-12-02 22:00:00,264.964
2025-12-02 23:00:00,263.65206896551723
2025-12-03 00:00:00,240.5483870967742
2025-12-03 01:00:00,225.31193548387097
2025-12-03 02:00:00,205.94354838709677
2025-12-03 03:00:00,194.34935483870967
2025-12-03 04:00:00,183.48333333333332
2025-12-03 05:00:00,179.95709677419356
2025-12-03 06:00:00,179.86548387096775
2025-12-03 07:00:00,187.8574193548387
2025-12-03 08:00:00,203.1883870967742
2025-12-03 09:00:00,214.09677419354838
2025-12-03 10:00:00,189.5509677419355
2025-12-03 11:00:00,159.49193548387098
2025-12-03 12:00:00,139.58322580645162
2025-12-03 13:00:00,120.114
2025-12-03 14:00:00,99.31709677419354
2025-12-03 15:00:00,83.69903225806452
2025-12-03 16:00:00,75.84677419354838
2025-12-03 17:00:00,76.83333333333333
2025-12-03 18:00:00,95.4274193548387
2025-12-03 19:00:00,134.04580645161292
2025-12-03 20:00:00,164.71225806451613
2025-12-03 21:00:00,176.5
2025-12-03 22:00:00,185.33064516129033
2025-12-03 23:00:00,185.76633333333334
2025-12-04 00:00:00,179.71774193548387
2025-12-04 01:00:00,177.18806451612903
2025-12-04 02:00:00,173.68
2025-12-04 03:00:00,161.28225806451613
2025-12-04 04:00:00,164.18806451612903
2025-12-04 05:00:00,170.66129032258064
2025-12-04 06:00:00,186.07806451612905
2025-12-04 07:00:00,185.88709677419354
2025-12-04 08:00:00,191.47838709677418
2025-12-04 09:00:00,193.87645161290322
2025-12-04 10:00:00,188.05645161290323
2025-12-04 11:00:00,164.4893548387097
2025-12-04 12:00:00,133.55387096774194
2025-12-04 13:00:00,122.414
2025-12-04 14:00:00,112.05096774193548
2025-12-04 15:00:00,104.34677419354838
2025-12-04 16:00:00,104.4058064516129
2025-12-04 17:00:00,102.41387096774193
2025-12-04 18:00:00,121.98645161290322
2025-12-04 19:00:00,157.93
2025-12-04 20:00:00,191.6290322580645
2025-12-04 21:00:00,207.94612903225806
2025-12-04 22:00:00,221.90064516129033
2025-12-04 23:00:00,231.811
2025-12-05 00:00:00,222.32806451612905
2025-12-05 01:00:00,222.00548387096774
2025-12-05 02:00:00,196.51612903225808
2025-12-05 03:00:00,186.5
2025-12-05 04:00:00,183.55266666666665
2025-12-05 05:00:00,178.08354838709678
2025-12-05 06:00:00,172.47838709677418
2025-12-05 07:00:00,170.74709677419355
2025-12-05 08:00:00,176.886
2025-12-05 09:00:00,179.08333333333334
2025-12-05 10:00:00,182.08068965517242
2025-12-05 11:00:00,164.35620689655173
2025-12-05 12:00:00,143.49724137931034
2025-12-05 13:00:00,132.56933333333333
2025-12-05 14:00:00,124.5
2025-12-05 15:00:00,122.25833333333334
2025-12-05 16:00:00,118.61933333333333
2025-12-05 17:00:00,117.91666666666667
2025-12-05 18:00:00,137.3683870967742
2025-12-05 19:00:00,180.84935483870967
2025-12-05 20:00:00,212.361
2025-12-05 21:00:00,227.48129032258063
2025-12-05 22:00:00,239.6074193548387
2025-12-05 23:00:00,228.975
2025-12-06 00:00:00,215.66677419354838
2025-12-06 01:00:00,201.3009677419355
2025-12-06 02:00:00,194.40322580645162
2025-12-06 03:00:00,188.2232258064516
2025-12-06 04:00:00,182.18290322580646
2025-12-06 05:00:00,180.67741935483872
2025-12-06 06:00:00,185.6451612903226
2025-12-06 07:00:00,184.84677419354838
2025-12-06 08:00:00,191.28483870967742
2025-12-06 09:00:00,183.43806451612903
2025-12-06 10:00:00,172.42766666666665
2025-12-06 11:00:00,164.66387096774193
2025-12-06 12:00:00,149.44096774193548
2025-12-06 13:00:00,124.34433333333332
2025-12-06 14:00:00,105.53066666666668
2025-12-06 15:00:00,95.05096774193548
2025-12-06 16:00:00,91.27199999999999
2025-12-06 17:00:00,95.27677419354839
2025-12-06 18:00:00,111.52967741935484
2025-12-06 19:00:00,140.43
2025-12-06 20:00:00,172.57
2025-12-06 21:00:00,186.11290322580646
2025-12-06 22:00:00,186.92741935483872
2025-12-06 23:00:00,178.89166666666668
2025-12-07 00:00:00,167.76903225806453
2025-12-07 01:00:00,162.87766666666667
2025-12-07 02:00:00,158.76666666666668
2025-12-07 03:00:00,153.09677419354838
2025-12-07 04:00:00,159.6451612903226
2025-12-07 05:00:00,153.40870967741935
2025-12-07 06:00:00,158.6425806451613
2025-12-07 07:00:00,162.09677419354838
2025-12-07 08:00:00,163.0241935483871
2025-12-07 09:00:00,165.84166666666667
2025-12-07 10:00:00,166.16666666666666
2025-12-07 11:00:00,162.825
2025-12-07 12:00:00,152.947
2025-12-07 13:00:00,140.94433333333333
2025-12-07 14:00:00,124.41933333333333
2025-12-07 15:00:00,118.60266666666666
2025-12-07 16:00:00,113.62931034482759
2025-12-07 17:00:00,117.461
2025-12-07 18:00:00,136.65833333333333
2025-12-07 19:00:00,172.2
2025-12-07 20:00:00,196.22766666666666
2025-12-07 21:00:00,194.49451612903226
2025-12-07 22:00:00,188.66935483870967
2025-12-07 23:00:00,185.18333333333334
2025-12-08 00:00:00,171.83064516129033
2025-12-08 01:00:00,168.6451612903226
2025-12-08 02:00:00,168.12354838709678
2025-12-08 03:00:00,154.93
2025-12-08 04:00:00,155.32
2025-12-08 05:00:00,152.12354838709678
2025-12-08 06:00:00,158.83870967741936
2025-12-08 07:00:00,162.13967741935483
2025-12-08 08:00:00,177.82258064516128
2025-12-08 09:00:00,177.46774193548387
2025-12-08 10:00:00,177.83354838709678
2025-12-08 11:00:00,167.61032258064517
2025-12-08 12:00:00,151.61548387096775
2025-12-08 13:00:00,124.07806451612903
2025-12-08 14:00:00,103.87645161290322
2025-12-08 15:00:00,85.01064516129033
2025-12-08 16:00:00,78.48586206896552
2025-12-08 17:00:00,76.20709677419354
2025-12-08 18:00:00,92.93900000000001
2025-12-08 19:00:00,130.55266666666665
2025-12-08 20:00:00,154.6048387096774
2025-12-08 21:00:00,170.21774193548387
2025-12-08 22:00:00,179.2393548387097
2025-12-08 23:00:00,180.65266666666668
2025-12-09 00:00:00,171.48387096774192
2025-12-09 01:00:00,158.61032258064517
2025-12-09 02:00:00,147.23129032258063
2025-12-09 03:00:00,137.41935483870967
2025-12-09 04:00:00,133.86290322580646
2025-12-09 05:00:00,137.20967741935485
2025-12-09 06:00:00,138.07258064516128
2025-12-09 07:00:00,140.95709677419356
2025-12-09 08:00:00,147.94354838709677
2025-12-09 09:00:00,152.2258064516129
2025-12-09 10:00:00,147.50548387096774
2025-12-09 11:00:00,137.02161290322582
2025-12-09 12:00:00,123.23935483870967
2025-12-09 13:00:00,111.711
2025-12-09 14:00:00,86.7
2025-12-09 15:00:00,71.61290322580645
2025-12-09 16:00:00,63.711
2025-12-09 17:00:00,67.06666666666666
2025-12-09 18:00:00,85.76064516129033
2025-12-09 19:00:00,134.87766666666667
2025-12-09 20:00:00,144.675
2025-12-09 21:00:00,171.41129032258064
2025-12-09 22:00:00,176.05903225806452
2025-12-09 23:00:00,166.83066666666667
2025-12-10 00:00:00,153.99193548387098
2025-12-10 01:00:00,140.44354838709677
2025-12-10 02:00:00,126.87096774193549
2025-12-10 03:00:00,120.54290322580646
2025-12-10 04:00:00,123.74193548387096
2025-12-10 05:00:00,125.75258064516129
2025-12-10 06:00:00,122.68806451612903
2025-12-10 07:00:00,125.43806451612903
2025-12-10 08:00:00,129.6316129032258
2025-12-10 09:00:00,125.07000000000001
2025-12-10 10:00:00,122.64774193548386
2025-12-10 11:00:00,121.73129032258065
2025-12-10 12:00:00,115.77967741935484
2025-12-10 13:00:00,86.19096774193548
2025-12-10 14:00:00,80.6316129032258
2025-12-10 15:00:00,74.34677419354838
2025-12-10 16:00:00,76.16655172413793
2025-12-10 17:00:00,78.02233333333334
2025-12-10 18:00:00,91.08612903225807
2025-12-10 19:00:00,123.18806451612903
2025-12-10 20:00:00,160.88451612903225
2025-12-10 21:00:00,203.8358064516129
2025-12-10 22:00:00,239.4058064516129
2025-12-10 23:00:00,238.39966666666666
2025-12-11 00:00:00,234.49433333333334
2025-12-11 01:00:00,236.17233333333334
2025-12-11 02:00:00,231.24433333333334
2025-12-11 03:00:00,211.22766666666666
2025-12-11 04:00:00,194.79166666666666
2025-12-11 05:00:00,191.31666666666666
2025-12-11 06:00:00,177.99193548387098
2025-12-11 07:00:00,164.88967741935483
2025-12-11 08:00:00,163.94612903225806
2025-12-11 09:00:00,162.4732258064516
2025-12-11 10:00:00,163.43548387096774
2025-12-11 11:00:00,156.3816129032258
2025-12-11 12:00:00,132.39774193548388
2025-12-11 13:00:00,121.639
2025-12-11 14:00:00,115.33870967741936
2025-12-11 15:00:00,102.51870967741935
2025-12-11 16:00:00,90.40833333333333
2025-12-11 17:00:00,86.49451612903225
2025-12-11 18:00:00,109.15322580645162
2025-12-11 19:00:00,140.69096774193548
2025-12-11 20:00:00,188.54580645161292
2025-12-11 21:00:00,235.59677419354838
2025-12-11 22:00:00,248.73387096774192
2025-12-11 23:00:00,272.3473333333333
2025-12-12 00:00:00,262.81193548387097
2025-12-12 01:00:00,278.23387096774195
2025-12-12 02:00:00,292.4622580645161
2025-12-12 03:00:00,275.9622580645161
2025-12-12 04:00:00,270.61548387096775
2025-12-12 05:00:00,262.1074193548387
2025-12-12 06:00:00,250.90870967741935
2025-12-12 07:00:00,241.16935483870967
2025-12-12 08:00:00,248.29290322580644
2025-12-12 09:00:00,248.28225806451613
2025-12-12 10:00:00,238.19612903225806
2025-12-12 11:00:00,213.57806451612905
2025-12-12 12:00:00,174.88677419354838
2025-12-12 13:00:00,161.11793103448275
2025-12-12 14:00:00,143.91933333333333
2025-12-12 15:00:00,135.59166666666667
2025-12-12 16:00:00,137.95266666666666
2025-12-12 17:00:00,154.60225806451612
2025-12-12 18:00:00,182.94870967741934
2025-12-12 19:00:00,219.91129032258064
2025-12-12 20:00:00,251.03900000000002
2025-12-12 21:00:00,303.07
2025-12-12 22:00:00,323.9916666666667
2025-12-12 23:00:00,342.211
2025-12-13 00:00:00,348.88451612903225
2025-12-13 01:00:00,351.01612903225805
2025-12-13 02:00:00,333.8412903225806
2025-12-13 03:00:00,347.68548387096774
2025-12-13 04:00:00,349.0725806451613
2025-12-13 05:00:00,335.6183870967742
2025-12-13 06:00:00,329.88451612903225
2025-12-13 07:00:00,340.1264516129032
2025-12-13 08:00:00,365.05645161290323
2025-12-13 09:00:00,401.44612903225806
2025-12-13 10:00:00,443.98129032258066
2025-12-13 11:00:00,429.5416666666667
2025-12-13 12:00:00,408.36
2025-12-13 13:00:00,360.775
2025-12-13 14:00:00,314.4583333333333
2025-12-13 15:00:00,283.739
2025-12-13 16:00:00,290.1306666666667
2025-12-13 17:00:00,310.6943333333333
2025-12-13 18:00:00,333.0
2025-12-13 19:00:00,371.114
2025-12-13 20:00:00,404.8193333333333
2025-12-13 21:00:00,423.4486206896552
2025-12-13 22:00:00,444.114
2025-12-13 23:00:00,455.0803448275862
2025-12-14 00:00:00,436.3506896551724
2025-12-14 01:00:00,426.8096428571429
2025-12-14 02:00:00,401.84214285714285
2025-12-14 03:00:00,387.8503448275862
2025-12-14 04:00:00,395.6
2025-12-14 05:00:00,372.98066666666665
2025-12-14 06:00:00,340.87766666666664
2025-12-14 07:00:00,334.04290322580647
2025-12-14 08:00:00,332.8574193548387
2025-12-14 09:00:00,332.2041379310345
2025-12-14 10:00:00,374.03172413793106
2025-12-14 11:00:00,398.3448275862069
2025-12-14 12:00:00,403.24413793103446
2025-12-14 13:00:00,416.428275862069
2025-12-14 14:00:00,389.1437931034483
2025-12-14 15:00:00,372.16133333333335
2025-12-14 16:00:00,365.489
2025-12-14 17:00:00,352.56666666666666
2025-12-14 18:00:00,373.3333333333333
2025-12-14 19:00:00,405.514
2025-12-14 20:00:00,428.3193333333333
2025-12-14 21:00:00,425.9223333333333
2025-12-14 22:00:00,416.55172413793105
2025-12-14 23:00:00,418.81857142857143
2025-12-15 00:00:00,400.564
2025-12-15 01:00:00,390.036
2025-12-15 02:00:00,373.4443333333333
2025-12-15 03:00:00,353.411
2025-12-15 04:00:00,345.3534482758621
2025-12-15 05:00:00,329.23333333333335
2025-12-15 06:00:00,292.78333333333336
2025-12-15 07:00:00,271.06709677419354
2025-12-15 08:00:00,247.35193548387096
2025-12-15 09:00:00,242.39774193548388
2025-12-15 10:00:00,250.49733333333333
2025-12-15 11:00:00,266.80833333333334
2025-12-15 12:00:00,284.67533333333336
2025-12-15 13:00:00,261.1635714285714
2025-12-15 14:00:00,214.6951724137931
2025-12-15 15:00:00,192.4
2025-12-15 16:00:00,187.1451612903226
2025-12-15 17:00:00,207.19354838709677
2025-12-15 18:00:00,227.03225806451613
2025-12-15 19:00:00,249.30903225806452
2025-12-15 20:00:00,273.4516129032258
2025-12-15 21:00:00,284.67451612903227
2025-12-15 22:00:00,270.1943333333333
2025-12-15 23:00:00,261.0431034482759
2025-12-16 00:00:00,241.60833333333332
2025-12-16 01:00:00,222.264
2025-12-16 02:00:00,203.21099999999998
2025-12-16 03:00:00,202.68066666666667
2025-12-16 04:00:00,193.4
2025-12-16 05:00:00,199.864
2025-12-16 06:00:00,204.05903225806452
2025-12-16 07:00:00,207.41935483870967
2025-12-16 08:00:00,207.18
2025-12-16 09:00:00,208.66129032258064
2025-12-16 10:00:00,211.2364516129032
2025-12-16 11:00:00,184.80129032258066
2025-12-16 12:00:00,137.24451612903226
2025-12-16 13:00:00,118.20709677419354
2025-12-16 14:00:00,104.67999999999999
2025-12-16 15:00:00,102.09129032258065
2025-12-16 16:00:00,99.086
2025-12-16 17:00:00,107.336
2025-12-16 18:00:00,127.24137931034483
2025-12-16 19:00:00,172.625
2025-12-16 20:00:00,185.26612903225808
2025-12-16 21:00:00,198.57806451612905
2025-12-16 22:00:00,208.3009677419355
2025-12-16 23:00:00,211.03866666666667
2025-12-17 00:00:00,199.08612903225807
2025-12-17 01:00:00,188.75
2025-12-17 02:00:00,188.09935483870967
2025-12-17 03:00:00,191.72064516129032
2025-12-17 04:00:00,196.72838709677418
2025-12-17 05:00:00,198.49193548387098
2025-12-17 06:00:00,196.7983870967742
2025-12-17 07:00:00,187.02967741935484
2025-12-17 08:00:00,191.51612903225808
2025-12-17 09:00:00,199.125
2025-12-17 10:00:00,194.42193548387095
2025-12-17 11:00:00,191.10225806451612
2025-12-17 12:00:00,173.3116129032258
2025-12-17 13:00:00,150.10566666666668
2025-12-17 14:00:00,134.53225806451613
2025-12-17 15:00:00,124.4758064516129
2025-12-17 16:00:00,115.12354838709678
2025-12-17 17:00:00,118.77677419354839
2025-12-17 18:00:00,130.80833333333334
2025-12-17 19:00:00,161.31193548387097
2025-12-17 20:00:00,212.57516129032257
2025-12-17 21:00:00,275.68290322580646
2025-12-17 22:00:00,313.3735483870968
2025-12-17 23:00:00,338.93033333333335
2025-12-18 00:00:00,315.8
2025-12-18 01:00:00,306.386
2025-12-18 02:00:00,290.0216129032258
2025-12-18 03:00:00,270.63709677419354
2025-12-18 04:00:00,266.736
2025-12-18 05:00:00,249.08612903225807
2025-12-18 06:00:00,229.6990322580645
2025-12-18 07:00:00,207.1183870967742
2025-12-18 08:00:00,185.8174193548387
2025-12-18 09:00:00,181.36290322580646
2025-12-18 10:00:00,185.6048387096774
2025-12-18 11:00:00,213.8548387096774
2025-12-18 12:00:00,240.67233333333334
2025-12-18 13:00:00,244.07766666666666
2025-12-18 14:00:00,241.7707142857143
2025-12-18 15:00:00,252.86607142857142
2025-12-18 16:00:00,256.3
2025-12-18 17:00:00,255.32
2025-12-18 18:00:00,257.6209677419355
2025-12-18 19:00:00,256.35483870967744
2025-12-18 20:00:00,269.68290322580646
2025-12-18 21:00:00,284.5403225806452
2025-12-18 22:00:00,296.26612903225805
2025-12-18 23:00:00,289.64433333333335
2025-12-19 00:00:00,277.7903225806452
2025-12-19 01:00:00,263.139
2025-12-19 02:00:00,241.11290322580646
2025-12-19 03:00:00,224.90322580645162
2025-12-19 04:00:00,196.51612903225808
2025-12-19 05:00:00,164.08066666666667
2025-12-19 06:00:00,151.69645161290322
2025-12-19 07:00:00,153.41677419354838
2025-12-19 08:00:00,161.2606451612903
2025-12-19 09:00:00,175.56967741935483
2025-12-19 10:00:00,188.57806451612905
2025-12-19 11:00:00,203.23333333333332
2025-12-19 12:00:00,217.65064516129033
2025-12-19 13:00:00,223.52967741935484
2025-12-19 14:00:00,217.7525806451613
2025-12-19 15:00:00,190.33066666666667
2025-12-19 16:00:00,177.44433333333333
2025-12-19 17:00:00,167.46099999999998
2025-12-19 18:00:00,192.97032258064516
2025-12-19 19:00:00,223.16935483870967
2025-12-19 20:00:00,263.4274193548387
2025-12-19 21:00:00,301.0216129032258
2025-12-19 22:00:00,329.1264516129032
2025-12-19 23:00:00,343.43931034482756
2025-12-20 00:00:00,350.0144827586207
2025-12-20 01:00:00,369.36607142857144
2025-12-20 02:00:00,350.4337931034483
2025-12-20 03:00:00,325.24107142857144
2025-12-20 04:00:00,296.79896551724136
2025-12-20 05:00:00,281.8593103448276
2025-12-20 06:00:00,274.821724137931
2025-12-20 07:00:00,279.53066666666666
2025-12-20 08:00:00,293.9556666666667
2025-12-20 09:00:00,295.364
2025-12-20 10:00:00,289.4223333333333
2025-12-20 11:00:00,262.0544827586207
2025-12-20 12:00:00,238.64166666666668
2025-12-20 13:00:00,231.73
2025-12-20 14:00:00,236.85931034482758
2025-12-20 15:00:00,250.0058620689655
2025-12-20 16:00:00,246.653
2025-12-20 17:00:00,260.1723333333333
2025-12-20 18:00:00,264.48645161290324
2025-12-20 19:00:00,283.78483870967744
2025-12-20 20:00:00,276.6558064516129
2025-12-20 21:00:00,281.9490322580645
2025-12-20 22:00:00,276.6264516129032
2025-12-20 23:00:00,274.01666666666665
2025-12-21 00:00:00,280.036
2025-12-21 01:00:00,252.064
2025-12-21 02:00:00,218.475
2025-12-21 03:00:00,195.96933333333334
2025-12-21 04:00:00,187.18066666666667
2025-12-21 05:00:00,180.06193548387097
2025-12-21 06:00:00,177.09677419354838
2025-12-21 07:00:00,171.7364516129032
2025-12-21 08:00:00,172.3790322580645
2025-12-21 09:00:00,176.03483870967742
2025-12-21 10:00:00,183.83612903225807
2025-12-21 11:00:00,190.55903225806452
2025-12-21 12:00:00,198.95709677419356
2025-12-21 13:00:00,213.7635483870968
2025-12-21 14:00:00,220.19354838709677
2025-12-21 15:00:00,237.29290322580644
2025-12-21 16:00:00,229.4893548387097
2025-12-21 17:00:00,224.8009677419355
2025-12-21 18:00:00,230.93290322580646
2025-12-21 19:00:00,233.46366666666665
2025-12-21 20:00:00,236.96933333333334
2025-12-21 21:00:00,236.35566666666668
2025-12-21 22:00:00,235.786
2025-12-21 23:00:00,222.7096551724138
2025-12-22 00:00:00,212.82233333333335
2025-12-22 01:00:00,201.13066666666666
2025-12-22 02:00:00,199.02233333333334
2025-12-22 03:00:00,191.603
2025-12-22 04:00:00,194.19166666666666
2025-12-22 05:00:00,192.55833333333334
2025-12-22 06:00:00,190.16666666666666
2025-12-22 07:00:00,177.7
2025-12-22 08:00:00,176.036
2025-12-22 09:00:00,180.37233333333333
2025-12-22 10:00:00,188.81709677419354
2025-12-22 11:00:00,210.91387096774193
2025-12-22 12:00:00,236.08866666666665
2025-12-22 13:00:00,257.3420689655172
2025-12-22 14:00:00,272.6806666666667
2025-12-22 15:00:00,290.1074193548387
2025-12-22 16:00:00,295.48645161290324
2025-12-22 17:00:00,299.77677419354836
2025-12-22 18:00:00,355.07233333333335
2025-12-22 19:00:00,349.08633333333336
2025-12-22 20:00:00,352.0748275862069
2025-12-22 21:00:00,377.086
2025-12-22 22:00:00,388.375
2025-12-22 23:00:00,367.8162068965517
2025-12-23 00:00:00,358.986
2025-12-23 01:00:00,349.4943333333333
2025-12-23 02:00:00,329.81310344827585
2025-12-23 03:00:00,318.9642857142857
2025-12-23 04:00:00,318.1006896551724
2025-12-23 05:00:00,277.8965517241379
2025-12-23 06:00:00,238.67233333333334
2025-12-23 07:00:00,244.9974193548387
2025-12-23 08:00:00,225.75548387096774
2025-12-23 09:00:00,215.82766666666666
2025-12-23 10:00:00,219.21099999999998
2025-12-23 11:00:00,220.06193548387097
2025-12-23 12:00:00,228.54322580645163
2025-12-23 13:00:00,219.16103448275862
2025-12-23 14:00:00,205.02310344827586
2025-12-23 15:00:00,186.74466666666666
2025-12-23 16:00:00,163.99733333333333
2025-12-23 17:00:00,161.87612903225806
2025-12-23 18:00:00,180.53483870967742
2025-12-23 19:00:00,224.44354838709677
2025-12-23 20:00:00,257.7606451612903
2025-12-23 21:00:00,252.69466666666668
2025-12-23 22:00:00,236.62233333333333
2025-12-23 23:00:00,203.575
2025-12-24 00:00:00,178.28225806451613
2025-12-24 01:00:00,162.12354838709678
2025-12-24 02:00:00,144.84733333333332
2025-12-24 03:00:00,134.55758620689656
2025-12-24 04:00:00,133.7903448275862
2025-12-24 05:00:00,123.50586206896551
2025-12-24 06:00:00,116.88709677419355
2025-12-24 07:00:00,104.51870967741935
2025-12-24 08:00:00,102.8225806451613
2025-12-24 09:00:00,110.886
2025-12-24 10:00:00,114.26933333333334
2025-12-24 11:00:00,93.0
2025-12-24 12:00:00,70.48633333333333
2025-12-24 13:00:00,47.00266666666666
2025-12-24 14:00:00,37.141666666666666
2025-12-24 15:00:00,34.89774193548387
2025-12-24 16:00:00,34.775862068965516
2025-12-24 17:00:00,39.28448275862069
2025-12-24 18:00:00,59.28033333333333
2025-12-24 19:00:00,101.92766666666667
2025-12-24 20:00:00,151.73
2025-12-24 21:00:00,165.225
2025-12-24 22:00:00,173.175
2025-12-24 23:00:00,177.33620689655172
2025-12-25 00:00:00,170.16400000000002
2025-12-25 01:00:00,158.75266666666667
2025-12-25 02:00:00,150.05833333333334
2025-12-25 03:00:00,145.28066666666666
2025-12-25 04:00:00,131.24733333333333
2025-12-25 05:00:00,126.30266666666667
2025-12-25 06:00:00,116.411
2025-12-25 07:00:00,102.236
2025-12-25 08:00:00,100.23645161290322
2025-12-25 09:00:00,95.97838709677418
2025-12-25 10:00:00,97.6316129032258
2025-12-25 11:00:00,95.86806451612902
2025-12-25 12:00:00,94.42193548387097
2025-12-25 13:00:00,88.7741935483871
2025-12-25 14:00:00,79.2958064516129
2025-12-25 15:00:00,77.24451612903225
2025-12-25 16:00:00,72.95833333333333
2025-12-25 17:00:00,67.06193548387097
2025-12-25 18:00:00,89.98129032258065
2025-12-25 19:00:00,138.72838709677418
2025-12-25 20:00:00,235.8009677419355
2025-12-25 21:00:00,325.49413793103446
2025-12-25 22:00:00,365.20214285714286
2025-12-25 23:00:00,370.69928571428574
2025-12-26 00:00:00,382.7232142857143
2025-12-26 01:00:00,391.28407407407406
2025-12-26 02:00:00,366.94928571428574
2025-12-26 03:00:00,359.2758620689655
2025-12-26 04:00:00,334.5864285714286
2025-12-26 05:00:00,322.4596551724138
2025-12-26 06:00:00,310.04896551724136
2025-12-26 07:00:00,256.2393548387097
2025-12-26 08:00:00,230.71666666666667
2025-12-26 09:00:00,211.8706896551724
2025-12-26 10:00:00,164.04310344827587
2025-12-26 11:00:00,134.35620689655173
2025-12-26 12:00:00,115.41933333333333
2025-12-26 13:00:00,105.63333333333334
2025-12-26 14:00:00,102.33064516129032
2025-12-26 15:00:00,100.31709677419354
2025-12-26 16:00:00,102.39733333333334
2025-12-26 17:00:00,116.08354838709678
2025-12-26 18:00:00,151.9490322580645
2025-12-26 19:00:00,201.68
2025-12-26 20:00:00,254.97838709677418
2025-12-26 21:00:00,319.5216129032258
2025-12-26 22:00:00,349.38709677419354
2025-12-26 23:00:00,362.67766666666665
2025-12-27 00:00:00,370.008064516129
2025-12-27 01:00:00,353.164
2025-12-27 02:00:00,332.1526666666667
2025-12-27 03:00:00,317.85225806451615
2025-12-27 04:00:00,308.93548387096774
2025-12-27 05:00:00,298.27677419354836
2025-12-27 06:00:00,291.17483870967743
2025-12-27 07:00:00,272.1532258064516
2025-12-27 08:00:00,254.9058064516129
2025-12-27 09:00:00,256.68548387096774
2025-12-27 10:00:00,267.1425806451613
2025-12-27 11:00:00,274.95709677419353
2025-12-27 12:00:00,254.19166666666666
2025-12-27 13:00:00,209.83064516129033
2025-12-27 14:00:00,177.264
2025-12-27 15:00:00,149.71225806451613
2025-12-27 16:00:00,136.97032258064516
2025-12-27 17:00:00,137.536
2025-12-27 18:00:00,168.96774193548387
2025-12-27 19:00:00,208.1558064516129
2025-12-27 20:00:00,256.58870967741933
2025-12-27 21:00:00,295.72032258064513
2025-12-27 22:00:00,336.4516129032258
2025-12-27 23:00:00,355.728
2025-12-28 00:00:00,359.5403225806452
2025-12-28 01:00:00,350.64166666666665
2025-12-28 02:00:00,339.01612903225805
2025-12-28 03:00:00,332.8790322580645
2025-12-28 04:00:00,322.3333333333333
2025-12-28 05:00:00,322.864
2025-12-28 06:00:00,317.4166666666667
2025-12-28 07:00:00,308.0603448275862
2025-12-28 08:00:00,283.58035714285717
2025-12-28 09:00:00,260.1532258064516
2025-12-28 10:00:00,245.63333333333333
2025-12-28 11:00:00,238.3441935483871
2025-12-28 12:00:00,217.2741935483871
2025-12-28 13:00:00,200.87645161290322
2025-12-28 14:00:00,189.94354838709677
2025-12-28 15:00:00,171.1290322580645
2025-12-28 16:00:00,171.70967741935485
2025-12-28 17:00:00,212.92741935483872
2025-12-28 18:00:00,249.94827586206895
2025-12-28 19:00:00,290.8333333333333
2025-12-28 20:00:00,330.475
2025-12-28 21:00:00,354.3189655172414
2025-12-28 22:00:00,378.6166666666667
2025-12-28 23:00:00,384.83620689655174
2025-12-29 00:00:00,405.0056666666667
2025-12-29 01:00:00,412.31451612903226
2025-12-29 02:00:00,342.65241379310345
2025-12-29 03:00:00,311.27967741935487
2025-12-29 04:00:00,302.95
2025-12-29 05:00:00,259.00275862068963
2025-12-29 06:00:00,245.189
2025-12-29 07:00:00,241.95833333333334
2025-12-29 08:00:00,226.5
2025-12-29 09:00:00,209.74433333333334
2025-12-29 10:00:00,211.45
2025-12-29 11:00:00,218.59758620689655
2025-12-29 12:00:00,234.77357142857142
2025-12-29 13:00:00,245.60620689655173
2025-12-29 14:00:00,246.9941379310345
2025-12-29 15:00:00,265.5431034482759
2025-12-29 16:00:00,257.58633333333336
2025-12-29 17:00:00,250.8
2025-12-29 18:00:00,264.6166666666667
2025-12-29 19:00:00,274.9758064516129
2025-12-29 20:00:00,284.9167741935484
2025-12-29 21:00:00,295.8276666666667
2025-12-29 22:00:00,293.49451612903226
2025-12-29 23:00:00,286.07233333333335
2025-12-30 00:00:00,270.9556666666667
2025-12-30 01:00:00,239.30566666666667
2025-12-30 02:00:00,224.70419354838708
2025-12-30 03:00:00,228.7258064516129
2025-12-30 04:00:00,221.26612903225808
2025-12-30 05:00:00,221.83599999999998
2025-12-30 06:00:00,221.61933333333334
2025-12-30 07:00:00,212.41400000000002
2025-12-30 08:00:00,213.28333333333333
2025-12-30 09:00:00,211.236
2025-12-30 10:00:00,223.7606451612903
2025-12-30 11:00:00,261.0912903225806
2025-12-30 12:00:00,282.511
2025-12-30 13:00:00,276.81666666666666
2025-12-30 14:00:00,233.95419354838708
2025-12-30 15:00:00,198.07516129032257
2025-12-30 16:00:00,142.93
2025-12-30 17:00:00,142.66400000000002
2025-12-30 18:00:00,163.53225806451613
2025-12-30 19:00:00,225.92193548387095
2025-12-30 20:00:00,302.72322580645164
2025-12-30 21:00:00,320.23066666666665
2025-12-30 22:00:00,362.725
2025-12-30 23:00:00,347.4455172413793
2025-12-31 00:00:00,354.4596551724138
2025-12-31 01:00:00,325.735
2025-12-31 02:00:00,314.4886206896552
2025-12-31 03:00:00,306.46933333333334
2025-12-31 04:00:00,310.93806451612903
2025-12-31 05:00:00,279.7903225806452
2025-12-31 06:00:00,266.75
2025-12-31 07:00:00,234.20967741935485
2025-12-31 08:00:00,187.47838709677418
2025-12-31 09:00:00,162.1425806451613
2025-12-31 10:00:00,154.90322580645162
2025-12-31 11:00:00,159.286
2025-12-31 12:00:00,176.18333333333334
2025-12-31 13:00:00,189.62766666666667
2025-12-31 14:00:00,201.54580645161292
2025-12-31 15:00:00,220.6351724137931
2025-12-31 16:00:00,235.10533333333333
2025-12-31 17:00:00,241.35566666666668
2025-12-31 18:00:00,252.9051724137931
2025-12-31 19:00:00,275.0267857142857
2025-12-31 20:00:00,281.3103448275862
2025-12-31 21:00:00,279.2844827586207
2025-12-31 22:00:00,287.4051724137931
2025-12-31 23:00:00,282.31310344827585
2026-01-01 00:00:00,268.30833333333334
2026-01-01 01:00:00,268.2443333333333
2026-01-01 02:00:00,231.561
2026-01-01 03:00:00,217.32766666666666
2026-01-01 04:00:00,210.34433333333334
2026-01-01 05:00:00,199.49433333333334
2026-01-01 06:00:00,192.20266666666666
2026-01-01 07:00:00,178.6006896551724
2026-01-01 08:00:00,175.886
2026-01-01 09:00:00,180.04433333333333
2026-01-01 10:00:00,187.69733333333335
2026-01-01 11:00:00,194.84466666666668
2026-01-01 12:00:00,199.286
2026-01-01 13:00:00,199.74433333333334
2026-01-01 14:00:00,211.861
2026-01-01 15:00:00,214.725
2026-01-01 16:00:00,218.63066666666666
2026-01-01 17:00:00,223.089
2026-01-01 18:00:00,230.40566666666666
2026-01-01 19:00:00,246.71099999999998
2026-01-01 20:00:00,232.84733333333332
2026-01-01 21:00:00,202.36206896551724
2026-01-01 22:00:00,193.51724137931035
2026-01-01 23:00:00,181.85931034482758
2026-01-02 00:00:00,146.36933333333334
2026-01-02 01:00:00,96.25892857142857
2026-01-02 02:00:00,73.85833333333333
2026-01-02 03:00:00,73.16379310344827
2026-01-02 04:00:00,76.48066666666666
2026-01-02 05:00:00,78.10620689655173
2026-01-02 06:00:00,77.71666666666667
2026-01-02 07:00:00,73.35833333333333
2026-01-02 08:00:00,82.18066666666667
2026-01-02 09:00:00,89.65266666666666
2026-01-02 10:00:00,86.95833333333333
2026-01-02 11:00:00,81.39166666666667
2026-01-02 12:00:00,74.95161290322581
2026-01-02 13:00:00,76.13392857142857
2026-01-02 14:00:00,77.33620689655173
2026-01-02 15:00:00,81.675
2026-01-02 16:00:00,85.93900000000001
2026-01-02 17:00:00,94.29464285714286
2026-01-02 18:00:00,106.714
2026-01-02 19:00:00,117.48275862068965
2026-01-02 20:00:00,137.31034482758622
2026-01-02 21:00:00,137.2
2026-01-02 22:00:00,137.19354838709677
2026-01-02 23:00:00,127.28724137931034
2026-01-03 00:00:00,129.73333333333332
2026-01-03 01:00:00,128.44354838709677
2026-01-03 02:00:00,129.2258064516129
2026-01-03 03:00:00,123.01612903225806
2026-01-03 04:00:00,128.19354838709677
2026-01-03 05:00:00,137.09677419354838
2026-01-03 06:00:00,150.98129032258063
2026-01-03 07:00:00,150.92741935483872
2026-01-03 08:00:00,140.41935483870967
2026-01-03 09:00:00,132.46774193548387
2026-01-03 10:00:00,130.36290322580646
2026-01-03 11:00:00,131.04032258064515
2026-01-03 12:00:00,127.79310344827586
2026-01-03 13:00:00,109.35714285714286
2026-01-03 14:00:00,111.789
2026-01-03 15:00:00,113.28448275862068
2026-01-03 16:00:00,108.99733333333333
2026-01-03 17:00:00,116.2
2026-01-03 18:00:00,126.05833333333334
2026-01-03 19:00:00,145.25833333333333
2026-01-03 20:00:00,162.225
2026-01-03 21:00:00,173.44166666666666
2026-01-03 22:00:00,184.13967741935483
2026-01-03 23:00:00,179.71933333333334
2026-01-04 00:00:00,181.5509677419355
2026-01-04 01:00:00,179.90322580645162
2026-01-04 02:00:00,177.41129032258064
2026-01-04 03:00:00,174.01870967741937
2026-01-04 04:00:00,169.03225806451613
2026-01-04 05:00:00,164.13967741935483
2026-01-04 06:00:00,161.53516129032258
2026-01-04 07:00:00,153.32258064516128
2026-01-04 08:00:00,154.36290322580646
2026-01-04 09:00:00,148.99193548387098
2026-01-04 10:00:00,157.63709677419354
2026-01-04 11:00:00,146.46225806451613
2026-01-04 12:00:00,134.18333333333334
2026-01-04 13:00:00,126.875
2026-01-04 14:00:00,128.68965517241378
2026-01-04 15:00:00,130.75
2026-01-04 16:00:00,135.10931034482758
2026-01-04 17:00:00,142.03333333333333
2026-01-04 18:00:00,135.10266666666666
2026-01-04 19:00:00,135.2844827586207
2026-01-04 20:00:00,127.20161290322581
2026-01-04 21:00:00,122.66935483870968
2026-01-04 22:00:00,111.15322580645162
2026-01-04 23:00:00,101.40533333333333
2026-01-05 00:00:00,89.54032258064517
2026-01-05 01:00:00,79.76612903225806
2026-01-05 02:00:00,90.15322580645162
2026-01-05 03:00:00,100.08064516129032
2026-01-05 04:00:00,110.89774193548386
2026-01-05 05:00:00,117.0725806451613
2026-01-05 06:00:00,116.81451612903226
2026-01-05 07:00:00,107.25
2026-01-05 08:00:00,106.87096774193549
2026-01-05 09:00:00,104.34677419354838
2026-01-05 10:00:00,108.29290322580646
2026-01-05 11:00:00,115.36666666666666
2026-01-05 12:00:00,111.07199999999999
2026-01-05 13:00:00,112.01666666666667
2026-01-05 14:00:00,111.236
2026-01-05 15:00:00,113.83333333333333
2026-01-05 16:00:00,111.84482758620689
2026-01-05 17:00:00,117.26724137931035
2026-01-05 18:00:00,129.80833333333334
2026-01-05 19:00:00,170.3548387096774
2026-01-05 20:00:00,192.55645161290323
2026-01-05 21:00:00,201.37766666666667
2026-01-05 22:00:00,196.45
2026-01-05 23:00:00,191.72103448275863
2026-01-06 00:00:00,176.44166666666666
2026-01-06 01:00:00,163.1551724137931
2026-01-06 02:00:00,151.40833333333333
2026-01-06 03:00:00,146.39166666666668
2026-01-06 04:00:00,141.775
2026-01-06 05:00:00,139.13333333333333
2026-01-06 06:00:00,141.00862068965517
2026-01-06 07:00:00,145.29166666666666
2026-01-06 08:00:00,148.44166666666666
2026-01-06 09:00:00,157.20833333333334
2026-01-06 10:00:00,158.94354838709677
2026-01-06 11:00:00,163.25833333333333
2026-01-06 12:00:00,166.98866666666666
2026-01-06 13:00:00,166.9516129032258
2026-01-06 14:00:00,169.825
2026-01-06 15:00:00,168.43333333333334
2026-01-06 16:00:00,164.90322580645162
2026-01-06 17:00:00,162.29032258064515
2026-01-06 18:00:00,165.83870967741936
2026-01-06 19:00:00,173.15322580645162
2026-01-06 20:00:00,168.172
2026-01-06 21:00:00,163.79032258064515
2026-01-06 22:00:00,159.61290322580646
2026-01-06 23:00:00,149.46666666666667
2026-01-07 00:00:00,139.19354838709677
2026-01-07 01:00:00,127.90322580645162
2026-01-07 02:00:00,120.6774193548387
2026-01-07 03:00:00,114.70161290322581
2026-01-07 04:00:00,109.5
2026-01-07 05:00:00,105.5241935483871
2026-01-07 06:00:00,106.61290322580645
2026-01-07 07:00:00,105.56451612903226
2026-01-07 08:00:00,107.00806451612904
2026-01-07 09:00:00,111.8225806451613
2026-01-07 10:00:00,118.49193548387096
2026-01-07 11:00:00,128.20833333333334
2026-01-07 12:00:00,134.56896551724137
2026-01-07 13:00:00,136.83333333333334
2026-01-07 14:00:00,142.17766666666665
2026-01-07 15:00:00,143.39466666666667
2026-01-07 16:00:00,143.04032258064515
2026-01-07 17:00:00,141.18548387096774
2026-01-07 18:00:00,151.18548387096774
2026-01-07 19:00:00,174.30645161290323
2026-01-07 20:00:00,192.69354838709677
2026-01-07 21:00:00,196.0241935483871
2026-01-07 22:00:00,190.69354838709677
2026-01-07 23:00:00,167.95
2026-01-08 00:00:00,139.61548387096775
2026-01-08 01:00:00,113.80645161290323
2026-01-08 02:00:00,97.68548387096774
2026-01-08 03:00:00,95.45967741935483
2026-01-08 04:00:00,94.49166666666666
2026-01-08 05:00:00,94.68548387096774
2026-01-08 06:00:00,94.05
2026-01-08 07:00:00,90.75266666666667
2026-01-08 08:00:00,94.19166666666666
2026-01-08 09:00:00,104.95
2026-01-08 10:00:00,119.15
2026-01-08 11:00:00,138.01612903225808
2026-01-08 12:00:00,156.69612903225806
2026-01-08 13:00:00,159.275
2026-01-08 14:00:00,165.70967741935485
2026-01-08 15:00:00,163.25
2026-01-08 16:00:00,160.26612903225808
2026-01-08 17:00:00,159.00548387096774
2026-01-08 18:00:00,181.19354838709677
2026-01-08 19:00:00,228.27935483870968
2026-01-08 20:00:00,249.1290322580645
2026-01-08 21:00:00,257.46774193548384
2026-01-08 22:00:00,243.83870967741936
2026-01-08 23:00:00,238.91400000000002
2026-01-09 00:00:00,213.62645161290322
2026-01-09 01:00:00,204.34677419354838
2026-01-09 02:00:00,189.48387096774192
2026-01-09 03:00:00,176.84677419354838
2026-01-09 04:00:00,161.564
2026-01-09 05:00:00,140.19354838709677
2026-01-09 06:00:00,136.45967741935485
2026-01-09 07:00:00,140.55645161290323
2026-01-09 08:00:00,145.65322580645162
2026-01-09 09:00:00,151.39166666666668
2026-01-09 10:00:00,178.75806451612902
2026-01-09 11:00:00,215.93548387096774
2026-01-09 12:00:00,248.38709677419354
2026-01-09 13:00:00,249.04032258064515
2026-01-09 14:00:00,239.10833333333332
2026-01-09 15:00:00,208.66129032258064
2026-01-09 16:00:00,218.67741935483872
2026-01-09 17:00:00,213.40322580645162
2026-01-09 18:00:00,209.6209677419355
2026-01-09 19:00:00,226.9758064516129
2026-01-09 20:00:00,248.15322580645162
2026-01-09 21:00:00,251.2741935483871
2026-01-09 22:00:00,251.11290322580646
2026-01-09 23:00:00,238.786
2026-01-10 00:00:00,213.08870967741936
2026-01-10 01:00:00,208.40322580645162
2026-01-10 02:00:00,199.93548387096774
2026-01-10 03:00:00,186.7983870967742
2026-01-10 04:00:00,175.65322580645162
2026-01-10 05:00:00,172.71666666666667
2026-01-10 06:00:00,168.37766666666667
2026-01-10 07:00:00,176.35
2026-01-10 08:00:00,194.85344827586206
2026-01-10 09:00:00,194.50833333333333
2026-01-10 10:00:00,199.46099999999998
2026-01-10 11:00:00,200.41666666666666
2026-01-10 12:00:00,176.48333333333332
2026-01-10 13:00:00,140.39774193548388
2026-01-10 14:00:00,106.68333333333334
2026-01-10 15:00:00,84.69166666666666
2026-01-10 16:00:00,82.26666666666667
2026-01-10 17:00:00,79.96551724137932
2026-01-10 18:00:00,90.17999999999999
2026-01-10 19:00:00,132.73387096774192
2026-01-10 20:00:00,163.26612903225808
2026-01-10 21:00:00,186.69354838709677
2026-01-10 22:00:00,185.2741935483871
2026-01-10 23:00:00,171.25
2026-01-11 00:00:00,162.30645161290323
2026-01-11 01:00:00,163.0
2026-01-11 02:00:00,145.1206896551724
2026-01-11 03:00:00,149.0483870967742
2026-01-11 04:00:00,149.16129032258064
2026-01-11 05:00:00,149.6290322580645
2026-01-11 06:00:00,147.4516129032258
2026-01-11 07:00:00,145.05645161290323
2026-01-11 08:00:00,137.33064516129033
2026-01-11 09:00:00,137.7
2026-01-11 10:00:00,153.25806451612902
2026-01-11 11:00:00,163.7258064516129
2026-01-11 12:00:00,155.91129032258064
2026-01-11 13:00:00,138.48387096774192
2026-01-11 14:00:00,115.23387096774194
2026-01-11 15:00:00,96.41935483870968
2026-01-11 16:00:00,77.9274193548387
2026-01-11 17:00:00,80.275
2026-01-11 18:00:00,97.06451612903226
2026-01-11 19:00:00,147.03225806451613
2026-01-11 20:00:00,187.4758064516129
2026-01-11 21:00:00,188.0241935483871
2026-01-11 22:00:00,174.41935483870967
2026-01-11 23:00:00,164.77766666666668
2026-01-12 00:00:00,159.7983870967742
2026-01-12 01:00:00,155.81451612903226
2026-01-12 02:00:00,148.76612903225808
2026-01-12 03:00:00,141.70967741935485
2026-01-12 04:00:00,148.61666666666667
2026-01-12 05:00:00,150.8951612903226
2026-01-12 06:00:00,156.50806451612902
2026-01-12 07:00:00,160.26666666666668
2026-01-12 08:00:00,167.34677419354838
2026-01-12 09:00:00,173.16129032258064
2026-01-12 10:00:00,194.24193548387098
2026-01-12 11:00:00,186.18548387096774
2026-01-12 12:00:00,162.3683870967742
2026-01-12 13:00:00,131.65833333333333
2026-01-12 14:00:00,109.8441935483871
2026-01-12 15:00:00,88.06451612903226
2026-01-12 16:00:00,73.28225806451613
2026-01-12 17:00:00,70.33870967741936
2026-01-12 18:00:00,97.4
2026-01-12 19:00:00,152.04032258064515
2026-01-12 20:00:00,202.9655172413793
2026-01-12 21:00:00,285.32758620689657
2026-01-12 22:00:00,313.5
2026-01-12 23:00:00,297.1579310344828
2026-01-13 00:00:00,317.2413793103448
2026-01-13 01:00:00,329.475
2026-01-13 02:00:00,293.69733333333335
2026-01-13 03:00:00,286.9913793103448
2026-01-13 04:00:00,287.93333333333334
2026-01-13 05:00:00,274.8189655172414
2026-01-13 06:00:00,278.48214285714283
2026-01-13 07:00:00,293.45
2026-01-13 08:00:00,289.71666666666664
2026-01-13 09:00:00,313.43333333333334
2026-01-13 10:00:00,324.4583333333333
2026-01-13 11:00:00,297.2068965517241
2026-01-13 12:00:00,223.28225806451613
2026-01-13 13:00:00,151.83064516129033
2026-01-13 14:00:00,127.29032258064517
2026-01-13 15:00:00,104.68548387096774
2026-01-13 16:00:00,93.48387096774194
2026-01-13 17:00:00,90.21774193548387
2026-01-13 18:00:00,111.02233333333334
2026-01-13 19:00:00,170.68548387096774
2026-01-13 20:00:00,199.25
2026-01-13 21:00:00,248.06451612903226
2026-01-13 22:00:00,272.3666666666667
2026-01-13 23:00:00,310.2292857142857
2026-01-14 00:00:00,309.75
2026-01-14 01:00:00,264.3306451612903
2026-01-14 02:00:00,245.60833333333332
2026-01-14 03:00:00,230.0
2026-01-14 04:00:00,224.83620689655172
2026-01-14 05:00:00,226.25862068965517
2026-01-14 06:00:00,213.17241379310346
2026-01-14 07:00:00,207.83620689655172
2026-01-14 08:00:00,210.8
2026-01-14 09:00:00,215.64655172413794
2026-01-14 10:00:00,212.31666666666666
2026-01-14 11:00:00,209.41379310344828
2026-01-14 12:00:00,199.68965517241378
2026-01-14 13:00:00,180.8
2026-01-14 14:00:00,165.15833333333333
2026-01-14 15:00:00,157.25
2026-01-14 16:00:00,151.39166666666668
2026-01-14 17:00:00,142.55387096774194
2026-01-14 18:00:00,151.3790322580645
2026-01-14 19:00:00,193.68548387096774
2026-01-14 20:00:00,219.18548387096774
2026-01-14 21:00:00,238.1048387096774
2026-01-14 22:00:00,244.8709677419355
2026-01-14 23:00:00,245.93633333333335
2026-01-15 00:00:00,239.99193548387098
2026-01-15 01:00:00,232.79032258064515
2026-01-15 02:00:00,219.2258064516129
2026-01-15 03:00:00,199.29433333333333
2026-01-15 04:00:00,190.40833333333333
2026-01-15 05:00:00,178.4758064516129
2026-01-15 06:00:00,150.5
2026-01-15 07:00:00,143.95833333333334
2026-01-15 08:00:00,140.11290322580646
2026-01-15 09:00:00,139.20967741935485
2026-01-15 10:00:00,163.3548387096774
2026-01-15 11:00:00,183.76612903225808
2026-01-15 12:00:00,186.275
2026-01-15 13:00:00,178.13709677419354
2026-01-15 14:00:00,169.59935483870967
2026-01-15 15:00:00,153.07
2026-01-15 16:00:00,142.67483870967743
2026-01-15 17:00:00,149.95709677419356
2026-01-15 18:00:00,168.58333333333334
2026-01-15 19:00:00,217.30833333333334
2026-01-15 20:00:00,253.35
2026-01-15 21:00:00,262.725
2026-01-15 22:00:00,255.93103448275863
2026-01-15 23:00:00,262.67551724137934
2026-01-16 00:00:00,254.725
2026-01-16 01:00:00,237.89655172413794
2026-01-16 02:00:00,223.675
2026-01-16 03:00:00,210.31666666666666
2026-01-16 04:00:00,204.81666666666666
2026-01-16 05:00:00,178.84166666666667
2026-01-16 06:00:00,172.18333333333334
2026-01-16 07:00:00,176.54166666666666
2026-01-16 08:00:00,193.66666666666666
2026-01-16 09:00:00,207.061
2026-01-16 10:00:00,226.0
2026-01-16 11:00:00,230.16379310344828
2026-01-16 12:00:00,225.79310344827587
2026-01-16 13:00:00,200.61666666666667
2026-01-16 14:00:00,159.8
2026-01-16 15:00:00,140.325
2026-01-16 16:00:00,128.63333333333333
2026-01-16 17:00:00,123.41935483870968
2026-01-16 18:00:00,129.9516129032258
2026-01-16 19:00:00,183.91129032258064
2026-01-16 20:00:00,262.4516129032258
2026-01-16 21:00:00,332.76666666666665
2026-01-16 22:00:00,383.38392857142856
2026-01-16 23:00:00,432.3482142857143
2026-01-17 00:00:00,397.125
2026-01-17 01:00:00,379.94827586206895
2026-01-17 02:00:00,355.525
2026-01-17 03:00:00,326.2416666666667
2026-01-17 04:00:00,305.9583333333333
2026-01-17 05:00:00,282.18333333333334
2026-01-17 06:00:00,266.35833333333335
2026-01-17 07:00:00,244.04166666666666
2026-01-17 08:00:00,235.6
2026-01-17 09:00:00,235.16935483870967
2026-01-17 10:00:00,271.55645161290323
2026-01-17 11:00:00,322.2983870967742
2026-01-17 12:00:00,337.81666666666666
2026-01-17 13:00:00,306.61548387096775
2026-01-17 14:00:00,293.95
2026-01-17 15:00:00,299.275
2026-01-17 16:00:00,305.76666666666665
2026-01-17 17:00:00,296.0083333333333
2026-01-17 18:00:00,290.1
2026-01-17 19:00:00,328.725
2026-01-17 20:00:00,386.17857142857144
2026-01-17 21:00:00,449.01851851851853
2026-01-17 22:00:00,501.42857142857144
2026-01-17 23:00:00,490.99074074074076
2026-01-18 00:00:00,516.8571428571429
2026-01-18 01:00:00,486.1875
2026-01-18 02:00:00,448.1810344827586
2026-01-18 03:00:00,417.0344827586207
2026-01-18 04:00:00,406.24107142857144
2026-01-18 05:00:00,384.8269230769231
2026-01-18 06:00:00,358.55555555555554
2026-01-18 07:00:00,383.09615384615387
2026-01-18 08:00:00,418.78846153846155
2026-01-18 09:00:00,427.01851851851853
2026-01-18 10:00:00,395.19444444444446
2026-01-18 11:00:00,358.9375
2026-01-18 12:00:00,329.1034482758621
2026-01-18 13:00:00,273.375
2026-01-18 14:00:00,212.06666666666666
2026-01-18 15:00:00,178.55172413793105
2026-01-18 16:00:00,172.75862068965517
2026-01-18 17:00:00,184.29310344827587
2026-01-18 18:00:00,215.05833333333334
2026-01-18 19:00:00,250.88333333333333
2026-01-18 20:00:00,300.3833333333333
2026-01-18 21:00:00,332.23645161290324
2026-01-18 22:00:00,386.16129032258067
2026-01-18 23:00:00,398.2644827586207
2026-01-19 00:00:00,416.6465517241379
2026-01-19 01:00:00,400.914
2026-01-19 02:00:00,404.06666666666666
2026-01-19 03:00:00,366.68333333333334
2026-01-19 04:00:00,340.0833333333333
2026-01-19 05:00:00,310.825
2026-01-19 06:00:00,314.75
2026-01-19 07:00:00,315.06666666666666
2026-01-19 08:00:00,325.9032258064516
2026-01-19 09:00:00,346.84166666666664
2026-01-19 10:00:00,366.69354838709677
2026-01-19 11:00:00,337.11290322580646
2026-01-19 12:00:00,261.75
2026-01-19 13:00:00,221.99137931034483
2026-01-19 14:00:00,179.22413793103448
2026-01-19 15:00:00,150.98387096774192
2026-01-19 16:00:00,138.57258064516128
2026-01-19 17:00:00,153.25
2026-01-19 18:00:00,170.16935483870967
2026-01-19 19:00:00,203.1209677419355
2026-01-19 20:00:00,260.33870967741933
2026-01-19 21:00:00,275.1333333333333
2026-01-19 22:00:00,298.81666666666666
2026-01-19 23:00:00,308.4196551724138
2026-01-20 00:00:00,334.98387096774195
2026-01-20 01:00:00,328.78333333333336
2026-01-20 02:00:00,309.11290322580646
2026-01-20 03:00:00,284.14516129032256
2026-01-20 04:00:00,278.83870967741933
2026-01-20 05:00:00,260.68548387096774
2026-01-20 06:00:00,257.83870967741933
2026-01-20 07:00:00,254.4758064516129
2026-01-20 08:00:00,269.025
2026-01-20 09:00:00,276.0083333333333
2026-01-20 10:00:00,278.1290322580645
2026-01-20 11:00:00,254.03225806451613
2026-01-20 12:00:00,196.88709677419354
2026-01-20 13:00:00,143.30645161290323
2026-01-20 14:00:00,117.79838709677419
2026-01-20 15:00:00,94.83064516129032
2026-01-20 16:00:00,86.16666666666667
2026-01-20 17:00:00,89.30645161290323
2026-01-20 18:00:00,110.90322580645162
2026-01-20 19:00:00,151.28225806451613
2026-01-20 20:00:00,214.08064516129033
2026-01-20 21:00:00,244.88709677419354
2026-01-20 22:00:00,271.9916666666667
2026-01-20 23:00:00,278.95
2026-01-21 00:00:00,266.5
2026-01-21 01:00:00,244.69096774193548
2026-01-21 02:00:00,224.0241935483871
2026-01-21 03:00:00,207.19166666666666
2026-01-21 04:00:00,188.9516129032258
2026-01-21 05:00:00,188.36290322580646
2026-01-21 06:00:00,198.1209677419355
2026-01-21 07:00:00,201.7258064516129
2026-01-21 08:00:00,213.70967741935485
2026-01-21 09:00:00,218.74193548387098
2026-01-21 10:00:00,211.39166666666668
2026-01-21 11:00:00,192.78333333333333
2026-01-21 12:00:00,149.59677419354838
2026-01-21 13:00:00,116.0241935483871
2026-01-21 14:00:00,96.13709677419355
2026-01-21 15:00:00,87.45161290322581
2026-01-21 16:00:00,82.20566666666667
2026-01-21 17:00:00,76.20161290322581
2026-01-21 18:00:00,83.26666666666667
2026-01-21 19:00:00,116.91129032258064
2026-01-21 20:00:00,166.54032258064515
2026-01-21 21:00:00,192.08064516129033
2026-01-21 22:00:00,211.58870967741936
2026-01-21 23:00:00,211.31666666666666
2026-01-22 00:00:00,223.2741935483871
2026-01-22 01:00:00,220.15322580645162
2026-01-22 02:00:00,217.25
2026-01-22 03:00:00,218.35
2026-01-22 04:00:00,210.20967741935485
2026-01-22 05:00:00,196.98275862068965
2026-01-22 06:00:00,204.09677419354838
2026-01-22 07:00:00,212.29032258064515
2026-01-22 08:00:00,226.2
2026-01-22 09:00:00,235.925
2026-01-22 10:00:00,240.11666666666667
2026-01-22 11:00:00,206.34821428571428
2026-01-22 12:00:00,138.67483870967743
2026-01-22 13:00:00,119.71774193548387
2026-01-22 14:00:00,114.53225806451613
2026-01-22 15:00:00,115.92999999999999
2026-01-22 16:00:00,121.38066666666667
2026-01-22 17:00:00,117.89774193548386
2026-01-22 18:00:00,119.87096774193549
2026-01-22 19:00:00,136.41129032258064
2026-01-22 20:00:00,160.06451612903226
2026-01-22 21:00:00,174.75
2026-01-22 22:00:00,164.65322580645162
2026-01-22 23:00:00,139.69433333333333
2026-01-23 00:00:00,129.03225806451613
2026-01-23 01:00:00,124.98387096774194
2026-01-23 02:00:00,116.70833333333333
2026-01-23 03:00:00,110.31451612903226
2026-01-23 04:00:00,104.83064516129032
2026-01-23 05:00:00,99.91935483870968
2026-01-23 06:00:00,106.55645161290323
2026-01-23 07:00:00,114.01612903225806
2026-01-23 08:00:00,121.27161290322582
2026-01-23 09:00:00,120.40322580645162
2026-01-23 10:00:00,132.86666666666667
2026-01-23 11:00:00,144.39655172413794
2026-01-23 12:00:00,140.2844827586207
2026-01-23 13:00:00,140.3706896551724
2026-01-23 14:00:00,139.89285714285714
2026-01-23 15:00:00,135.49107142857142
2026-01-23 16:00:00,134.83620689655172
2026-01-23 17:00:00,138.28571428571428
2026-01-23 18:00:00,146.6206896551724
2026-01-23 19:00:00,136.73
2026-01-23 20:00:00,136.0948275862069
2026-01-23 21:00:00,135.18965517241378
2026-01-23 22:00:00,143.16379310344828
2026-01-23 23:00:00,140.26724137931035
2026-01-24 00:00:00,133.47137931034484
2026-01-24 01:00:00,131.19166666666666
2026-01-24 02:00:00,139.525
2026-01-24 03:00:00,121.91666666666667
2026-01-24 04:00:00,65.59482758620689
2026-01-24 05:00:00,42.19827586206897
2026-01-24 06:00:00,41.64655172413793
2026-01-24 07:00:00,42.1551724137931
2026-01-24 08:00:00,48.33620689655172
2026-01-24 09:00:00,56.46666666666667
2026-01-24 10:00:00,59.775
2026-01-24 11:00:00,50.260999999999996
2026-01-24 12:00:00,51.46666666666667
2026-01-24 13:00:00,48.013548387096776
2026-01-24 14:00:00,46.575
2026-01-24 15:00:00,38.70967741935484
2026-01-24 16:00:00,37.25833333333333
2026-01-24 17:00:00,38.88793103448276
2026-01-24 18:00:00,47.327586206896555
2026-01-24 19:00:00,64.94166666666666
2026-01-24 20:00:00,69.85068965517242
2026-01-24 21:00:00,65.33064516129032
2026-01-24 22:00:00,62.833333333333336
2026-01-24 23:00:00,55.35033333333334
2026-01-25 00:00:00,47.675
2026-01-25 01:00:00,46.108333333333334
2026-01-25 02:00:00,47.45
2026-01-25 03:00:00,53.94166666666667
2026-01-25 04:00:00,55.9
2026-01-25 05:00:00,61.19166666666667
2026-01-25 06:00:00,67.18290322580646
2026-01-25 07:00:00,71.6774193548387
2026-01-25 08:00:00,76.61290322580645
2026-01-25 09:00:00,84.81451612903226
2026-01-25 10:00:00,83.68548387096774
2026-01-25 11:00:00,79.83064516129032
2026-01-25 12:00:00,70.08870967741936
2026-01-25 13:00:00,65.29032258064517
2026-01-25 14:00:00,61.024193548387096
2026-01-25 15:00:00,54.25806451612903
2026-01-25 16:00:00,52.583333333333336
2026-01-25 17:00:00,53.544333333333334
2026-01-25 18:00:00,66.575
2026-01-25 19:00:00,91.46774193548387
2026-01-25 20:00:00,134.06666666666666
2026-01-25 21:00:00,155.8951612903226
2026-01-25 22:00:00,162.55645161290323
2026-01-25 23:00:00,154.30566666666667
2026-01-26 00:00:00,156.1048387096774
2026-01-26 01:00:00,150.25
2026-01-26 02:00:00,138.8548387096774
2026-01-26 03:00:00,128.68548387096774
2026-01-26 04:00:00,120.00806451612904
2026-01-26 05:00:00,99.20967741935483
2026-01-26 06:00:00,99.96774193548387
2026-01-26 07:00:00,87.01612903225806
2026-01-26 08:00:00,99.65322580645162
2026-01-26 09:00:00,103.00806451612904
2026-01-26 10:00:00,103.66129032258064
2026-01-26 11:00:00,96.39516129032258
2026-01-26 12:00:00,91.45161290322581
2026-01-26 13:00:00,87.07516129032258
2026-01-26 14:00:00,84.33064516129032
2026-01-26 15:00:00,82.44612903225806
2026-01-26 16:00:00,82.63709677419355
2026-01-26 17:00:00,87.86290322580645
2026-01-26 18:00:00,104.09677419354838
2026-01-26 19:00:00,137.9758064516129
2026-01-26 20:00:00,174.78225806451613
2026-01-26 21:00:00,202.83064516129033
2026-01-26 22:00:00,241.38709677419354
2026-01-26 23:00:00,257.728
2026-01-27 00:00:00,262.05
2026-01-27 01:00:00,252.25806451612902
2026-01-27 02:00:00,260.0806451612903
2026-01-27 03:00:00,255.70967741935485
2026-01-27 04:00:00,247.70967741935485
2026-01-27 05:00:00,234.3548387096774
2026-01-27 06:00:00,214.375
2026-01-27 07:00:00,219.6290322580645
2026-01-27 08:00:00,216.24193548387098
2026-01-27 09:00:00,204.28225806451613
2026-01-27 10:00:00,188.7983870967742
2026-01-27 11:00:00,174.30645161290323
2026-01-27 12:00:00,159.54166666666666
2026-01-27 13:00:00,155.88333333333333
2026-01-27 14:00:00,162.00862068965517
2026-01-27 15:00:00,157.66379310344828
2026-01-27 16:00:00,146.05645161290323
2026-01-27 17:00:00,134.06451612903226
2026-01-27 18:00:00,109.78225806451613
2026-01-27 19:00:00,106.05
2026-01-27 20:00:00,106.04733333333334
2026-01-27 21:00:00,104.12068965517241
2026-01-27 22:00:00,106.39166666666667
2026-01-27 23:00:00,105.92571428571429
2026-01-28 00:00:00,104.55
2026-01-28 01:00:00,102.98275862068965
2026-01-28 02:00:00,96.19827586206897
2026-01-28 03:00:00,92.03448275862068
2026-01-28 04:00:00,90.54464285714286
2026-01-28 05:00:00,87.25
2026-01-28 06:00:00,84.94241379310344
2026-01-28 07:00:00,92.91666666666667
2026-01-28 08:00:00,107.09166666666667
2026-01-28 09:00:00,132.43333333333334
2026-01-28 10:00:00,156.99137931034483
2026-01-28 11:00:00,158.93548387096774
2026-01-28 12:00:00,165.09166666666667
2026-01-28 13:00:00,160.05645161290323
2026-01-28 14:00:00,158.16129032258064
2026-01-28 15:00:00,147.71774193548387
2026-01-28 16:00:00,140.9890322580645
2026-01-28 17:00:00,132.80645161290323
2026-01-28 18:00:00,143.1316129032258
2026-01-28 19:00:00,160.77967741935484
2026-01-28 20:00:00,154.6451612903226
2026-01-28 21:00:00,142.02129032258065
2026-01-28 22:00:00,134.55645161290323
2026-01-28 23:00:00,130.522
2026-01-29 00:00:00,122.27677419354839
2026-01-29 01:00:00,117.10483870967742
2026-01-29 02:00:00,109.41935483870968
2026-01-29 03:00:00,102.84677419354838
2026-01-29 04:00:00,85.28225806451613
2026-01-29 05:00:00,71.60833333333333
2026-01-29 06:00:00,75.01612903225806
2026-01-29 07:00:00,79.54032258064517
2026-01-29 08:00:00,83.5725806451613
2026-01-29 09:00:00,84.54032258064517
2026-01-29 10:00:00,82.74193548387096
2026-01-29 11:00:00,84.5
2026-01-29 12:00:00,85.71774193548387
2026-01-29 13:00:00,82.05833333333334
2026-01-29 14:00:00,81.68290322580646
2026-01-29 15:00:00,89.14774193548386
2026-01-29 16:00:00,90.24193548387096
2026-01-29 17:00:00,91.2741935483871
2026-01-29 18:00:00,102.35483870967742
2026-01-29 19:00:00,125.75833333333334
2026-01-29 20:00:00,142.5483870967742
2026-01-29 21:00:00,150.0483870967742
2026-01-29 22:00:00,158.4516129032258
2026-01-29 23:00:00,165.0507142857143
2026-01-30 00:00:00,158.26724137931035
2026-01-30 01:00:00,152.10833333333332
2026-01-30 02:00:00,136.27586206896552
2026-01-30 03:00:00,127.91379310344827
2026-01-30 04:00:00,123.12931034482759
2026-01-30 05:00:00,107.1875
2026-01-30 06:00:00,109.35344827586206
2026-01-30 07:00:00,112.65
2026-01-30 08:00:00,127.70833333333333
2026-01-30 09:00:00,138.67241379310346
2026-01-30 10:00:00,132.3
2026-01-30 11:00:00,112.68333333333334
2026-01-30 12:00:00,91.82758620689656
2026-01-30 13:00:00,86.93518518518519
2026-01-30 14:00:00,73.17571428571429
2026-01-30 15:00:00,70.32142857142857
2026-01-30 16:00:00,66.65178571428571
2026-01-30 17:00:00,72.3303448275862
2026-01-30 18:00:00,81.58620689655173
2026-01-30 19:00:00,104.96666666666667
2026-01-30 20:00:00,146.625
2026-01-30 21:00:00,189.8
2026-01-30 22:00:00,230.83333333333334
2026-01-30 23:00:00,235.9196551724138
2026-01-31 00:00:00,243.0
2026-01-31 01:00:00,242.75833333333333
2026-01-31 02:00:00,221.03333333333333
2026-01-31 03:00:00,218.06666666666666
2026-01-31 04:00:00,204.73333333333332
2026-01-31 05:00:00,188.0748275862069
2026-01-31 06:00:00,172.06896551724137
2026-01-31 07:00:00,180.14166666666668
2026-01-31 08:00:00,194.07766666666666
2026-01-31 09:00:00,212.30833333333334
2026-01-31 10:00:00,216.50833333333333
2026-01-31 11:00:00,219.8125
2026-01-31 12:00:00,225.20535714285714
2026-01-31 13:00:00,197.04166666666666
2026-01-31 14:00:00,190.24137931034483
2026-01-31 15:00:00,173.51666666666668
2026-01-31 16:00:00,161.97413793103448
2026-01-31 17:00:00,158.39655172413794
2026-01-31 18:00:00,161.75862068965517
2026-01-31 19:00:00,175.94166666666666
2026-01-31 20:00:00,187.16933333333333
2026-01-31 21:00:00,179.225
2026-01-31 22:00:00,171.05
2026-01-31 23:00:00,162.42241379310346
2026-02-01 00:00:00,155.63793103448276
2026-02-01 01:00:00,153.31896551724137
2026-02-01 02:00:00,136.025
2026-02-01 03:00:00,129.54310344827587
2026-02-01 04:00:00,130.8125
2026-02-01 05:00:00,122.00892857142857
2026-02-01 06:00:00,122.49074074074075
2026-02-01 07:00:00,119.10714285714286
2026-02-01 08:00:00,113.48214285714286
2026-02-01 09:00:00,110.61206896551724
2026-02-01 10:00:00,97.00862068965517
2026-02-01 11:00:00,81.94827586206897
2026-02-01 12:00:00,64.25586206896551
2026-02-01 13:00:00,52.20192307692308
2026-02-01 14:00:00,50.0
2026-02-01 15:00:00,47.46551724137931
2026-02-01 16:00:00,42.14655172413793
2026-02-01 17:00:00,44.598214285714285
2026-02-01 18:00:00,50.9375
2026-02-01 19:00:00,69.075
2026-02-01 20:00:00,97.45
2026-02-01 21:00:00,124.14655172413794
2026-02-01 22:00:00,147.91666666666666
2026-02-01 23:00:00,160.05724137931034
2026-02-02 00:00:00,153.975
2026-02-02 01:00:00,139.80833333333334
2026-02-02 02:00:00,136.97413793103448
2026-02-02 03:00:00,111.69827586206897
2026-02-02 04:00:00,91.17857142857143
2026-02-02 05:00:00,81.70192307692308
2026-02-02 06:00:00,78.1875
2026-02-02 07:00:00,80.44166666666666
2026-02-02 08:00:00,82.45833333333333
2026-02-02 09:00:00,87.67241379310344
2026-02-02 10:00:00,94.325
2026-02-02 11:00:00,105.30172413793103
2026-02-02 12:00:00,120.97413793103448
2026-02-02 13:00:00,124.21428571428571
2026-02-02 14:00:00,126.00925925925925
2026-02-02 15:00:00,120.40793103448276
2026-02-02 16:00:00,118.46666666666667
2026-02-02 17:00:00,124.325
2026-02-02 18:00:00,131.03225806451613
2026-02-02 19:00:00,147.50806451612902
2026-02-02 20:00:00,164.43333333333334
2026-02-02 21:00:00,165.325
2026-02-02 22:00:00,167.58322580645162
2026-02-02 23:00:00,163.77766666666668
2026-02-03 00:00:00,160.34733333333332
2026-02-03 01:00:00,135.94827586206895
2026-02-03 02:00:00,125.66666666666667
2026-02-03 03:00:00,109.425
2026-02-03 04:00:00,108.0603448275862
2026-02-03 05:00:00,102.17888888888889
2026-02-03 06:00:00,96.65517241379311
2026-02-03 07:00:00,88.85833333333333
2026-02-03 08:00:00,89.59677419354838
2026-02-03 09:00:00,94.07233333333333
2026-02-03 10:00:00,111.81451612903226
2026-02-03 11:00:00,134.67741935483872
2026-02-03 12:00:00,165.16935483870967
2026-02-03 13:00:00,163.18548387096774
2026-02-03 14:00:00,154.7016129032258
2026-02-03 15:00:00,131.59677419354838
2026-02-03 16:00:00,111.68548387096774
2026-02-03 17:00:00,109.7
2026-02-03 18:00:00,118.55645161290323
2026-02-03 19:00:00,150.34677419354838
2026-02-03 20:00:00,186.76612903225808
2026-02-03 21:00:00,229.20833333333334
2026-02-03 22:00:00,246.30833333333334
2026-02-03 23:00:00,247.02586206896552
2026-02-04 00:00:00,249.93333333333334
2026-02-04 01:00:00,249.975
2026-02-04 02:00:00,235.975
2026-02-04 03:00:00,223.55
2026-02-04 04:00:00,226.0344827586207
2026-02-04 05:00:00,227.425
2026-02-04 06:00:00,228.3
2026-02-04 07:00:00,228.46666666666667
2026-02-04 08:00:00,229.525
2026-02-04 09:00:00,218.80357142857142
2026-02-04 10:00:00,205.40740740740742
2026-02-04 11:00:00,193.1551724137931
2026-02-04 12:00:00,163.28333333333333
2026-02-04 13:00:00,138.96428571428572
2026-02-04 14:00:00,116.25833333333334
2026-02-04 15:00:00,96.64166666666667
2026-02-04 16:00:00,83.74433333333333
2026-02-04 17:00:00,71.75806451612904
2026-02-04 18:00:00,78.26724137931035
2026-02-04 19:00:00,96.08870967741936
2026-02-04 20:00:00,126.3225806451613
2026-02-04 21:00:00,142.20967741935485
2026-02-04 22:00:00,140.99166666666667
2026-02-04 23:00:00,143.02586206896552
2026-02-05 00:00:00,135.58064516129033
2026-02-05 01:00:00,135.49193548387098
2026-02-05 02:00:00,132.7364516129032
2026-02-05 03:00:00,131.31666666666666
2026-02-05 04:00:00,128.93965517241378
2026-02-05 05:00:00,124.49166666666666
2026-02-05 06:00:00,125.30833333333334
2026-02-05 07:00:00,131.15
2026-02-05 08:00:00,139.5
2026-02-05 09:00:00,133.96666666666667
2026-02-05 10:00:00,122.81666666666666
2026-02-05 11:00:00,104.31896551724138
2026-02-05 12:00:00,90.13333333333334
2026-02-05 13:00:00,74.8225806451613
2026-02-05 14:00:00,67.54166666666667
2026-02-05 15:00:00,60.608333333333334
2026-02-05 16:00:00,53.943548387096776
2026-02-05 17:00:00,56.891666666666666
2026-02-05 18:00:00,69.61666666666666
2026-02-05 19:00:00,88.275
2026-02-05 20:00:00,122.75
2026-02-05 21:00:00,142.35833333333332
2026-02-05 22:00:00,147.33870967741936
2026-02-05 23:00:00,141.09733333333332
2026-02-06 00:00:00,127.825
2026-02-06 01:00:00,118.78225806451613
2026-02-06 02:00:00,112.45161290322581
2026-02-06 03:00:00,108.0
2026-02-06 04:00:00,110.73387096774194
2026-02-06 05:00:00,125.35833333333333
2026-02-06 06:00:00,116.2
2026-02-06 07:00:00,108.56193548387097
2026-02-06 08:00:00,111.78225806451613
2026-02-06 09:00:00,109.85833333333333
2026-02-06 10:00:00,108.36290322580645
2026-02-06 11:00:00,95.45967741935483
2026-02-06 12:00:00,76.03225806451613
2026-02-06 13:00:00,67.04166666666667
2026-02-06 14:00:00,64.74433333333333
2026-02-06 15:00:00,61.975
2026-02-06 16:00:00,62.839000000000006
2026-02-06 17:00:00,64.6896551724138
2026-02-06 18:00:00,74.175
2026-02-06 19:00:00,84.75806451612904
2026-02-06 20:00:00,114.86290322580645
2026-02-06 21:00:00,133.7983870967742
2026-02-06 22:00:00,137.24733333333333
2026-02-06 23:00:00,137.45566666666667
2026-02-07 00:00:00,130.23387096774192
2026-02-07 01:00:00,120.66935483870968
2026-02-07 02:00:00,112.69354838709677
2026-02-07 03:00:00,112.16129032258064
2026-02-07 04:00:00,109.78333333333333
2026-02-07 05:00:00,102.25833333333334
2026-02-07 06:00:00,96.25
2026-02-07 07:00:00,102.86666666666666
2026-02-07 08:00:00,112.04896551724138
2026-02-07 09:00:00,105.15833333333333
2026-02-07 10:00:00,100.35
2026-02-07 11:00:00,95.9
2026-02-07 12:00:00,92.24137931034483
2026-02-07 13:00:00,82.11206896551724
2026-02-07 14:00:00,74.80172413793103
2026-02-07 15:00:00,64.6875
2026-02-07 16:00:00,64.21551724137932
2026-02-07 17:00:00,68.4
2026-02-07 18:00:00,79.35714285714286
2026-02-07 19:00:00,94.13709677419355
2026-02-07 20:00:00,117.12096774193549
2026-02-07 21:00:00,122.6774193548387
2026-02-07 22:00:00,113.35483870967742
2026-02-07 23:00:00,106.70533333333333
2026-02-08 00:00:00,92.6
2026-02-08 01:00:00,76.15322580645162
2026-02-08 02:00:00,73.46666666666667
2026-02-08 03:00:00,82.66129032258064
2026-02-08 04:00:00,79.61666666666666
2026-02-08 05:00:00,80.35344827586206
2026-02-08 06:00:00,89.35741935483871
2026-02-08 07:00:00,91.06666666666666
2026-02-08 08:00:00,97.50266666666667
2026-02-08 09:00:00,102.33333333333333
2026-02-08 10:00:00,89.6148275862069
2026-02-08 11:00:00,70.64516129032258
2026-02-08 12:00:00,57.865483870967736
2026-02-08 13:00:00,53.602666666666664
2026-02-08 14:00:00,49.241379310344826
2026-02-08 15:00:00,47.166666666666664
2026-02-08 16:00:00,47.63709677419355
2026-02-08 17:00:00,50.94733333333333
2026-02-08 18:00:00,56.44827586206897
2026-02-08 19:00:00,74.3103448275862
2026-02-08 20:00:00,99.25
2026-02-08 21:00:00,124.62903225806451
2026-02-08 22:00:00,146.3441935483871
2026-02-08 23:00:00,149.178
2026-02-09 00:00:00,160.08322580645162
2026-02-09 01:00:00,164.16129032258064
2026-02-09 02:00:00,163.26612903225808
2026-02-09 03:00:00,147.3790322580645
2026-02-09 04:00:00,145.06451612903226
2026-02-09 05:00:00,142.71516129032258
2026-02-09 06:00:00,135.54032258064515
2026-02-09 07:00:00,140.6451612903226
2026-02-09 08:00:00,143.34677419354838
2026-02-09 09:00:00,142.7983870967742
2026-02-09 10:00:00,133.64166666666668
2026-02-09 11:00:00,124.33870967741936
2026-02-09 12:00:00,111.89166666666667
2026-02-09 13:00:00,99.88793103448276
2026-02-09 14:00:00,89.23333333333333
2026-02-09 15:00:00,84.58035714285714
2026-02-09 16:00:00,78.87903225806451
2026-02-09 17:00:00,74.8225806451613
2026-02-09 18:00:00,80.84482758620689
2026-02-09 19:00:00,90.06535714285714
2026-02-09 20:00:00,120.91666666666667
2026-02-09 21:00:00,143.875
2026-02-09 22:00:00,157.64655172413794
2026-02-09 23:00:00,164.33620689655172
2026-02-10 00:00:00,167.91666666666666
2026-02-10 01:00:00,163.75
2026-02-10 02:00:00,151.12766666666667
2026-02-10 03:00:00,157.925
2026-02-10 04:00:00,157.0748275862069
2026-02-10 05:00:00,174.0
2026-02-10 06:00:00,174.6
2026-02-10 07:00:00,189.56666666666666
2026-02-10 08:00:00,213.22233333333332
2026-02-10 09:00:00,198.41933333333333
2026-02-10 10:00:00,176.44551724137932
2026-02-10 11:00:00,137.62214285714285
2026-02-10 12:00:00,100.80833333333334
2026-02-10 13:00:00,84.164
2026-02-10 14:00:00,74.64516129032258
2026-02-10 15:00:00,69.78333333333333
2026-02-10 16:00:00,71.89379310344827
2026-02-10 17:00:00,79.54310344827586
2026-02-10 18:00:00,95.13333333333334
2026-02-10 19:00:00,128.5267741935484
2026-02-10 20:00:00,165.94354838709677
2026-02-10 21:00:00,187.07806451612905
2026-02-10 22:00:00,197.19354838709677
2026-02-10 23:00:00,215.14166666666668
2026-02-11 00:00:00,221.92741935483872
2026-02-11 01:00:00,215.1290322580645
2026-02-11 02:00:00,212.04032258064515
2026-02-11 03:00:00,209.2741935483871
2026-02-11 04:00:00,227.0135483870968
2026-02-11 05:00:00,230.90833333333333
2026-02-11 06:00:00,220.8851724137931
2026-02-11 07:00:00,217.13709677419354
2026-02-11 08:00:00,226.51666666666668
2026-02-11 09:00:00,227.09935483870967
2026-02-11 10:00:00,218.58870967741936
2026-02-11 11:00:00,160.46516129032258
2026-02-11 12:00:00,118.32000000000001
2026-02-11 13:00:00,100.29032258064517
2026-02-11 14:00:00,83.45833333333333
2026-02-11 15:00:00,63.23275862068966
2026-02-11 16:00:00,64.53724137931034
2026-02-11 17:00:00,66.93599999999999
2026-02-11 18:00:00,67.175
2026-02-11 19:00:00,85.12931034482759
2026-02-11 20:00:00,89.74413793103449
2026-02-11 21:00:00,95.87903225806451
2026-02-11 22:00:00,91.05
2026-02-11 23:00:00,86.29178571428572
2026-02-12 00:00:00,76.35833333333333
2026-02-12 01:00:00,72.99166666666666
2026-02-12 02:00:00,74.22413793103448
2026-02-12 03:00:00,74.28448275862068
2026-02-12 04:00:00,72.59166666666667
2026-02-12 05:00:00,79.65833333333333
2026-02-12 06:00:00,78.30833333333334
2026-02-12 07:00:00,74.37344827586206
2026-02-12 08:00:00,82.88793103448276
2026-02-12 09:00:00,89.29310344827586
2026-02-12 10:00:00,89.55833333333334
2026-02-12 11:00:00,77.58333333333333
2026-02-12 12:00:00,67.19166666666666
2026-02-12 13:00:00,53.422413793103445
2026-02-12 14:00:00,45.169642857142854
2026-02-12 15:00:00,40.178888888888885
2026-02-12 16:00:00,37.30172413793103
2026-02-12 17:00:00,39.875
2026-02-12 18:00:00,46.12068965517241
2026-02-12 19:00:00,61.5948275862069
2026-02-12 20:00:00,89.09758620689655
2026-02-12 21:00:00,99.55833333333334
2026-02-12 22:00:00,111.45
2026-02-12 23:00:00,117.25275862068965
2026-02-13 00:00:00,112.70833333333333
2026-02-13 01:00:00,120.69166666666666
2026-02-13 02:00:00,119.95833333333333
2026-02-13 03:00:00,116.61666666666666
2026-02-13 04:00:00,112.925
2026-02-13 05:00:00,111.68333333333334
2026-02-13 06:00:00,113.24166666666666
2026-02-13 07:00:00,113.63333333333334
2026-02-13 08:00:00,108.44166666666666
2026-02-13 09:00:00,107.6
2026-02-13 10:00:00,97.35
2026-02-13 11:00:00,69.025
2026-02-13 12:00:00,56.839285714285715
2026-02-13 13:00:00,45.060344827586206
2026-02-13 14:00:00,43.87068965517241
2026-02-13 15:00:00,44.15
2026-02-13 16:00:00,44.416666666666664
2026-02-13 17:00:00,45.41935483870968
2026-02-13 18:00:00,52.983333333333334
2026-02-13 19:00:00,67.125
2026-02-13 20:00:00,95.175
2026-02-13 21:00:00,106.66129032258064
2026-02-13 22:00:00,126.12903225806451
2026-02-13 23:00:00,138.78900000000002
2026-02-14 00:00:00,146.2258064516129
2026-02-14 01:00:00,150.51612903225808
2026-02-14 02:00:00,146.41129032258064
2026-02-14 03:00:00,143.66129032258064
2026-02-14 04:00:00,141.54580645161292
2026-02-14 05:00:00,140.06451612903226
2026-02-14 06:00:00,145.00806451612902
2026-02-14 07:00:00,148.8951612903226
2026-02-14 08:00:00,151.75
2026-02-14 09:00:00,131.18965517241378
2026-02-14 10:00:00,101.0
2026-02-14 11:00:00,90.12068965517241
2026-02-14 12:00:00,73.65517241379311
2026-02-14 13:00:00,68.361
2026-02-14 14:00:00,62.61666666666667
2026-02-14 15:00:00,53.05
2026-02-14 16:00:00,54.456896551724135
2026-02-14 17:00:00,52.63793103448276
2026-02-14 18:00:00,60.733333333333334
2026-02-14 19:00:00,77.83333333333333
2026-02-14 20:00:00,101.18333333333334
2026-02-14 21:00:00,118.675
2026-02-14 22:00:00,132.225
2026-02-14 23:00:00,137.0144827586207
2026-02-15 00:00:00,129.58599999999998
2026-02-15 01:00:00,134.35
2026-02-15 02:00:00,131.74166666666667
2026-02-15 03:00:00,128.525
2026-02-15 04:00:00,120.01933333333334
2026-02-15 05:00:00,110.85
2026-02-15 06:00:00,101.20833333333333
2026-02-15 07:00:00,94.91655172413793
2026-02-15 08:00:00,103.78333333333333
2026-02-15 09:00:00,102.5603448275862
2026-02-15 10:00:00,96.10833333333333
2026-02-15 11:00:00,94.27586206896552
2026-02-15 12:00:00,82.44827586206897
2026-02-15 13:00:00,71.46551724137932
2026-02-15 14:00:00,59.160714285714285
2026-02-15 15:00:00,51.93103448275862
2026-02-15 16:00:00,54.00833333333333
2026-02-15 17:00:00,53.580357142857146
2026-02-15 18:00:00,62.50833333333333
2026-02-15 19:00:00,78.47413793103448
2026-02-15 20:00:00,93.44354838709677
2026-02-15 21:00:00,118.54838709677419
2026-02-15 22:00:00,148.7258064516129
2026-02-15 23:00:00,148.236
2026-02-16 00:00:00,151.91129032258064
2026-02-16 01:00:00,150.46774193548387
2026-02-16 02:00:00,151.81451612903226
2026-02-16 03:00:00,149.93548387096774
2026-02-16 04:00:00,135.54166666666666
2026-02-16 05:00:00,140.31451612903226
2026-02-16 06:00:00,143.21774193548387
2026-02-16 07:00:00,145.79032258064515
2026-02-16 08:00:00,146.5
2026-02-16 09:00:00,137.70967741935485
2026-02-16 10:00:00,121.2741935483871
2026-02-16 11:00:00,88.05833333333334
2026-02-16 12:00:00,83.5625
2026-02-16 13:00:00,82.235
2026-02-16 14:00:00,89.62903225806451
2026-02-16 15:00:00,89.97800000000001
2026-02-16 16:00:00,93.45566666666667
2026-02-16 17:00:00,87.21666666666667
2026-02-16 18:00:00,88.11548387096774
2026-02-16 19:00:00,99.18333333333334
2026-02-16 20:00:00,116.13419354838709
2026-02-16 21:00:00,140.71516129032258
2026-02-16 22:00:00,148.32258064516128
2026-02-16 23:00:00,149.014
2026-02-17 00:00:00,147.9586666666667
2026-02-17 01:00:00,144.41387096774193
2026-02-17 02:00:00,154.8709677419355
2026-02-17 03:00:00,155.52766666666668
2026-02-17 04:00:00,154.17483870967743
2026-02-17 05:00:00,169.17193548387095
2026-02-17 06:00:00,168.00548387096774
2026-02-17 07:00:00,150.2525806451613
2026-02-17 08:00:00,145.64774193548388
2026-02-17 09:00:00,144.20419354838708
2026-02-17 10:00:00,120.36290322580645
2026-02-17 11:00:00,91.02677419354839
2026-02-17 12:00:00,66.10266666666666
2026-02-17 13:00:00,50.96933333333333
2026-02-17 14:00:00,42.03774193548387
2026-02-17 15:00:00,40.0803448275862
2026-02-17 16:00:00,44.291666666666664
2026-02-17 17:00:00,45.391666666666666
2026-02-17 18:00:00,51.785999999999994
2026-02-17 19:00:00,63.59166666666667
2026-02-17 20:00:00,83.361
2026-02-17 21:00:00,94.76064516129033
2026-02-17 22:00:00,110.19354838709677
2026-02-17 23:00:00,120.56933333333333
2026-02-18 00:00:00,137.86290322580646
2026-02-18 01:00:00,148.65322580645162
2026-02-18 02:00:00,153.47032258064516
2026-02-18 03:00:00,156.7474193548387
2026-02-18 04:00:00,159.93
2026-02-18 05:00:00,156.18806451612903
2026-02-18 06:00:00,158.96516129032258
2026-02-18 07:00:00,163.32516129032257
2026-02-18 08:00:00,139.6048387096774
2026-02-18 09:00:00,114.70967741935483
2026-02-18 10:00:00,96.80645161290323
2026-02-18 11:00:00,64.16129032258064
2026-02-18 12:00:00,65.73333333333333
2026-02-18 13:00:00,59.10566666666667
2026-02-18 14:00:00,49.943548387096776
2026-02-18 15:00:00,38.080370370370375
2026-02-18 16:00:00,35.36
2026-02-18 17:00:00,43.858333333333334
2026-02-18 18:00:00,53.42193548387097
2026-02-18 19:00:00,62.41379310344828
2026-02-18 20:00:00,69.05
2026-02-18 21:00:00,68.28285714285714
2026-02-18 22:00:00,76.0
2026-02-18 23:00:00,84.20965517241379
2026-02-19 00:00:00,92.6
2026-02-19 01:00:00,87.62766666666667
2026-02-19 02:00:00,90.91666666666667
2026-02-19 03:00:00,94.74166666666666
2026-02-19 04:00:00,106.64931034482758
2026-02-19 05:00:00,99.89166666666667
2026-02-19 06:00:00,101.55833333333334
2026-02-19 07:00:00,109.961
2026-02-19 08:00:00,119.30172413793103
2026-02-19 09:00:00,131.98333333333332
2026-02-19 10:00:00,117.95967741935483
2026-02-19 11:00:00,94.85620689655173
2026-02-19 12:00:00,80.05566666666667
2026-02-19 13:00:00,81.30566666666667
2026-02-19 14:00:00,77.80096774193548
2026-02-19 15:00:00,74.88967741935484
2026-02-19 16:00:00,72.89516129032258
2026-02-19 17:00:00,65.91129032258064
2026-02-19 18:00:00,66.40064516129033
2026-02-19 19:00:00,74.80387096774194
2026-02-19 20:00:00,92.88451612903226
2026-02-19 21:00:00,94.35
2026-02-19 22:00:00,97.3683870967742
2026-02-19 23:00:00,96.56933333333333
2026-02-20 00:00:00,101.364
2026-02-20 01:00:00,98.70161290322581
2026-02-20 02:00:00,98.46225806451612
2026-02-20 03:00:00,98.71225806451612
2026-02-20 04:00:00,100.17827586206897
2026-02-20 05:00:00,97.78483870967742
2026-02-20 06:00:00,108.03225806451613
2026-02-20 07:00:00,112.9541935483871
2026-02-20 08:00:00,114.98333333333333
2026-02-20 09:00:00,131.08612903225807
2026-02-20 10:00:00,126.63451612903226
2026-02-20 11:00:00,111.64433333333334
2026-02-20 12:00:00,86.04733333333334
2026-02-20 13:00:00,78.886
2026-02-20 14:00:00,73.16379310344827
2026-02-20 15:00:00,62.089000000000006
2026-02-20 16:00:00,56.94241379310345
2026-02-20 17:00:00,53.0748275862069
2026-02-20 18:00:00,50.71966666666667
2026-02-20 19:00:00,57.364000000000004
2026-02-20 20:00:00,75.6696551724138
2026-02-20 21:00:00,85.08928571428571
2026-02-20 22:00:00,87.85714285714286
2026-02-20 23:00:00,96.26137931034482
2026-02-21 00:00:00,98.95161290322581
2026-02-21 01:00:00,103.94354838709677
2026-02-21 02:00:00,105.51870967741935
2026-02-21 03:00:00,103.74451612903225
2026-02-21 04:00:00,102.61666666666666
2026-02-21 05:00:00,99.71666666666667
2026-02-21 06:00:00,103.87096774193549
2026-02-21 07:00:00,101.17999999999999
2026-02-21 08:00:00,107.56451612903226
2026-02-21 09:00:00,114.51354838709678
2026-02-21 10:00:00,131.18066666666667
2026-02-21 11:00:00,132.08612903225807
2026-02-21 12:00:00,114.74193548387096
2026-02-21 13:00:00,95.75806451612904
2026-02-21 14:00:00,83.69166666666666
2026-02-21 15:00:00,66.78483870967742
2026-02-21 16:00:00,62.215161290322584
2026-02-21 17:00:00,61.37645161290323
2026-02-21 18:00:00,66.68806451612903
2026-02-21 19:00:00,82.07516129032258
2026-02-21 20:00:00,106.48129032258065
2026-02-21 21:00:00,122.01612903225806
2026-02-21 22:00:00,137.09129032258065
2026-02-21 23:00:00,141.303
2026-02-22 00:00:00,135.5241935483871
2026-02-22 01:00:00,134.24193548387098
2026-02-22 02:00:00,130.16387096774193
2026-02-22 03:00:00,128.56709677419354
2026-02-22 04:00:00,133.82806451612905
2026-02-22 05:00:00,134.98129032258063
2026-02-22 06:00:00,131.2474193548387
2026-02-22 07:00:00,121.46225806451612
2026-02-22 08:00:00,115.70833333333333
2026-02-22 09:00:00,119.29032258064517
2026-02-22 10:00:00,110.85833333333333
2026-02-22 11:00:00,86.25266666666667
2026-02-22 12:00:00,68.43066666666667
2026-02-22 13:00:00,59.425
2026-02-22 14:00:00,49.303870967741936
2026-02-22 15:00:00,44.817096774193544
2026-02-22 16:00:00,45.141666666666666
2026-02-22 17:00:00,46.39655172413793
2026-02-22 18:00:00,51.59166666666667
2026-02-22 19:00:00,69.73066666666666
2026-02-22 20:00:00,81.76064516129033
2026-02-22 21:00:00,104.26870967741935
2026-02-22 22:00:00,125.25806451612904
2026-02-22 23:00:00,134.78333333333333
2026-02-23 00:00:00,142.70709677419356
2026-02-23 01:00:00,143.16129032258064
2026-02-23 02:00:00,140.83064516129033
2026-02-23 03:00:00,131.35225806451612
2026-02-23 04:00:00,130.86032258064517
2026-02-23 05:00:00,123.93548387096774
2026-02-23 06:00:00,124.30645161290323
2026-02-23 07:00:00,122.29032258064517
2026-02-23 08:00:00,133.93548387096774
2026-02-23 09:00:00,141.1990322580645
2026-02-23 10:00:00,127.60566666666666
2026-02-23 11:00:00,91.58333333333333
2026-02-23 12:00:00,75.111
2026-02-23 13:00:00,67.44096774193548
2026-02-23 14:00:00,57.775
2026-02-23 15:00:00,51.39774193548387
2026-02-23 16:00:00,46.33620689655172
2026-02-23 17:00:00,46.55172413793103
2026-02-23 18:00:00,50.289
2026-02-23 19:00:00,70.36933333333333
2026-02-23 20:00:00,90.36548387096774
2026-02-23 21:00:00,112.05645161290323
2026-02-23 22:00:00,124.286
2026-02-23 23:00:00,142.96666666666667
2026-02-24 00:00:00,166.23066666666668
2026-02-24 01:00:00,157.34433333333334
2026-02-24 02:00:00,156.65
2026-02-24 03:00:00,148.036
2026-02-24 04:00:00,144.1
2026-02-24 05:00:00,135.80833333333334
2026-02-24 06:00:00,127.28483870967742
2026-02-24 07:00:00,138.34677419354838
2026-02-24 08:00:00,142.24451612903226
2026-02-24 09:00:00,158.59677419354838
2026-02-24 10:00:00,148.886
2026-02-24 11:00:00,107.14379310344827
2026-02-24 12:00:00,97.52
2026-02-24 13:00:00,83.75
2026-02-24 14:00:00,79.78774193548388
2026-02-24 15:00:00,66.92483870967742
2026-02-24 16:00:00,56.522333333333336
2026-02-24 17:00:00,55.59758620689655
2026-02-24 18:00:00,62.736
2026-02-24 19:00:00,76.12233333333333
2026-02-24 20:00:00,94.6774193548387
2026-02-24 21:00:00,106.91935483870968
2026-02-24 22:00:00,123.76612903225806
2026-02-24 23:00:00,127.45
2026-02-25 00:00:00,131.59677419354838
2026-02-25 01:00:00,130.7767741935484
2026-02-25 02:00:00,127.16129032258064
2026-02-25 03:00:00,124.75266666666667
2026-02-25 04:00:00,125.425
2026-02-25 05:00:00,134.975
2026-02-25 06:00:00,137.41666666666666
2026-02-25 07:00:00,140.27233333333334
2026-02-25 08:00:00,137.675
2026-02-25 09:00:00,135.886
2026-02-25 10:00:00,131.4941379310345
2026-02-25 11:00:00,102.45370370370371
2026-02-25 12:00:00,73.75
2026-02-25 13:00:00,58.276785714285715
2026-02-25 14:00:00,55.851851851851855
2026-02-25 15:00:00,48.43142857142857
2026-02-25 16:00:00,39.298965517241385
2026-02-25 17:00:00,41.90566666666667
2026-02-25 18:00:00,46.00586206896552
2026-02-25 19:00:00,59.125
2026-02-25 20:00:00,92.66677419354839
2026-02-25 21:00:00,114.84677419354838
2026-02-25 22:00:00,112.55096774193548
2026-02-25 23:00:00,118.23033333333333
2026-02-26 00:00:00,121.57806451612903
2026-02-26 01:00:00,113.51870967741935
2026-02-26 02:00:00,105.50548387096775
2026-02-26 03:00:00,104.64774193548386
2026-02-26 04:00:00,101.80387096774194
2026-02-26 05:00:00,99.71774193548387
2026-02-26 06:00:00,98.15
2026-02-26 07:00:00,100.87096774193549
2026-02-26 08:00:00,102.98387096774194
2026-02-26 09:00:00,105.5941935483871
2026-02-26 10:00:00,99.85774193548387
2026-02-26 11:00:00,86.45
2026-02-26 12:00:00,70.81099999999999
2026-02-26 13:00:00,55.83620689655172
2026-02-26 14:00:00,46.44466666666667
2026-02-26 15:00:00,41.919642857142854
2026-02-26 16:00:00,38.520714285714284
2026-02-26 17:00:00,41.071724137931035
2026-02-26 18:00:00,40.008620689655174
2026-02-26 19:00:00,59.141666666666666
2026-02-26 20:00:00,87.14433333333334
2026-02-26 21:00:00,93.08322580645161
2026-02-26 22:00:00,99.88967741935484
2026-02-26 23:00:00,95.92233333333334
2026-02-27 00:00:00,92.64774193548386
2026-02-27 01:00:00,91.22032258064516
2026-02-27 02:00:00,92.6183870967742
2026-02-27 03:00:00,87.22838709677418
2026-02-27 04:00:00,86.5941935483871
2026-02-27 05:00:00,90.62096774193549
2026-02-27 06:00:00,98.76064516129033
2026-02-27 07:00:00,92.95161290322581
2026-02-27 08:00:00,98.514
2026-02-27 09:00:00,108.70833333333333
2026-02-27 10:00:00,106.15566666666668
2026-02-27 11:00:00,95.00258064516129
2026-02-27 12:00:00,74.02233333333334
2026-02-27 13:00:00,55.06310344827586
2026-02-27 14:00:00,47.28074074074074
2026-02-27 15:00:00,43.015
2026-02-27 16:00:00,39.5
2026-02-27 17:00:00,43.39379310344828
2026-02-27 18:00:00,50.327586206896555
2026-02-27 19:00:00,68.59758620689655
2026-02-27 20:00:00,91.79838709677419
2026-02-27 21:00:00,118.71516129032258
2026-02-27 22:00:00,127.50806451612904
2026-02-27 23:00:00,130.91400000000002
2026-02-28 00:00:00,140.58870967741936
2026-02-28 01:00:00,136.10225806451612
2026-02-28 02:00:00,136.2983870967742
2026-02-28 03:00:00,138.33870967741936
2026-02-28 04:00:00,135.27161290322582
2026-02-28 05:00:00,132.09677419354838
2026-02-28 06:00:00,137.83064516129033
2026-02-28 07:00:00,133.09129032258065
2026-02-28 08:00:00,142.73129032258063
2026-02-28 09:00:00,135.08870967741936
2026-02-28 10:00:00,102.58896551724138
2026-02-28 11:00:00,84.24107142857143
2026-02-28 12:00:00,60.404444444444444
2026-02-28 13:00:00,63.541785714285716
2026-02-28 14:00:00,55.752758620689654
2026-02-28 15:00:00,52.686
2026-02-28 16:00:00,49.439
2026-02-28 17:00:00,49.83642857142858
2026-02-28 18:00:00,55.422333333333334
2026-02-28 19:00:00,62.224137931034484
2026-02-28 20:00:00,75.86548387096774
2026-02-28 21:00:00,88.86032258064516
2026-02-28 22:00:00,94.81709677419354
2026-02-28 23:00:00,92.14068965517241
2026-03-01 00:00:00,89.74483870967742
2026-03-01 01:00:00,94.54290322580646
2026-03-01 02:00:00,95.1316129032258
2026-03-01 03:00:00,96.0941935483871
2026-03-01 04:00:00,97.26354838709678
2026-03-01 05:00:00,99.09967741935485
2026-03-01 06:00:00,94.28225806451613
2026-03-01 07:00:00,94.23645161290322
2026-03-01 08:00:00,97.53483870967742
2026-03-01 09:00:00,102.97032258064516
2026-03-01 10:00:00,93.68290322580646
2026-03-01 11:00:00,81.19354838709677
2026-03-01 12:00:00,68.25806451612904
2026-03-01 13:00:00,55.71225806451613
2026-03-01 14:00:00,55.12931034482759
2026-03-01 15:00:00,50.96933333333333
2026-03-01 16:00:00,46.791666666666664
2026-03-01 17:00:00,47.075
2026-03-01 18:00:00,51.37068965517241
2026-03-01 19:00:00,64.57233333333333
2026-03-01 20:00:00,74.18333333333334
2026-03-01 21:00:00,88.32000000000001
2026-03-01 22:00:00,87.3683870967742
2026-03-01 23:00:00,84.84206896551724
2026-03-02 00:00:00,83.31400000000001
2026-03-02 01:00:00,81.275
2026-03-02 02:00:00,84.05
2026-03-02 03:00:00,88.06933333333333
2026-03-02 04:00:00,89.51933333333334
2026-03-02 05:00:00,89.43333333333334
2026-03-02 06:00:00,94.91666666666667
2026-03-02 07:00:00,95.04733333333334
2026-03-02 08:00:00,96.411
2026-03-02 09:00:00,104.03333333333333
2026-03-02 10:00:00,105.91666666666667
2026-03-02 11:00:00,96.97137931034483
2026-03-02 12:00:00,83.25
2026-03-02 13:00:00,76.54620689655172
2026-03-02 14:00:00,66.70566666666667
2026-03-02 15:00:00,64.01666666666667
2026-03-02 16:00:00,60.02862068965517
2026-03-02 17:00:00,64.03999999999999
2026-03-02 18:00:00,67.6896551724138
2026-03-02 19:00:00,81.58066666666667
2026-03-02 20:00:00,100.00833333333334
2026-03-02 21:00:00,119.80266666666667
2026-03-02 22:00:00,142.99433333333334
2026-03-02 23:00:00,148.85620689655173
2026-03-03 00:00:00,131.41677419354838
2026-03-03 01:00:00,121.05903225806452
2026-03-03 02:00:00,107.70709677419354
2026-03-03 03:00:00,97.76064516129033
2026-03-03 04:00:00,98.01064516129033
2026-03-03 05:00:00,103.36290322580645
2026-03-03 06:00:00,103.15064516129033
2026-03-03 07:00:00,107.73387096774194
2026-03-03 08:00:00,106.80645161290323
2026-03-03 09:00:00,107.01354838709678
2026-03-03 10:00:00,90.50806451612904
2026-03-03 11:00:00,77.16666666666667
2026-03-03 12:00:00,66.87645161290322
2026-03-03 13:00:00,60.73066666666667
2026-03-03 14:00:00,58.80566666666667
2026-03-03 15:00:00,53.5
2026-03-03 16:00:00,48.56933333333333
2026-03-03 17:00:00,47.333333333333336
2026-03-03 18:00:00,49.80566666666667
2026-03-03 19:00:00,54.580666666666666
2026-03-03 20:00:00,62.825161290322576
2026-03-03 21:00:00,75.54838709677419
2026-03-03 22:00:00,75.01870967741935
2026-03-03 23:00:00,73.328
2026-03-04 00:00:00,75.04032258064517
2026-03-04 01:00:00,80.1558064516129
2026-03-04 02:00:00,82.99451612903225
2026-03-04 03:00:00,85.66677419354839
2026-03-04 04:00:00,82.05903225806452
2026-03-04 05:00:00,80.88451612903226
2026-03-04 06:00:00,84.74193548387096
2026-03-04 07:00:00,85.11666666666666
2026-03-04 08:00:00,87.56709677419354
2026-03-04 09:00:00,88.28225806451613
2026-03-04 10:00:00,79.94166666666666
2026-03-04 11:00:00,71.21666666666667
2026-03-04 12:00:00,62.59433333333333
2026-03-04 13:00:00,61.37903225806452
2026-03-04 14:00:00,54.03225806451613
2026-03-04 15:00:00,49.010999999999996
2026-03-04 16:00:00,45.95
2026-03-04 17:00:00,44.99413793103448
2026-03-04 18:00:00,49.977666666666664
2026-03-04 19:00:00,54.56933333333333
2026-03-04 20:00:00,66.075
2026-03-04 21:00:00,60.67766666666667
2026-03-04 22:00:00,58.12645161290323
2026-03-04 23:00:00,53.30357142857143
2026-03-05 00:00:00,54.5
2026-03-05 01:00:00,56.85
2026-03-05 02:00:00,57.075
2026-03-05 03:00:00,60.741379310344826
2026-03-05 04:00:00,63.95161290322581
2026-03-05 05:00:00,64.99193548387096
2026-03-05 06:00:00,70.37096774193549
2026-03-05 07:00:00,67.71666666666667
2026-03-05 08:00:00,71.25806451612904
2026-03-05 09:00:00,73.36290322580645
2026-03-05 10:00:00,71.30096774193548
2026-03-05 11:00:00,66.125
2026-03-05 12:00:00,66.225
2026-03-05 13:00:00,58.008620689655174
2026-03-05 14:00:00,53.043103448275865
2026-03-05 15:00:00,48.51724137931034
2026-03-05 16:00:00,53.875
2026-03-05 17:00:00,57.07258064516129
2026-03-05 18:00:00,54.29838709677419
2026-03-05 19:00:00,58.29032258064516
2026-03-05 20:00:00,68.87096774193549
2026-03-05 21:00:00,75.86290322580645
2026-03-05 22:00:00,68.15
2026-03-05 23:00:00,63.35
2026-03-06 00:00:00,64.68548387096774
2026-03-06 01:00:00,63.22032258064516
2026-03-06 02:00:00,66.39774193548386
2026-03-06 03:00:00,65.70967741935483
2026-03-06 04:00:00,67.11290322580645
2026-03-06 05:00:00,71.62233333333333
2026-03-06 06:00:00,77.575
2026-03-06 07:00:00,85.36666666666666
2026-03-06 08:00:00,93.09166666666667
2026-03-06 09:00:00,96.49166666666666
2026-03-06 10:00:00,92.425
2026-03-06 11:00:00,92.68548387096774
2026-03-06 12:00:00,94.55645161290323
2026-03-06 13:00:00,101.08064516129032
2026-03-06 14:00:00,88.41129032258064
2026-03-06 15:00:00,75.35
2026-03-06 16:00:00,63.38161290322581
2026-03-06 17:00:00,53.36666666666667
2026-03-06 18:00:00,54.905806451612904
2026-03-06 19:00:00,67.30645161290323
2026-03-06 20:00:00,90.06451612903226
2026-03-06 21:00:00,109.23387096774194
2026-03-06 22:00:00,120.40322580645162
2026-03-06 23:00:00,137.986
2026-03-07 00:00:00,135.19354838709677
2026-03-07 01:00:00,137.1209677419355
2026-03-07 02:00:00,147.80645161290323
2026-03-07 03:00:00,148.5
2026-03-07 04:00:00,149.66666666666666
2026-03-07 05:00:00,149.80172413793105
2026-03-07 06:00:00,145.65322580645162
2026-03-07 07:00:00,144.66666666666666
2026-03-07 08:00:00,155.36666666666667
2026-03-07 09:00:00,173.23333333333332
2026-03-07 10:00:00,181.4051724137931
2026-03-07 11:00:00,151.58035714285714
2026-03-07 12:00:00,127.35714285714286
2026-03-07 13:00:00,89.58322580645161
2026-03-07 14:00:00,69.29032258064517
2026-03-07 15:00:00,59.064516129032256
2026-03-07 16:00:00,52.25833333333333
2026-03-07 17:00:00,51.44166666666667
2026-03-07 18:00:00,55.14433333333333
2026-03-07 19:00:00,65.83333333333333
2026-03-07 20:00:00,96.125
2026-03-07 21:00:00,117.7258064516129
2026-03-07 22:00:00,133.40322580645162
2026-03-07 23:00:00,139.85566666666668
2026-03-08 00:00:00,155.69354838709677
2026-03-08 01:00:00,147.55645161290323
2026-03-08 02:00:00,149.58064516129033
2026-03-08 03:00:00,141.2983870967742
2026-03-08 04:00:00,145.12645161290322
2026-03-08 05:00:00,144.9758064516129
2026-03-08 06:00:00,144.23066666666668
2026-03-08 07:00:00,156.0
2026-03-08 08:00:00,161.60566666666668
2026-03-08 09:00:00,171.25833333333333
2026-03-08 10:00:00,150.25833333333333
2026-03-08 11:00:00,118.20833333333333
2026-03-08 12:00:00,93.58333333333333
2026-03-08 13:00:00,74.7258064516129
2026-03-08 14:00:00,58.056451612903224
2026-03-08 15:00:00,52.62096774193548
2026-03-08 16:00:00,46.543103448275865
2026-03-08 17:00:00,46.8
2026-03-08 18:00:00,49.52862068965517
2026-03-08 19:00:00,61.916666666666664
2026-03-08 20:00:00,82.675
2026-03-08 21:00:00,93.6
2026-03-08 22:00:00,97.31666666666666
2026-03-08 23:00:00,101.29310344827586
2026-03-09 00:00:00,118.15833333333333
2026-03-09 01:00:00,116.73333333333333
2026-03-09 02:00:00,113.81400000000001
2026-03-09 03:00:00,111.99166666666666
2026-03-09 04:00:00,114.68900000000001
2026-03-09 05:00:00,114.36666666666666
2026-03-09 06:00:00,117.70689655172414
2026-03-09 07:00:00,117.01724137931035
2026-03-09 08:00:00,125.37962962962963
2026-03-09 09:00:00,123.08620689655173
2026-03-09 10:00:00,113.92483870967742
2026-03-09 11:00:00,108.325
2026-03-09 12:00:00,102.36290322580645
2026-03-09 13:00:00,88.46225806451612
2026-03-09 14:00:00,74.11666666666666
2026-03-09 15:00:00,66.41129032258064
2026-03-09 16:00:00,60.91129032258065
2026-03-09 17:00:00,58.689
2026-03-09 18:00:00,64.725
2026-03-09 19:00:00,79.0544827586207
2026-03-09 20:00:00,99.70566666666667
2026-03-09 21:00:00,108.82233333333333
2026-03-09 22:00:00,119.65
2026-03-09 23:00:00,133.60344827586206
2026-03-10 00:00:00,139.10833333333332
2026-03-10 01:00:00,137.14166666666668
2026-03-10 02:00:00,136.51666666666668
2026-03-10 03:00:00,130.78333333333333
2026-03-10 04:00:00,125.44166666666666
2026-03-10 05:00:00,128.14733333333334
2026-03-10 06:00:00,130.84166666666667
2026-03-10 07:00:00,150.79166666666666
2026-03-10 08:00:00,180.85566666666668
2026-03-10 09:00:00,217.70689655172413
2026-03-10 10:00:00,228.80387096774194
2026-03-10 11:00:00,205.05
2026-03-10 12:00:00,190.7016129032258
2026-03-10 13:00:00,155.78333333333333
2026-03-10 14:00:00,116.35
2026-03-10 15:00:00,92.425
2026-03-10 16:00:00,74.33612903225807
2026-03-10 17:00:00,61.43633333333334
2026-03-10 18:00:00,65.48935483870967
2026-03-10 19:00:00,77.55645161290323
2026-03-10 20:00:00,101.5
2026-03-10 21:00:00,120.60225806451614
2026-03-10 22:00:00,118.86032258064516
2026-03-10 23:00:00,135.32766666666666
2026-03-11 00:00:00,128.83870967741936
2026-03-11 01:00:00,128.4893548387097
2026-03-11 02:00:00,133.79032258064515
2026-03-11 03:00:00,127.91935483870968
2026-03-11 04:00:00,126.9758064516129
2026-03-11 05:00:00,127.15833333333333
2026-03-11 06:00:00,129.014
2026-03-11 07:00:00,131.786
2026-03-11 08:00:00,142.725
2026-03-11 09:00:00,149.39655172413794
2026-03-11 10:00:00,134.88451612903225
2026-03-11 11:00:00,103.27310344827586
2026-03-11 12:00:00,82.92766666666667
2026-03-11 13:00:00,59.01322580645161
2026-03-11 14:00:00,53.05266666666667
2026-03-11 15:00:00,48.63161290322581
2026-03-11 16:00:00,50.534838709677416
2026-03-11 17:00:00,47.38709677419355
2026-03-11 18:00:00,46.016129032258064
2026-03-11 19:00:00,60.55
2026-03-11 20:00:00,75.66129032258064
2026-03-11 21:00:00,86.48387096774194
2026-03-11 22:00:00,101.06451612903226
2026-03-11 23:00:00,104.475
2026-03-12 00:00:00,106.59677419354838
2026-03-12 01:00:00,109.75
2026-03-12 02:00:00,113.52677419354839
2026-03-12 03:00:00,118.19354838709677
2026-03-12 04:00:00,128.38709677419354
2026-03-12 05:00:00,114.42193548387097
2026-03-12 06:00:00,86.83322580645161
2026-03-12 07:00:00,88.08612903225807
2026-03-12 08:00:00,95.989
2026-03-12 09:00:00,101.40833333333333
2026-03-12 10:00:00,89.95
2026-03-12 11:00:00,71.26724137931035
2026-03-12 12:00:00,56.25
2026-03-12 13:00:00,45.80566666666667
2026-03-12 14:00:00,37.916666666666664
2026-03-12 15:00:00,37.87655172413793
2026-03-12 16:00:00,39.044333333333334
2026-03-12 17:00:00,43.60931034482759
2026-03-12 18:00:00,51.275
2026-03-12 19:00:00,62.727666666666664
2026-03-12 20:00:00,81.25833333333334
2026-03-12 21:00:00,90.65833333333333
2026-03-12 22:00:00,102.93333333333334
2026-03-12 23:00:00,111.5
2026-03-13 00:00:00,112.54290322580646
2026-03-13 01:00:00,122.33354838709678
2026-03-13 02:00:00,119.6183870967742
2026-03-13 03:00:00,106.98645161290322
2026-03-13 04:00:00,88.18290322580646
2026-03-13 05:00:00,83.48677419354838
2026-03-13 06:00:00,86.70967741935483
2026-03-13 07:00:00,94.65322580645162
2026-03-13 08:00:00,104.24433333333333
2026-03-13 09:00:00,104.9
2026-03-13 10:00:00,98.11366666666666
2026-03-13 11:00:00,67.13066666666667
2026-03-13 12:00:00,41.07
2026-03-13 13:00:00,34.10225806451613
2026-03-13 14:00:00,33.05903225806451
2026-03-13 15:00:00,33.09166666666667
2026-03-13 16:00:00,34.281724137931036
2026-03-13 17:00:00,33.81535714285714
2026-03-13 18:00:00,38.95413793103449
2026-03-13 19:00:00,43.428275862068965
2026-03-13 20:00:00,55.92193548387097
2026-03-13 21:00:00,51.55833333333333
2026-03-13 22:00:00,49.46551724137931
2026-03-13 23:00:00,53.3303448275862
2026-03-14 00:00:00,55.125
2026-03-14 01:00:00,59.439
2026-03-14 02:00:00,65.80096774193548
2026-03-14 03:00:00,76.25
2026-03-14 04:00:00,88.9758064516129
2026-03-14 05:00:00,85.43290322580646
2026-03-14 06:00:00,97.44166666666666
2026-03-14 07:00:00,111.04838709677419
2026-03-14 08:00:00,117.83064516129032
2026-03-14 09:00:00,109.36793103448277
2026-03-14 10:00:00,85.05758620689656
2026-03-14 11:00:00,74.59482758620689
2026-03-14 12:00:00,54.57233333333333
2026-03-14 13:00:00,46.84935483870967
2026-03-14 14:00:00,42.314516129032256
2026-03-14 15:00:00,35.973225806451616
2026-03-14 16:00:00,37.61032258064516
2026-03-14 17:00:00,36.50551724137931
2026-03-14 18:00:00,42.99433333333333
2026-03-14 19:00:00,57.40833333333333
2026-03-14 20:00:00,72.39733333333334
2026-03-14 21:00:00,83.75258064516129
2026-03-14 22:00:00,95.74466666666667
2026-03-14 23:00:00,116.40033333333334
2026-03-15 00:00:00,120.0941935483871
2026-03-15 01:00:00,117.93599999999999
2026-03-15 02:00:00,122.31666666666666
2026-03-15 03:00:00,134.20833333333334
2026-03-15 04:00:00,138.65566666666666
2026-03-15 05:00:00,128.59935483870967
2026-03-15 06:00:00,84.36032258064516
2026-03-15 07:00:00,47.776785714285715
2026-03-15 08:00:00,40.59535714285715
2026-03-15 09:00:00,32.215172413793105
2026-03-15 10:00:00,26.307586206896556
2026-03-15 11:00:00,32.982142857142854
2026-03-15 12:00:00,35.410714285714285
2026-03-15 13:00:00,35.91655172413793
2026-03-15 14:00:00,37.14931034482758
2026-03-15 15:00:00,29.678888888888885
2026-03-15 16:00:00,29.19928571428571
2026-03-15 17:00:00,28.852666666666664
2026-03-15 18:00:00,29.955357142857142
2026-03-15 19:00:00,37.508620689655174
2026-03-15 20:00:00,45.125
2026-03-15 21:00:00,45.11290322580645
2026-03-15 22:00:00,44.27964285714285
2026-03-15 23:00:00,38.46296296296296
2026-03-16 00:00:00,41.247241379310346
2026-03-16 01:00:00,51.06896551724138
2026-03-16 02:00:00,49.241379310344826
2026-03-16 03:00:00,47.03066666666667
2026-03-16 04:00:00,35.89068965517241
2026-03-16 05:00:00,26.395185185185188
2026-03-16 06:00:00,26.42571428571429
2026-03-16 07:00:00,24.175925925925927
2026-03-16 08:00:00,35.339000000000006
2026-03-16 09:00:00,38.40827586206897
2026-03-16 10:00:00,40.730000000000004
2026-03-16 11:00:00,40.61793103448276
2026-03-16 12:00:00,42.62354838709677
2026-03-16 13:00:00,42.78225806451613
2026-03-16 14:00:00,39.44433333333333
2026-03-16 15:00:00,38.93066666666667
2026-03-16 16:00:00,37.172333333333334
2026-03-16 17:00:00,37.414
2026-03-16 18:00:00,41.775
2026-03-16 19:00:00,48.49433333333333
2026-03-16 20:00:00,62.535999999999994
2026-03-16 21:00:00,88.55833333333334
2026-03-16 22:00:00,75.55
2026-03-16 23:00:00,48.776785714285715
2026-03-17 00:00:00,43.03066666666667
2026-03-17 01:00:00,45.75833333333333
2026-03-17 02:00:00,44.84129032258064
2026-03-17 03:00:00,52.96666666666667
2026-03-17 04:00:00,60.16677419354839
2026-03-17 05:00:00,68.31193548387097
2026-03-17 06:00:00,72.95967741935483
2026-03-17 07:00:00,94.13967741935484
2026-03-17 08:00:00,106.614
2026-03-17 09:00:00,136.02766666666668
2026-03-17 10:00:00,143.91129032258064
2026-03-17 11:00:00,133.15833333333333
2026-03-17 12:00:00,121.87962962962963
2026-03-17 13:00:00,110.80566666666667
2026-03-17 14:00:00,88.639
2026-03-17 15:00:00,77.32766666666666
2026-03-17 16:00:00,65.59433333333332
2026-03-17 17:00:00,60.769999999999996
2026-03-17 18:00:00,57.583333333333336
2026-03-17 19:00:00,59.064
2026-03-17 20:00:00,70.98066666666666
2026-03-17 21:00:00,88.961
2026-03-17 22:00:00,101.2
2026-03-17 23:00:00,109.09758620689655
2026-03-18 00:00:00,104.536
2026-03-18 01:00:00,105.11666666666666
2026-03-18 02:00:00,101.011
2026-03-18 03:00:00,113.54166666666667
2026-03-18 04:00:00,108.55758620689656
2026-03-18 05:00:00,116.26724137931035
2026-03-18 06:00:00,119.12344827586206
2026-03-18 07:00:00,126.386
2026-03-18 08:00:00,132.35931034482758
2026-03-18 09:00:00,143.01724137931035
2026-03-18 10:00:00,135.2441379310345
2026-03-18 11:00:00,105.76785714285714
2026-03-18 12:00:00,93.1574074074074
2026-03-18 13:00:00,92.60620689655173
2026-03-18 14:00:00,85.70413793103448
2026-03-18 15:00:00,85.55566666666667
2026-03-18 16:00:00,79.11
2026-03-18 17:00:00,76.38678571428571
2026-03-18 18:00:00,79.82407407407408
2026-03-18 19:00:00,90.02148148148147
2026-03-18 20:00:00,58.02777777777778
2026-03-18 21:00:00,47.76555555555556
2026-03-18 22:00:00,47.830370370370375
2026-03-18 23:00:00,51.49038461538461
2026-03-19 00:00:00,48.78846153846154
2026-03-19 01:00:00,47.785384615384615
2026-03-19 02:00:00,49.80851851851852
2026-03-19 03:00:00,52.060769230769225
2026-03-19 04:00:00,54.181851851851846
2026-03-19 05:00:00,52.842592592592595
2026-03-19 06:00:00,54.42296296296296
2026-03-19 07:00:00,58.215
2026-03-19 08:00:00,70.11319999999999
2026-03-19 09:00:00,73.30153846153847
2026-03-19 10:00:00,79.90785714285714
2026-03-19 11:00:00,78.9675
2026-03-19 12:00:00,87.21592592592593
2026-03-19 13:00:00,97.59758620689655
2026-03-19 14:00:00,76.264
2026-03-19 15:00:00,55.810344827586206
2026-03-19 16:00:00,49.014
2026-03-19 17:00:00,52.43032258064517
2026-03-19 18:00:00,62.214838709677416
2026-03-19 19:00:00,60.33344827586207
2026-03-19 20:00:00,54.08896551724138
2026-03-19 21:00:00,42.345555555555556
2026-03-19 22:00:00,32.71551724137931
2026-03-19 23:00:00,29.27
2026-03-20 00:00:00,31.955357142857142
2026-03-20 01:00:00,33.357142857142854
2026-03-20 02:00:00,38.86206896551724
2026-03-20 03:00:00,40.69827586206897
2026-03-20 04:00:00,47.29586206896551
2026-03-20 05:00:00,60.239000000000004
2026-03-20 06:00:00,84.325
2026-03-20 07:00:00,61.379629629629626
2026-03-20 08:00:00,47.07142857142857
2026-03-20 09:00:00,47.65500000000001
2026-03-20 10:00:00,43.86666666666667
2026-03-20 11:00:00,41.38206896551724
2026-03-20 12:00:00,36.11793103448276
2026-03-20 13:00:00,29.43066666666667
2026-03-20 14:00:00,28.188148148148144
2026-03-20 15:00:00,26.228148148148147
2026-03-20 16:00:00,32.511785714285715
2026-03-20 17:00:00,33.01172413793103
2026-03-20 18:00:00,35.87333333333333
2026-03-20 19:00:00,44.32142857142857
2026-03-20 20:00:00,50.508620689655174
2026-03-20 21:00:00,54.031724137931036
2026-03-20 22:00:00,56.625
2026-03-20 23:00:00,57.12896551724137
2026-03-21 00:00:00,53.08033333333333
2026-03-21 01:00:00,52.666666666666664
2026-03-21 02:00:00,51.23633333333334
2026-03-21 03:00:00,50.730000000000004
2026-03-21 04:00:00,50.73066666666667
2026-03-21 05:00:00,56.99413793103448
2026-03-21 06:00:00,72.05172413793103
2026-03-21 07:00:00,76.05833333333334
2026-03-21 08:00:00,80.511
2026-03-21 09:00:00,85.33066666666667
2026-03-21 10:00:00,83.69433333333333
2026-03-21 11:00:00,67.68900000000001
2026-03-21 12:00:00,65.72233333333334
2026-03-21 13:00:00,54.514482758620694
2026-03-21 14:00:00,42.88392857142857
2026-03-21 15:00:00,34.136785714285715
2026-03-21 16:00:00,32.535384615384615
2026-03-21 17:00:00,31.817307692307693
2026-03-21 18:00:00,37.60481481481481
2026-03-21 19:00:00,44.675714285714285
2026-03-21 20:00:00,62.5803448275862
2026-03-21 21:00:00,73.15793103448276
2026-03-21 22:00:00,87.58896551724138
2026-03-21 23:00:00,87.47357142857143
2026-03-22 00:00:00,85.62068965517241
2026-03-22 01:00:00,81.22413793103448
2026-03-22 02:00:00,72.04034482758621
2026-03-22 03:00:00,77.8851724137931
2026-03-22 04:00:00,87.36206896551724
2026-03-22 05:00:00,104.72413793103448
2026-03-22 06:00:00,103.10344827586206
2026-03-22 07:00:00,100.29034482758621
2026-03-22 08:00:00,109.3248275862069
2026-03-22 09:00:00,101.20965517241379
2026-03-22 10:00:00,74.25586206896551
2026-03-22 11:00:00,51.85068965517242
2026-03-22 12:00:00,36.525862068965516
2026-03-22 13:00:00,36.5
2026-03-22 14:00:00,33.6696551724138
2026-03-22 15:00:00,31.00862068965517
2026-03-22 16:00:00,26.741071428571427
2026-03-22 17:00:00,28.948275862068964
2026-03-22 18:00:00,30.974137931034484
2026-03-22 19:00:00,42.27230769230769
2026-03-22 20:00:00,55.066206896551726
2026-03-22 21:00:00,71.44642857142857
2026-03-22 22:00:00,89.10714285714286
2026-03-22 23:00:00,90.36
2026-03-23 00:00:00,81.80172413793103
2026-03-23 01:00:00,82.72413793103448
2026-03-23 02:00:00,80.04586206896552
2026-03-23 03:00:00,72.26724137931035
2026-03-23 04:00:00,77.1896551724138
2026-03-23 05:00:00,70.33035714285714
2026-03-23 06:00:00,46.72518518518518
2026-03-23 07:00:00,44.11
2026-03-23 08:00:00,41.7025
2026-03-23 09:00:00,37.99074074074074
2026-03-23 10:00:00,36.25
2026-03-23 11:00:00,40.267500000000005
2026-03-23 12:00:00,38.5
2026-03-23 13:00:00,36.775862068965516
2026-03-23 14:00:00,39.62655172413793
2026-03-23 15:00:00,38.37214285714286
2026-03-23 16:00:00,40.327586206896555
2026-03-23 17:00:00,39.451034482758615
2026-03-23 18:00:00,42.97137931034483
2026-03-23 19:00:00,51.982142857142854
2026-03-23 20:00:00,78.90178571428571
2026-03-23 21:00:00,106.06896551724138
2026-03-23 22:00:00,118.94827586206897
2026-03-23 23:00:00,123.10714285714286
2026-03-24 00:00:00,124.09758620689655
2026-03-24 01:00:00,120.24137931034483
2026-03-24 02:00:00,113.72413793103448
2026-03-24 03:00:00,110.56620689655173
2026-03-24 04:00:00,105.99413793103449
2026-03-24 05:00:00,101.51724137931035
2026-03-24 06:00:00,96.16103448275862
2026-03-24 07:00:00,114.52310344827586
2026-03-24 08:00:00,144.93103448275863
2026-03-24 09:00:00,151.06034482758622
2026-03-24 10:00:00,93.26137931034482
2026-03-24 11:00:00,63.577586206896555
2026-03-24 12:00:00,54.4051724137931
2026-03-24 13:00:00,48.66379310344828
2026-03-24 14:00:00,46.63793103448276
2026-03-24 15:00:00,42.12931034482759
2026-03-24 16:00:00,42.077586206896555
2026-03-24 17:00:00,40.86482758620689
2026-03-24 18:00:00,42.043103448275865
2026-03-24 19:00:00,46.169333333333334
2026-03-24 20:00:00,63.026785714285715
2026-03-24 21:00:00,81.09433333333332
2026-03-24 22:00:00,102.53448275862068
2026-03-24 23:00:00,102.92285714285715
2026-03-25 00:00:00,108.5603448275862
2026-03-25 01:00:00,110.37655172413794
2026-03-25 02:00:00,108.05964285714286
2026-03-25 03:00:00,111.25
2026-03-25 04:00:00,113.67241379310344
2026-03-25 05:00:00,113.18333333333334
2026-03-25 06:00:00,130.925
2026-03-25 07:00:00,147.65266666666668
2026-03-25 08:00:00,154.69827586206895
2026-03-25 09:00:00,135.95
2026-03-25 10:00:00,90.664
2026-03-25 11:00:00,60.75
2026-03-25 12:00:00,45.5948275862069
2026-03-25 13:00:00,42.989000000000004
2026-03-25 14:00:00,37.464000000000006
2026-03-25 15:00:00,32.74433333333333
2026-03-25 16:00:00,28.646551724137932
2026-03-25 17:00:00,23.534074074074077
2026-03-25 18:00:00,50.13107142857143
2026-03-25 19:00:00,44.55172413793103
2026-03-25 20:00:00,91.889
2026-03-25 21:00:00,102.23333333333333
2026-03-25 22:00:00,110.6351724137931
2026-03-25 23:00:00,122.62214285714286
2026-03-26 00:00:00,123.48827586206896
2026-03-26 01:00:00,114.70137931034483
2026-03-26 02:00:00,105.70103448275862
2026-03-26 03:00:00,117.45689655172414
2026-03-26 04:00:00,122.60620689655173
2026-03-26 05:00:00,122.09206896551724
2026-03-26 06:00:00,123.59482758620689
2026-03-26 07:00:00,136.1351724137931
2026-03-26 08:00:00,143.61206896551724
2026-03-26 09:00:00,125.62931034482759
2026-03-26 10:00:00,95.77678571428571
2026-03-26 11:00:00,72.31535714285714
2026-03-26 12:00:00,51.31310344827586
2026-03-26 13:00:00,42.68464285714286
2026-03-26 14:00:00,44.01933333333333
2026-03-26 15:00:00,39.660999999999994
2026-03-26 16:00:00,40.64068965517241
2026-03-26 17:00:00,40.96551724137931
2026-03-26 18:00:00,50.93066666666667
2026-03-26 19:00:00,54.977666666666664
2026-03-26 20:00:00,71.661
2026-03-26 21:00:00,77.78333333333333
2026-03-26 22:00:00,70.875
2026-03-26 23:00:00,29.24074074074074
2026-03-27 00:00:00,35.55566666666667
2026-03-27 01:00:00,43.62766666666666
2026-03-27 02:00:00,52.211
2026-03-27 03:00:00,66.19466666666668
2026-03-27 04:00:00,70.597
2026-03-27 05:00:00,80.12766666666667
2026-03-27 06:00:00,90.264
2026-03-27 07:00:00,76.72689655172414
2026-03-27 08:00:00,61.90793103448276
2026-03-27 09:00:00,55.519999999999996
2026-03-27 10:00:00,49.34733333333334
2026-03-27 11:00:00,49.910999999999994
2026-03-27 12:00:00,49.75
2026-03-27 13:00:00,45.87344827586207
2026-03-27 14:00:00,38.83896551724138
2026-03-27 15:00:00,33.6696551724138
2026-03-27 16:00:00,31.454137931034484
2026-03-27 17:00:00,26.442413793103444
2026-03-27 18:00:00,27.175
2026-03-27 19:00:00,35.42857142857143
2026-03-27 20:00:00,43.314
2026-03-27 21:00:00,61.75566666666667
2026-03-27 22:00:00,58.852666666666664
2026-03-27 23:00:00,58.83344827586207
2026-03-28 00:00:00,62.53066666666667
2026-03-28 01:00:00,64.7
2026-03-28 02:00:00,67.514
2026-03-28 03:00:00,72.06666666666666
2026-03-28 04:00:00,89.21933333333332
2026-03-28 05:00:00,100.036
2026-03-28 06:00:00,133.15
2026-03-28 07:00:00,136.84733333333332
2026-03-28 08:00:00,141.80266666666665
2026-03-28 09:00:00,112.786
2026-03-28 10:00:00,77.31310344827585
2026-03-28 11:00:00,47.172333333333334
2026-03-28 12:00:00,37.054482758620686
2026-03-28 13:00:00,37.89433333333333
2026-03-28 14:00:00,32.433793103448274
2026-03-28 15:00:00,32.730000000000004
2026-03-28 16:00:00,28.810999999999996
2026-03-28 17:00:00,28.316206896551726
2026-03-28 18:00:00,29.45103448275862
2026-03-28 19:00:00,34.33620689655172
2026-03-28 20:00:00,55.64433333333333
2026-03-28 21:00:00,82.86666666666666
2026-03-28 22:00:00,99.77862068965517
2026-03-28 23:00:00,115.0
2026-03-29 00:00:00,117.975
2026-03-29 01:00:00,117.589
2026-03-29 02:00:00,117.886
2026-03-29 03:00:00,120.914
2026-03-29 04:00:00,113.54166666666667
2026-03-29 05:00:00,116.13333333333334
2026-03-29 06:00:00,116.339
2026-03-29 07:00:00,114.46666666666667
2026-03-29 08:00:00,115.59433333333332
2026-03-29 09:00:00,102.53333333333333
2026-03-29 10:00:00,76.15266666666666
2026-03-29 11:00:00,61.974137931034484
2026-03-29 12:00:00,56.108333333333334
2026-03-29 13:00:00,49.041666666666664
2026-03-29 14:00:00,41.625
2026-03-29 15:00:00,39.72233333333334
2026-03-29 16:00:00,43.34166666666667
2026-03-29 17:00:00,41.78066666666667
2026-03-29 18:00:00,48.56933333333333
2026-03-29 19:00:00,63.19433333333333
2026-03-29 20:00:00,74.011
2026-03-29 21:00:00,74.51724137931035
2026-03-29 22:00:00,72.13333333333334
2026-03-29 23:00:00,71.13793103448276
2026-03-30 00:00:00,69.225
2026-03-30 01:00:00,72.48333333333333
2026-03-30 02:00:00,74.289
2026-03-30 03:00:00,76.09433333333332
2026-03-30 04:00:00,81.2
2026-03-30 05:00:00,86.15
2026-03-30 06:00:00,97.5
2026-03-30 07:00:00,109.89166666666667
2026-03-30 08:00:00,115.8
2026-03-30 09:00:00,89.11666666666666
2026-03-30 10:00:00,66.08333333333333
2026-03-30 11:00:00,56.75833333333333
2026-03-30 12:00:00,43.86666666666667
2026-03-30 13:00:00,36.991379310344826
2026-03-30 14:00:00,37.43103448275862
2026-03-30 15:00:00,39.672413793103445
2026-03-30 16:00:00,35.775
2026-03-30 17:00:00,37.12068965517241
2026-03-30 18:00:00,31.49137931034483
2026-03-30 19:00:00,33.425
2026-03-30 20:00:00,49.73066666666667
2026-03-30 21:00:00,64.06099999999999
2026-03-30 22:00:00,67.72766666666666
2026-03-30 23:00:00,64.39379310344827
2026-03-31 00:00:00,85.41666666666667
2026-03-31 01:00:00,90.14931034482758
2026-03-31 02:00:00,99.4251724137931
2026-03-31 03:00:00,105.37344827586206
2026-03-31 04:00:00,115.47689655172414
2026-03-31 05:00:00,115.6351724137931
2026-03-31 06:00:00,118.55172413793103
2026-03-31 07:00:00,122.41103448275862
2026-03-31 08:00:00,108.91655172413793
2026-03-31 09:00:00,88.47413793103448
2026-03-31 10:00:00,50.68142857142857
2026-03-31 11:00:00,39.99392857142857
2026-03-31 12:00:00,34.77964285714285
2026-03-31 13:00:00,36.63793103448276
2026-03-31 14:00:00,36.793103448275865
2026-03-31 15:00:00,42.11933333333333
2026-03-31 16:00:00,44.916666666666664
2026-03-31 17:00:00,31.269333333333332
2026-03-31 18:00:00,21.26851851851852
2026-03-31 19:00:00,20.928571428571427
2026-03-31 20:00:00,27.76178571428571
2026-03-31 21:00:00,26.496896551724138
2026-03-31 22:00:00,28.38592592592593
2026-03-31 23:00:00,30.802592592592596
2026-04-01 00:00:00,35.38793103448276
2026-04-01 01:00:00,31.723214285714285
2026-04-01 02:00:00,29.24137931034483
2026-04-01 03:00:00,31.100689655172417
2026-04-01 04:00:00,39.05266666666667
2026-04-01 05:00:00,41.389
2026-04-01 06:00:00,38.772333333333336
2026-04-01 07:00:00,47.32233333333333
2026-04-01 08:00:00,58.3248275862069
2026-04-01 09:00:00,60.12214285714286
2026-04-01 10:00:00,64.96142857142857
2026-04-01 11:00:00,61.74107142857143
2026-04-01 12:00:00,42.05769230769231
2026-04-01 13:00:00,42.19444444444444
2026-04-01 14:00:00,34.02777777777778
2026-04-01 15:00:00,30.92241379310345
2026-04-01 16:00:00,29.035714285714285
2026-04-01 17:00:00,31.691666666666666
2026-04-01 18:00:00,36.35566666666667
2026-04-01 19:00:00,47.93103448275862
2026-04-01 20:00:00,73.56933333333333
2026-04-01 21:00:00,92.39733333333334
2026-04-01 22:00:00,99.03066666666668
2026-04-01 23:00:00,109.3044827586207
2026-04-02 00:00:00,113.84733333333334
2026-04-02 01:00:00,103.71933333333332
2026-04-02 02:00:00,105.35266666666666
2026-04-02 03:00:00,101.93333333333334
2026-04-02 04:00:00,90.09733333333334
2026-04-02 05:00:00,85.99733333333333
2026-04-02 06:00:00,89.81933333333333
2026-04-02 07:00:00,103.225
2026-04-02 08:00:00,126.61666666666666
2026-04-02 09:00:00,144.20566666666667
2026-04-02 10:00:00,126.69827586206897
2026-04-02 11:00:00,78.73066666666666
2026-04-02 12:00:00,46.077666666666666
2026-04-02 13:00:00,42.48066666666667
2026-04-02 14:00:00,43.325
2026-04-02 15:00:00,42.701034482758615
2026-04-02 16:00:00,43.543103448275865
2026-04-02 17:00:00,44.05
2026-04-02 18:00:00,48.40266666666666
2026-04-02 19:00:00,61.436
2026-04-02 20:00:00,88.16933333333333
2026-04-02 21:00:00,111.075
2026-04-02 22:00:00,121.96666666666667
2026-04-02 23:00:00,119.68103448275862
2026-04-03 00:00:00,123.48866666666666
2026-04-03 01:00:00,125.89433333333334
2026-04-03 02:00:00,121.664
2026-04-03 03:00:00,117.92233333333334
2026-04-03 04:00:00,116.03066666666668
2026-04-03 05:00:00,118.63333333333334
2026-04-03 06:00:00,127.65833333333333
2026-04-03 07:00:00,177.68033333333332
2026-04-03 08:00:00,162.40833333333333
2026-04-03 09:00:00,132.09466666666668
2026-04-03 10:00:00,99.13066666666667
2026-04-03 11:00:00,71.74724137931035
2026-04-03 12:00:00,61.48866666666666
2026-04-03 13:00:00,52.706896551724135
2026-04-03 14:00:00,47.59206896551724
2026-04-03 15:00:00,44.21666666666667
2026-04-03 16:00:00,44.49166666666667
2026-04-03 17:00:00,40.019999999999996
2026-04-03 18:00:00,43.391666666666666
2026-04-03 19:00:00,43.13333333333333
2026-04-03 20:00:00,40.322068965517246
2026-04-03 21:00:00,29.70689655172414
2026-04-03 22:00:00,26.56896551724138
2026-04-03 23:00:00,27.34259259259259
2026-04-04 00:00:00,32.73275862068966
2026-04-04 01:00:00,33.982142857142854
2026-04-04 02:00:00,37.75
2026-04-04 03:00:00,38.151785714285715
2026-04-04 04:00:00,44.223214285714285
2026-04-04 05:00:00,48.19444444444444
2026-04-04 06:00:00,49.169642857142854
2026-04-04 07:00:00,58.258620689655174
2026-04-04 08:00:00,88.90178571428571
2026-04-04 09:00:00,109.17241379310344
2026-04-04 10:00:00,109.66379310344827
2026-04-04 11:00:00,61.73275862068966
2026-04-04 12:00:00,42.87068965517241
2026-04-04 13:00:00,35.083333333333336
2026-04-04 14:00:00,31.775862068965516
2026-04-04 15:00:00,28.439655172413794
2026-04-04 16:00:00,28.120689655172413
2026-04-04 17:00:00,25.732142857142858
2026-04-04 18:00:00,29.45
2026-04-04 19:00:00,34.358333333333334
2026-04-04 20:00:00,50.30172413793103
2026-04-04 21:00:00,69.28333333333333
2026-04-04 22:00:00,71.77766666666666
2026-04-04 23:00:00,62.821724137931035
2026-04-05 00:00:00,45.90833333333333
2026-04-05 01:00:00,64.425
2026-04-05 02:00:00,57.56666666666667
2026-04-05 03:00:00,58.65833333333333
2026-04-05 04:00:00,50.958333333333336
2026-04-05 05:00:00,53.49107142857143
2026-04-05 06:00:00,56.4
2026-04-05 07:00:00,58.03448275862069
2026-04-05 08:00:00,63.327586206896555
2026-04-05 09:00:00,70.15833333333333
2026-04-05 10:00:00,72.375
2026-04-05 11:00:00,70.58333333333333
2026-04-05 12:00:00,56.06666666666667
2026-04-05 13:00:00,41.724137931034484
2026-04-05 14:00:00,32.69827586206897
2026-04-05 15:00:00,27.425
2026-04-05 16:00:00,21.78448275862069
2026-04-05 17:00:00,19.598214285714285
2026-04-05 18:00:00,22.896551724137932
2026-04-05 19:00:00,34.577666666666666
2026-04-05 20:00:00,45.03333333333333
2026-04-05 21:00:00,58.62233333333334
2026-04-05 22:00:00,66.56933333333333
2026-04-05 23:00:00,63.85620689655172
2026-04-06 00:00:00,52.37766666666666
2026-04-06 01:00:00,48.339000000000006
2026-04-06 02:00:00,56.580666666666666
2026-04-06 03:00:00,58.125
2026-04-06 04:00:00,67.91666666666667
2026-04-06 05:00:00,71.68333333333334
2026-04-06 06:00:00,90.264
2026-04-06 07:00:00,107.18900000000001
2026-04-06 08:00:00,109.18066666666667
2026-04-06 09:00:00,107.825
2026-04-06 10:00:00,79.54733333333334
2026-04-06 11:00:00,43.266666666666666
2026-04-06 12:00:00,25.836206896551722
2026-04-06 13:00:00,25.620689655172413
2026-04-06 14:00:00,23.75
2026-04-06 15:00:00,21.607142857142858
2026-04-06 16:00:00,24.258928571428573
2026-04-06 17:00:00,20.024814814814818
2026-04-06 18:00:00,21.64814814814815
2026-04-06 19:00:00,26.025862068965516
2026-04-06 20:00:00,46.64433333333333
2026-04-06 21:00:00,48.36666666666667
2026-04-06 22:00:00,29.15
2026-04-06 23:00:00,22.900384615384613
2026-04-07 00:00:00,29.869285714285716
2026-04-07 01:00:00,34.747241379310346
2026-04-07 02:00:00,31.545862068965516
2026-04-07 03:00:00,30.525
2026-04-07 04:00:00,32.31896551724138
2026-04-07 05:00:00,34.60620689655172
2026-04-07 06:00:00,52.735517241379306
2026-04-07 07:00:00,55.8448275862069
2026-04-07 08:00:00,63.26724137931034
2026-04-07 09:00:00,69.0625
2026-04-07 10:00:00,67.27862068965517
2026-04-07 11:00:00,51.27310344827586
2026-04-07 12:00:00,41.69241379310345
2026-04-07 13:00:00,39.25607142857143
2026-04-07 14:00:00,35.79034482758621
2026-04-07 15:00:00,27.22222222222222
2026-04-07 16:00:00,23.580357142857142
2026-04-07 17:00:00,28.77862068965517
2026-04-07 18:00:00,34.91103448275862
2026-04-07 19:00:00,36.62931034482759
2026-04-07 20:00:00,57.025
2026-04-07 21:00:00,66.66666666666667
2026-04-07 22:00:00,63.94433333333333
2026-04-07 23:00:00,45.7975
2026-04-08 00:00:00,32.42857142857143
2026-04-08 01:00:00,30.61111111111111
2026-04-08 02:00:00,29.308518518518515
2026-04-08 03:00:00,22.565357142857142
2026-04-08 04:00:00,16.62333333333333
2026-04-08 05:00:00,14.723214285714286
2026-04-08 06:00:00,18.732758620689655
2026-04-08 07:00:00,25.252758620689654
2026-04-08 08:00:00,36.7437037037037
2026-04-08 09:00:00,42.083333333333336
2026-04-08 10:00:00,39.189655172413794
2026-04-08 11:00:00,37.15785714285715
2026-04-08 12:00:00,38.2
2026-04-08 13:00:00,36.32806451612903
2026-04-08 14:00:00,34.664193548387104
2026-04-08 15:00:00,33.545806451612904
2026-04-08 16:00:00,37.034838709677416
2026-04-08 17:00:00,35.056451612903224
2026-04-08 18:00:00,36.235517241379306
2026-04-08 19:00:00,35.02766666666666
2026-04-08 20:00:00,37.836129032258064
2026-04-08 21:00:00,39.89774193548387
2026-04-08 22:00:00,42.556451612903224
2026-04-08 23:00:00,43.494666666666674
2026-04-09 00:00:00,43.59129032258064
2026-04-09 01:00:00,48.755483870967744
2026-04-09 02:00:00,48.18
2026-04-09 03:00:00,41.11666666666667
2026-04-09 04:00:00,33.922413793103445
2026-04-09 05:00:00,31.577666666666666
2026-04-09 06:00:00,35.76933333333333
2026-04-09 07:00:00,48.70161290322581
2026-04-09 08:00:00,59.405806451612904
2026-04-09 09:00:00,56.865483870967736
2026-04-09 10:00:00,44.306451612903224
2026-04-09 11:00:00,35.80833333333333
2026-04-09 12:00:00,36.873870967741944
2026-04-09 13:00:00,33.705357142857146
2026-04-09 14:00:00,28.785999999999998
2026-04-09 15:00:00,29.466666666666665
2026-04-09 16:00:00,25.782258064516128
2026-04-09 17:00:00,25.41933333333333
2026-04-09 18:00:00,27.911290322580644
2026-04-09 19:00:00,39.19733333333333
2026-04-09 20:00:00,61.92857142857143
2026-04-09 21:00:00,89.62766666666667
2026-04-09 22:00:00,104.65
2026-04-09 23:00:00,102.17241379310344
2026-04-10 00:00:00,96.00833333333334
2026-04-10 01:00:00,68.739
2026-04-10 02:00:00,67.214
2026-04-10 03:00:00,64.98333333333333
2026-04-10 04:00:00,69.00566666666667
2026-04-10 05:00:00,80.20689655172414
2026-04-10 06:00:00,109.12931034482759
2026-04-10 07:00:00,109.04896551724138
2026-04-10 08:00:00,87.55758620689656
2026-04-10 09:00:00,65.87344827586206
2026-04-10 10:00:00,45.5775
2026-04-10 11:00:00,31.902413793103452
2026-04-10 12:00:00,33.346774193548384
2026-04-10 13:00:00,28.25
2026-04-10 14:00:00,24.93066666666667
2026-04-10 15:00:00,25.97290322580645
2026-04-10 16:00:00,27.208333333333332
2026-04-10 17:00:00,24.841290322580644
2026-04-10 18:00:00,28.20967741935484
2026-04-10 19:00:00,31.292903225806448
2026-04-10 20:00:00,38.15833333333333
2026-04-10 21:00:00,44.608333333333334
2026-04-10 22:00:00,51.039
2026-04-10 23:00:00,51.5
2026-04-11 00:00:00,48.45
2026-04-11 01:00:00,45.922333333333334
2026-04-11 02:00:00,43.297333333333334
2026-04-11 03:00:00,47.50833333333333
2026-04-11 04:00:00,48.875
2026-04-11 05:00:00,49.01933333333333
2026-04-11 06:00:00,54.73827586206896
2026-04-11 07:00:00,58.714000000000006
2026-04-11 08:00:00,71.45689655172414
2026-04-11 09:00:00,47.0
2026-04-11 10:00:00,36.62903225806452
2026-04-11 11:00:00,33.535999999999994
2026-04-11 12:00:00,28.849354838709676
2026-04-11 13:00:00,30.120967741935484
2026-04-11 14:00:00,29.658333333333335
2026-04-11 15:00:00,31.875
2026-04-11 16:00:00,32.60068965517242
2026-04-11 17:00:00,32.391666666666666
2026-04-11 18:00:00,39.03333333333333
2026-04-11 19:00:00,47.6
2026-04-11 20:00:00,66.23387096774194
2026-04-11 21:00:00,76.39516129032258
2026-04-11 22:00:00,83.8441935483871
2026-04-11 23:00:00,94.24166666666666
2026-04-12 00:00:00,93.87096774193549
2026-04-12 01:00:00,83.86290322580645
2026-04-12 02:00:00,69.63709677419355
2026-04-12 03:00:00,60.96933333333333
2026-04-12 04:00:00,59.91129032258065
2026-04-12 05:00:00,65.03333333333333
2026-04-12 06:00:00,83.37645161290322
2026-04-12 07:00:00,132.15322580645162
2026-04-12 08:00:00,141.46516129032258
2026-04-12 09:00:00,99.36290322580645
2026-04-12 10:00:00,70.23066666666666
2026-04-12 11:00:00,52.75806451612903
2026-04-12 12:00:00,38.95967741935484
2026-04-12 13:00:00,31.591666666666665
2026-04-12 14:00:00,25.842068965517242
2026-04-12 15:00:00,27.06857142857143
2026-04-12 16:00:00,25.191666666666666
2026-04-12 17:00:00,23.566666666666666
2026-04-12 18:00:00,24.925
2026-04-12 19:00:00,31.112903225806452
2026-04-12 20:00:00,47.71551724137931
2026-04-12 21:00:00,46.1
2026-04-12 22:00:00,49.274193548387096
2026-04-12 23:00:00,58.66655172413793
2026-04-13 00:00:00,59.11290322580645
2026-04-13 01:00:00,60.04290322580645
2026-04-13 02:00:00,62.193548387096776
2026-04-13 03:00:00,60.524193548387096
2026-04-13 04:00:00,66.70161290322581
2026-04-13 05:00:00,68.70967741935483
2026-04-13 06:00:00,80.95967741935483
2026-04-13 07:00:00,95.33870967741936
2026-04-13 08:00:00,138.8790322580645
2026-04-13 09:00:00,122.12096774193549
2026-04-13 10:00:00,79.725
2026-04-13 11:00:00,46.0
2026-04-13 12:00:00,31.93066666666667
2026-04-13 13:00:00,24.46428571428572
2026-04-13 14:00:00,23.190645161290323
2026-04-13 15:00:00,18.161
2026-04-13 16:00:00,22.066666666666666
2026-04-13 17:00:00,20.139000000000003
2026-04-13 18:00:00,24.29032258064516
2026-04-13 19:00:00,33.357419354838704
2026-04-13 20:00:00,55.225
2026-04-13 21:00:00,70.39733333333334
2026-04-13 22:00:00,82.37096774193549
2026-04-13 23:00:00,88.75833333333334
2026-04-14 00:00:00,78.31451612903226
2026-04-14 01:00:00,71.43548387096774
2026-04-14 02:00:00,68.75
2026-04-14 03:00:00,64.39774193548386
2026-04-14 04:00:00,60.07258064516129
2026-04-14 05:00:00,65.38709677419355
2026-04-14 06:00:00,70.30645161290323
2026-04-14 07:00:00,81.68548387096774
2026-04-14 08:00:00,103.4758064516129
2026-04-14 09:00:00,123.04032258064517
2026-04-14 10:00:00,111.62903225806451
2026-04-14 11:00:00,88.83064516129032
2026-04-14 12:00:00,57.604838709677416
2026-04-14 13:00:00,40.414
2026-04-14 14:00:00,34.60344827586207
2026-04-14 15:00:00,32.241379310344826
2026-04-14 16:00:00,29.95103448275862
2026-04-14 17:00:00,30.614827586206893
2026-04-14 18:00:00,31.680666666666664
2026-04-14 19:00:00,54.333333333333336
2026-04-14 20:00:00,82.48333333333333
2026-04-14 21:00:00,98.35
2026-04-14 22:00:00,104.0748275862069
2026-04-14 23:00:00,109.08642857142857
2026-04-15 00:00:00,111.9455172413793
2026-04-15 01:00:00,98.39655172413794
2026-04-15 02:00:00,93.12068965517241
2026-04-15 03:00:00,91.3275
2026-04-15 04:00:00,94.61206896551724
2026-04-15 05:00:00,97.35620689655173
2026-04-15 06:00:00,118.989
2026-04-15 07:00:00,162.07233333333335
2026-04-15 08:00:00,203.87233333333333
2026-04-15 09:00:00,196.99433333333334
2026-04-15 10:00:00,119.889
2026-04-15 11:00:00,72.286
2026-04-15 12:00:00,44.09166666666667
2026-04-15 13:00:00,30.086
2026-04-15 14:00:00,20.3441935483871
2026-04-15 15:00:00,19.421935483870964
2026-04-15 16:00:00,17.86548387096774
2026-04-15 17:00:00,20.872333333333337
2026-04-15 18:00:00,24.333225806451612
2026-04-15 19:00:00,34.852666666666664
2026-04-15 20:00:00,59.602666666666664
2026-04-15 21:00:00,76.80354838709677
2026-04-15 22:00:00,99.44096774193548
2026-04-15 23:00:00,124.33633333333334
2026-04-16 00:00:00,131.3009677419355
2026-04-16 01:00:00,135.66935483870967
2026-04-16 02:00:00,133.45709677419356
2026-04-16 03:00:00,136.95419354838708
2026-04-16 04:00:00,152.6048387096774
2026-04-16 05:00:00,152.19354838709677
2026-04-16 06:00:00,165.40032258064517
2026-04-16 07:00:00,173.8683870967742
2026-04-16 08:00:00,189.81709677419354
2026-04-16 09:00:00,172.95419354838708
2026-04-16 10:00:00,118.43066666666667
2026-04-16 11:00:00,69.66387096774193
2026-04-16 12:00:00,44.10068965517242
2026-04-16 13:00:00,39.766666666666666
2026-04-16 14:00:00,31.961
2026-04-16 15:00:00,31.123448275862067
2026-04-16 16:00:00,25.086296296296293
2026-04-16 17:00:00,25.330370370370375
2026-04-16 18:00:00,31.612068965517242
2026-04-16 19:00:00,49.83344827586207
2026-04-16 20:00:00,81.19827586206897
2026-04-16 21:00:00,109.58066666666667
2026-04-16 22:00:00,124.47137931034483
2026-04-16 23:00:00,143.34206896551726
2026-04-17 00:00:00,146.53066666666666
2026-04-17 01:00:00,139.839
2026-04-17 02:00:00,139.53333333333333
2026-04-17 03:00:00,147.714
2026-04-17 04:00:00,165.23066666666668
2026-04-17 05:00:00,174.85566666666668
2026-04-17 06:00:00,175.725
2026-04-17 07:00:00,174.53333333333333
2026-04-17 08:00:00,185.47413793103448
2026-04-17 09:00:00,178.64166666666668
2026-04-17 10:00:00,142.81896551724137
2026-04-17 11:00:00,98.23551724137931
2026-04-17 12:00:00,81.26178571428571
2026-04-17 13:00:00,77.25892857142857
2026-04-17 14:00:00,65.20103448275862
2026-04-17 15:00:00,54.8303448275862
2026-04-17 16:00:00,54.485517241379306
2026-04-17 17:00:00,50.255333333333326
2026-04-17 18:00:00,59.69166666666667
2026-04-17 19:00:00,52.289
2026-04-17 20:00:00,40.458333333333336
2026-04-17 21:00:00,31.700000000000003
2026-04-17 22:00:00,18.11846153846154
2026-04-17 23:00:00,14.48
2026-04-18 00:00:00,21.287037037037038
2026-04-18 01:00:00,27.47851851851852
2026-04-18 02:00:00,38.514482758620694
2026-04-18 03:00:00,41.56896551724138
2026-04-18 04:00:00,53.577586206896555
2026-04-18 05:00:00,86.52071428571428
2026-04-18 06:00:00,106.74413793103449
2026-04-18 07:00:00,117.9525
2026-04-18 08:00:00,149.8542857142857
2026-04-18 09:00:00,125.68518518518519
2026-04-18 10:00:00,90.80555555555556
2026-04-18 11:00:00,65.04310344827586
2026-04-18 12:00:00,54.235
2026-04-18 13:00:00,47.419333333333334
2026-04-18 14:00:00,39.78333333333333
2026-04-18 15:00:00,33.485517241379306
2026-04-18 16:00:00,29.644333333333332
2026-04-18 17:00:00,26.400645161290324
2026-04-18 18:00:00,33.204193548387096
2026-04-18 19:00:00,46.57258064516129
2026-04-18 20:00:00,64.90838709677419
2026-04-18 21:00:00,97.80096774193548
2026-04-18 22:00:00,126.0458064516129
2026-04-18 23:00:00,132.63366666666667
2026-04-19 00:00:00,139.88451612903225
2026-04-19 01:00:00,136.66400000000002
2026-04-19 02:00:00,129.43290322580646
2026-04-19 03:00:00,145.0941935483871
2026-04-19 04:00:00,181.16935483870967
2026-04-19 05:00:00,210.1316129032258
2026-04-19 06:00:00,236.76666666666668
2026-04-19 07:00:00,240.33633333333333
2026-04-19 08:00:00,254.1551724137931
2026-04-19 09:00:00,222.3951612903226
2026-04-19 10:00:00,172.16935483870967
2026-04-19 11:00:00,134.625
2026-04-19 12:00:00,89.74193548387096
2026-04-19 13:00:00,59.74733333333334
2026-04-19 14:00:00,38.57806451612903
2026-04-19 15:00:00,27.32516129032258
2026-04-19 16:00:00,26.551290322580645
2026-04-19 17:00:00,27.075
2026-04-19 18:00:00,28.693548387096776
2026-04-19 19:00:00,39.44166666666667
2026-04-19 20:00:00,63.454193548387096
2026-04-19 21:00:00,79.69903225806452
2026-04-19 22:00:00,74.44354838709677
2026-04-19 23:00:00,68.95566666666667
2026-04-20 00:00:00,60.51870967741935
2026-04-20 01:00:00,63.21774193548387
2026-04-20 02:00:00,61.03225806451613
2026-04-20 03:00:00,63.37096774193548
2026-04-20 04:00:00,73.79838709677419
2026-04-20 05:00:00,73.29032258064517
2026-04-20 06:00:00,89.99193548387096
2026-04-20 07:00:00,94.70161290322581
2026-04-20 08:00:00,106.7258064516129
2026-04-20 09:00:00,103.5725806451613
2026-04-20 10:00:00,91.9274193548387
2026-04-20 11:00:00,67.96774193548387
2026-04-20 12:00:00,46.29032258064516
2026-04-20 13:00:00,34.325
2026-04-20 14:00:00,27.034838709677416
2026-04-20 15:00:00,30.736451612903224
2026-04-20 16:00:00,28.846999999999998
2026-04-20 17:00:00,29.252903225806453
2026-04-20 18:00:00,33.266129032258064
2026-04-20 19:00:00,33.693548387096776
2026-04-20 20:00:00,46.92193548387097
2026-04-20 21:00:00,59.16129032258065
2026-04-20 22:00:00,73.43548387096774
2026-04-20 23:00:00,74.0
2026-04-21 00:00:00,69.77161290322582
2026-04-21 01:00:00,68.41366666666666
2026-04-21 02:00:00,67.50806451612904
2026-04-21 03:00:00,68.01612903225806
2026-04-21 04:00:00,64.59935483870967
2026-04-21 05:00:00,64.67193548387097
2026-04-21 06:00:00,71.42483870967742
2026-04-21 07:00:00,83.76903225806453
2026-04-21 08:00:00,127.50806451612904
2026-04-21 09:00:00,115.82806451612903
2026-04-21 10:00:00,84.59433333333332
2026-04-21 11:00:00,62.102666666666664
2026-04-21 12:00:00,44.041666666666664
2026-04-21 13:00:00,35.61206896551724
2026-04-21 14:00:00,32.725
2026-04-21 15:00:00,34.653225806451616
2026-04-21 16:00:00,38.145161290322584
2026-04-21 17:00:00,37.365483870967736
2026-04-21 18:00:00,40.306451612903224
2026-04-21 19:00:00,44.60225806451613
2026-04-21 20:00:00,65.275
2026-04-21 21:00:00,74.87903225806451
2026-04-21 22:00:00,88.0458064516129
2026-04-21 23:00:00,101.76666666666667
2026-04-22 00:00:00,104.67483870967742
2026-04-22 01:00:00,102.51354838709678
2026-04-22 02:00:00,96.97032258064516
2026-04-22 03:00:00,106.28225806451613
2026-04-22 04:00:00,122.43548387096774
2026-04-22 05:00:00,133.41677419354838
2026-04-22 06:00:00,141.2016129032258
2026-04-22 07:00:00,154.05645161290323
2026-04-22 08:00:00,161.62354838709678
2026-04-22 09:00:00,125.02766666666666
2026-04-22 10:00:00,86.47322580645161
2026-04-22 11:00:00,61.865483870967736
2026-04-22 12:00:00,46.05096774193548
2026-04-22 13:00:00,40.263548387096776
2026-04-22 14:00:00,36.505483870967744
2026-04-22 15:00:00,36.357419354838704
2026-04-22 16:00:00,39.01064516129032
2026-04-22 17:00:00,33.454193548387096
2026-04-22 18:00:00,33.03448275862069
2026-04-22 19:00:00,41.885999999999996
2026-04-22 20:00:00,66.92766666666667
2026-04-22 21:00:00,81.54166666666667
2026-04-22 22:00:00,97.68333333333334
2026-04-22 23:00:00,104.3425
2026-04-23 00:00:00,111.64733333333334
2026-04-23 01:00:00,117.19433333333333
2026-04-23 02:00:00,130.06666666666666
2026-04-23 03:00:00,112.15833333333333
2026-04-23 04:00:00,101.60566666666666
2026-04-23 05:00:00,83.964
2026-04-23 06:00:00,59.43333333333333
2026-04-23 07:00:00,42.20379310344827
2026-04-23 08:00:00,37.752903225806456
2026-04-23 09:00:00,37.755483870967744
2026-04-23 10:00:00,36.04032258064516
2026-04-23 11:00:00,36.674838709677424
2026-04-23 12:00:00,31.510967741935485
2026-04-23 13:00:00,31.758333333333333
2026-04-23 14:00:00,28.542903225806448
2026-04-23 15:00:00,29.445517241379314
2026-04-23 16:00:00,29.41655172413793
2026-04-23 17:00:00,31.5
2026-04-23 18:00:00,37.75
2026-04-23 19:00:00,45.524193548387096
2026-04-23 20:00:00,65.36548387096774
2026-04-23 21:00:00,83.39516129032258
2026-04-23 22:00:00,97.87354838709678
2026-04-23 23:00:00,104.28333333333333
2026-04-24 00:00:00,121.86032258064516
2026-04-24 01:00:00,140.6074193548387
2026-04-24 02:00:00,156.58322580645162
2026-04-24 03:00:00,158.01870967741937
2026-04-24 04:00:00,164.94354838709677
2026-04-24 05:00:00,145.43806451612903
2026-04-24 06:00:00,134.11666666666667
2026-04-24 07:00:00,125.13709677419355
2026-04-24 08:00:00,87.75258064516129
2026-04-24 09:00:00,58.865483870967736
2026-04-24 10:00:00,67.31193548387097
2026-04-24 11:00:00,69.33322580645161
2026-04-24 12:00:00,71.2741935483871
2026-04-24 13:00:00,54.544333333333334
2026-04-24 14:00:00,53.62233333333334
2026-04-24 15:00:00,50.425
2026-04-24 16:00:00,51.83870967741935
2026-04-24 17:00:00,48.564516129032256
2026-04-24 18:00:00,50.9
2026-04-24 19:00:00,61.204516129032264
2026-04-24 20:00:00,80.30096774193548
2026-04-24 21:00:00,94.82000000000001
2026-04-24 22:00:00,124.03516129032259
2026-04-24 23:00:00,134.89433333333332
2026-04-25 00:00:00,141.39806451612904
2026-04-25 01:00:00,148.6290322580645
2026-04-25 02:00:00,151.59129032258065
2026-04-25 03:00:00,128.86548387096775
2026-04-25 04:00:00,101.43258064516128
2026-04-25 05:00:00,93.35225806451614
2026-04-25 06:00:00,102.58322580645161
2026-04-25 07:00:00,135.68066666666667
2026-04-25 08:00:00,168.95709677419356
2026-04-25 09:00:00,128.34166666666667
2026-04-25 10:00:00,88.20709677419354
2026-04-25 11:00:00,62.35566666666667
2026-04-25 12:00:00,49.041666666666664
2026-04-25 13:00:00,47.952666666666666
2026-04-25 14:00:00,44.57233333333333
2026-04-25 15:00:00,39.024193548387096
2026-04-25 16:00:00,41.74733333333334
2026-04-25 17:00:00,43.083333333333336
2026-04-25 18:00:00,47.114000000000004
2026-04-25 19:00:00,52.516666666666666
2026-04-25 20:00:00,71.8683870967742
2026-04-25 21:00:00,83.8441935483871
2026-04-25 22:00:00,94.02935483870968
2026-04-25 23:00:00,102.92766666666667
2026-04-26 00:00:00,106.3683870967742
2026-04-26 01:00:00,100.6
2026-04-26 02:00:00,102.94096774193548
2026-04-26 03:00:00,99.97032258064516
2026-04-26 04:00:00,99.11290322580645
2026-04-26 05:00:00,106.44354838709677
2026-04-26 06:00:00,129.72032258064516
2026-04-26 07:00:00,138.61032258064517
2026-04-26 08:00:00,149.10225806451612
2026-04-26 09:00:00,119.23066666666666
2026-04-26 10:00:00,101.49741935483871
2026-04-26 11:00:00,77.14733333333334
2026-04-26 12:00:00,47.508620689655174
2026-04-26 13:00:00,42.269999999999996
2026-04-26 14:00:00,44.55642857142857
2026-04-26 15:00:00,44.45666666666666
2026-04-26 16:00:00,50.74714285714286
2026-04-26 17:00:00,47.23444444444444
2026-04-26 18:00:00,43.689655172413794
2026-04-26 19:00:00,46.91655172413793
2026-04-26 20:00:00,61.3
2026-04-26 21:00:00,78.16964285714286
2026-04-26 22:00:00,91.54310344827586
2026-04-26 23:00:00,98.1692857142857
2026-04-27 00:00:00,91.07758620689656
2026-04-27 01:00:00,87.70103448275862
2026-04-27 02:00:00,84.57758620689656
2026-04-27 03:00:00,89.35896551724137
2026-04-27 04:00:00,94.79586206896552
2026-04-27 05:00:00,117.41103448275862
2026-04-27 06:00:00,136.25862068965517
2026-04-27 07:00:00,150.8793103448276
2026-04-27 08:00:00,160.09206896551726
2026-04-27 09:00:00,133.3
2026-04-27 10:00:00,97.1896551724138
2026-04-27 11:00:00,60.327586206896555
2026-04-27 12:00:00,50.642857142857146
2026-04-27 13:00:00,35.94148148148148
2026-04-27 14:00:00,37.11538461538461
2026-04-27 15:00:00,51.1
2026-04-27 16:00:00,55.44827586206897
2026-04-27 17:00:00,52.474137931034484
2026-04-27 18:00:00,52.70413793103449
2026-04-27 19:00:00,61.391666666666666
2026-04-27 20:00:00,86.35225806451614
2026-04-27 21:00:00,151.03066666666666
2026-04-27 22:00:00,98.0625
2026-04-27 23:00:00,53.86892857142857
2026-04-28 00:00:00,25.954137931034484
2026-04-28 01:00:00,21.017857142857142
2026-04-28 02:00:00,37.721999999999994
2026-04-28 03:00:00,58.945517241379314
2026-04-28 04:00:00,48.325
2026-04-28 05:00:00,45.74733333333334
2026-04-28 06:00:00,48.295806451612904
2026-04-28 07:00:00,60.36032258064516
2026-04-28 08:00:00,76.63066666666667
2026-04-28 09:00:00,91.6183870967742
2026-04-28 10:00:00,93.71774193548387
2026-04-28 11:00:00,74.10833333333333
2026-04-28 12:00:00,68.0748275862069
2026-04-28 13:00:00,55.31310344827586
2026-04-28 14:00:00,53.15241379310345
2026-04-28 15:00:00,55.14655172413793
2026-04-28 16:00:00,55.29838709677419
2026-04-28 17:00:00,50.16677419354839
2026-04-28 18:00:00,60.039
2026-04-28 19:00:00,65.67241379310344
2026-04-28 20:00:00,78.36666666666666
2026-04-28 21:00:00,83.35931034482759
2026-04-28 22:00:00,88.36793103448277
2026-04-28 23:00:00,88.29310344827586
2026-04-29 00:00:00,90.67766666666667
2026-04-29 01:00:00,94.98
2026-04-29 02:00:00,94.725
2026-04-29 03:00:00,61.74166666666667
2026-04-29 04:00:00,40.875
2026-04-29 05:00:00,43.94827586206897
2026-04-29 06:00:00,47.38793103448276
2026-04-29 07:00:00,30.12037037037037
2026-04-29 08:00:00,23.14423076923077
2026-04-29 09:00:00,34.611111111111114
2026-04-29 10:00:00,35.58344827586207
2026-04-29 11:00:00,36.0803448275862
2026-04-29 12:00:00,39.23275862068966
2026-04-29 13:00:00,38.416666666666664
2026-04-29 14:00:00,41.28857142857142
2026-04-29 15:00:00,36.99714285714286
2026-04-29 16:00:00,36.767857142857146
2026-04-29 17:00:00,35.473214285714285
2026-04-29 18:00:00,34.80642857142857
2026-04-29 19:00:00,41.19357142857143
2026-04-29 20:00:00,46.787241379310345
2026-04-29 21:00:00,58.97851851851852
2026-04-29 22:00:00,64.48821428571429
2026-04-29 23:00:00,70.80222222222221
2026-04-30 00:00:00,79.64103448275863
2026-04-30 01:00:00,85.26448275862069
2026-04-30 02:00:00,84.01724137931035
2026-04-30 03:00:00,77.52586206896552
2026-04-30 04:00:00,79.09758620689655
2026-04-30 05:00:00,75.22379310344827
2026-04-30 06:00:00,88.53724137931034
2026-04-30 07:00:00,88.06099999999999
2026-04-30 08:00:00,73.99733333333333
2026-04-30 09:00:00,65.76137931034482
2026-04-30 10:00:00,63.43103448275862
2026-04-30 11:00:00,51.59206896551724
2026-04-30 12:00:00,52.15793103448276
2026-04-30 13:00:00,47.64433333333333
2026-04-30 14:00:00,42.91103448275862
2026-04-30 15:00:00,59.564
2026-04-30 16:00:00,59.44827586206897
2026-04-30 17:00:00,31.372142857142855
2026-04-30 18:00:00,26.134827586206896
2026-04-30 19:00:00,31.350689655172417
2026-04-30 20:00:00,45.65566666666667
2026-04-30 21:00:00,32.961
2026-04-30 22:00:00,26.247333333333337
2026-04-30 23:00:00,23.338965517241377
2026-05-01 00:00:00,23.933793103448274
2026-05-01 01:00:00,27.714285714285715
2026-05-01 02:00:00,29.627666666666663
2026-05-01 03:00:00,32.24733333333334
2026-05-01 04:00:00,37.410999999999994
2026-05-01 05:00:00,46.99166666666667
2026-05-01 06:00:00,56.983333333333334
2026-05-01 07:00:00,50.55833333333333
2026-05-01 08:00:00,44.0
2026-05-01 09:00:00,42.39655172413793
2026-05-01 10:00:00,35.76137931034482
2026-05-01 11:00:00,35.955357142857146
2026-05-01 12:00:00,35.821724137931035
2026-05-01 13:00:00,35.830357142857146
2026-05-01 14:00:00,34.537241379310345
2026-05-01 15:00:00,37.55
2026-05-01 16:00:00,42.725
2026-05-01 17:00:00,42.086129032258064
2026-05-01 18:00:00,44.44096774193549
2026-05-01 19:00:00,47.172333333333334
2026-05-01 20:00:00,53.419333333333334
2026-05-01 21:00:00,65.54032258064517
2026-05-01 22:00:00,69.77935483870968
2026-05-01 23:00:00,72.925
2026-05-02 00:00:00,64.91677419354839
2026-05-02 01:00:00,64.8816129032258
2026-05-02 02:00:00,63.01870967741935
2026-05-02 03:00:00,56.983870967741936
2026-05-02 04:00:00,50.645161290322584
2026-05-02 05:00:00,50.63709677419355
2026-05-02 06:00:00,52.51870967741935
2026-05-02 07:00:00,58.24733333333334
2026-05-02 08:00:00,58.99741935483871
2026-05-02 09:00:00,59.39774193548387
2026-05-02 10:00:00,58.50266666666666
2026-05-02 11:00:00,56.314
2026-05-02 12:00:00,58.62233333333334
2026-05-02 13:00:00,55.40833333333333
2026-05-02 14:00:00,57.5
2026-05-02 15:00:00,61.78333333333333
2026-05-02 16:00:00,59.36290322580645
2026-05-02 17:00:00,57.93066666666667
2026-05-02 18:00:00,58.483870967741936
2026-05-02 19:00:00,58.56193548387097
2026-05-02 20:00:00,67.09677419354838
2026-05-02 21:00:00,75.0458064516129
2026-05-02 22:00:00,74.81451612903226
2026-05-02 23:00:00,72.61666666666666
2026-05-03 00:00:00,52.18
2026-05-03 01:00:00,47.20967741935484
2026-05-03 02:00:00,44.13967741935484
2026-05-03 03:00:00,45.75833333333333
2026-05-03 04:00:00,43.56193548387097
2026-05-03 05:00:00,43.645161290322584
2026-05-03 06:00:00,36.31933333333333
2026-05-03 07:00:00,46.13967741935484
2026-05-03 08:00:00,54.18
2026-05-03 09:00:00,48.63066666666667
2026-05-03 10:00:00,44.285999999999994
2026-05-03 11:00:00,42.11666666666667
2026-05-03 12:00:00,44.80566666666667
2026-05-03 13:00:00,46.560344827586206
2026-05-03 14:00:00,40.218275862068964
2026-05-03 15:00:00,38.077666666666666
2026-05-03 16:00:00,36.69433333333333
2026-05-03 17:00:00,37.63333333333333
2026-05-03 18:00:00,41.75833333333333
2026-05-03 19:00:00,41.93333333333333
2026-05-03 20:00:00,44.46666666666667
2026-05-03 21:00:00,45.86933333333333
2026-05-03 22:00:00,41.65
2026-05-03 23:00:00,37.93518518518518
2026-05-04 00:00:00,48.014482758620694
2026-05-04 01:00:00,15.789
2026-05-04 02:00:00,12.61892857142857
2026-05-04 03:00:00,13.515555555555556
2026-05-04 04:00:00,13.116071428571429
2026-05-04 05:00:00,10.3268
2026-05-04 06:00:00,16.296296296296298
2026-05-04 07:00:00,13.18576923076923
2026-05-04 08:00:00,16.73148148148148
2026-05-04 09:00:00,23.172500000000003
2026-05-04 10:00:00,22.0925
2026-05-04 11:00:00,20.988620689655175
2026-05-04 12:00:00,18.480666666666668
2026-05-04 13:00:00,20.908709677419356
2026-05-04 14:00:00,18.434642857142858
2026-05-04 15:00:00,19.991666666666667
2026-05-04 16:00:00,16.787741935483872
2026-05-04 17:00:00,13.741379310344827
2026-05-04 18:00:00,18.31933333333333
2026-05-04 19:00:00,19.24166666666667
2026-05-04 20:00:00,21.330645161290324
2026-05-04 21:00:00,23.46551724137931
2026-05-04 22:00:00,25.18689655172414
2026-05-04 23:00:00,21.55566666666667
2026-05-05 00:00:00,19.151785714285715
2026-05-05 01:00:00,14.055555555555555
2026-05-05 02:00:00,17.856206896551722
2026-05-05 03:00:00,24.390689655172412
2026-05-05 04:00:00,29.833333333333332
2026-05-05 05:00:00,45.23862068965518
2026-05-05 06:00:00,46.66379310344828
2026-05-05 07:00:00,52.516129032258064
2026-05-05 08:00:00,52.19096774193549
2026-05-05 09:00:00,42.33064516129032
2026-05-05 10:00:00,38.794333333333334
2026-05-05 11:00:00,34.57142857142857
2026-05-05 12:00:00,32.94166666666667
2026-05-05 13:00:00,31.060344827586206
2026-05-05 14:00:00,33.74166666666667
2026-05-05 15:00:00,36.224137931034484
2026-05-05 16:00:00,37.12068965517241
2026-05-05 17:00:00,34.98275862068966
2026-05-05 18:00:00,37.241379310344826
2026-05-05 19:00:00,41.09433333333333
2026-05-05 20:00:00,39.44035714285714
2026-05-05 21:00:00,25.411034482758623
2026-05-05 22:00:00,20.655172413793103
2026-05-05 23:00:00,28.61758620689655
2026-05-06 00:00:00,41.458333333333336
2026-05-06 01:00:00,42.49413793103448
2026-05-06 02:00:00,43.87233333333334
2026-05-06 03:00:00,44.891666666666666
2026-05-06 04:00:00,50.23862068965518
2026-05-06 05:00:00,64.39166666666667
2026-05-06 06:00:00,75.54166666666667
2026-05-06 07:00:00,82.389
2026-05-06 08:00:00,72.78333333333333
2026-05-06 09:00:00,69.19827586206897
2026-05-06 10:00:00,52.33068965517242
2026-05-06 11:00:00,49.1696551724138
2026-05-06 12:00:00,43.44166666666667
2026-05-06 13:00:00,45.37068965517241
2026-05-06 14:00:00,42.71551724137931
2026-05-06 15:00:00,38.189655172413794
2026-05-06 16:00:00,42.053000000000004
2026-05-06 17:00:00,43.75566666666667
2026-05-06 18:00:00,49.19433333333333
2026-05-06 19:00:00,58.575
2026-05-06 20:00:00,77.62344827586206
2026-05-06 21:00:00,97.23333333333333
2026-05-06 22:00:00,94.40566666666668
2026-05-06 23:00:00,74.10586206896551
2026-05-07 00:00:00,56.125
2026-05-07 01:00:00,58.21666666666667
2026-05-07 02:00:00,49.19166666666667
2026-05-07 03:00:00,43.706896551724135
2026-05-07 04:00:00,36.339000000000006
2026-05-07 05:00:00,35.21666666666667
2026-05-07 06:00:00,32.922413793103445
2026-05-07 07:00:00,30.21551724137931
2026-05-07 08:00:00,34.37931034482759
2026-05-07 09:00:00,39.03333333333333
2026-05-07 10:00:00,34.647333333333336
2026-05-07 11:00:00,35.90266666666666
2026-05-07 12:00:00,34.38866666666666
2026-05-07 13:00:00,30.53724137931034
2026-05-07 14:00:00,26.580344827586206
2026-05-07 15:00:00,23.81310344827586
2026-05-07 16:00:00,23.580344827586206
2026-05-07 17:00:00,26.626129032258063
2026-05-07 18:00:00,24.991666666666667
2026-05-07 19:00:00,27.056451612903224
2026-05-07 20:00:00,32.47032258064516
2026-05-07 21:00:00,36.693548387096776
2026-05-07 22:00:00,37.95709677419355
2026-05-07 23:00:00,40.96633333333333
2026-05-08 00:00:00,43.17193548387097
2026-05-08 01:00:00,44.93032258064517
2026-05-08 02:00:00,46.594193548387096
2026-05-08 03:00:00,50.354838709677416
2026-05-08 04:00:00,59.27967741935484
2026-05-08 05:00:00,59.005161290322576
2026-05-08 06:00:00,56.25258064516129
2026-05-08 07:00:00,54.54838709677419
2026-05-08 08:00:00,50.38709677419355
2026-05-08 09:00:00,40.954193548387096
2026-05-08 10:00:00,36.774193548387096
2026-05-08 11:00:00,33.15032258064516
2026-05-08 12:00:00,30.763548387096776
2026-05-08 13:00:00,28.583548387096776
2026-05-08 14:00:00,26.873548387096772
2026-05-08 15:00:00,25.513548387096776
2026-05-08 16:00:00,26.3
2026-05-08 17:00:00,26.911034482758623
2026-05-08 18:00:00,30.355666666666668
2026-05-08 19:00:00,32.57233333333333
2026-05-08 20:00:00,38.61933333333333
2026-05-08 21:00:00,42.03333333333333
2026-05-08 22:00:00,44.586
2026-05-08 23:00:00,48.78333333333333
2026-05-09 00:00:00,52.12096774193548
2026-05-09 01:00:00,53.291666666666664
2026-05-09 02:00:00,58.075
2026-05-09 03:00:00,66.78333333333333
2026-05-09 04:00:00,78.9
2026-05-09 05:00:00,77.46666666666667
2026-05-09 06:00:00,69.95
2026-05-09 07:00:00,67.64166666666667
2026-05-09 08:00:00,60.983333333333334
2026-05-09 09:00:00,52.2
2026-05-09 10:00:00,47.03333333333333
2026-05-09 11:00:00,45.11666666666667
2026-05-09 12:00:00,38.87645161290323
2026-05-09 13:00:00,38.016666666666666
2026-05-09 14:00:00,34.86838709677419
2026-05-09 15:00:00,37.82258064516129
2026-05-09 16:00:00,39.516129032258064
2026-05-09 17:00:00,42.0
2026-05-09 18:00:00,46.0
2026-05-09 19:00:00,48.83870967741935
2026-05-09 20:00:00,59.21774193548387
2026-05-09 21:00:00,63.943548387096776
2026-05-09 22:00:00,64.20967741935483
2026-05-09 23:00:00,64.68066666666667
2026-05-10 00:00:00,69.87096774193549
2026-05-10 01:00:00,69.93290322580646
2026-05-10 02:00:00,65.22322580645161
2026-05-10 03:00:00,64.05387096774194
2026-05-10 04:00:00,66.82000000000001
2026-05-10 05:00:00,66.28483870967742
2026-05-10 06:00:00,60.74193548387097
2026-05-10 07:00:00,60.51870967741935
2026-05-10 08:00:00,59.71225806451613
2026-05-10 09:00:00,50.145161290322584
2026-05-10 10:00:00,43.225806451612904
2026-05-10 11:00:00,45.185483870967744
2026-05-10 12:00:00,44.25
2026-05-10 13:00:00,44.4
2026-05-10 14:00:00,42.704193548387096
2026-05-10 15:00:00,41.596774193548384
2026-05-10 16:00:00,42.473225806451616
2026-05-10 17:00:00,45.76870967741935
2026-05-10 18:00:00,46.67741935483871
2026-05-10 19:00:00,51.82258064516129
2026-05-10 20:00:00,59.54838709677419
2026-05-10 21:00:00,61.38967741935484
2026-05-10 22:00:00,58.08064516129032
2026-05-10 23:00:00,58.089000000000006
2026-05-11 00:00:00,56.924838709677424
2026-05-11 01:00:00,55.70967741935484
2026-05-11 02:00:00,52.204193548387096
2026-05-11 03:00:00,54.104838709677416
2026-05-11 04:00:00,52.225806451612904
2026-05-11 05:00:00,51.435483870967744
2026-05-11 06:00:00,53.74741935483871
2026-05-11 07:00:00,60.23935483870968
2026-05-11 08:00:00,62.088387096774184
2026-05-11 09:00:00,58.62903225806452
2026-05-11 10:00:00,58.155806451612904
2026-05-11 11:00:00,56.25833333333333
2026-05-11 12:00:00,53.69642857142857
2026-05-11 13:00:00,52.775862068965516
2026-05-11 14:00:00,54.789
2026-05-11 15:00:00,54.21666666666667
2026-05-11 16:00:00,53.452666666666666
2026-05-11 17:00:00,54.75
2026-05-11 18:00:00,59.3303448275862
2026-05-11 19:00:00,66.68066666666667
2026-05-11 20:00:00,82.3816129032258
2026-05-11 21:00:00,95.75548387096775
2026-05-11 22:00:00,100.63451612903226
2026-05-11 23:00:00,102.23866666666666
2026-05-12 00:00:00,88.53225806451613
2026-05-12 01:00:00,84.83064516129032
2026-05-12 02:00:00,78.81709677419354
2026-05-12 03:00:00,75.6558064516129
2026-05-12 04:00:00,70.0458064516129
2026-05-12 05:00:00,68.44354838709677
2026-05-12 06:00:00,69.8225806451613
2026-05-12 07:00:00,69.9541935483871
2026-05-12 08:00:00,68.036
2026-05-12 09:00:00,62.20161290322581
2026-05-12 10:00:00,62.215161290322584
2026-05-12 11:00:00,60.78225806451613
2026-05-12 12:00:00,59.25
2026-05-12 13:00:00,62.82258064516129
2026-05-12 14:00:00,72.51870967741935
2026-05-12 15:00:00,66.38709677419355
2026-05-12 16:00:00,60.99433333333333
2026-05-12 17:00:00,53.37645161290323
2026-05-12 18:00:00,52.24741935483871
2026-05-12 19:00:00,53.733870967741936
2026-05-12 20:00:00,56.526774193548384
2026-05-12 21:00:00,50.66935483870968
2026-05-12 22:00:00,51.443548387096776
2026-05-12 23:00:00,51.98827586206896
2026-05-13 00:00:00,53.94903225806452
2026-05-13 01:00:00,61.55903225806451
2026-05-13 02:00:00,63.696129032258064
2026-05-13 03:00:00,64.27967741935484
2026-05-13 04:00:00,61.774193548387096
2026-05-13 05:00:00,68.24741935483871
2026-05-13 06:00:00,74.55833333333334
2026-05-13 07:00:00,76.78448275862068
2026-05-13 08:00:00,79.08333333333333
2026-05-13 09:00:00,85.46551724137932
2026-05-13 10:00:00,81.49137931034483
2026-05-13 11:00:00,52.85
2026-05-13 12:00:00,57.27967741935484
2026-05-13 13:00:00,56.48129032258065
2026-05-13 14:00:00,55.330666666666666
2026-05-13 15:00:00,53.08870967741935
2026-05-13 16:00:00,54.711
2026-05-13 17:00:00,56.28333333333333
2026-05-13 18:00:00,58.952666666666666
2026-05-13 19:00:00,64.82516129032258
2026-05-13 20:00:00,74.67483870967742
2026-05-13 21:00:00,45.96225806451613
2026-05-13 22:00:00,38.88161290322581
2026-05-13 23:00:00,46.617000000000004
2026-05-14 00:00:00,39.983870967741936
2026-05-14 01:00:00,33.766129032258064
2026-05-14 02:00:00,33.96225806451613
2026-05-14 03:00:00,33.024193548387096
2026-05-14 04:00:00,33.725806451612904
2026-05-14 05:00:00,34.42741935483871
2026-05-14 06:00:00,32.70967741935484
2026-05-14 07:00:00,33.306451612903224
2026-05-14 08:00:00,38.314516129032256
2026-05-14 09:00:00,36.946129032258064
2026-05-14 10:00:00,42.086
2026-05-14 11:00:00,46.68806451612903
2026-05-14 12:00:00,50.25806451612903
2026-05-14 13:00:00,51.65870967741936
2026-05-14 14:00:00,57.15064516129033
2026-05-14 15:00:00,57.93066666666667
2026-05-14 16:00:00,60.056451612903224
2026-05-14 17:00:00,61.87645161290323
2026-05-14 18:00:00,60.98935483870968
2026-05-14 19:00:00,58.37096774193548
2026-05-14 20:00:00,56.723225806451616
2026-05-14 21:00:00,60.080666666666666
2026-05-14 22:00:00,63.172333333333334
2026-05-14 23:00:00,60.276785714285715
2026-05-15 00:00:00,56.456896551724135
2026-05-15 01:00:00,46.35344827586207
2026-05-15 02:00:00,29.370689655172413
2026-05-15 03:00:00,28.247241379310346
2026-05-15 04:00:00,32.208214285714284
2026-05-15 05:00:00,25.17827586206897
2026-05-15 06:00:00,27.25586206896552
2026-05-15 07:00:00,39.34206896551724
2026-05-15 08:00:00,42.05096774193548
2026-05-15 09:00:00,49.26870967741935
2026-05-15 10:00:00,49.51133333333334
2026-05-15 11:00:00,47.14931034482758
2026-05-15 12:00:00,41.68066666666667
2026-05-15 13:00:00,44.09166666666667
2026-05-15 14:00:00,44.178387096774195
2026-05-15 15:00:00,39.54137931034483
2026-05-15 16:00:00,39.67666666666666
2026-05-15 17:00:00,45.694
2026-05-15 18:00:00,49.95096774193549
2026-05-15 19:00:00,55.27451612903226
2026-05-15 20:00:00,62.45516129032258
2026-05-15 21:00:00,76.19387096774193
2026-05-15 22:00:00,85.48225806451612
2026-05-15 23:00:00,117.64900000000002
2026-05-16 00:00:00,91.85066666666667
2026-05-16 01:00:00,94.39
2026-05-16 02:00:00,89.35366666666667
2026-05-16 03:00:00,98.10133333333333
2026-05-16 04:00:00,117.9248387096774
2026-05-16 05:00:00,115.09225806451613
2026-05-16 06:00:00,112.0290322580645
2026-05-16 07:00:00,112.45064516129032
2026-05-16 08:00:00,122.96483870967742
2026-05-16 09:00:00,90.69999999999999
2026-05-16 10:00:00,70.059
2026-05-16 11:00:00,61.75
2026-05-16 12:00:00,56.19965517241379
2026-05-16 13:00:00,48.53600000000001
2026-05-16 14:00:00,39.626666666666665
2026-05-16 15:00:00,32.853
2026-05-16 16:00:00,29.04866666666667
2026-05-16 17:00:00,29.864838709677418
2026-05-16 18:00:00,33.108064516129026
2026-05-16 19:00:00,39.743548387096766
2026-05-16 20:00:00,48.05870967741935
2026-05-16 21:00:00,63.56129032258064
2026-05-16 22:00:00,70.96419354838709
2026-05-16 23:00:00,70.83533333333334
2026-05-17 00:00:00,70.30366666666667
2026-05-17 01:00:00,70.96451612903226
2026-05-17 02:00:00,71.85
2026-05-17 03:00:00,75.539
2026-05-17 04:00:00,79.2432258064516
2026-05-17 05:00:00,91.81161290322582
2026-05-17 06:00:00,92.57967741935484
2026-05-17 07:00:00,98.94967741935484
2026-05-17 08:00:00,101.67064516129032
2026-05-17 09:00:00,87.82451612903226
2026-05-17 10:00:00,65.78066666666668
2026-05-17 11:00:00,51.30903225806451
2026-05-17 12:00:00,46.222258064516126
2026-05-17 13:00:00,44.284838709677416
2026-05-17 14:00:00,38.39741935483871
2026-05-17 15:00:00,36.0358064516129
2026-05-17 16:00:00,35.23451612903226
2026-05-17 17:00:00,35.03166666666666
2026-05-17 18:00:00,37.294838709677414
2026-05-17 19:00:00,39.14645161290323
2026-05-17 20:00:00,53.56935483870968
2026-05-17 21:00:00,68.71129032258065
2026-05-17 22:00:00,62.33096774193549
2026-05-17 23:00:00,56.346
2026-05-18 00:00:00,50.41466666666667
2026-05-18 01:00:00,50.54333333333334
2026-05-18 02:00:00,48.62199999999999
2026-05-18 03:00:00,55.20233333333333
2026-05-18 04:00:00,67.20133333333334
2026-05-18 05:00:00,75.381
2026-05-18 06:00:00,84.60064516129032
2026-05-18 07:00:00,79.96566666666666
2026-05-18 08:00:00,75.11933333333333
2026-05-18 09:00:00,68.071
2026-05-18 10:00:00,52.357586206896556
2026-05-18 11:00:00,48.26379310344828
2026-05-18 12:00:00,52.79933333333334
2026-05-18 13:00:00,35.56064516129032
2026-05-18 14:00:00,35.62645161290323
2026-05-18 15:00:00,34.810322580645156
2026-05-18 16:00:00,37.968387096774194
2026-05-18 17:00:00,38.59032258064516
2026-05-18 18:00:00,36.99935483870968
2026-05-18 19:00:00,41.77612903225806
2026-05-18 20:00:00,55.399354838709684
2026-05-18 21:00:00,66.3874193548387
2026-05-18 22:00:00,63.729354838709675
2026-05-18 23:00:00,55.275862068965516
2026-05-19 00:00:00,54.323
2026-05-19 01:00:00,55.86724137931034
2026-05-19 02:00:00,58.41758620689656
2026-05-19 03:00:00,67.02241379310344
2026-05-19 04:00:00,69.42517241379309
2026-05-19 05:00:00,66.14655172413794
2026-05-19 06:00:00,69.5048275862069
2026-05-19 07:00:00,80.20413793103448
2026-05-19 08:00:00,86.0710344827586
2026-05-19 09:00:00,67.35433333333334
2026-05-19 10:00:00,58.72096774193548
2026-05-19 11:00:00,58.20838709677419
2026-05-19 12:00:00,56.063870967741934
2026-05-19 13:00:00,41.19724137931035
2026-05-19 14:00:00,33.158928571428575
2026-05-19 15:00:00,32.92580645161291
2026-05-19 16:00:00,34.01931034482759
2026-05-19 17:00:00,31.25866666666667
2026-05-19 18:00:00,30.692999999999998
2026-05-19 19:00:00,35.88551724137931
2026-05-19 20:00:00,51.43999999999999
2026-05-19 21:00:00,72.89678571428571
2026-05-19 22:00:00,84.90821428571428
2026-05-19 23:00:00,90.85107142857143
2026-05-20 00:00:00,78.89413793103448
2026-05-20 01:00:00,71.22413793103448
2026-05-20 02:00:00,64.57448275862069
2026-05-20 03:00:00,59.592413793103454
2026-05-20 04:00:00,55.95821428571429
2026-05-20 05:00:00,58.692499999999995
2026-05-20 06:00:00,62.76857142857143
2026-05-20 07:00:00,67.54892857142858
2026-05-20 08:00:00,74.15862068965517
2026-05-20 09:00:00,57.449999999999996
2026-05-20 10:00:00,50.39833333333334
2026-05-20 11:00:00,47.50464285714286
2026-05-20 12:00:00,40.063
2026-05-20 13:00:00,38.080000000000005
2026-05-20 14:00:00,35.501
2026-05-20 15:00:00,34.95366666666667
2026-05-20 16:00:00,33.894642857142856
2026-05-20 17:00:00,34.621
2026-05-20 18:00:00,33.795172413793104
2026-05-20 19:00:00,39.340333333333334
2026-05-20 20:00:00,49.30137931034483
2026-05-20 21:00:00,53.63310344827586
2026-05-20 22:00:00,48.148275862068964
2026-05-20 23:00:00,39.417857142857144
2026-05-21 00:00:00,37.486551724137925
2026-05-21 01:00:00,41.12758620689655
2026-05-21 02:00:00,38.89655172413793
2026-05-21 03:00:00,39.46310344827587
2026-05-21 04:00:00,37.35413793103448
2026-05-21 05:00:00,38.08827586206897
2026-05-21 06:00:00,39.98833333333334
2026-05-21 07:00:00,43.008965517241386
2026-05-21 08:00:00,45.291724137931034
2026-05-21 09:00:00,59.63857142857143
2026-05-21 10:00:00,67.735
2026-05-21 11:00:00,68.42709677419356
2026-05-21 12:00:00,66.93931034482758
2026-05-21 13:00:00,70.343
2026-05-21 14:00:00,69.1925806451613
2026-05-21 15:00:00,55.279999999999994
2026-05-21 16:00:00,51.59516129032258
2026-05-21 17:00:00,51.03387096774194
2026-05-21 18:00:00,47.99580645161291
2026-05-21 19:00:00,47.54483870967742
2026-05-21 20:00:00,53.80451612903226
2026-05-21 21:00:00,58.274193548387096
2026-05-21 22:00:00,53.77129032258065
2026-05-21 23:00:00,47.25633333333334
2026-05-22 00:00:00,40.41833333333334
2026-05-22 01:00:00,41.28933333333334
2026-05-22 02:00:00,36.48299999999999
2026-05-22 03:00:00,39.206999999999994
2026-05-22 04:00:00,40.268
2026-05-22 05:00:00,46.433
2026-05-22 06:00:00,47.949333333333335
2026-05-22 07:00:00,45.34483870967741
2026-05-22 08:00:00,49.247419354838705
2026-05-22 09:00:00,57.80096774193549
2026-05-22 10:00:00,62.66677419354839
2026-05-22 11:00:00,62.51
2026-05-22 12:00:00,67.04064516129031
2026-05-22 13:00:00,59.5058064516129
2026-05-22 14:00:00,48.42225806451613
2026-05-22 15:00:00,45.936666666666675
2026-05-22 16:00:00,47.53032258064516
2026-05-22 17:00:00,52.26129032258065
2026-05-22 18:00:00,60.230322580645165
2026-05-22 19:00:00,72.109
2026-05-22 20:00:00,74.37645161290321
2026-05-22 21:00:00,65.61709677419354
2026-05-22 22:00:00,61.726451612903226
2026-05-22 23:00:00,58.88733333333334
2026-05-23 00:00:00,55.292903225806455
2026-05-23 01:00:00,51.251333333333335
2026-05-23 02:00:00,56.44233333333333
2026-05-23 03:00:00,58.31533333333333
2026-05-23 04:00:00,74.34833333333334
2026-05-23 05:00:00,91.70466666666667
2026-05-23 06:00:00,105.868
2026-05-23 07:00:00,97.00633333333333
2026-05-23 08:00:00,100.108
2026-05-23 09:00:00,75.67
2026-05-23 10:00:00,42.44838709677419
2026-05-23 11:00:00,40.75392857142857
2026-05-23 12:00:00,45.977931034482765
2026-05-23 13:00:00,56.20806451612903
2026-05-23 14:00:00,52.01833333333333
2026-05-23 15:00:00,56.09645161290322
2026-05-23 16:00:00,58.68266666666667
2026-05-23 17:00:00,52.955161290322586
2026-05-23 18:00:00,50.29466666666667
2026-05-23 19:00:00,55.32533333333333
2026-05-23 20:00:00,60.591
2026-05-23 21:00:00,63.88533333333333
2026-05-23 22:00:00,60.29600000000001
2026-05-23 23:00:00,61.77285714285714
2026-05-24 00:00:00,63.535172413793106
2026-05-24 01:00:00,68.26392857142858
2026-05-24 02:00:00,66.33928571428571
2026-05-24 03:00:00,69.16785714285716
2026-05-24 04:00:00,79.92892857142859
2026-05-24 05:00:00,90.21642857142857
2026-05-24 06:00:00,94.72103448275861
2026-05-24 07:00:00,93.04827586206896
2026-05-24 08:00:00,95.04793103448276
2026-05-24 09:00:00,84.64862068965519
2026-05-24 10:00:00,63.52714285714286
2026-05-24 11:00:00,58.07566666666666
2026-05-24 12:00:00,52.876333333333335
2026-05-24 13:00:00,46.82233333333333
2026-05-24 14:00:00,37.696333333333335
2026-05-24 15:00:00,38.48967741935484
2026-05-24 16:00:00,36.74032258064516
2026-05-24 17:00:00,37.715
2026-05-24 18:00:00,42.46833333333334
2026-05-24 19:00:00,56.53193548387097
2026-05-24 20:00:00,74.46032258064515
2026-05-24 21:00:00,84.15290322580645
2026-05-24 22:00:00,80.55419354838709
2026-05-24 23:00:00,80.80137931034484
2026-05-25 00:00:00,72.33645161290322
2026-05-25 01:00:00,60.74766666666667
2026-05-25 02:00:00,49.054
2026-05-25 03:00:00,50.923870967741934
2026-05-25 04:00:00,57.54066666666667
2026-05-25 05:00:00,58.760999999999996
2026-05-25 06:00:00,62.93866666666667
2026-05-25 07:00:00,68.21354838709676
2026-05-25 08:00:00,68.731
2026-05-25 09:00:00,63.58866666666666
2026-05-25 10:00:00,69.64633333333333
2026-05-25 11:00:00,72.44428571428571
2026-05-25 12:00:00,75.47821428571429
2026-05-25 13:00:00,84.89967741935484
2026-05-25 14:00:00,77.357
2026-05-25 15:00:00,74.64806451612903
2026-05-25 16:00:00,68.5374193548387
2026-05-25 17:00:00,71.45129032258063
2026-05-25 18:00:00,74.9848387096774
2026-05-25 19:00:00,80.27806451612904
2026-05-25 20:00:00,87.47935483870968
2026-05-25 21:00:00,92.31966666666669
2026-05-25 22:00:00,102.19900000000001
2026-05-25 23:00:00,109.80206896551724
2026-05-26 00:00:00,116.099
2026-05-26 01:00:00,125.89966666666666
2026-05-26 02:00:00,115.58333333333333
2026-05-26 03:00:00,101.48766666666667
2026-05-26 04:00:00,92.67766666666667
2026-05-26 05:00:00,92.78333333333333
2026-05-26 06:00:00,101.80433333333333
2026-05-26 07:00:00,109.52310344827586
2026-05-26 08:00:00,107.11142857142856
2026-05-26 09:00:00,95.775
2026-05-26 10:00:00,70.7662962962963
2026-05-26 11:00:00,47.948571428571434
2026-05-26 12:00:00,39.56766666666666
2026-05-26 13:00:00,35.43896551724138
2026-05-26 14:00:00,38.74566666666667
2026-05-26 15:00:00,36.33533333333333
2026-05-26 16:00:00,31.954666666666665
2026-05-26 17:00:00,32.64967741935484
2026-05-26 18:00:00,31.996206896551723
2026-05-26 19:00:00,37.694137931034476
2026-05-26 20:00:00,61.64137931034483
2026-05-26 21:00:00,77.09034482758621
2026-05-26 22:00:00,88.54862068965517
2026-05-26 23:00:00,83.18821428571428
2026-05-27 00:00:00,74.71137931034481
2026-05-27 01:00:00,74.39758620689655
2026-05-27 02:00:00,82.17966666666668
2026-05-27 03:00:00,75.40966666666667
2026-05-27 04:00:00,89.57533333333332
2026-05-27 05:00:00,108.57300000000001
2026-05-27 06:00:00,125.79433333333333
2026-05-27 07:00:00,119.76233333333333
2026-05-27 08:00:00,119.21206896551725
2026-05-27 09:00:00,107.73
2026-05-27 10:00:00,84.48206896551723
2026-05-27 11:00:00,61.58241379310344
2026-05-27 12:00:00,49.44607142857143
2026-05-27 13:00:00,35.87034482758621
2026-05-27 14:00:00,37.93103448275862
2026-05-27 15:00:00,40.516451612903225
2026-05-27 16:00:00,39.95322580645162
2026-05-27 17:00:00,37.41709677419355
2026-05-27 18:00:00,38.357
2026-05-27 19:00:00,45.227333333333334
2026-05-27 20:00:00,59.65633333333333
2026-05-27 21:00:00,79.5525806451613
2026-05-27 22:00:00,89.02258064516128
2026-05-27 23:00:00,105.079
2026-05-28 00:00:00,113.40733333333333
2026-05-28 01:00:00,118.29866666666666
2026-05-28 02:00:00,113.46966666666667
2026-05-28 03:00:00,95.227
2026-05-28 04:00:00,87.19032258064516
2026-05-28 05:00:00,86.46499999999999
2026-05-28 06:00:00,92.94870967741934
2026-05-28 07:00:00,91.09516129032258
2026-05-28 08:00:00,80.18967741935484
2026-05-28 09:00:00,74.25645161290322
2026-05-28 10:00:00,72.68870967741935
2026-05-28 11:00:00,70.6516129032258
2026-05-28 12:00:00,66.50967741935483
2026-05-28 13:00:00,61.85709677419354
2026-05-28 14:00:00,61.562666666666665
2026-05-28 15:00:00,58.1916129032258
2026-05-28 16:00:00,56.80967741935484
2026-05-28 17:00:00,57.662
2026-05-28 18:00:00,55.693666666666665
2026-05-28 19:00:00,57.44032258064516
2026-05-28 20:00:00,36.51206896551724
2026-05-28 21:00:00,28.361724137931034
2026-05-28 22:00:00,31.113225806451617
2026-05-28 23:00:00,22.023999999999997
2026-05-29 00:00:00,18.949333333333335
2026-05-29 01:00:00,15.897666666666668
2026-05-29 02:00:00,17.390357142857145
2026-05-29 03:00:00,32.84129032258064
2026-05-29 04:00:00,33.26870967741935
2026-05-29 05:00:00,27.219677419354838
2026-05-29 06:00:00,26.768965517241377
2026-05-29 07:00:00,30.08233333333333
2026-05-29 08:00:00,31.803333333333338
2026-05-29 09:00:00,29.894000000000002
2026-05-29 10:00:00,31.07333333333333
2026-05-29 11:00:00,33.14366666666667
2026-05-29 12:00:00,33.787
2026-05-29 13:00:00,37.14666666666667
2026-05-29 14:00:00,32.523
2026-05-29 15:00:00,30.211
2026-05-29 16:00:00,30.199666666666666
2026-05-29 17:00:00,28.631666666666668
2026-05-29 18:00:00,29.994482758620688
2026-05-29 19:00:00,26.0
2026-05-29 20:00:00,22.650689655172414
2026-05-29 21:00:00,21.745862068965522
2026-05-29 22:00:00,17.159655172413796
2026-05-29 23:00:00,15.356071428571427
2026-05-30 00:00:00,16.86310344827586
2026-05-30 01:00:00,16.572142857142858
2026-05-30 02:00:00,15.68392857142857
2026-05-30 03:00:00,12.515925925925924
2026-05-30 04:00:00,13.9848
2026-05-30 05:00:00,14.74962962962963
2026-05-30 06:00:00,17.273999999999997
2026-05-30 07:00:00,19.156333333333336
2026-05-30 08:00:00,29.98966666666667
2026-05-30 09:00:00,27.59689655172414
2026-05-30 10:00:00,21.111666666666668
2026-05-30 11:00:00,23.819
2026-05-30 12:00:00,26.996000000000002
2026-05-30 13:00:00,25.963793103448275
2026-05-30 14:00:00,22.376785714285713
2026-05-30 15:00:00,22.90111111111111
2026-05-30 16:00:00,51.03071428571428
2026-05-30 17:00:00,38.166000000000004
2026-05-30 18:00:00,25.15607142857143
2026-05-30 19:00:00,33.63892857142857
2026-05-30 20:00:00,34.712758620689655
2026-05-30 21:00:00,83.76689655172414
2026-05-30 22:00:00,40.4375
2026-05-30 23:00:00,38.64357142857143
2026-05-31 00:00:00,28.380357142857143
2026-05-31 01:00:00,24.1648275862069
2026-05-31 02:00:00,18.67178571428571
2026-05-31 03:00:00,18.527142857142856
2026-05-31 04:00:00,15.927241379310347
2026-05-31 05:00:00,18.065925925925924
2026-05-31 06:00:00,21.931034482758626
2026-05-31 07:00:00,23.8975
2026-05-31 08:00:00,21.057666666666666
2026-05-31 09:00:00,21.045862068965516
2026-05-31 10:00:00,26.35892857142857
2026-05-31 11:00:00,26.3675
2026-05-31 12:00:00,27.068571428571428
2026-05-31 13:00:00,28.174642857142857
2026-05-31 14:00:00,29.733448275862067
2026-05-31 15:00:00,32.531
2026-05-31 16:00:00,31.288666666666668
2026-05-31 17:00:00,28.47586206896552
2026-05-31 18:00:00,31.025862068965516
2026-05-31 19:00:00,30.369310344827582
2026-05-31 20:00:00,27.57
2026-05-31 21:00:00,28.069999999999997
2026-05-31 22:00:00,25.460666666666665
2026-05-31 23:00:00,32.50785714285714
2026-06-01 00:00:00,30.240344827586206
2026-06-01 01:00:00,34.681333333333335
2026-06-01 02:00:00,38.567
2026-06-01 03:00:00,46.52142857142858
2026-06-01 04:00:00,51.42966666666666
2026-06-01 05:00:00,50.59866666666667
2026-06-01 06:00:00,50.347
2026-06-01 07:00:00,55.33064516129032
2026-06-01 08:00:00,48.421290322580646
2026-06-01 09:00:00,40.835161290322574
2026-06-01 10:00:00,35.914838709677426
2026-06-01 11:00:00,32.60758620689655
2026-06-01 12:00:00,29.226451612903226
2026-06-01 13:00:00,30.261290322580646
2026-06-01 14:00:00,29.754838709677415
2026-06-01 15:00:00,28.378387096774194
2026-06-01 16:00:00,28.837741935483873
2026-06-01 17:00:00,28.311935483870965
2026-06-01 18:00:00,30.668999999999997
2026-06-01 19:00:00,32.45645161290322
2026-06-01 20:00:00,34.674516129032256
2026-06-01 21:00:00,40.12645161290322
2026-06-01 22:00:00,41.24838709677419
2026-06-01 23:00:00,37.69233333333333
2026-06-02 00:00:00,38.68903225806452
2026-06-02 01:00:00,45.23548387096774
2026-06-02 02:00:00,46.04290322580645
2026-06-02 03:00:00,49.83645161290322
2026-06-02 04:00:00,46.100645161290316
2026-06-02 05:00:00,53.736129032258056
2026-06-02 06:00:00,62.16935483870967
2026-06-02 07:00:00,53.197419354838715
2026-06-02 08:00:00,49.824838709677415
2026-06-02 09:00:00,46.53709677419355
2026-06-02 10:00:00,41.16967741935484
2026-06-02 11:00:00,38.381935483870976
2026-06-02 12:00:00,36.33806451612902
2026-06-02 13:00:00,33.343
2026-06-02 14:00:00,32.94903225806451
2026-06-02 15:00:00,31.06967741935484
2026-06-02 16:00:00,31.445806451612906
2026-06-02 17:00:00,33.70129032258065
2026-06-02 18:00:00,34.361612903225804
2026-06-02 19:00:00,34.46806451612903
2026-06-02 20:00:00,38.299354838709675
2026-06-02 21:00:00,44.490645161290324
2026-06-02 22:00:00,50.30548387096774
2026-06-02 23:00:00,46.76133333333333
2026-06-03 00:00:00,46.896774193548396
2026-06-03 01:00:00,51.61032258064515
2026-06-03 02:00:00,59.84870967741935
2026-06-03 03:00:00,60.44451612903226
2026-06-03 04:00:00,61.600322580645155
2026-06-03 05:00:00,63.28709677419355
2026-06-03 06:00:00,66.59451612903226
2026-06-03 07:00:00,66.92999999999999
2026-06-03 08:00:00,59.351612903225806
2026-06-03 09:00:00,52.031290322580645
2026-06-03 10:00:00,45.72870967741935
2026-06-03 11:00:00,45.73161290322581
2026-06-03 12:00:00,48.91161290322581
2026-06-03 13:00:00,50.55935483870968
2026-06-03 14:00:00,53.586451612903225
2026-06-03 15:00:00,56.10225806451613
2026-06-03 16:00:00,57.19833333333333
2026-06-03 17:00:00,58.186551724137935
2026-06-03 18:00:00,58.6703448275862
2026-06-03 19:00:00,60.67133333333333
2026-06-03 20:00:00,65.31166666666667
2026-06-03 21:00:00,71.496
2026-06-03 22:00:00,76.6
2026-06-03 23:00:00,72.94866666666665
2026-06-04 00:00:00,65.98133333333334
2026-06-04 01:00:00,64.53866666666667
2026-06-04 02:00:00,63.708
2026-06-04 03:00:00,65.19966666666667
2026-06-04 04:00:00,57.769666666666666
2026-06-04 05:00:00,54.664
2026-06-04 06:00:00,55.287666666666674
2026-06-04 07:00:00,58.66933333333334
2026-06-04 08:00:00,57.07033333333334
2026-06-04 09:00:00,59.00172413793104
2026-06-04 10:00:00,69.32827586206898
2026-06-04 11:00:00,73.941
2026-06-04 12:00:00,68.682
2026-06-04 13:00:00,63.510666666666665
2026-06-04 14:00:00,68.52
2026-06-04 15:00:00,57.73620689655172
2026-06-04 16:00:00,25.868928571428572
2026-06-04 17:00:00,27.261851851851848
2026-06-04 18:00:00,31.571034482758623
2026-06-04 19:00:00,41.772333333333336
2026-06-04 20:00:00,49.330333333333336
2026-06-04 21:00:00,33.23233333333333
2026-06-04 22:00:00,38.54533333333333
2026-06-04 23:00:00,38.34275862068966
2026-06-05 00:00:00,43.06655172413793
2026-06-05 01:00:00,35.675
2026-06-05 02:00:00,28.820666666666668
2026-06-05 03:00:00,43.724666666666664
2026-06-05 04:00:00,43.32206896551724
2026-06-05 05:00:00,34.65599999999999
2026-06-05 06:00:00,26.083666666666666
2026-06-05 07:00:00,27.449333333333335
2026-06-05 08:00:00,35.211724137931036
2026-06-05 09:00:00,34.17655172413793
2026-06-05 10:00:00,31.04103448275862
2026-06-05 11:00:00,36.20413793103449
2026-06-05 12:00:00,39.401428571428575
2026-06-05 13:00:00,45.15107142857143
2026-06-05 14:00:00,49.25285714285714
2026-06-05 15:00:00,50.43
2026-06-05 16:00:00,46.30833333333333
2026-06-05 17:00:00,49.62
2026-06-05 18:00:00,57.538000000000004
2026-06-05 19:00:00,61.400666666666666
2026-06-05 20:00:00,74.15833333333335
2026-06-05 21:00:00,86.66933333333334
2026-06-05 22:00:00,98.63233333333334
2026-06-05 23:00:00,87.45172413793105
2026-06-06 00:00:00,95.92933333333332
2026-06-06 01:00:00,99.291
2026-06-06 02:00:00,93.5296551724138
2026-06-06 03:00:00,102.70758620689655
2026-06-06 04:00:00,101.09793103448278
2026-06-06 05:00:00,109.46275862068966
2026-06-06 06:00:00,114.72827586206895
2026-06-06 07:00:00,98.56321428571427
2026-06-06 08:00:00,80.78571428571429
2026-06-06 09:00:00,63.32214285714286
2026-06-06 10:00:00,48.542
2026-06-06 11:00:00,44.31827586206896
2026-06-06 12:00:00,41.14866666666667
2026-06-06 13:00:00,43.74677419354839
2026-06-06 14:00:00,44.1983870967742
2026-06-06 15:00:00,46.35516129032258
2026-06-06 16:00:00,45.87193548387096
2026-06-06 17:00:00,45.831034482758625
2026-06-06 18:00:00,49.38099999999999
2026-06-06 19:00:00,41.32166666666667
2026-06-06 20:00:00,39.504333333333335
2026-06-06 21:00:00,39.384
2026-06-06 22:00:00,39.04035714285715
2026-06-06 23:00:00,32.50142857142857
2026-06-07 00:00:00,28.02333333333333
2026-06-07 01:00:00,29.698333333333334
2026-06-07 02:00:00,29.953
2026-06-07 03:00:00,28.41533333333333
2026-06-07 04:00:00,25.859333333333332
2026-06-07 05:00:00,23.064999999999998
2026-06-07 06:00:00,25.13266666666667
2026-06-07 07:00:00,27.212333333333333
2026-06-07 08:00:00,31.616666666666667
2026-06-07 09:00:00,39.06633333333333
2026-06-07 10:00:00,39.0558064516129
2026-06-07 11:00:00,41.75161290322581
2026-06-07 12:00:00,42.278064516129035
2026-06-07 13:00:00,42.03064516129033
2026-06-07 14:00:00,45.335483870967735
2026-06-07 15:00:00,41.711999999999996
2026-06-07 16:00:00,40.48533333333334
2026-06-07 17:00:00,42.660999999999994
2026-06-07 18:00:00,41.79633333333334
2026-06-07 19:00:00,54.84965517241379
2026-06-07 20:00:00,46.67333333333333
2026-06-07 21:00:00,33.52758620689655
2026-06-07 22:00:00,30.376551724137933
2026-06-07 23:00:00,29.47925925925926
2026-06-08 00:00:00,25.984333333333332
2026-06-08 01:00:00,29.57133333333333
2026-06-08 02:00:00,28.38233333333333
2026-06-08 03:00:00,29.701
2026-06-08 04:00:00,30.814
2026-06-08 05:00:00,29.863333333333333
2026-06-08 06:00:00,33.48533333333334
2026-06-08 07:00:00,35.877586206896545
2026-06-08 08:00:00,34.571333333333335
2026-06-08 09:00:00,34.6951724137931
2026-06-08 10:00:00,35.711612903225806
2026-06-08 11:00:00,38.686
2026-06-08 12:00:00,42.86413793103448
2026-06-08 13:00:00,45.38310344827586
2026-06-08 14:00:00,48.19966666666666
2026-06-08 15:00:00,41.50966666666667
2026-06-08 16:00:00,39.634193548387096
2026-06-08 17:00:00,33.88387096774194
2026-06-08 18:00:00,35.94466666666666
2026-06-08 19:00:00,42.93500000000001
2026-06-08 20:00:00,63.450967741935486
2026-06-08 21:00:00,75.97129032258064
2026-06-08 22:00:00,76.91129032258064
2026-06-08 23:00:00,67.39482758620689
2026-06-09 00:00:00,55.29266666666667
2026-06-09 01:00:00,45.032333333333334
2026-06-09 02:00:00,40.692
2026-06-09 03:00:00,41.794999999999995
2026-06-09 04:00:00,44.63225806451613
2026-06-09 05:00:00,39.892258064516135
2026-06-09 06:00:00,40.19225806451613
2026-06-09 07:00:00,38.588709677419345
2026-06-09 08:00:00,34.61300000000001
2026-06-09 09:00:00,42.256129032258066
2026-06-09 10:00:00,43.53354838709677
2026-06-09 11:00:00,43.567
2026-06-09 12:00:00,43.48032258064516
2026-06-09 13:00:00,43.665
2026-06-09 14:00:00,43.20000000000001
2026-06-09 15:00:00,39.20290322580645
2026-06-09 16:00:00,41.001999999999995
2026-06-09 17:00:00,41.463
2026-06-09 18:00:00,67.42709677419354
2026-06-09 19:00:00,66.5883870967742
2026-06-09 20:00:00,50.18258064516129
2026-06-09 21:00:00,27.393333333333334
2026-06-09 22:00:00,24.648275862068967
2026-06-09 23:00:00,32.94620689655172
2026-06-10 00:00:00,28.66133333333333
2026-06-10 01:00:00,21.108999999999998
2026-06-10 02:00:00,19.33269230769231
2026-06-10 03:00:00,22.354827586206895
2026-06-10 04:00:00,29.569655172413793
2026-06-10 05:00:00,30.11142857142857
2026-06-10 06:00:00,32.02133333333333
2026-06-10 07:00:00,35.49
2026-06-10 08:00:00,37.91266666666666
2026-06-10 09:00:00,37.44689655172414
2026-06-10 10:00:00,39.404666666666664
2026-06-10 11:00:00,41.668
2026-06-10 12:00:00,44.61206896551723
2026-06-10 13:00:00,44.194482758620694
2026-06-10 14:00:00,44.94137931034483
2026-06-10 15:00:00,38.54551724137931
2026-06-10 16:00:00,39.995483870967746
2026-06-10 17:00:00,41.02129032258065
2026-06-10 18:00:00,49.186666666666675
2026-06-10 19:00:00,50.872258064516124
2026-06-10 20:00:00,64.83806451612904
2026-06-10 21:00:00,76.10612903225805
2026-06-10 22:00:00,78.62516129032257
2026-06-10 23:00:00,69.64266666666667
2026-06-11 00:00:00,58.04258064516129
2026-06-11 01:00:00,47.355
2026-06-11 02:00:00,36.18633333333333
2026-06-11 03:00:00,36.80344827586207
2026-06-11 04:00:00,31.355666666666668
2026-06-11 05:00:00,30.12655172413793
2026-06-11 06:00:00,31.40032258064516
2026-06-11 07:00:00,34.65645161290322
2026-06-11 08:00:00,30.04533333333333
2026-06-11 09:00:00,34.624516129032266
2026-06-11 10:00:00,37.11266666666667
2026-06-11 11:00:00,35.309999999999995
2026-06-11 12:00:00,34.77379310344828
2026-06-11 13:00:00,32.000689655172415
2026-06-11 14:00:00,32.909666666666666
2026-06-11 15:00:00,32.69068965517241
2026-06-11 16:00:00,32.16066666666667
2026-06-11 17:00:00,31.3348275862069
2026-06-11 18:00:00,29.045333333333335
2026-06-11 19:00:00,28.01724137931034
2026-06-11 20:00:00,31.024482758620692
2026-06-11 21:00:00,36.834999999999994
2026-06-11 22:00:00,35.23285714285714
2026-06-11 23:00:00,37.33444444444444
2026-06-12 00:00:00,24.24192307692308
2026-06-12 01:00:00,10.105999999999998
2026-06-12 02:00:00,12.504545454545452
2026-06-12 03:00:00,15.635238095238094
2026-06-12 04:00:00,15.063333333333333
2026-06-12 05:00:00,16.523636363636363
2026-06-12 06:00:00,16.049130434782608
2026-06-12 07:00:00,15.378695652173915
2026-06-12 08:00:00,17.096190476190475
2026-06-12 09:00:00,22.5284
2026-06-12 10:00:00,17.980384615384615
2026-06-12 11:00:00,16.3604
2026-06-12 12:00:00,21.33535714285714
2026-06-12 13:00:00,23.295714285714286
2026-06-12 14:00:00,23.744444444444444
2026-06-12 15:00:00,24.59066666666667
2026-06-12 16:00:00,25.366785714285715
2026-06-12 17:00:00,29.782857142857143
2026-06-12 18:00:00,29.90064516129032
2026-06-12 19:00:00,28.846333333333334
2026-06-12 20:00:00,33.52233333333333
2026-06-12 21:00:00,36.077666666666666
2026-06-12 22:00:00,37.46645161290322
2026-06-12 23:00:00,39.35966666666666
2026-06-13 00:00:00,32.718333333333334
2026-06-13 01:00:00,13.308571428571428
2026-06-13 02:00:00,11.640384615384615
2026-06-13 03:00:00,14.9952
2026-06-13 04:00:00,17.01153846153846
2026-06-13 05:00:00,22.38241379310345
2026-06-13 06:00:00,21.42366666666667
2026-06-13 07:00:00,21.06129032258065
2026-06-13 08:00:00,23.131612903225804
2026-06-13 09:00:00,25.037096774193547
2026-06-13 10:00:00,31.08774193548387
2026-06-13 11:00:00,34.350967741935484
2026-06-13 12:00:00,37.61322580645161
2026-06-13 13:00:00,47.62806451612904
2026-06-13 14:00:00,47.74967741935484
2026-06-13 15:00:00,46.881935483870976
2026-06-13 16:00:00,46.20322580645161
2026-06-13 17:00:00,45.07096774193548
2026-06-13 18:00:00,45.513225806451615
2026-06-13 19:00:00,42.33290322580645
2026-06-13 20:00:00,49.64483870967742
2026-06-13 21:00:00,62.95677419354839
2026-06-13 22:00:00,64.79741935483871
2026-06-13 23:00:00,76.06666666666666
2026-06-14 00:00:00,81.23774193548388
2026-06-14 01:00:00,85.9658064516129
2026-06-14 02:00:00,83.4125806451613
2026-06-14 03:00:00,71.11870967741935
2026-06-14 04:00:00,60.90516129032259
2026-06-14 05:00:00,60.38161290322581
2026-06-14 06:00:00,70.03967741935485
2026-06-14 07:00:00,92.25966666666666
2026-06-14 08:00:00,96.95033333333335
2026-06-14 09:00:00,64.55413793103449
2026-06-14 10:00:00,47.558333333333344
2026-06-14 11:00:00,40.32290322580645
2026-06-14 12:00:00,38.541000000000004
2026-06-14 13:00:00,41.69433333333334
2026-06-14 14:00:00,40.67033333333333
2026-06-14 15:00:00,40.56548387096774
2026-06-14 16:00:00,41.13689655172415
2026-06-14 17:00:00,39.72133333333333
2026-06-14 18:00:00,41.639333333333326
2026-06-14 19:00:00,44.263000000000005
2026-06-14 20:00:00,53.35225806451613
2026-06-14 21:00:00,62.91483870967742
2026-06-14 22:00:00,67.9
2026-06-14 23:00:00,67.36366666666667
2026-06-15 00:00:00,43.50933333333333
2026-06-15 01:00:00,28.740344827586206
2026-06-15 02:00:00,22.086000000000002
2026-06-15 03:00:00,22.389354838709675
2026-06-15 04:00:00,25.323666666666668
2026-06-15 05:00:00,26.117
2026-06-15 06:00:00,28.356666666666666
2026-06-15 07:00:00,34.082258064516125
2026-06-15 08:00:00,39.969032258064516
2026-06-15 09:00:00,41.65774193548388
2026-06-15 10:00:00,34.012903225806454
2026-06-15 11:00:00,31.183666666666667
2026-06-15 12:00:00,34.901666666666664
2026-06-15 13:00:00,39.631
2026-06-15 14:00:00,43.46033333333333
2026-06-15 15:00:00,64.908
2026-06-15 16:00:00,28.220714285714283
2026-06-15 17:00:00,16.932413793103446
2026-06-15 18:00:00,19.531724137931036
2026-06-15 19:00:00,28.92172413793103
2026-06-15 20:00:00,39.20466666666666
2026-06-15 21:00:00,49.63699999999999
2026-06-15 22:00:00,53.21354838709678
2026-06-15 23:00:00,50.613000000000014
2026-06-16 00:00:00,47.99612903225806
2026-06-16 01:00:00,46.75032258064516
2026-06-16 02:00:00,42.70548387096774
2026-06-16 03:00:00,45.355161290322584
2026-06-16 04:00:00,46.49645161290322
2026-06-16 05:00:00,51.41258064516129
2026-06-16 06:00:00,62.73548387096774
2026-06-16 07:00:00,74.45709677419354
2026-06-16 08:00:00,88.49935483870968
2026-06-16 09:00:00,63.57225806451613
2026-06-16 10:00:00,21.888666666666666
2026-06-16 11:00:00,15.984814814814813
2026-06-16 12:00:00,20.37896551724138
2026-06-16 13:00:00,21.93967741935484
2026-06-16 14:00:00,22.221785714285716
2026-06-16 15:00:00,28.15548387096774
2026-06-16 16:00:00,25.015806451612903
2026-06-16 17:00:00,18.745999999999995
2026-06-16 18:00:00,21.610666666666667
2026-06-16 19:00:00,24.750333333333334
2026-06-16 20:00:00,30.538
2026-06-16 21:00:00,25.829
2026-06-16 22:00:00,25.135517241379308
2026-06-16 23:00:00,27.58379310344828
2026-06-17 00:00:00,26.77774193548387
2026-06-17 01:00:00,27.11413793103448
2026-06-17 02:00:00,22.952962962962964
2026-06-17 03:00:00,21.13896551724138
2026-06-17 04:00:00,20.115172413793104
2026-06-17 05:00:00,22.123214285714283
2026-06-17 06:00:00,26.61321428571429
2026-06-17 07:00:00,39.016
2026-06-17 08:00:00,43.290000000000006
2026-06-17 09:00:00,44.04655172413793
2026-06-17 10:00:00,42.83633333333333
2026-06-17 11:00:00,40.17793103448276
2026-06-17 12:00:00,35.98758620689655
2026-06-17 13:00:00,33.63464285714286
2026-06-17 14:00:00,34.30423076923077
2026-06-17 15:00:00,33.242413793103445
2026-06-17 16:00:00,32.736
2026-06-17 17:00:00,30.180714285714284
2026-06-17 18:00:00,30.14862068965517
2026-06-17 19:00:00,34.965862068965514
2026-06-17 20:00:00,37.985517241379306
2026-06-17 21:00:00,48.922
2026-06-17 22:00:00,54.36033333333333
2026-06-17 23:00:00,55.97933333333334
2026-06-18 00:00:00,69.31161290322581
2026-06-18 01:00:00,65.64193548387097
2026-06-18 02:00:00,71.85516129032257
2026-06-18 03:00:00,87.26354838709676
2026-06-18 04:00:00,85.71709677419355
2026-06-18 05:00:00,85.8974193548387
2026-06-18 06:00:00,84.37161290322581
2026-06-18 07:00:00,86.43129032258064
2026-06-18 08:00:00,75.14709677419354
2026-06-18 09:00:00,63.199
2026-06-18 10:00:00,51.464666666666666
2026-06-18 11:00:00,40.644000000000005
2026-06-18 12:00:00,39.917
2026-06-18 13:00:00,42.006129032258066
2026-06-18 14:00:00,39.94137931034483
2026-06-18 15:00:00,45.87344827586207
2026-06-18 16:00:00,36.38310344827587
2026-06-18 17:00:00,37.84129032258064
2026-06-18 18:00:00,34.16193548387097
2026-06-18 19:00:00,30.235483870967744
2026-06-18 20:00:00,24.634999999999998
2026-06-18 21:00:00,23.436333333333334
2026-06-18 22:00:00,41.228928571428575
2026-06-18 23:00:00,32.563448275862065
2026-06-19 00:00:00,26.212999999999997
2026-06-19 01:00:00,25.403000000000002
2026-06-19 02:00:00,32.12862068965517
2026-06-19 03:00:00,39.205161290322586
2026-06-19 04:00:00,38.88935483870968
2026-06-19 05:00:00,32.785483870967745
2026-06-19 06:00:00,35.56733333333333
2026-06-19 07:00:00,33.8358064516129
2026-06-19 08:00:00,35.12933333333333
2026-06-19 09:00:00,38.50566666666667
2026-06-19 10:00:00,41.01586206896552
2026-06-19 11:00:00,46.40275862068965
2026-06-19 12:00:00,51.008965517241386
2026-06-19 13:00:00,46.29099999999999
2026-06-19 14:00:00,42.514
2026-06-19 15:00:00,37.919333333333334
2026-06-19 16:00:00,37.327666666666666
2026-06-19 17:00:00,34.492666666666665
2026-06-19 18:00:00,30.170689655172417
2026-06-19 19:00:00,34.167419354838714
2026-06-19 20:00:00,32.652580645161294
2026-06-19 21:00:00,35.949999999999996
2026-06-19 22:00:00,36.795161290322575
2026-06-19 23:00:00,44.215
2026-06-20 00:00:00,41.00433333333333
2026-06-20 01:00:00,41.93387096774194
2026-06-20 02:00:00,46.152258064516126
2026-06-20 03:00:00,49.55193548387097
2026-06-20 04:00:00,48.086774193548386
2026-06-20 05:00:00,52.331935483870964
2026-06-20 06:00:00,58.15516129032258
2026-06-20 07:00:00,65.09387096774194
2026-06-20 08:00:00,70.74838709677421
2026-06-20 09:00:00,58.508064516129025
2026-06-20 10:00:00,47.41903225806452
2026-06-20 11:00:00,40.751935483870966
2026-06-20 12:00:00,37.96066666666666
2026-06-20 13:00:00,37.54741935483871
2026-06-20 14:00:00,35.77433333333333
2026-06-20 15:00:00,33.529
2026-06-20 16:00:00,33.31766666666667
2026-06-20 17:00:00,33.33689655172414
2026-06-20 18:00:00,33.744
2026-06-20 19:00:00,38.342999999999996
2026-06-20 20:00:00,45.80193548387096
2026-06-20 21:00:00,53.585806451612896
2026-06-20 22:00:00,60.84290322580645
2026-06-20 23:00:00,67.17366666666666
2026-06-21 00:00:00,70.96999999999998
2026-06-21 01:00:00,56.404333333333334
2026-06-21 02:00:00,41.20580645161291
2026-06-21 03:00:00,38.61677419354839
2026-06-21 04:00:00,42.92
2026-06-21 05:00:00,29.78322580645161
2026-06-21 06:00:00,23.376129032258063
2026-06-21 07:00:00,26.41166666666667
2026-06-21 08:00:00,32.834666666666664
2026-06-21 09:00:00,25.623548387096772
2026-06-21 10:00:00,26.348620689655174
2026-06-21 11:00:00,25.452758620689654
2026-06-21 12:00:00,24.483
2026-06-21 13:00:00,28.976206896551727
2026-06-21 14:00:00,31.34548387096774
2026-06-21 15:00:00,29.707419354838713
2026-06-21 16:00:00,29.128666666666668
2026-06-21 17:00:00,24.739310344827583
2026-06-21 18:00:00,28.516333333333332
2026-06-21 19:00:00,31.207
2026-06-21 20:00:00,27.456666666666667
2026-06-21 21:00:00,26.93933333333333
2026-06-21 22:00:00,60.58866666666667
2026-06-21 23:00:00,107.21666666666665
2026-06-22 00:00:00,101.66799999999999
2026-06-22 01:00:00,65.56466666666667
2026-06-22 02:00:00,49.64633333333334
2026-06-22 03:00:00,46.458999999999996
2026-06-22 04:00:00,48.43233333333333
2026-06-22 05:00:00,41.04419354838709
2026-06-22 06:00:00,41.3748275862069
2026-06-22 07:00:00,43.358064516129026
2026-06-22 08:00:00,41.86322580645161
2026-06-22 09:00:00,31.310333333333332
2026-06-22 10:00:00,31.601071428571426
2026-06-22 11:00:00,41.25642857142857
2026-06-22 12:00:00,35.09607142857143
2026-06-22 13:00:00,34.08607142857143
2026-06-22 14:00:00,27.779310344827586
2026-06-22 15:00:00,21.41862068965517
2026-06-22 16:00:00,21.462000000000003
2026-06-22 17:00:00,17.943571428571428
2026-06-22 18:00:00,19.82785714285714
2026-06-22 19:00:00,24.289642857142862
2026-06-22 20:00:00,29.849655172413794
2026-06-22 21:00:00,35.85935483870967
2026-06-22 22:00:00,42.154666666666664
2026-06-22 23:00:00,44.10172413793103
2026-06-23 00:00:00,51.98903225806452
2026-06-23 01:00:00,52.48903225806451
2026-06-23 02:00:00,66.72233333333334
2026-06-23 03:00:00,81.51931034482759
2026-06-23 04:00:00,88.38333333333334
2026-06-23 05:00:00,90.95599999999999
2026-06-23 06:00:00,89.93900000000001
2026-06-23 07:00:00,92.846
2026-06-23 08:00:00,86.679
2026-06-23 09:00:00,68.877
2026-06-23 10:00:00,45.69533333333334
2026-06-23 11:00:00,44.567241379310346
2026-06-23 12:00:00,35.94433333333334
2026-06-23 13:00:00,30.454999999999995
2026-06-23 14:00:00,28.70206896551724
2026-06-23 15:00:00,58.92448275862069
2026-06-23 16:00:00,35.31433333333334
2026-06-23 17:00:00,24.78607142857143
2026-06-23 18:00:00,25.63413793103448
2026-06-23 19:00:00,32.19428571428571
2026-06-23 20:00:00,37.40566666666667
2026-06-23 21:00:00,35.140689655172416
2026-06-23 22:00:00,34.6725
2026-06-23 23:00:00,35.76423076923077
2026-06-24 00:00:00,35.20892857142857
2026-06-24 01:00:00,38.44266666666666
2026-06-24 02:00:00,36.675
2026-06-24 03:00:00,38.73275862068966
2026-06-24 04:00:00,34.548
2026-06-24 05:00:00,32.45233333333333
2026-06-24 06:00:00,51.08758620689655
2026-06-24 07:00:00,42.52862068965517
2026-06-24 08:00:00,38.05766666666667
2026-06-24 09:00:00,32.684137931034485
2026-06-24 10:00:00,29.313666666666666
2026-06-24 11:00:00,34.06620689655172
2026-06-24 12:00:00,34.455555555555556
2026-06-24 13:00:00,31.11766666666667
2026-06-24 14:00:00,31.12931034482759
2026-06-24 15:00:00,28.6
2026-06-24 16:00:00,29.51142857142857
2026-06-24 17:00:00,28.20793103448276
2026-06-24 18:00:00,31.91413793103448
2026-06-24 19:00:00,36.00821428571429
2026-06-24 20:00:00,33.3225
2026-06-24 21:00:00,22.585357142857145
2026-06-24 22:00:00,24.631851851851852
2026-06-24 23:00:00,29.860384615384614
2026-06-25 00:00:00,30.352857142857143
2026-06-25 01:00:00,36.70172413793104
2026-06-25 02:00:00,36.76655172413793
2026-06-25 03:00:00,37.98481481481482
2026-06-25 04:00:00,38.04607142857144
2026-06-25 05:00:00,40.41142857142857
2026-06-25 06:00:00,45.404827586206906
2026-06-25 07:00:00,54.574642857142855
2026-06-25 08:00:00,60.307586206896545
2026-06-25 09:00:00,62.6451724137931
2026-06-25 10:00:00,57.26793103448276
2026-06-25 11:00:00,44.794642857142854
2026-06-25 12:00:00,41.745000000000005
2026-06-25 13:00:00,42.152413793103456
2026-06-25 14:00:00,38.09571428571429
2026-06-25 15:00:00,35.506206896551724
2026-06-25 16:00:00,39.10620689655173
2026-06-25 17:00:00,32.812666666666665
2026-06-25 18:00:00,40.4383870967742
2026-06-25 19:00:00,46.615806451612904
2026-06-25 20:00:00,52.76
2026-06-25 21:00:00,64.61419354838709
2026-06-25 22:00:00,64.52000000000001
2026-06-25 23:00:00,39.499
2026-06-26 00:00:00,32.62199999999999
2026-06-26 01:00:00,31.456666666666667
2026-06-26 02:00:00,24.476
2026-06-26 03:00:00,23.945357142857144
2026-06-26 04:00:00,23.619642857142857
2026-06-26 05:00:00,24.318620689655173
2026-06-26 06:00:00,25.659
2026-06-26 07:00:00,32.76620689655172
2026-06-26 08:00:00,33.76266666666666
2026-06-26 09:00:00,33.458666666666666
2026-06-26 10:00:00,38.48766666666667
2026-06-26 11:00:00,34.86129032258064
2026-06-26 12:00:00,37.028064516129035
2026-06-26 13:00:00,33.82032258064516
2026-06-26 14:00:00,34.07387096774193
2026-06-26 15:00:00,32.693
2026-06-26 16:00:00,33.155
2026-06-26 17:00:00,37.76290322580645
2026-06-26 18:00:00,41.553666666666665
2026-06-26 19:00:00,44.115
2026-06-26 20:00:00,45.19166666666667
2026-06-26 21:00:00,34.51862068965517
2026-06-26 22:00:00,25.9125
2026-06-26 23:00:00,31.848275862068963
2026-06-27 00:00:00,34.1941935483871
2026-06-27 01:00:00,35.44806451612903
2026-06-27 02:00:00,36.861666666666665
2026-06-27 03:00:00,51.34466666666666
2026-06-27 04:00:00,47.27677419354838
2026-06-27 05:00:00,42.682580645161295
2026-06-27 06:00:00,40.29677419354839
2026-06-27 07:00:00,45.63133333333334
2026-06-27 08:00:00,50.61677419354839
2026-06-27 09:00:00,40.01516129032258
2026-06-27 10:00:00,39.62193548387096
2026-06-27 11:00:00,42.02033333333333
2026-06-27 12:00:00,46.91733333333333
2026-06-27 13:00:00,53.67677419354838
2026-06-27 14:00:00,56.35967741935484
2026-06-27 15:00:00,53.18129032258065
2026-06-27 16:00:00,52.130645161290325
2026-06-27 17:00:00,46.604516129032255
2026-06-27 18:00:00,45.52322580645161
2026-06-27 19:00:00,55.79645161290323
2026-06-27 20:00:00,65.84806451612903
2026-06-27 21:00:00,77.29483870967742
2026-06-27 22:00:00,78.12258064516129
2026-06-27 23:00:00,77.48800000000001
2026-06-28 00:00:00,81.67354838709676
2026-06-28 01:00:00,82.10064516129032
2026-06-28 02:00:00,84.70677419354838
2026-06-28 03:00:00,72.74666666666667
2026-06-28 04:00:00,56.578387096774186
2026-06-28 05:00:00,48.484838709677426
2026-06-28 06:00:00,39.95870967741936
2026-06-28 07:00:00,39.960666666666675
2026-06-28 08:00:00,38.22483870967742
2026-06-28 09:00:00,31.903
2026-06-28 10:00:00,33.78612903225807
2026-06-28 11:00:00,34.15064516129033
2026-06-28 12:00:00,35.729677419354836
2026-06-28 13:00:00,40.40806451612904
2026-06-28 14:00:00,42.6116129032258
2026-06-28 15:00:00,45.98774193548387
2026-06-28 16:00:00,48.263225806451615
2026-06-28 17:00:00,51.078709677419354
2026-06-28 18:00:00,86.17677419354838
2026-06-28 19:00:00,62.752903225806456
2026-06-28 20:00:00,55.23516129032257
2026-06-28 21:00:00,57.60258064516129
2026-06-28 22:00:00,61.476451612903226
2026-06-28 23:00:00,64.142
2026-06-29 00:00:00,68.19870967741934
2026-06-29 01:00:00,61.15709677419355
2026-06-29 02:00:00,58.99967741935484
2026-06-29 03:00:00,47.13677419354839
2026-06-29 04:00:00,45.62838709677418
2026-06-29 05:00:00,45.40161290322581
2026-06-29 06:00:00,44.25354838709678
2026-06-29 07:00:00,41.696333333333335
2026-06-29 08:00:00,38.26677419354838
2026-06-29 09:00:00,32.876333333333335
2026-06-29 10:00:00,32.16516129032258
2026-06-29 11:00:00,37.594193548387096
2026-06-29 12:00:00,38.51193548387097
2026-06-29 13:00:00,42.11322580645162
2026-06-29 14:00:00,46.59516129032258
2026-06-29 15:00:00,46.86
2026-06-29 16:00:00,44.55806451612903
2026-06-29 17:00:00,44.61838709677419
2026-06-29 18:00:00,40.392258064516135
2026-06-29 19:00:00,39.205161290322586
2026-06-29 20:00:00,45.59516129032257
2026-06-29 21:00:00,49.54483870967742
2026-06-29 22:00:00,50.76870967741936
2026-06-29 23:00:00,47.549
2026-06-30 00:00:00,48.90580645161291
2026-06-30 01:00:00,45.73466666666666
2026-06-30 02:00:00,42.888709677419364
2026-06-30 03:00:00,31.803870967741936
2026-06-30 04:00:00,32.00967741935484
2026-06-30 05:00:00,39.41387096774194
2026-06-30 06:00:00,39.5658064516129
2026-06-30 07:00:00,36.62129032258064
2026-06-30 08:00:00,35.45366666666667
2026-06-30 09:00:00,37.64533333333333
2026-06-30 10:00:00,45.71516129032258
2026-06-30 11:00:00,49.177666666666674
2026-06-30 12:00:00,53.842903225806445
2026-06-30 13:00:00,56.31290322580645
2026-06-30 14:00:00,58.93096774193548
2026-06-30 15:00:00,65.55096774193548
2026-06-30 16:00:00,71.48387096774194
2026-06-30 17:00:00,77.81225806451613
2026-06-30 18:00:00,78.06290322580645
2026-06-30 19:00:00,73.60903225806452
2026-06-30 20:00:00,70.93870967741935
2026-06-30 21:00:00,65.66290322580646
2026-06-30 22:00:00,60.51709677419355
2026-06-30 23:00:00,52.73566666666667
