Datetime,PM2.5
2024-01-01 00:00:00,128.93
2024-01-01 01:00:00,126.1
2024-01-01 02:00:00,114.9
2024-01-01 03:00:00,112.42
2024-01-01 04:00:00,103.4
2024-01-01 05:00:00,124.2
2024-01-01 06:00:00,135.37
2024-01-01 07:00:00,120.4
2024-01-01 08:00:00,109.75
2024-01-01 09:00:00,105.03
2024-01-01 10:00:00,105.93
2024-01-01 11:00:00,113.08
2024-01-01 12:00:00,135.33
2024-01-01 13:00:00,145.05
2024-01-01 14:00:00,147.92
2024-01-01 15:00:00,149.87
2024-01-01 16:00:00,138.4
2024-01-01 17:00:00,125.87
2024-01-01 18:00:00,110.62
2024-01-01 19:00:00,120.55
2024-01-01 20:00:00,145.35
2024-01-01 21:00:00,185.8
2024-01-01 22:00:00,190.95
2024-01-01 23:00:00,186.6
2024-01-02 00:00:00,182.58
2024-01-02 01:00:00,176.62
2024-01-02 02:00:00,184.22
2024-01-02 03:00:00,155.6
2024-01-02 04:00:00,137.53
2024-01-02 05:00:00,169.45
2024-01-02 06:00:00,177.43
2024-01-02 07:00:00,191.53
2024-01-02 08:00:00,191.55
2024-01-02 09:00:00,176.98
2024-01-02 10:00:00,161.9
2024-01-02 11:00:00,152.32
2024-01-02 12:00:00,145.02
2024-01-02 13:00:00,111.43
2024-01-02 14:00:00,111.08
2024-01-02 15:00:00,125.5
2024-01-02 16:00:00,116.32
2024-01-02 17:00:00,107.83
2024-01-02 18:00:00,135.78
2024-01-02 19:00:00,247.07
2024-01-02 20:00:00,228.8
2024-01-02 21:00:00,195.9
2024-01-02 22:00:00,153.73
2024-01-02 23:00:00,139.92
2024-01-03 00:00:00,146.53
2024-01-03 01:00:00,137.23
2024-01-03 02:00:00,115.2
2024-01-03 03:00:00,100.83
2024-01-03 04:00:00,103.82
2024-01-03 05:00:00,96.42
2024-01-03 06:00:00,105.83
2024-01-03 07:00:00,100.02
2024-01-03 08:00:00,93.53
2024-01-03 09:00:00,95.25
2024-01-03 10:00:00,123.17
2024-01-03 11:00:00,144.55
2024-01-03 12:00:00,154.37
2024-01-03 13:00:00,182.7
2024-01-03 14:00:00,251.2
2024-01-03 15:00:00,203.55
2024-01-03 16:00:00,147.08
2024-01-03 17:00:00,142.08
2024-01-03 18:00:00,162.28
2024-01-03 19:00:00,193.25
2024-01-03 20:00:00,188.93
2024-01-03 21:00:00,182.53
2024-01-03 22:00:00,194.77
2024-01-03 23:00:00,183.95
2024-01-04 00:00:00,194.12
2024-01-04 01:00:00,164.33
2024-01-04 02:00:00,168.8
2024-01-04 03:00:00,152.73
2024-01-04 04:00:00,143.85
2024-01-04 05:00:00,163.08
2024-01-04 06:00:00,149.45
2024-01-04 07:00:00,137.07
2024-01-04 08:00:00,146.3
2024-01-04 09:00:00,160.3
2024-01-04 10:00:00,175.73
2024-01-04 11:00:00,204.43
2024-01-04 12:00:00,237.58
2024-01-04 13:00:00,247.87
2024-01-04 14:00:00,215.25
2024-01-04 15:00:00,221.78
2024-01-04 16:00:00,221.73
2024-01-04 17:00:00,222.0
2024-01-04 18:00:00,217.55
2024-01-04 19:00:00,183.82
2024-01-04 20:00:00,182.69
2024-01-04 21:00:00,191.08
2024-01-04 22:00:00,157.32
2024-01-04 23:00:00,145.88
2024-01-05 00:00:00,124.97
2024-01-05 01:00:00,137.73
2024-01-05 02:00:00,138.58
2024-01-05 03:00:00,118.35
2024-01-05 04:00:00,101.07
2024-01-05 05:00:00,110.35
2024-01-05 06:00:00,117.0
2024-01-05 07:00:00,109.7
2024-01-05 08:00:00,110.53
2024-01-05 09:00:00,110.7
2024-01-05 10:00:00,123.2
2024-01-05 11:00:00,137.25
2024-01-05 12:00:00,144.52
2024-01-05 13:00:00,163.05
2024-01-05 14:00:00,186.85
2024-01-05 15:00:00,185.9
2024-01-05 16:00:00,164.33
2024-01-05 17:00:00,127.73
2024-01-05 18:00:00,124.92
2024-01-05 19:00:00,117.53
2024-01-05 20:00:00,117.77
2024-01-05 21:00:00,114.08
2024-01-05 22:00:00,125.85
2024-01-05 23:00:00,114.47
2024-01-06 00:00:00,100.1
2024-01-06 01:00:00,102.65
2024-01-06 02:00:00,86.38
2024-01-06 03:00:00,75.63
2024-01-06 04:00:00,85.32
2024-01-06 05:00:00,115.5
2024-01-06 06:00:00,113.52
2024-01-06 07:00:00,105.95
2024-01-06 08:00:00,103.13
2024-01-06 09:00:00,100.15
2024-01-06 10:00:00,107.28
2024-01-06 11:00:00,113.92
2024-01-06 12:00:00,158.1
2024-01-06 13:00:00,194.65
2024-01-06 14:00:00,187.53
2024-01-06 15:00:00,167.7
2024-01-06 16:00:00,179.63
2024-01-06 17:00:00,181.53
2024-01-06 18:00:00,167.48
2024-01-06 19:00:00,189.58
2024-01-06 20:00:00,171.52
2024-01-06 21:00:00,185.3
2024-01-06 22:00:00,158.77
2024-01-06 23:00:00,148.97
2024-01-07 00:00:00,169.53
2024-01-07 01:00:00,170.02
2024-01-07 02:00:00,147.85
2024-01-07 03:00:00,118.45
2024-01-07 04:00:00,93.8
2024-01-07 05:00:00,97.82
2024-01-07 06:00:00,101.2
2024-01-07 07:00:00,108.02
2024-01-07 08:00:00,101.0
2024-01-07 09:00:00,124.12
2024-01-07 10:00:00,114.38
2024-01-07 11:00:00,129.25
2024-01-07 12:00:00,130.08
2024-01-07 13:00:00,134.23
2024-01-07 14:00:00,164.32
2024-01-07 15:00:00,144.2
2024-01-07 16:00:00,168.83
2024-01-07 17:00:00,170.93
2024-01-07 18:00:00,147.62
2024-01-07 19:00:00,132.57
2024-01-07 20:00:00,169.58
2024-01-07 21:00:00,165.32
2024-01-07 22:00:00,157.55
2024-01-07 23:00:00,139.22
2024-01-08 00:00:00,136.0
2024-01-08 01:00:00,129.73
2024-01-08 02:00:00,115.13
2024-01-08 03:00:00,129.12
2024-01-08 04:00:00,126.65
2024-01-08 05:00:00,140.17
2024-01-08 06:00:00,128.2
2024-01-08 07:00:00,132.37
2024-01-08 08:00:00,151.26
2024-01-08 09:00:00,165.55
2024-01-08 10:00:00,182.27
2024-01-08 11:00:00,198.07
2024-01-08 12:00:00,244.18
2024-01-08 13:00:00,229.57
2024-01-08 14:00:00,230.55
2024-01-08 15:00:00,243.97
2024-01-08 16:00:00,312.8
2024-01-08 17:00:00,349.77
2024-01-08 18:00:00,312.95
2024-01-08 19:00:00,263.77
2024-01-08 20:00:00,269.88
2024-01-08 21:00:00,230.75
2024-01-08 22:00:00,217.38
2024-01-08 23:00:00,231.57
2024-01-09 00:00:00,193.35
2024-01-09 01:00:00,150.73
2024-01-09 02:00:00,113.23
2024-01-09 03:00:00,106.53
2024-01-09 04:00:00,101.68
2024-01-09 05:00:00,118.13
2024-01-09 06:00:00,128.42
2024-01-09 07:00:00,126.8
2024-01-09 08:00:00,132.67
2024-01-09 09:00:00,139.8
2024-01-09 10:00:00,137.62
2024-01-09 11:00:00,134.87
2024-01-09 12:00:00,114.85
2024-01-09 13:00:00,136.93
2024-01-09 14:00:00,121.52
2024-01-09 15:00:00,86.18
2024-01-09 16:00:00,81.57
2024-01-09 17:00:00,79.77
2024-01-09 18:00:00,81.67
2024-01-09 19:00:00,86.03
2024-01-09 20:00:00,84.62
2024-01-09 21:00:00,78.23
2024-01-09 22:00:00,73.63
2024-01-09 23:00:00,75.57
2024-01-10 00:00:00,95.83
2024-01-10 01:00:00,98.1
2024-01-10 02:00:00,99.83
2024-01-10 03:00:00,97.78
2024-01-10 04:00:00,93.58
2024-01-10 05:00:00,104.1
2024-01-10 06:00:00,79.47
2024-01-10 07:00:00,96.37
2024-01-10 08:00:00,89.68
2024-01-10 09:00:00,89.73
2024-01-10 10:00:00,112.5
2024-01-10 11:00:00,130.18
2024-01-10 12:00:00,128.92
2024-01-10 13:00:00,137.27
2024-01-10 14:00:00,148.13
2024-01-10 15:00:00,162.87
2024-01-10 16:00:00,180.67
2024-01-10 17:00:00,172.93
2024-01-10 18:00:00,142.3
2024-01-10 19:00:00,135.63
2024-01-10 20:00:00,167.45
2024-01-10 21:00:00,197.92
2024-01-10 22:00:00,206.38
2024-01-10 23:00:00,174.57
2024-01-11 00:00:00,146.88
2024-01-11 01:00:00,133.67
2024-01-11 02:00:00,159.47
2024-01-11 03:00:00,150.87
2024-01-11 04:00:00,131.07
2024-01-11 05:00:00,146.42
2024-01-11 06:00:00,151.48
2024-01-11 07:00:00,140.43
2024-01-11 08:00:00,121.77
2024-01-11 09:00:00,132.07
2024-01-11 10:00:00,136.3
2024-01-11 11:00:00,148.45
2024-01-11 12:00:00,192.05
2024-01-11 13:00:00,160.45
2024-01-11 14:00:00,156.7
2024-01-11 15:00:00,124.8
2024-01-11 16:00:00,112.4
2024-01-11 17:00:00,116.73
2024-01-11 18:00:00,137.45
2024-01-11 19:00:00,176.73
2024-01-11 20:00:00,189.07
2024-01-11 21:00:00,231.1
2024-01-11 22:00:00,215.2
2024-01-11 23:00:00,207.47
2024-01-12 00:00:00,216.85
2024-01-12 01:00:00,165.77
2024-01-12 02:00:00,142.92
2024-01-12 03:00:00,146.48
2024-01-12 04:00:00,132.12
2024-01-12 05:00:00,129.65
2024-01-12 06:00:00,123.75
2024-01-12 07:00:00,97.32
2024-01-12 08:00:00,101.35
2024-01-12 09:00:00,113.03
2024-01-12 10:00:00,122.55
2024-01-12 11:00:00,123.73
2024-01-12 12:00:00,126.9
2024-01-12 13:00:00,127.45
2024-01-12 14:00:00,119.38
2024-01-12 15:00:00,104.22
2024-01-12 16:00:00,86.23
2024-01-12 17:00:00,85.63
2024-01-12 18:00:00,123.7
2024-01-12 19:00:00,141.28
2024-01-12 20:00:00,143.18
2024-01-12 21:00:00,204.38
2024-01-12 22:00:00,282.5
2024-01-12 23:00:00,276.27
2024-01-13 00:00:00,237.6
2024-01-13 01:00:00,233.73
2024-01-13 02:00:00,204.35
2024-01-13 03:00:00,171.25
2024-01-13 04:00:00,157.92
2024-01-13 05:00:00,176.9
2024-01-13 06:00:00,171.6
2024-01-13 07:00:00,166.1
2024-01-13 08:00:00,172.98
2024-01-13 09:00:00,237.58
2024-01-13 10:00:00,302.98
2024-01-13 11:00:00,340.4
2024-01-13 12:00:00,349.25
2024-01-13 13:00:00,355.17
2024-01-13 14:00:00,319.07
2024-01-13 15:00:00,388.07
2024-01-13 16:00:00,443.07
2024-01-13 17:00:00,405.17
2024-01-13 18:00:00,436.22
2024-01-13 19:00:00,488.0
2024-01-13 20:00:00,622.25
2024-01-13 21:00:00,692.6
2024-01-13 22:00:00,739.02
2024-01-13 23:00:00,727.37
2024-01-14 00:00:00,655.22
2024-01-14 01:00:00,594.1
2024-01-14 02:00:00,576.32
2024-01-14 03:00:00,556.08
2024-01-14 04:00:00,549.52
2024-01-14 05:00:00,376.55
2024-01-14 06:00:00,243.4
2024-01-14 07:00:00,218.95
2024-01-14 08:00:00,222.17
2024-01-14 09:00:00,262.9
2024-01-14 10:00:00,309.43
2024-01-14 11:00:00,336.27
2024-01-14 12:00:00,411.69
2024-01-14 13:00:00,477.28
2024-01-14 14:00:00,362.3
2024-01-14 15:00:00,160.77
2024-01-14 16:00:00,167.22
2024-01-14 17:00:00,198.73
2024-01-14 18:00:00,175.62
2024-01-14 19:00:00,254.65
2024-01-14 20:00:00,344.07
2024-01-14 21:00:00,356.66
2024-01-14 22:00:00,297.15
2024-01-14 23:00:00,284.38
2024-01-15 00:00:00,258.68
2024-01-15 01:00:00,229.1
2024-01-15 02:00:00,181.43
2024-01-15 03:00:00,142.13
2024-01-15 04:00:00,122.97
2024-01-15 05:00:00,160.82
2024-01-15 06:00:00,150.5
2024-01-15 07:00:00,122.55
2024-01-15 08:00:00,94.38
2024-01-15 09:00:00,107.05
2024-01-15 10:00:00,140.12
2024-01-15 11:00:00,130.05
2024-01-15 12:00:00,128.02
2024-01-15 13:00:00,101.05
2024-01-15 14:00:00,105.13
2024-01-15 15:00:00,91.85
2024-01-15 16:00:00,64.83
2024-01-15 17:00:00,77.85
2024-01-15 18:00:00,112.72
2024-01-15 19:00:00,143.48
2024-01-15 20:00:00,156.75
2024-01-15 21:00:00,259.3
2024-01-15 22:00:00,298.37
2024-01-15 23:00:00,312.87
2024-01-16 00:00:00,304.97
2024-01-16 01:00:00,292.05
2024-01-16 02:00:00,214.45
2024-01-16 03:00:00,197.37
2024-01-16 04:00:00,174.83
2024-01-16 05:00:00,194.97
2024-01-16 06:00:00,153.52
2024-01-16 07:00:00,117.68
2024-01-16 08:00:00,99.65
2024-01-16 09:00:00,99.7
2024-01-16 10:00:00,113.68
2024-01-16 11:00:00,120.15
2024-01-16 12:00:00,129.2
2024-01-16 13:00:00,161.43
2024-01-16 14:00:00,133.65
2024-01-16 15:00:00,128.32
2024-01-16 16:00:00,122.87
2024-01-16 17:00:00,130.72
2024-01-16 18:00:00,138.47
2024-01-16 19:00:00,160.64
2024-01-16 20:00:00,158.97
2024-01-16 21:00:00,135.92
2024-01-16 22:00:00,128.23
2024-01-16 23:00:00,134.3
2024-01-17 00:00:00,124.4
2024-01-17 01:00:00,131.48
2024-01-17 02:00:00,118.47
2024-01-17 03:00:00,125.67
2024-01-17 04:00:00,112.68
2024-01-17 05:00:00,121.4
2024-01-17 06:00:00,143.35
2024-01-17 07:00:00,133.3
2024-01-17 08:00:00,114.18
2024-01-17 09:00:00,121.1
2024-01-17 10:00:00,120.33
2024-01-17 11:00:00,124.97
2024-01-17 12:00:00,136.11
2024-01-17 13:00:00,142.02
2024-01-17 14:00:00,133.97
2024-01-17 15:00:00,132.58
2024-01-17 16:00:00,136.4
2024-01-17 17:00:00,172.73
2024-01-17 18:00:00,156.55
2024-01-17 19:00:00,148.83
2024-01-17 20:00:00,166.65
2024-01-17 21:00:00,187.75
2024-01-17 22:00:00,184.45
2024-01-17 23:00:00,141.92
2024-01-18 00:00:00,86.03
2024-01-18 01:00:00,69.22
2024-01-18 02:00:00,62.25
2024-01-18 03:00:00,64.82
2024-01-18 04:00:00,74.92
2024-01-18 05:00:00,73.88
2024-01-18 06:00:00,76.3
2024-01-18 07:00:00,68.97
2024-01-18 08:00:00,70.73
2024-01-18 09:00:00,79.62
2024-01-18 10:00:00,82.47
2024-01-18 11:00:00,115.02
2024-01-18 12:00:00,132.33
2024-01-18 13:00:00,123.83
2024-01-18 14:00:00,118.83
2024-01-18 15:00:00,113.87
2024-01-18 16:00:00,128.22
2024-01-18 17:00:00,145.98
2024-01-18 18:00:00,190.92
2024-01-18 19:00:00,187.07
2024-01-18 20:00:00,165.2
2024-01-18 21:00:00,175.92
2024-01-18 22:00:00,218.55
2024-01-18 23:00:00,206.95
2024-01-19 00:00:00,185.57
2024-01-19 01:00:00,119.71
2024-01-19 02:00:00,122.38
2024-01-19 03:00:00,137.43
2024-01-19 04:00:00,128.62
2024-01-19 05:00:00,130.43
2024-01-19 06:00:00,137.48
2024-01-19 07:00:00,128.83
2024-01-19 08:00:00,113.67
2024-01-19 09:00:00,101.45
2024-01-19 10:00:00,119.75
2024-01-19 11:00:00,161.83
2024-01-19 12:00:00,131.38
2024-01-19 13:00:00,111.68
2024-01-19 14:00:00,108.65
2024-01-19 15:00:00,108.95
2024-01-19 16:00:00,104.0
2024-01-19 17:00:00,105.05
2024-01-19 18:00:00,98.33
2024-01-19 19:00:00,110.32
2024-01-19 20:00:00,103.08
2024-01-19 21:00:00,89.42
2024-01-19 22:00:00,99.67
2024-01-19 23:00:00,108.08
2024-01-20 00:00:00,101.7
2024-01-20 01:00:00,88.87
2024-01-20 02:00:00,84.72
2024-01-20 03:00:00,92.85
2024-01-20 04:00:00,98.88
2024-01-20 05:00:00,107.55
2024-01-20 06:00:00,111.2
2024-01-20 07:00:00,122.2
2024-01-20 08:00:00,117.85
2024-01-20 09:00:00,133.27
2024-01-20 10:00:00,140.87
2024-01-20 11:00:00,148.61
2024-01-20 12:00:00,152.15
2024-01-20 13:00:00,154.82
2024-01-20 14:00:00,164.97
2024-01-20 15:00:00,170.63
2024-01-20 16:00:00,164.77
2024-01-20 17:00:00,161.23
2024-01-20 18:00:00,222.32
2024-01-20 19:00:00,234.17
2024-01-20 20:00:00,209.45
2024-01-20 21:00:00,216.73
2024-01-20 22:00:00,250.63
2024-01-20 23:00:00,253.62
2024-01-21 00:00:00,243.32
2024-01-21 01:00:00,217.75
2024-01-21 02:00:00,197.22
2024-01-21 03:00:00,199.62
2024-01-21 04:00:00,181.12
2024-01-21 05:00:00,183.15
2024-01-21 06:00:00,158.08
2024-01-21 07:00:00,132.0
2024-01-21 08:00:00,130.38
2024-01-21 09:00:00,133.28
2024-01-21 10:00:00,143.6
2024-01-21 11:00:00,150.45
2024-01-21 12:00:00,177.23
2024-01-21 13:00:00,174.55
2024-01-21 14:00:00,148.32
2024-01-21 15:00:00,126.68
2024-01-21 16:00:00,99.8
2024-01-21 17:00:00,103.55
2024-01-21 18:00:00,116.73
2024-01-21 19:00:00,149.73
2024-01-21 20:00:00,166.65
2024-01-21 21:00:00,157.18
2024-01-21 22:00:00,157.65
2024-01-21 23:00:00,144.27
2024-01-22 00:00:00,131.63
2024-01-22 01:00:00,127.7
2024-01-22 02:00:00,130.07
2024-01-22 03:00:00,113.27
2024-01-22 04:00:00,108.07
2024-01-22 05:00:00,115.92
2024-01-22 06:00:00,112.7
2024-01-22 07:00:00,103.13
2024-01-22 08:00:00,115.63
2024-01-22 09:00:00,132.4
2024-01-22 10:00:00,127.45
2024-01-22 11:00:00,137.5
2024-01-22 12:00:00,137.93
2024-01-22 13:00:00,168.38
2024-01-22 14:00:00,194.91
2024-01-22 15:00:00,178.33
2024-01-22 16:00:00,182.07
2024-01-22 17:00:00,182.95
2024-01-22 18:00:00,190.83
2024-01-22 19:00:00,251.07
2024-01-22 20:00:00,280.83
2024-01-22 21:00:00,282.13
2024-01-22 22:00:00,275.85
2024-01-22 23:00:00,253.9
2024-01-23 00:00:00,199.73
2024-01-23 01:00:00,143.25
2024-01-23 02:00:00,126.98
2024-01-23 03:00:00,148.72
2024-01-23 04:00:00,144.28
2024-01-23 05:00:00,147.73
2024-01-23 06:00:00,126.63
2024-01-23 07:00:00,111.98
2024-01-23 08:00:00,110.7
2024-01-23 09:00:00,116.77
2024-01-23 10:00:00,111.67
2024-01-23 11:00:00,113.38
2024-01-23 12:00:00,143.0
2024-01-23 13:00:00,171.35
2024-01-23 14:00:00,198.18
2024-01-23 15:00:00,192.37
2024-01-23 16:00:00,180.47
2024-01-23 17:00:00,179.77
2024-01-23 18:00:00,206.35
2024-01-23 19:00:00,236.35
2024-01-23 20:00:00,248.1
2024-01-23 21:00:00,262.77
2024-01-23 22:00:00,270.45
2024-01-23 23:00:00,258.38
2024-01-24 00:00:00,248.8
2024-01-24 01:00:00,239.2
2024-01-24 02:00:00,259.73
2024-01-24 03:00:00,242.37
2024-01-24 04:00:00,227.05
2024-01-24 05:00:00,202.8
2024-01-24 06:00:00,194.18
2024-01-24 07:00:00,181.7
2024-01-24 08:00:00,152.42
2024-01-24 09:00:00,150.0
2024-01-24 10:00:00,167.67
2024-01-24 11:00:00,211.25
2024-01-24 12:00:00,234.17
2024-01-24 13:00:00,241.07
2024-01-24 14:00:00,220.07
2024-01-24 15:00:00,243.78
2024-01-24 16:00:00,268.55
2024-01-24 17:00:00,286.15
2024-01-24 18:00:00,242.7
2024-01-24 19:00:00,297.57
2024-01-24 20:00:00,265.7
2024-01-24 21:00:00,152.63
2024-01-24 22:00:00,141.0
2024-01-24 23:00:00,127.57
2024-01-25 00:00:00,172.8
2024-01-25 01:00:00,148.1
2024-01-25 02:00:00,132.17
2024-01-25 03:00:00,137.9
2024-01-25 04:00:00,126.5
2024-01-25 05:00:00,146.63
2024-01-25 06:00:00,123.67
2024-01-25 07:00:00,96.3
2024-01-25 08:00:00,83.87
2024-01-25 09:00:00,85.83
2024-01-25 10:00:00,72.77
2024-01-25 11:00:00,80.9
2024-01-25 12:00:00,92.47
2024-01-25 13:00:00,120.98
2024-01-25 14:00:00,172.57
2024-01-25 15:00:00,197.35
2024-01-25 16:00:00,207.08
2024-01-25 17:00:00,276.12
2024-01-25 18:00:00,241.5
2024-01-25 19:00:00,213.47
2024-01-25 20:00:00,207.32
2024-01-25 21:00:00,237.7
2024-01-25 22:00:00,295.55
2024-01-25 23:00:00,346.77
2024-01-26 00:00:00,345.48
2024-01-26 01:00:00,356.07
2024-01-26 02:00:00,387.33
2024-01-26 03:00:00,372.82
2024-01-26 04:00:00,342.65
2024-01-26 05:00:00,322.95
2024-01-26 06:00:00,252.02
2024-01-26 07:00:00,191.82
2024-01-26 08:00:00,161.17
2024-01-26 09:00:00,190.88
2024-01-26 10:00:00,335.73
2024-01-26 11:00:00,358.05
2024-01-26 12:00:00,430.35
2024-01-26 13:00:00,300.4
2024-01-26 14:00:00,234.15
2024-01-26 15:00:00,234.55
2024-01-26 16:00:00,238.23
2024-01-26 17:00:00,194.4
2024-01-26 18:00:00,206.98
2024-01-26 19:00:00,273.4
2024-01-26 20:00:00,396.12
2024-01-26 21:00:00,299.45
2024-01-26 22:00:00,272.03
2024-01-26 23:00:00,330.6
2024-01-27 00:00:00,321.77
2024-01-27 01:00:00,300.57
2024-01-27 02:00:00,284.73
2024-01-27 03:00:00,219.38
2024-01-27 04:00:00,191.1
2024-01-27 05:00:00,182.38
2024-01-27 06:00:00,170.83
2024-01-27 07:00:00,155.0
2024-01-27 08:00:00,147.4
2024-01-27 09:00:00,132.68
2024-01-27 10:00:00,108.57
2024-01-27 11:00:00,79.02
2024-01-27 12:00:00,68.73
2024-01-27 13:00:00,68.34
2024-01-27 14:00:00,57.6
2024-01-27 15:00:00,80.05
2024-01-27 16:00:00,86.32
2024-01-27 17:00:00,76.68
2024-01-27 18:00:00,116.95
2024-01-27 19:00:00,156.52
2024-01-27 20:00:00,219.8
2024-01-27 21:00:00,235.07
2024-01-27 22:00:00,258.62
2024-01-27 23:00:00,247.47
2024-01-28 00:00:00,238.05
2024-01-28 01:00:00,239.25
2024-01-28 02:00:00,242.95
2024-01-28 03:00:00,208.03
2024-01-28 04:00:00,188.83
2024-01-28 05:00:00,191.42
2024-01-28 06:00:00,191.35
2024-01-28 07:00:00,190.48
2024-01-28 08:00:00,176.3
2024-01-28 09:00:00,215.72
2024-01-28 10:00:00,335.23
2024-01-28 11:00:00,320.0
2024-01-28 12:00:00,238.87
2024-01-28 13:00:00,238.83
2024-01-28 14:00:00,225.85
2024-01-28 15:00:00,197.95
2024-01-28 16:00:00,154.93
2024-01-28 17:00:00,148.92
2024-01-28 18:00:00,186.47
2024-01-28 19:00:00,197.3
2024-01-28 20:00:00,184.32
2024-01-28 21:00:00,159.15
2024-01-28 22:00:00,140.3
2024-01-28 23:00:00,143.47
2024-01-29 00:00:00,139.28
2024-01-29 01:00:00,137.75
2024-01-29 02:00:00,119.13
2024-01-29 03:00:00,118.05
2024-01-29 04:00:00,122.2
2024-01-29 05:00:00,131.62
2024-01-29 06:00:00,128.78
2024-01-29 07:00:00,108.1
2024-01-29 08:00:00,108.28
2024-01-29 09:00:00,123.62
2024-01-29 10:00:00,156.27
2024-01-29 11:00:00,157.0
2024-01-29 12:00:00,145.33
2024-01-29 13:00:00,155.27
2024-01-29 14:00:00,141.38
2024-01-29 15:00:00,127.37
2024-01-29 16:00:00,120.83
2024-01-29 17:00:00,124.08
2024-01-29 18:00:00,125.13
2024-01-29 19:00:00,139.27
2024-01-29 20:00:00,268.37
2024-01-29 21:00:00,244.13
2024-01-29 22:00:00,227.7
2024-01-29 23:00:00,220.28
2024-01-30 00:00:00,244.43
2024-01-30 01:00:00,213.38
2024-01-30 02:00:00,193.4
2024-01-30 03:00:00,176.23
2024-01-30 04:00:00,161.15
2024-01-30 05:00:00,174.65
2024-01-30 06:00:00,147.85
2024-01-30 07:00:00,113.67
2024-01-30 08:00:00,106.25
2024-01-30 09:00:00,110.15
2024-01-30 10:00:00,121.78
2024-01-30 11:00:00,155.8
2024-01-30 12:00:00,210.33
2024-01-30 13:00:00,249.65
2024-01-30 14:00:00,234.7
2024-01-30 15:00:00,257.75
2024-01-30 16:00:00,287.02
2024-01-30 17:00:00,288.43
2024-01-30 18:00:00,264.82
2024-01-30 19:00:00,246.57
2024-01-30 20:00:00,250.92
2024-01-30 21:00:00,218.05
2024-01-30 22:00:00,215.83
2024-01-30 23:00:00,230.18
2024-01-31 00:00:00,257.3
2024-01-31 01:00:00,237.65
2024-01-31 02:00:00,236.85
2024-01-31 03:00:00,206.82
2024-01-31 04:00:00,195.25
2024-01-31 05:00:00,184.17
2024-01-31 06:00:00,154.05
2024-01-31 07:00:00,145.55
2024-01-31 08:00:00,128.18
2024-01-31 09:00:00,128.45
2024-01-31 10:00:00,133.05
2024-01-31 11:00:00,128.93
2024-01-31 12:00:00,178.7
2024-01-31 13:00:00,205.17
2024-01-31 14:00:00,227.45
2024-01-31 15:00:00,174.0
2024-01-31 16:00:00,202.78
2024-01-31 17:00:00,202.53
2024-01-31 18:00:00,172.67
2024-01-31 19:00:00,133.9
2024-01-31 20:00:00,132.42
2024-01-31 21:00:00,92.89
2024-01-31 22:00:00,90.95
2024-01-31 23:00:00,74.45
2024-02-01 00:00:00,56.2
2024-02-01 01:00:00,32.72
2024-02-01 02:00:00,28.35
2024-02-01 03:00:00,22.42
2024-02-01 04:00:00,24.67
2024-02-01 05:00:00,21.23
2024-02-01 06:00:00,29.4
2024-02-01 07:00:00,33.53
2024-02-01 08:00:00,25.4
2024-02-01 09:00:00,27.25
2024-02-01 10:00:00,27.58
2024-02-01 11:00:00,14.67
2024-02-01 12:00:00,23.13
2024-02-01 13:00:00,40.28
2024-02-01 14:00:00,54.68
2024-02-01 15:00:00,49.28
2024-02-01 16:00:00,53.08
2024-02-01 17:00:00,59.28
2024-02-01 18:00:00,76.25
2024-02-01 19:00:00,85.0
2024-02-01 20:00:00,79.53
2024-02-01 21:00:00,74.48
2024-02-01 22:00:00,69.28
2024-02-01 23:00:00,64.65
2024-02-02 00:00:00,64.78
2024-02-02 01:00:00,90.52
2024-02-02 02:00:00,120.25
2024-02-02 03:00:00,116.5
2024-02-02 04:00:00,90.33
2024-02-02 05:00:00,118.57
2024-02-02 06:00:00,107.17
2024-02-02 07:00:00,61.87
2024-02-02 08:00:00,121.3
2024-02-02 09:00:00,71.42
2024-02-02 10:00:00,65.88
2024-02-02 11:00:00,81.12
2024-02-02 12:00:00,101.77
2024-02-02 13:00:00,112.97
2024-02-02 14:00:00,124.98
2024-02-02 15:00:00,147.47
2024-02-02 16:00:00,126.97
2024-02-02 17:00:00,93.47
2024-02-02 18:00:00,79.83
2024-02-02 19:00:00,87.75
2024-02-02 20:00:00,86.67
2024-02-02 21:00:00,86.85
2024-02-02 22:00:00,82.08
2024-02-02 23:00:00,78.15
2024-02-03 00:00:00,70.08
2024-02-03 01:00:00,74.37
2024-02-03 02:00:00,68.93
2024-02-03 03:00:00,72.87
2024-02-03 04:00:00,61.83
2024-02-03 05:00:00,55.57
2024-02-03 06:00:00,68.65
2024-02-03 07:00:00,80.64
2024-02-03 08:00:00,81.28
2024-02-03 09:00:00,88.0
2024-02-03 10:00:00,74.77
2024-02-03 11:00:00,53.18
2024-02-03 12:00:00,35.07
2024-02-03 13:00:00,36.2
2024-02-03 14:00:00,30.38
2024-02-03 15:00:00,25.73
2024-02-03 16:00:00,31.37
2024-02-03 17:00:00,58.78
2024-02-03 18:00:00,58.7
2024-02-03 19:00:00,64.95
2024-02-03 20:00:00,80.07
2024-02-03 21:00:00,91.45
2024-02-03 22:00:00,127.37
2024-02-03 23:00:00,153.25
2024-02-04 00:00:00,162.47
2024-02-04 01:00:00,142.78
2024-02-04 02:00:00,127.92
2024-02-04 03:00:00,134.67
2024-02-04 04:00:00,123.35
2024-02-04 05:00:00,110.38
2024-02-04 06:00:00,105.2
2024-02-04 07:00:00,95.77
2024-02-04 08:00:00,87.93
2024-02-04 09:00:00,93.57
2024-02-04 10:00:00,122.15
2024-02-04 11:00:00,91.82
2024-02-04 12:00:00,64.63
2024-02-04 13:00:00,73.48
2024-02-04 14:00:00,64.88
2024-02-04 15:00:00,62.13
2024-02-04 16:00:00,63.18
2024-02-04 17:00:00,77.7
2024-02-04 18:00:00,60.88
2024-02-04 19:00:00,81.43
2024-02-04 20:00:00,82.97
2024-02-04 21:00:00,83.85
2024-02-04 22:00:00,73.02
2024-02-04 23:00:00,62.17
2024-02-05 00:00:00,49.1
2024-02-05 01:00:00,50.4
2024-02-05 02:00:00,49.03
2024-02-05 03:00:00,50.38
2024-02-05 04:00:00,57.78
2024-02-05 05:00:00,67.32
2024-02-05 06:00:00,59.4
2024-02-05 07:00:00,67.58
2024-02-05 08:00:00,72.83
2024-02-05 09:00:00,66.4
2024-02-05 10:00:00,74.62
2024-02-05 11:00:00,43.47
2024-02-05 12:00:00,44.05
2024-02-05 13:00:00,41.92
2024-02-05 14:00:00,54.27
2024-02-05 15:00:00,62.36
2024-02-05 16:00:00,55.98
2024-02-05 17:00:00,52.95
2024-02-05 18:00:00,74.05
2024-02-05 19:00:00,74.17
2024-02-05 20:00:00,66.43
2024-02-05 21:00:00,86.07
2024-02-05 22:00:00,87.32
2024-02-05 23:00:00,65.47
2024-02-06 00:00:00,45.25
2024-02-06 01:00:00,43.4
2024-02-06 02:00:00,48.67
2024-02-06 03:00:00,56.03
2024-02-06 04:00:00,55.25
2024-02-06 05:00:00,65.82
2024-02-06 06:00:00,63.2
2024-02-06 07:00:00,54.8
2024-02-06 08:00:00,53.48
2024-02-06 09:00:00,69.37
2024-02-06 10:00:00,65.62
2024-02-06 11:00:00,51.02
2024-02-06 12:00:00,36.93
2024-02-06 13:00:00,29.0
2024-02-06 14:00:00,31.55
2024-02-06 15:00:00,24.45
2024-02-06 16:00:00,22.95
2024-02-06 17:00:00,35.65
2024-02-06 18:00:00,41.03
2024-02-06 19:00:00,78.35
2024-02-06 20:00:00,90.93
2024-02-06 21:00:00,91.88
2024-02-06 22:00:00,116.95
2024-02-06 23:00:00,128.07
2024-02-07 00:00:00,110.83
2024-02-07 01:00:00,82.9
2024-02-07 02:00:00,72.95
2024-02-07 03:00:00,70.32
2024-02-07 04:00:00,65.92
2024-02-07 05:00:00,62.65
2024-02-07 06:00:00,81.07
2024-02-07 07:00:00,95.02
2024-02-07 08:00:00,76.15
2024-02-07 09:00:00,60.6
2024-02-07 10:00:00,39.6
2024-02-07 11:00:00,31.53
2024-02-07 12:00:00,30.73
2024-02-07 13:00:00,28.48
2024-02-07 14:00:00,32.03
2024-02-07 15:00:00,33.82
2024-02-07 16:00:00,36.42
2024-02-07 17:00:00,41.95
2024-02-07 18:00:00,52.67
2024-02-07 19:00:00,63.57
2024-02-07 20:00:00,69.88
2024-02-07 21:00:00,83.32
2024-02-07 22:00:00,88.23
2024-02-07 23:00:00,85.05
2024-02-08 00:00:00,82.67
2024-02-08 01:00:00,76.47
2024-02-08 02:00:00,70.22
2024-02-08 03:00:00,62.57
2024-02-08 04:00:00,59.85
2024-02-08 05:00:00,69.52
2024-02-08 06:00:00,58.98
2024-02-08 07:00:00,60.32
2024-02-08 08:00:00,51.9
2024-02-08 09:00:00,54.15
2024-02-08 10:00:00,60.48
2024-02-08 11:00:00,40.57
2024-02-08 12:00:00,38.9
2024-02-08 13:00:00,35.43
2024-02-08 14:00:00,35.08
2024-02-08 15:00:00,23.65
2024-02-08 16:00:00,27.78
2024-02-08 17:00:00,38.55
2024-02-08 18:00:00,39.77
2024-02-08 19:00:00,52.21
2024-02-08 20:00:00,61.48
2024-02-08 21:00:00,68.63
2024-02-08 22:00:00,65.57
2024-02-08 23:00:00,60.18
2024-02-09 00:00:00,55.87
2024-02-09 01:00:00,49.68
2024-02-09 02:00:00,42.35
2024-02-09 03:00:00,48.65
2024-02-09 04:00:00,48.42
2024-02-09 05:00:00,52.23
2024-02-09 06:00:00,47.62
2024-02-09 07:00:00,45.73
2024-02-09 08:00:00,41.4
2024-02-09 09:00:00,48.38
2024-02-09 10:00:00,62.48
2024-02-09 11:00:00,46.65
2024-02-09 12:00:00,38.05
2024-02-09 13:00:00,33.65
2024-02-09 14:00:00,31.88
2024-02-09 15:00:00,19.78
2024-02-09 16:00:00,26.63
2024-02-09 17:00:00,27.45
2024-02-09 18:00:00,54.5
2024-02-09 19:00:00,79.17
2024-02-09 20:00:00,144.67
2024-02-09 21:00:00,181.9
2024-02-09 22:00:00,202.13
2024-02-09 23:00:00,186.68
2024-02-10 00:00:00,220.95
2024-02-10 01:00:00,218.63
2024-02-10 02:00:00,228.53
2024-02-10 03:00:00,206.9
2024-02-10 04:00:00,189.08
2024-02-10 05:00:00,191.85
2024-02-10 06:00:00,197.3
2024-02-10 07:00:00,200.73
2024-02-10 08:00:00,200.45
2024-02-10 09:00:00,202.78
2024-02-10 10:00:00,199.58
2024-02-10 11:00:00,168.75
2024-02-10 12:00:00,102.48
2024-02-10 13:00:00,108.6
2024-02-10 14:00:00,122.13
2024-02-10 15:00:00,129.38
2024-02-10 16:00:00,109.22
2024-02-10 17:00:00,100.38
2024-02-10 18:00:00,107.97
2024-02-10 19:00:00,171.55
2024-02-10 20:00:00,180.13
2024-02-10 21:00:00,174.2
2024-02-10 22:00:00,165.93
2024-02-10 23:00:00,197.87
2024-02-11 00:00:00,190.88
2024-02-11 01:00:00,180.55
2024-02-11 02:00:00,166.23
2024-02-11 03:00:00,158.58
2024-02-11 04:00:00,159.42
2024-02-11 05:00:00,184.87
2024-02-11 06:00:00,167.77
2024-02-11 07:00:00,176.75
2024-02-11 08:00:00,164.77
2024-02-11 09:00:00,154.77
2024-02-11 10:00:00,133.1
2024-02-11 11:00:00,123.68
2024-02-11 12:00:00,112.9
2024-02-11 13:00:00,92.4
2024-02-11 14:00:00,77.12
2024-02-11 15:00:00,69.97
2024-02-11 16:00:00,77.0
2024-02-11 17:00:00,80.88
2024-02-11 18:00:00,102.17
2024-02-11 19:00:00,140.17
2024-02-11 20:00:00,160.47
2024-02-11 21:00:00,162.62
2024-02-11 22:00:00,161.03
2024-02-11 23:00:00,168.2
2024-02-12 00:00:00,158.23
2024-02-12 01:00:00,156.2
2024-02-12 02:00:00,135.17
2024-02-12 03:00:00,140.47
2024-02-12 04:00:00,155.92
2024-02-12 05:00:00,154.43
2024-02-12 06:00:00,153.6
2024-02-12 07:00:00,151.58
2024-02-12 08:00:00,144.5
2024-02-12 09:00:00,128.03
2024-02-12 10:00:00,103.18
2024-02-12 11:00:00,99.88
2024-02-12 12:00:00,91.8
2024-02-12 13:00:00,114.5
2024-02-12 14:00:00,95.23
2024-02-12 15:00:00,77.55
2024-02-12 16:00:00,80.63
2024-02-12 17:00:00,85.02
2024-02-12 18:00:00,110.7
2024-02-12 19:00:00,126.97
2024-02-12 20:00:00,134.77
2024-02-12 21:00:00,145.63
2024-02-12 22:00:00,197.95
2024-02-12 23:00:00,193.95
2024-02-13 00:00:00,177.8
2024-02-13 01:00:00,177.05
2024-02-13 02:00:00,174.15
2024-02-13 03:00:00,192.22
2024-02-13 04:00:00,198.58
2024-02-13 05:00:00,212.63
2024-02-13 06:00:00,204.83
2024-02-13 07:00:00,202.87
2024-02-13 08:00:00,198.98
2024-02-13 09:00:00,198.8
2024-02-13 10:00:00,223.27
2024-02-13 11:00:00,213.03
2024-02-13 12:00:00,145.2
2024-02-13 13:00:00,107.02
2024-02-13 14:00:00,99.63
2024-02-13 15:00:00,109.3
2024-02-13 16:00:00,93.82
2024-02-13 17:00:00,97.8
2024-02-13 18:00:00,124.27
2024-02-13 19:00:00,170.77
2024-02-13 20:00:00,215.18
2024-02-13 21:00:00,190.82
2024-02-13 22:00:00,198.13
2024-02-13 23:00:00,232.02
2024-02-14 00:00:00,227.02
2024-02-14 01:00:00,214.27
2024-02-14 02:00:00,201.15
2024-02-14 03:00:00,209.33
2024-02-14 04:00:00,205.08
2024-02-14 05:00:00,194.35
2024-02-14 06:00:00,198.37
2024-02-14 07:00:00,167.62
2024-02-14 08:00:00,150.03
2024-02-14 09:00:00,150.77
2024-02-14 10:00:00,128.15
2024-02-14 11:00:00,142.78
2024-02-14 12:00:00,142.3
2024-02-14 13:00:00,110.03
2024-02-14 14:00:00,94.23
2024-02-14 15:00:00,72.77
2024-02-14 16:00:00,77.87
2024-02-14 17:00:00,77.57
2024-02-14 18:00:00,90.1
2024-02-14 19:00:00,99.92
2024-02-14 20:00:00,122.37
2024-02-14 21:00:00,142.0
2024-02-14 22:00:00,158.58
2024-02-14 23:00:00,152.42
2024-02-15 00:00:00,130.73
2024-02-15 01:00:00,128.05
2024-02-15 02:00:00,113.92
2024-02-15 03:00:00,116.3
2024-02-15 04:00:00,133.6
2024-02-15 05:00:00,125.97
2024-02-15 06:00:00,130.88
2024-02-15 07:00:00,130.05
2024-02-15 08:00:00,142.4
2024-02-15 09:00:00,136.9
2024-02-15 10:00:00,120.4
2024-02-15 11:00:00,102.43
2024-02-15 12:00:00,77.82
2024-02-15 13:00:00,51.7
2024-02-15 14:00:00,60.12
2024-02-15 15:00:00,45.72
2024-02-15 16:00:00,53.92
2024-02-15 17:00:00,62.37
2024-02-15 18:00:00,78.98
2024-02-15 19:00:00,82.73
2024-02-15 20:00:00,86.19
2024-02-15 21:00:00,124.88
2024-02-15 22:00:00,148.12
2024-02-15 23:00:00,150.68
2024-02-16 00:00:00,150.17
2024-02-16 01:00:00,142.9
2024-02-16 02:00:00,125.72
2024-02-16 03:00:00,107.18
2024-02-16 04:00:00,113.82
2024-02-16 05:00:00,126.1
2024-02-16 06:00:00,140.57
2024-02-16 07:00:00,136.88
2024-02-16 08:00:00,128.75
2024-02-16 09:00:00,89.28
2024-02-16 10:00:00,93.47
2024-02-16 11:00:00,104.87
2024-02-16 12:00:00,71.77
2024-02-16 13:00:00,50.63
2024-02-16 14:00:00,44.17
2024-02-16 15:00:00,47.0
2024-02-16 16:00:00,37.38
2024-02-16 17:00:00,34.87
2024-02-16 18:00:00,59.2
2024-02-16 19:00:00,87.13
2024-02-16 20:00:00,102.02
2024-02-16 21:00:00,121.1
2024-02-16 22:00:00,155.63
2024-02-16 23:00:00,157.07
2024-02-17 00:00:00,164.93
2024-02-17 01:00:00,188.47
2024-02-17 02:00:00,171.27
2024-02-17 03:00:00,141.45
2024-02-17 04:00:00,129.82
2024-02-17 05:00:00,128.45
2024-02-17 06:00:00,132.97
2024-02-17 07:00:00,120.2
2024-02-17 08:00:00,97.52
2024-02-17 09:00:00,97.08
2024-02-17 10:00:00,81.68
2024-02-17 11:00:00,64.72
2024-02-17 12:00:00,50.17
2024-02-17 13:00:00,57.93
2024-02-17 14:00:00,53.2
2024-02-17 15:00:00,50.33
2024-02-17 16:00:00,50.85
2024-02-17 17:00:00,55.82
2024-02-17 18:00:00,73.27
2024-02-17 19:00:00,82.1
2024-02-17 20:00:00,93.12
2024-02-17 21:00:00,143.82
2024-02-17 22:00:00,161.33
2024-02-17 23:00:00,170.72
2024-02-18 00:00:00,177.55
2024-02-18 01:00:00,208.58
2024-02-18 02:00:00,203.37
2024-02-18 03:00:00,179.8
2024-02-18 04:00:00,146.3
2024-02-18 05:00:00,146.42
2024-02-18 06:00:00,171.83
2024-02-18 07:00:00,162.98
2024-02-18 08:00:00,172.17
2024-02-18 09:00:00,152.33
2024-02-18 10:00:00,125.87
2024-02-18 11:00:00,127.08
2024-02-18 12:00:00,96.95
2024-02-18 13:00:00,83.78
2024-02-18 14:00:00,64.47
2024-02-18 15:00:00,56.92
2024-02-18 16:00:00,60.67
2024-02-18 17:00:00,64.58
2024-02-18 18:00:00,67.7
2024-02-18 19:00:00,86.13
2024-02-18 20:00:00,107.07
2024-02-18 21:00:00,109.67
2024-02-18 22:00:00,99.18
2024-02-18 23:00:00,95.65
2024-02-19 00:00:00,91.18
2024-02-19 01:00:00,78.52
2024-02-19 02:00:00,76.88
2024-02-19 03:00:00,71.37
2024-02-19 04:00:00,77.17
2024-02-19 05:00:00,89.55
2024-02-19 06:00:00,85.4
2024-02-19 07:00:00,79.27
2024-02-19 08:00:00,68.5
2024-02-19 09:00:00,73.22
2024-02-19 10:00:00,70.67
2024-02-19 11:00:00,73.67
2024-02-19 12:00:00,64.58
2024-02-19 13:00:00,54.73
2024-02-19 14:00:00,50.7
2024-02-19 15:00:00,43.38
2024-02-19 16:00:00,38.92
2024-02-19 17:00:00,41.48
2024-02-19 18:00:00,39.9
2024-02-19 19:00:00,69.47
2024-02-19 20:00:00,101.18
2024-02-19 21:00:00,88.07
2024-02-19 22:00:00,95.73
2024-02-19 23:00:00,87.97
2024-02-20 00:00:00,85.45
2024-02-20 01:00:00,84.52
2024-02-20 02:00:00,84.75
2024-02-20 03:00:00,78.52
2024-02-20 04:00:00,75.38
2024-02-20 05:00:00,95.9
2024-02-20 06:00:00,110.18
2024-02-20 07:00:00,96.05
2024-02-20 08:00:00,86.6
2024-02-20 09:00:00,96.0
2024-02-20 10:00:00,93.9
2024-02-20 11:00:00,85.83
2024-02-20 12:00:00,91.95
2024-02-20 13:00:00,113.18
2024-02-20 14:00:00,103.88
2024-02-20 15:00:00,90.58
2024-02-20 16:00:00,87.12
2024-02-20 17:00:00,81.02
2024-02-20 18:00:00,92.75
2024-02-20 19:00:00,120.78
2024-02-20 20:00:00,123.15
2024-02-20 21:00:00,122.07
2024-02-20 22:00:00,169.87
2024-02-20 23:00:00,170.25
2024-02-21 00:00:00,163.83
2024-02-21 01:00:00,151.87
2024-02-21 02:00:00,130.6
2024-02-21 03:00:00,75.77
2024-02-21 04:00:00,76.62
2024-02-21 05:00:00,86.35
2024-02-21 06:00:00,91.47
2024-02-21 07:00:00,91.0
2024-02-21 08:00:00,105.65
2024-02-21 09:00:00,90.53
2024-02-21 10:00:00,78.65
2024-02-21 11:00:00,88.03
2024-02-21 12:00:00,85.93
2024-02-21 13:00:00,68.63
2024-02-21 14:00:00,44.58
2024-02-21 15:00:00,37.95
2024-02-21 16:00:00,36.12
2024-02-21 17:00:00,32.87
2024-02-21 18:00:00,43.43
2024-02-21 19:00:00,53.62
2024-02-21 20:00:00,62.37
2024-02-21 21:00:00,52.9
2024-02-21 22:00:00,64.0
2024-02-21 23:00:00,57.97
2024-02-22 00:00:00,61.87
2024-02-22 01:00:00,72.12
2024-02-22 02:00:00,68.17
2024-02-22 03:00:00,61.52
2024-02-22 04:00:00,66.83
2024-02-22 05:00:00,70.23
2024-02-22 06:00:00,68.88
2024-02-22 07:00:00,69.2
2024-02-22 08:00:00,64.42
2024-02-22 09:00:00,76.78
2024-02-22 10:00:00,88.78
2024-02-22 11:00:00,104.03
2024-02-22 12:00:00,43.18
2024-02-22 13:00:00,27.93
2024-02-22 14:00:00,21.9
2024-02-22 15:00:00,25.92
2024-02-22 16:00:00,22.22
2024-02-22 17:00:00,36.02
2024-02-22 18:00:00,34.43
2024-02-22 19:00:00,35.52
2024-02-22 20:00:00,57.35
2024-02-22 21:00:00,56.45
2024-02-22 22:00:00,69.17
2024-02-22 23:00:00,82.17
2024-02-23 00:00:00,80.13
2024-02-23 01:00:00,65.52
2024-02-23 02:00:00,63.9
2024-02-23 03:00:00,76.38
2024-02-23 04:00:00,69.1
2024-02-23 05:00:00,67.95
2024-02-23 06:00:00,84.53
2024-02-23 07:00:00,91.7
2024-02-23 08:00:00,58.67
2024-02-23 09:00:00,61.22
2024-02-23 10:00:00,51.65
2024-02-23 11:00:00,40.83
2024-02-23 12:00:00,23.9
2024-02-23 13:00:00,22.73
2024-02-23 14:00:00,26.13
2024-02-23 15:00:00,22.03
2024-02-23 16:00:00,16.77
2024-02-23 17:00:00,24.08
2024-02-23 18:00:00,43.5
2024-02-23 19:00:00,51.95
2024-02-23 20:00:00,87.45
2024-02-23 21:00:00,75.83
2024-02-23 22:00:00,83.05
2024-02-23 23:00:00,83.98
2024-02-24 00:00:00,91.07
2024-02-24 01:00:00,119.1
2024-02-24 02:00:00,128.37
2024-02-24 03:00:00,128.93
2024-02-24 04:00:00,110.13
2024-02-24 05:00:00,105.4
2024-02-24 06:00:00,104.73
2024-02-24 07:00:00,109.08
2024-02-24 08:00:00,122.38
2024-02-24 09:00:00,75.12
2024-02-24 10:00:00,59.75
2024-02-24 11:00:00,73.63
2024-02-24 12:00:00,50.25
2024-02-24 13:00:00,31.5
2024-02-24 14:00:00,29.97
2024-02-24 15:00:00,59.93
2024-02-24 16:00:00,40.28
2024-02-24 17:00:00,48.45
2024-02-24 18:00:00,61.9
2024-02-24 19:00:00,94.68
2024-02-24 20:00:00,158.5
2024-02-24 21:00:00,207.52
2024-02-24 22:00:00,179.23
2024-02-24 23:00:00,113.27
2024-02-25 00:00:00,76.2
2024-02-25 01:00:00,60.78
2024-02-25 02:00:00,81.18
2024-02-25 03:00:00,82.53
2024-02-25 04:00:00,89.47
2024-02-25 05:00:00,88.28
2024-02-25 06:00:00,106.38
2024-02-25 07:00:00,127.9
2024-02-25 08:00:00,115.8
2024-02-25 09:00:00,86.82
2024-02-25 10:00:00,75.52
2024-02-25 11:00:00,56.63
2024-02-25 12:00:00,34.07
2024-02-25 13:00:00,19.77
2024-02-25 14:00:00,23.43
2024-02-25 15:00:00,19.67
2024-02-25 16:00:00,21.25
2024-02-25 17:00:00,31.42
2024-02-25 18:00:00,31.98
2024-02-25 19:00:00,40.83
2024-02-25 20:00:00,54.42
2024-02-25 21:00:00,74.33
2024-02-25 22:00:00,91.08
2024-02-25 23:00:00,84.9
2024-02-26 00:00:00,79.43
2024-02-26 01:00:00,92.82
2024-02-26 02:00:00,81.85
2024-02-26 03:00:00,72.78
2024-02-26 04:00:00,62.0
2024-02-26 05:00:00,66.97
2024-02-26 06:00:00,81.77
2024-02-26 07:00:00,86.98
2024-02-26 08:00:00,66.68
2024-02-26 09:00:00,70.13
2024-02-26 10:00:00,59.75
2024-02-26 11:00:00,30.92
2024-02-26 12:00:00,27.63
2024-02-26 13:00:00,34.27
2024-02-26 14:00:00,43.52
2024-02-26 15:00:00,44.58
2024-02-26 16:00:00,51.18
2024-02-26 17:00:00,51.03
2024-02-26 18:00:00,52.32
2024-02-26 19:00:00,66.18
2024-02-26 20:00:00,107.55
2024-02-26 21:00:00,163.82
2024-02-26 22:00:00,184.83
2024-02-26 23:00:00,141.55
2024-02-27 00:00:00,84.97
2024-02-27 01:00:00,91.12
2024-02-27 02:00:00,78.13
2024-02-27 03:00:00,85.42
2024-02-27 04:00:00,84.3
2024-02-27 05:00:00,77.1
2024-02-27 06:00:00,76.67
2024-02-27 07:00:00,53.27
2024-02-27 08:00:00,36.87
2024-02-27 09:00:00,32.88
2024-02-27 10:00:00,18.9
2024-02-27 11:00:00,25.58
2024-02-27 12:00:00,19.25
2024-02-27 13:00:00,22.22
2024-02-27 14:00:00,17.5
2024-02-27 15:00:00,21.85
2024-02-27 16:00:00,17.58
2024-02-27 17:00:00,15.42
2024-02-27 18:00:00,21.5
2024-02-27 19:00:00,44.87
2024-02-27 20:00:00,70.15
2024-02-27 21:00:00,79.98
2024-02-27 22:00:00,70.77
2024-02-27 23:00:00,62.02
2024-02-28 00:00:00,62.57
2024-02-28 01:00:00,56.18
2024-02-28 02:00:00,59.8
2024-02-28 03:00:00,71.03
2024-02-28 04:00:00,64.38
2024-02-28 05:00:00,56.5
2024-02-28 06:00:00,64.68
2024-02-28 07:00:00,74.1
2024-02-28 08:00:00,57.87
2024-02-28 09:00:00,61.43
2024-02-28 10:00:00,51.7
2024-02-28 11:00:00,56.7
2024-02-28 12:00:00,39.07
2024-02-28 13:00:00,26.83
2024-02-28 14:00:00,21.87
2024-02-28 15:00:00,24.52
2024-02-28 16:00:00,29.28
2024-02-28 17:00:00,29.72
2024-02-28 18:00:00,35.77
2024-02-28 19:00:00,46.42
2024-02-28 20:00:00,49.62
2024-02-28 21:00:00,60.45
2024-02-28 22:00:00,67.02
2024-02-28 23:00:00,64.58
2024-02-29 00:00:00,71.13
2024-02-29 01:00:00,72.57
2024-02-29 02:00:00,55.95
2024-02-29 03:00:00,61.12
2024-02-29 04:00:00,60.95
2024-02-29 05:00:00,70.25
2024-02-29 06:00:00,63.72
2024-02-29 07:00:00,69.15
2024-02-29 08:00:00,71.1
2024-02-29 09:00:00,61.47
2024-02-29 10:00:00,55.77
2024-02-29 11:00:00,53.87
2024-02-29 12:00:00,45.05
2024-02-29 13:00:00,37.75
2024-02-29 14:00:00,40.65
2024-02-29 15:00:00,23.03
2024-02-29 16:00:00,33.88
2024-02-29 17:00:00,23.33
2024-02-29 18:00:00,36.85
2024-02-29 19:00:00,48.68
2024-02-29 20:00:00,55.5
2024-02-29 21:00:00,79.95
2024-02-29 22:00:00,87.25
2024-02-29 23:00:00,111.72
2024-03-01 00:00:00,124.5
2024-03-01 01:00:00,124.2
2024-03-01 02:00:00,117.63
2024-03-01 03:00:00,107.6
2024-03-01 04:00:00,90.35
2024-03-01 05:00:00,92.73
2024-03-01 06:00:00,103.52
2024-03-01 07:00:00,108.0
2024-03-01 08:00:00,109.6
2024-03-01 09:00:00,91.78
2024-03-01 10:00:00,73.05
2024-03-01 11:00:00,70.58
2024-03-01 12:00:00,65.33
2024-03-01 13:00:00,55.13
2024-03-01 14:00:00,45.92
2024-03-01 15:00:00,43.5
2024-03-01 16:00:00,42.25
2024-03-01 17:00:00,35.93
2024-03-01 18:00:00,39.97
2024-03-01 19:00:00,57.05
2024-03-01 20:00:00,69.0
2024-03-01 21:00:00,74.27
2024-03-01 22:00:00,69.5
2024-03-01 23:00:00,57.32
2024-03-02 00:00:00,47.52
2024-03-02 01:00:00,41.88
2024-03-02 02:00:00,29.37
2024-03-02 03:00:00,24.95
2024-03-02 04:00:00,19.5
2024-03-02 05:00:00,32.97
2024-03-02 06:00:00,28.6
2024-03-02 07:00:00,21.57
2024-03-02 08:00:00,21.93
2024-03-02 09:00:00,23.98
2024-03-02 10:00:00,5.71
2024-03-02 11:00:00,21.9
2024-03-02 12:00:00,26.72
2024-03-02 13:00:00,22.08
2024-03-02 14:00:00,27.73
2024-03-02 15:00:00,23.8
2024-03-02 16:00:00,25.17
2024-03-02 17:00:00,24.65
2024-03-02 18:00:00,22.05
2024-03-03 11:00:00,36.71
2024-03-03 12:00:00,45.13
2024-03-03 13:00:00,51.12
2024-03-03 14:00:00,47.17
2024-03-03 15:00:00,40.95
2024-03-03 16:00:00,27.37
2024-03-03 17:00:00,30.93
2024-03-03 18:00:00,48.7
2024-03-03 19:00:00,45.25
2024-03-03 20:00:00,56.38
2024-03-03 21:00:00,52.25
2024-03-03 22:00:00,47.35
2024-03-03 23:00:00,43.45
2024-03-04 00:00:00,39.53
2024-03-04 01:00:00,41.82
2024-03-04 02:00:00,37.28
2024-03-04 03:00:00,37.98
2024-03-04 04:00:00,45.87
2024-03-04 05:00:00,52.87
2024-03-04 06:00:00,41.07
2024-03-04 07:00:00,55.15
2024-03-04 08:00:00,47.92
2024-03-04 09:00:00,48.8
2024-03-04 10:00:00,30.93
2024-03-04 11:00:00,31.97
2024-03-04 12:00:00,16.4
2024-03-04 13:00:00,29.92
2024-03-04 14:00:00,26.67
2024-03-04 15:00:00,25.62
2024-03-04 16:00:00,18.73
2024-03-04 17:00:00,25.4
2024-03-04 18:00:00,23.23
2024-03-04 19:00:00,31.4
2024-03-04 20:00:00,40.15
2024-03-04 21:00:00,42.98
2024-03-04 22:00:00,41.95
2024-03-04 23:00:00,47.15
2024-03-05 00:00:00,48.87
2024-03-05 01:00:00,29.75
2024-03-05 02:00:00,29.51
2024-03-05 03:00:00,48.73
2024-03-05 04:00:00,72.07
2024-03-05 05:00:00,61.88
2024-03-05 06:00:00,68.1
2024-03-05 07:00:00,53.52
2024-03-05 08:00:00,41.97
2024-03-05 09:00:00,37.85
2024-03-05 10:00:00,34.25
2024-03-05 11:00:00,41.22
2024-03-05 12:00:00,36.78
2024-03-05 13:00:00,34.35
2024-03-05 14:00:00,32.57
2024-03-05 15:00:00,31.57
2024-03-05 16:00:00,45.6
2024-03-05 17:00:00,36.3
2024-03-05 18:00:00,39.37
2024-03-05 19:00:00,40.6
2024-03-05 20:00:00,34.58
2024-03-05 21:00:00,39.82
2024-03-05 22:00:00,45.58
2024-03-05 23:00:00,32.25
2024-03-06 00:00:00,27.15
2024-03-06 01:00:00,55.85
2024-03-06 02:00:00,49.22
2024-03-06 03:00:00,67.35
2024-03-06 04:00:00,59.23
2024-03-06 05:00:00,53.88
2024-03-06 06:00:00,67.73
2024-03-06 07:00:00,64.55
2024-03-06 08:00:00,66.37
2024-03-06 09:00:00,56.1
2024-03-06 10:00:00,43.87
2024-03-06 11:00:00,42.75
2024-03-06 12:00:00,46.45
2024-03-06 13:00:00,45.47
2024-03-06 14:00:00,41.88
2024-03-06 15:00:00,38.87
2024-03-06 16:00:00,45.03
2024-03-06 17:00:00,40.18
2024-03-06 18:00:00,41.13
2024-03-06 19:00:00,39.65
2024-03-06 20:00:00,58.9
2024-03-06 21:00:00,71.48
2024-03-06 22:00:00,89.73
2024-03-06 23:00:00,96.57
2024-03-07 00:00:00,97.33
2024-03-07 01:00:00,101.65
2024-03-07 02:00:00,88.63
2024-03-07 03:00:00,86.05
2024-03-07 04:00:00,91.97
2024-03-07 05:00:00,99.52
2024-03-07 06:00:00,125.35
2024-03-07 07:00:00,116.73
2024-03-07 08:00:00,93.47
2024-03-07 09:00:00,67.03
2024-03-07 10:00:00,71.35
2024-03-07 11:00:00,63.73
2024-03-07 12:00:00,64.85
2024-03-07 13:00:00,29.3
2024-03-07 14:00:00,24.53
2024-03-07 15:00:00,27.43
2024-03-07 16:00:00,20.92
2024-03-07 17:00:00,29.93
2024-03-07 18:00:00,34.3
2024-03-07 19:00:00,50.77
2024-03-07 20:00:00,55.82
2024-03-07 21:00:00,72.17
2024-03-07 22:00:00,77.23
2024-03-07 23:00:00,73.33
2024-03-08 00:00:00,64.1
2024-03-08 01:00:00,73.15
2024-03-08 02:00:00,72.83
2024-03-08 03:00:00,54.55
2024-03-08 04:00:00,54.85
2024-03-08 05:00:00,55.63
2024-03-08 06:00:00,74.22
2024-03-08 07:00:00,100.75
2024-03-08 08:00:00,85.83
2024-03-08 09:00:00,78.97
2024-03-08 10:00:00,61.07
2024-03-08 11:00:00,43.9
2024-03-08 12:00:00,25.4
2024-03-08 13:00:00,24.57
2024-03-08 14:00:00,23.92
2024-03-08 15:00:00,26.42
2024-03-08 16:00:00,26.23
2024-03-08 17:00:00,35.0
2024-03-08 18:00:00,38.78
2024-03-08 19:00:00,53.0
2024-03-08 20:00:00,50.2
2024-03-08 21:00:00,56.07
2024-03-08 22:00:00,53.27
2024-03-08 23:00:00,64.53
2024-03-09 00:00:00,81.93
2024-03-09 01:00:00,61.57
2024-03-09 02:00:00,54.52
2024-03-09 03:00:00,61.83
2024-03-09 04:00:00,67.77
2024-03-09 05:00:00,72.78
2024-03-09 06:00:00,59.35
2024-03-09 07:00:00,62.72
2024-03-09 08:00:00,82.15
2024-03-09 09:00:00,73.9
2024-03-09 10:00:00,49.92
2024-03-09 11:00:00,34.17
2024-03-09 12:00:00,34.78
2024-03-09 13:00:00,21.12
2024-03-09 14:00:00,25.03
2024-03-09 15:00:00,20.72
2024-03-09 16:00:00,25.8
2024-03-09 17:00:00,26.43
2024-03-09 18:00:00,35.22
2024-03-09 19:00:00,41.33
2024-03-09 20:00:00,60.57
2024-03-09 21:00:00,80.47
2024-03-09 22:00:00,82.43
2024-03-09 23:00:00,75.63
2024-03-10 00:00:00,83.42
2024-03-10 01:00:00,94.6
2024-03-10 02:00:00,88.33
2024-03-10 03:00:00,84.98
2024-03-10 04:00:00,79.97
2024-03-10 05:00:00,97.12
2024-03-10 06:00:00,127.97
2024-03-10 07:00:00,128.28
2024-03-10 08:00:00,79.9
2024-03-10 09:00:00,65.13
2024-03-10 10:00:00,54.47
2024-03-10 11:00:00,31.13
2024-03-10 12:00:00,30.2
2024-03-10 13:00:00,34.43
2024-03-10 14:00:00,34.63
2024-03-10 15:00:00,27.9
2024-03-10 16:00:00,29.3
2024-03-10 17:00:00,33.07
2024-03-10 18:00:00,40.87
2024-03-10 19:00:00,56.98
2024-03-10 20:00:00,54.45
2024-03-10 21:00:00,81.75
2024-03-10 22:00:00,82.48
2024-03-10 23:00:00,94.27
2024-03-11 00:00:00,95.58
2024-03-11 01:00:00,105.67
2024-03-11 02:00:00,113.13
2024-03-11 03:00:00,129.7
2024-03-11 04:00:00,113.07
2024-03-11 05:00:00,117.92
2024-03-11 06:00:00,124.22
2024-03-11 07:00:00,122.95
2024-03-11 08:00:00,128.05
2024-03-11 09:00:00,104.52
2024-03-11 10:00:00,92.62
2024-03-11 11:00:00,61.07
2024-03-11 12:00:00,46.83
2024-03-11 13:00:00,40.73
2024-03-11 14:00:00,35.35
2024-03-11 15:00:00,37.52
2024-03-11 16:00:00,39.77
2024-03-11 17:00:00,57.93
2024-03-11 18:00:00,45.2
2024-03-11 19:00:00,46.28
2024-03-11 20:00:00,60.97
2024-03-11 21:00:00,93.0
2024-03-11 22:00:00,92.68
2024-03-11 23:00:00,88.6
2024-03-12 00:00:00,99.9
2024-03-12 01:00:00,113.83
2024-03-12 02:00:00,82.83
2024-03-12 03:00:00,105.18
2024-03-12 04:00:00,98.92
2024-03-12 05:00:00,113.32
2024-03-12 06:00:00,106.6
2024-03-12 07:00:00,100.43
2024-03-12 08:00:00,102.32
2024-03-12 09:00:00,137.7
2024-03-12 10:00:00,101.21
2024-03-12 17:00:00,17.21
2024-03-12 18:00:00,25.35
2024-03-12 19:00:00,40.67
2024-03-12 20:00:00,48.28
2024-03-12 21:00:00,49.85
2024-03-12 22:00:00,58.92
2024-03-12 23:00:00,53.9
2024-03-13 00:00:00,69.68
2024-03-13 01:00:00,72.72
2024-03-13 02:00:00,67.55
2024-03-13 03:00:00,74.77
2024-03-13 04:00:00,75.63
2024-03-13 05:00:00,85.57
2024-03-13 06:00:00,108.78
2024-03-13 07:00:00,125.52
2024-03-13 08:00:00,106.47
2024-03-13 09:00:00,58.18
2024-03-13 10:00:00,46.52
2024-03-13 11:00:00,35.62
2024-03-13 12:00:00,33.94
2024-03-13 16:00:00,51.0
2024-03-13 17:00:00,42.68
2024-03-13 18:00:00,46.43
2024-03-13 19:00:00,37.77
2024-03-13 20:00:00,31.87
2024-03-13 21:00:00,41.88
2024-03-13 22:00:00,63.67
2024-03-13 23:00:00,79.58
2024-03-14 00:00:00,96.23
2024-03-14 01:00:00,100.4
2024-03-14 02:00:00,90.33
2024-03-14 03:00:00,92.73
2024-03-14 04:00:00,86.9
2024-03-14 05:00:00,100.58
2024-03-14 06:00:00,133.62
2024-03-14 07:00:00,130.53
2024-03-14 08:00:00,129.17
2024-03-14 09:00:00,133.92
2024-03-14 10:00:00,84.22
2024-03-14 11:00:00,63.28
2024-03-14 12:00:00,52.58
2024-03-14 13:00:00,50.37
2024-03-14 14:00:00,34.28
2024-03-14 15:00:00,24.42
2024-03-14 16:00:00,32.65
2024-03-14 17:00:00,17.75
2024-03-14 18:00:00,39.08
2024-03-14 19:00:00,40.47
2024-03-14 20:00:00,48.78
2024-03-14 21:00:00,44.65
2024-03-14 22:00:00,50.77
2024-03-14 23:00:00,60.7
2024-03-15 00:00:00,63.45
2024-03-15 01:00:00,47.13
2024-03-15 02:00:00,42.95
2024-03-15 03:00:00,42.38
2024-03-15 04:00:00,32.57
2024-03-15 05:00:00,42.57
2024-03-15 06:00:00,42.57
2024-03-15 07:00:00,32.33
2024-03-15 08:00:00,26.83
2024-03-15 09:00:00,26.95
2024-03-15 10:00:00,23.97
2024-03-15 11:00:00,18.73
2024-03-15 12:00:00,23.2
2024-03-15 13:00:00,17.87
2024-03-15 14:00:00,18.4
2024-03-15 15:00:00,22.67
2024-03-15 16:00:00,14.42
2024-03-15 17:00:00,12.91
2024-03-15 18:00:00,20.95
2024-03-15 19:00:00,32.38
2024-03-15 20:00:00,44.5
2024-03-15 21:00:00,60.6
2024-03-15 22:00:00,72.6
2024-03-15 23:00:00,86.78
2024-03-16 00:00:00,82.72
2024-03-16 01:00:00,82.45
2024-03-16 02:00:00,83.0
2024-03-16 03:00:00,82.17
2024-03-16 04:00:00,87.58
2024-03-16 05:00:00,105.55
2024-03-16 06:00:00,112.12
2024-03-16 07:00:00,94.68
2024-03-16 08:00:00,63.83
2024-03-16 09:00:00,58.18
2024-03-16 10:00:00,32.68
2024-03-16 11:00:00,26.9
2024-03-16 12:00:00,25.4
2024-03-16 13:00:00,28.03
2024-03-16 14:00:00,32.3
2024-03-16 15:00:00,36.2
2024-03-16 16:00:00,40.9
2024-03-16 17:00:00,76.6
2024-03-16 18:00:00,71.43
2024-03-16 19:00:00,67.97
2024-03-16 20:00:00,56.97
2024-03-16 21:00:00,55.62
2024-03-16 22:00:00,71.9
2024-03-16 23:00:00,86.37
2024-03-17 00:00:00,73.65
2024-03-17 01:00:00,82.55
2024-03-17 02:00:00,78.27
2024-03-17 03:00:00,102.27
2024-03-17 04:00:00,112.15
2024-03-17 05:00:00,107.05
2024-03-17 06:00:00,113.55
2024-03-17 07:00:00,94.15
2024-03-17 08:00:00,96.48
2024-03-17 09:00:00,86.18
2024-03-17 10:00:00,76.2
2024-03-17 11:00:00,57.37
2024-03-17 12:00:00,32.4
2024-03-17 13:00:00,35.02
2024-03-17 14:00:00,27.42
2024-03-17 15:00:00,29.05
2024-03-17 16:00:00,33.03
2024-03-17 17:00:00,26.9
2024-03-17 18:00:00,28.98
2024-03-17 19:00:00,48.8
2024-03-17 20:00:00,57.58
2024-03-17 21:00:00,76.65
2024-03-17 22:00:00,86.77
2024-03-17 23:00:00,86.92
2024-03-18 00:00:00,96.73
2024-03-18 01:00:00,96.83
2024-03-18 02:00:00,95.02
2024-03-18 03:00:00,95.75
2024-03-18 04:00:00,110.03
2024-03-18 05:00:00,90.33
2024-03-18 06:00:00,119.55
2024-03-18 07:00:00,143.62
2024-03-18 08:00:00,127.82
2024-03-18 09:00:00,111.17
2024-03-18 10:00:00,57.32
2024-03-18 11:00:00,30.77
2024-03-18 12:00:00,15.83
2024-03-18 14:00:00,4.57
2024-03-18 15:00:00,9.18
2024-03-18 16:00:00,15.42
2024-03-18 17:00:00,12.91
2024-03-18 18:00:00,28.28
2024-03-18 19:00:00,50.65
2024-03-18 20:00:00,67.83
2024-03-18 21:00:00,88.43
2024-03-18 22:00:00,106.95
2024-03-18 23:00:00,110.22
2024-03-19 00:00:00,111.12
2024-03-19 01:00:00,98.6
2024-03-19 02:00:00,102.08
2024-03-19 03:00:00,112.6
2024-03-19 04:00:00,154.77
2024-03-19 05:00:00,160.63
2024-03-19 06:00:00,156.82
2024-03-19 07:00:00,194.88
2024-03-19 08:00:00,157.0
2024-03-19 09:00:00,55.57
2024-03-19 10:00:00,32.93
2024-03-19 11:00:00,16.73
2024-03-19 12:00:00,20.83
2024-03-19 13:00:00,25.81
2024-03-19 14:00:00,11.97
2024-03-19 16:00:00,2.0
2024-03-19 17:00:00,13.12
2024-03-19 18:00:00,23.85
2024-03-19 19:00:00,46.1
2024-03-19 20:00:00,46.33
2024-03-19 21:00:00,72.6
2024-03-19 22:00:00,100.35
2024-03-19 23:00:00,110.2
2024-03-20 00:00:00,138.08
2024-03-20 01:00:00,130.73
2024-03-20 02:00:00,116.63
2024-03-20 03:00:00,109.73
2024-03-20 04:00:00,160.88
2024-03-20 05:00:00,195.8
2024-03-20 06:00:00,168.8
2024-03-20 07:00:00,171.17
2024-03-20 08:00:00,142.83
2024-03-20 09:00:00,115.97
2024-03-20 10:00:00,102.73
2024-03-20 11:00:00,89.09
2024-03-20 12:00:00,19.2
2024-03-20 13:00:00,73.1
2024-03-20 14:00:00,66.88
2024-03-20 15:00:00,41.73
2024-03-20 16:00:00,31.98
2024-03-20 17:00:00,22.17
2024-03-20 18:00:00,41.95
2024-03-20 19:00:00,76.17
2024-03-20 20:00:00,80.78
2024-03-20 21:00:00,92.3
2024-03-20 22:00:00,101.03
2024-03-20 23:00:00,102.37
2024-03-21 00:00:00,113.22
2024-03-21 01:00:00,124.13
2024-03-21 02:00:00,120.13
2024-03-21 03:00:00,110.08
2024-03-21 04:00:00,79.87
2024-03-21 05:00:00,53.75
2024-03-21 06:00:00,47.12
2024-03-21 07:00:00,40.83
2024-03-21 08:00:00,44.02
2024-03-21 09:00:00,41.63
2024-03-21 10:00:00,45.88
2024-03-21 11:00:00,45.63
2024-03-21 12:00:00,48.08
2024-03-21 13:00:00,54.13
2024-03-21 14:00:00,46.12
2024-03-21 15:00:00,46.37
2024-03-21 16:00:00,54.5
2024-03-21 17:00:00,48.97
2024-03-21 18:00:00,56.92
2024-03-21 19:00:00,65.5
2024-03-21 20:00:00,72.67
2024-03-21 21:00:00,83.75
2024-03-21 22:00:00,94.02
2024-03-21 23:00:00,78.4
2024-03-22 00:00:00,47.83
2024-03-22 01:00:00,49.08
2024-03-22 02:00:00,54.28
2024-03-22 03:00:00,70.9
2024-03-22 04:00:00,63.02
2024-03-22 05:00:00,65.15
2024-03-22 06:00:00,63.38
2024-03-22 07:00:00,69.47
2024-03-22 08:00:00,72.17
2024-03-22 09:00:00,66.32
2024-03-22 10:00:00,50.2
2024-03-22 11:00:00,47.65
2024-03-22 12:00:00,44.67
2024-03-22 13:00:00,44.13
2024-03-22 14:00:00,44.72
2024-03-22 15:00:00,40.72
2024-03-22 16:00:00,46.9
2024-03-22 17:00:00,44.45
2024-03-22 18:00:00,54.12
2024-03-22 19:00:00,60.33
2024-03-22 20:00:00,85.58
2024-03-22 21:00:00,105.63
2024-03-22 22:00:00,132.67
2024-03-22 23:00:00,127.2
2024-03-23 00:00:00,133.1
2024-03-23 01:00:00,132.35
2024-03-23 02:00:00,139.45
2024-03-23 03:00:00,115.0
2024-03-23 04:00:00,117.17
2024-03-23 05:00:00,118.48
2024-03-23 06:00:00,118.9
2024-03-23 07:00:00,102.0
2024-03-23 08:00:00,73.22
2024-03-23 09:00:00,77.13
2024-03-23 10:00:00,67.78
2024-03-23 11:00:00,46.77
2024-03-23 12:00:00,46.15
2024-03-23 13:00:00,44.23
2024-03-23 14:00:00,25.65
2024-03-23 15:00:00,24.93
2024-03-23 16:00:00,25.17
2024-03-23 17:00:00,24.45
2024-03-23 18:00:00,36.78
2024-03-23 19:00:00,59.9
2024-03-23 20:00:00,81.4
2024-03-23 21:00:00,83.77
2024-03-23 22:00:00,105.58
2024-03-23 23:00:00,99.42
2024-03-24 00:00:00,92.18
2024-03-24 01:00:00,106.55
2024-03-24 02:00:00,80.72
2024-03-24 03:00:00,72.15
2024-03-24 04:00:00,79.17
2024-03-24 05:00:00,82.53
2024-03-24 06:00:00,92.03
2024-03-24 07:00:00,106.4
2024-03-24 08:00:00,104.68
2024-03-24 09:00:00,95.77
2024-03-24 10:00:00,69.95
2024-03-24 11:00:00,37.8
2024-03-24 12:00:00,26.78
2024-03-24 13:00:00,23.08
2024-03-24 14:00:00,16.75
2024-03-24 15:00:00,16.22
2024-03-24 16:00:00,15.83
2024-03-24 17:00:00,16.72
2024-03-24 18:00:00,32.0
2024-03-24 19:00:00,28.43
2024-03-24 20:00:00,46.33
2024-03-24 21:00:00,74.3
2024-03-24 22:00:00,91.03
2024-03-24 23:00:00,95.27
2024-03-25 00:00:00,118.0
2024-03-25 01:00:00,144.2
2024-03-25 02:00:00,160.77
2024-03-25 03:00:00,216.02
2024-03-25 04:00:00,218.87
2024-03-25 05:00:00,189.13
2024-03-25 06:00:00,173.33
2024-03-25 07:00:00,92.92
2024-03-25 08:00:00,61.35
2024-03-25 09:00:00,46.0
2024-03-25 10:00:00,21.85
2024-03-25 11:00:00,8.08
2024-03-25 12:00:00,17.68
2024-03-25 13:00:00,14.42
2024-03-25 14:00:00,8.65
2024-03-25 15:00:00,14.68
2024-03-25 16:00:00,18.37
2024-03-25 17:00:00,19.38
2024-03-25 18:00:00,18.83
2024-03-25 19:00:00,26.12
2024-03-25 20:00:00,34.88
2024-03-25 21:00:00,39.33
2024-03-25 22:00:00,57.87
2024-03-25 23:00:00,55.58
2024-03-26 00:00:00,45.55
2024-03-26 01:00:00,33.9
2024-03-26 02:00:00,58.23
2024-03-26 03:00:00,44.28
2024-03-26 04:00:00,69.1
2024-03-26 05:00:00,117.42
2024-03-26 06:00:00,53.18
2024-03-26 07:00:00,34.73
2024-03-26 08:00:00,20.28
2024-03-26 09:00:00,36.33
2024-03-26 10:00:00,36.23
2024-03-26 11:00:00,29.47
2024-03-26 12:00:00,33.08
2024-03-26 13:00:00,34.7
2024-03-26 14:00:00,29.72
2024-03-26 15:00:00,20.42
2024-03-26 16:00:00,21.9
2024-03-26 17:00:00,23.9
2024-03-26 18:00:00,27.42
2024-03-26 19:00:00,39.83
2024-03-26 20:00:00,60.17
2024-03-26 21:00:00,46.75
2024-03-26 22:00:00,72.1
2024-03-26 23:00:00,80.83
2024-03-27 00:00:00,83.32
2024-03-27 01:00:00,87.08
2024-03-27 02:00:00,91.23
2024-03-27 03:00:00,99.33
2024-03-27 04:00:00,102.78
2024-03-27 05:00:00,97.65
2024-03-27 06:00:00,80.3
2024-03-27 07:00:00,66.85
2024-03-27 08:00:00,67.68
2024-03-27 09:00:00,67.58
2024-03-27 10:00:00,56.2
2024-03-27 11:00:00,36.22
2024-03-27 12:00:00,45.18
2024-03-27 13:00:00,33.33
2024-03-27 14:00:00,41.82
2024-03-27 15:00:00,43.1
2024-03-27 16:00:00,38.55
2024-03-27 17:00:00,29.02
2024-03-27 18:00:00,26.27
2024-03-27 19:00:00,30.75
2024-03-27 20:00:00,30.85
2024-03-27 21:00:00,36.23
2024-03-27 22:00:00,39.55
2024-03-27 23:00:00,52.95
2024-03-28 00:00:00,65.78
2024-03-28 01:00:00,82.83
2024-03-28 02:00:00,69.37
2024-03-28 03:00:00,52.55
2024-03-28 04:00:00,54.67
2024-03-28 05:00:00,82.53
2024-03-28 06:00:00,73.6
2024-03-28 07:00:00,70.45
2024-03-28 08:00:00,54.47
2024-03-28 09:00:00,60.92
2024-03-28 10:00:00,46.83
2024-03-28 11:00:00,47.55
2024-03-28 12:00:00,53.07
2024-03-28 13:00:00,50.82
2024-03-28 14:00:00,49.28
2024-03-28 15:00:00,55.78
2024-03-28 16:00:00,48.7
2024-03-28 17:00:00,43.77
2024-03-28 18:00:00,43.57
2024-03-28 19:00:00,36.55
2024-03-28 20:00:00,39.7
2024-03-28 21:00:00,48.63
2024-03-28 22:00:00,44.97
2024-03-28 23:00:00,47.13
2024-03-29 00:00:00,47.13
2024-03-29 01:00:00,58.52
2024-03-29 02:00:00,57.65
2024-03-29 03:00:00,65.03
2024-03-29 04:00:00,74.6
2024-03-29 05:00:00,84.53
2024-03-29 06:00:00,95.43
2024-03-29 07:00:00,79.77
2024-03-29 08:00:00,75.33
2024-03-29 09:00:00,114.0
2024-03-29 10:00:00,93.3
2024-03-29 11:00:00,62.7
2024-03-29 12:00:00,66.05
2024-03-29 13:00:00,55.22
2024-03-29 14:00:00,64.32
2024-03-29 15:00:00,65.38
2024-03-29 16:00:00,51.1
2024-03-29 17:00:00,59.2
2024-03-29 18:00:00,51.53
2024-03-29 19:00:00,38.33
2024-03-29 20:00:00,19.17
2024-03-29 21:00:00,35.15
2024-03-29 22:00:00,42.98
2024-03-29 23:00:00,39.97
2024-03-30 00:00:00,55.33
2024-03-30 01:00:00,75.55
2024-03-30 02:00:00,95.37
2024-03-30 03:00:00,83.5
2024-03-30 04:00:00,68.4
2024-03-30 05:00:00,65.53
2024-03-30 06:00:00,68.02
2024-03-30 07:00:00,82.13
2024-03-30 08:00:00,72.8
2024-03-30 09:00:00,85.98
2024-03-30 10:00:00,91.77
2024-03-30 11:00:00,76.07
2024-03-30 12:00:00,75.05
2024-03-30 13:00:00,60.22
2024-03-30 14:00:00,49.22
2024-03-30 15:00:00,54.18
2024-03-30 16:00:00,59.6
2024-03-30 17:00:00,47.52
2024-03-30 18:00:00,48.75
2024-03-30 19:00:00,68.57
2024-03-30 20:00:00,90.85
2024-03-30 21:00:00,129.65
2024-03-30 22:00:00,142.52
2024-03-30 23:00:00,144.42
2024-03-31 00:00:00,157.42
2024-03-31 01:00:00,162.43
2024-03-31 02:00:00,154.17
2024-03-31 03:00:00,149.38
2024-03-31 04:00:00,155.78
2024-03-31 05:00:00,155.57
2024-03-31 06:00:00,160.82
2024-03-31 07:00:00,143.85
2024-03-31 08:00:00,170.0
2024-03-31 09:00:00,128.65
2024-03-31 10:00:00,93.38
2024-03-31 11:00:00,84.96
2024-03-31 12:00:00,37.85
2024-03-31 13:00:00,44.23
2024-03-31 14:00:00,30.9
2024-03-31 15:00:00,26.82
2024-03-31 16:00:00,31.55
2024-03-31 17:00:00,28.92
2024-03-31 18:00:00,29.9
2024-03-31 19:00:00,30.92
2024-03-31 20:00:00,33.62
2024-03-31 21:00:00,32.9
2024-03-31 22:00:00,33.15
2024-03-31 23:00:00,34.62
2024-04-01 00:00:00,27.9
2024-04-01 01:00:00,32.5
2024-04-01 02:00:00,31.17
2024-04-01 03:00:00,37.49
2024-04-01 04:00:00,24.63
2024-04-01 05:00:00,60.82
2024-04-01 06:00:00,68.07
2024-04-01 07:00:00,48.2
2024-04-01 08:00:00,57.88
2024-04-01 09:00:00,26.7
2024-04-01 10:00:00,28.15
2024-04-01 11:00:00,29.73
2024-04-01 12:00:00,22.75
2024-04-01 13:00:00,30.82
2024-04-01 14:00:00,21.3
2024-04-01 15:00:00,28.08
2024-04-01 16:00:00,22.82
2024-04-01 17:00:00,28.67
2024-04-01 18:00:00,23.58
2024-04-01 19:00:00,27.87
2024-04-01 20:00:00,38.53
2024-04-01 21:00:00,33.73
2024-04-01 22:00:00,39.2
2024-04-01 23:00:00,37.47
2024-04-02 00:00:00,39.15
2024-04-02 01:00:00,36.97
2024-04-02 02:00:00,32.52
2024-04-02 03:00:00,35.58
2024-04-02 04:00:00,40.72
2024-04-02 05:00:00,57.88
2024-04-02 06:00:00,82.05
2024-04-02 07:00:00,79.09
2024-04-02 08:00:00,51.03
2024-04-02 09:00:00,49.12
2024-04-02 10:00:00,23.12
2024-04-02 11:00:00,42.13
2024-04-02 12:00:00,28.97
2024-04-02 13:00:00,32.05
2024-04-02 14:00:00,19.77
2024-04-02 15:00:00,32.17
2024-04-02 16:00:00,24.98
2024-04-02 17:00:00,22.03
2024-04-02 18:00:00,33.17
2024-04-02 19:00:00,34.5
2024-04-02 20:00:00,36.12
2024-04-02 21:00:00,35.35
2024-04-02 22:00:00,56.6
2024-04-02 23:00:00,48.97
2024-04-03 00:00:00,69.97
2024-04-03 01:00:00,64.57
2024-04-03 02:00:00,76.85
2024-04-03 03:00:00,109.08
2024-04-03 04:00:00,106.93
2024-04-03 05:00:00,117.22
2024-04-03 06:00:00,130.58
2024-04-03 07:00:00,108.7
2024-04-03 08:00:00,90.6
2024-04-03 09:00:00,69.4
2024-04-03 10:00:00,68.25
2024-04-03 11:00:00,56.17
2024-04-03 12:00:00,36.22
2024-04-03 13:00:00,30.52
2024-04-03 14:00:00,28.32
2024-04-03 15:00:00,31.38
2024-04-03 16:00:00,35.42
2024-04-03 17:00:00,27.72
2024-04-03 18:00:00,23.08
2024-04-03 19:00:00,31.3
2024-04-03 20:00:00,51.5
2024-04-03 21:00:00,99.73
2024-04-03 22:00:00,112.95
2024-04-03 23:00:00,104.98
2024-04-04 00:00:00,159.3
2024-04-04 01:00:00,166.08
2024-04-04 02:00:00,124.38
2024-04-04 03:00:00,57.62
2024-04-04 04:00:00,35.88
2024-04-04 05:00:00,36.53
2024-04-04 06:00:00,54.62
2024-04-04 07:00:00,42.27
2024-04-04 08:00:00,43.82
2024-04-04 09:00:00,44.47
2024-04-04 10:00:00,78.35
2024-04-04 11:00:00,68.48
2024-04-04 12:00:00,39.13
2024-04-04 13:00:00,39.82
2024-04-04 14:00:00,62.13
2024-04-04 15:00:00,306.86
2024-04-04 16:00:00,88.38
2024-04-04 17:00:00,63.73
2024-04-04 18:00:00,44.28
2024-04-04 19:00:00,46.98
2024-04-04 20:00:00,86.42
2024-04-04 21:00:00,103.95
2024-04-04 22:00:00,104.23
2024-04-04 23:00:00,105.62
2024-04-05 00:00:00,74.1
2024-04-05 01:00:00,80.28
2024-04-05 02:00:00,61.08
2024-04-05 03:00:00,58.48
2024-04-05 04:00:00,51.32
2024-04-05 05:00:00,73.0
2024-04-05 06:00:00,90.15
2024-04-05 07:00:00,95.52
2024-04-05 08:00:00,76.5
2024-04-05 09:00:00,49.65
2024-04-05 10:00:00,31.52
2024-04-05 11:00:00,30.32
2024-04-05 12:00:00,23.45
2024-04-05 13:00:00,34.28
2024-04-05 14:00:00,29.0
2024-04-05 15:00:00,27.67
2024-04-05 16:00:00,31.27
2024-04-05 17:00:00,30.37
2024-04-05 18:00:00,38.68
2024-04-05 19:00:00,50.57
2024-04-05 20:00:00,57.03
2024-04-05 21:00:00,72.93
2024-04-05 22:00:00,73.6
2024-04-05 23:00:00,67.35
2024-04-06 00:00:00,59.37
2024-04-06 01:00:00,87.27
2024-04-06 02:00:00,88.78
2024-04-06 03:00:00,81.65
2024-04-06 04:00:00,59.73
2024-04-06 05:00:00,72.02
2024-04-06 06:00:00,84.6
2024-04-06 07:00:00,98.4
2024-04-06 08:00:00,86.17
2024-04-06 09:00:00,67.73
2024-04-06 10:00:00,47.68
2024-04-06 11:00:00,36.38
2024-04-06 12:00:00,32.41
2024-04-06 13:00:00,27.8
2024-04-06 14:00:00,35.1
2024-04-06 15:00:00,43.1
2024-04-06 16:00:00,33.13
2024-04-06 17:00:00,41.57
2024-04-06 18:00:00,30.03
2024-04-06 19:00:00,43.45
2024-04-06 20:00:00,45.87
2024-04-06 21:00:00,61.0
2024-04-06 22:00:00,59.52
2024-04-06 23:00:00,50.96
2024-04-07 00:00:00,71.23
2024-04-07 01:00:00,76.02
2024-04-07 02:00:00,80.7
2024-04-07 03:00:00,80.92
2024-04-07 04:00:00,93.4
2024-04-07 05:00:00,119.83
2024-04-07 06:00:00,135.22
2024-04-07 07:00:00,148.18
2024-04-07 08:00:00,136.5
2024-04-07 09:00:00,128.92
2024-04-07 10:00:00,80.53
2024-04-07 11:00:00,13.65
2024-04-07 12:00:00,6.66
2024-04-07 13:00:00,4.91
2024-04-07 14:00:00,2.0
2024-04-07 15:00:00,7.33
2024-04-07 16:00:00,2.57
2024-04-07 17:00:00,2.77
2024-04-07 18:00:00,9.24
2024-04-07 19:00:00,25.9
2024-04-07 20:00:00,66.97
2024-04-07 21:00:00,113.53
2024-04-07 22:00:00,117.87
2024-04-07 23:00:00,119.78
2024-04-08 00:00:00,136.18
2024-04-08 01:00:00,167.52
2024-04-08 02:00:00,133.63
2024-04-08 03:00:00,107.13
2024-04-08 04:00:00,83.95
2024-04-08 05:00:00,67.88
2024-04-08 06:00:00,99.13
2024-04-08 07:00:00,112.32
2024-04-08 08:00:00,116.75
2024-04-08 09:00:00,90.25
2024-04-08 10:00:00,67.95
2024-04-08 11:00:00,35.25
2024-04-08 12:00:00,20.9
2024-04-08 13:00:00,22.05
2024-04-08 14:00:00,19.73
2024-04-08 15:00:00,15.52
2024-04-08 16:00:00,9.35
2024-04-08 17:00:00,11.75
2024-04-08 18:00:00,19.23
2024-04-08 19:00:00,21.43
2024-04-08 20:00:00,34.03
2024-04-08 21:00:00,89.17
2024-04-08 22:00:00,103.02
2024-04-08 23:00:00,117.08
2024-04-09 00:00:00,107.48
2024-04-09 01:00:00,150.12
2024-04-09 02:00:00,142.88
2024-04-09 03:00:00,154.83
2024-04-09 04:00:00,144.93
2024-04-09 05:00:00,148.38
2024-04-09 06:00:00,163.35
2024-04-09 07:00:00,165.3
2024-04-09 08:00:00,148.15
2024-04-09 09:00:00,90.55
2024-04-09 10:00:00,77.65
2024-04-09 11:00:00,64.65
2024-04-09 12:00:00,58.93
2024-04-09 13:00:00,44.4
2024-04-09 14:00:00,25.95
2024-04-09 15:00:00,17.85
2024-04-09 16:00:00,30.73
2024-04-09 17:00:00,51.13
2024-04-09 18:00:00,39.92
2024-04-09 19:00:00,38.92
2024-04-09 20:00:00,53.1
2024-04-09 21:00:00,79.18
2024-04-09 22:00:00,98.83
2024-04-09 23:00:00,98.82
2024-04-10 00:00:00,105.07
2024-04-10 01:00:00,119.33
2024-04-10 02:00:00,120.75
2024-04-10 03:00:00,114.18
2024-04-10 04:00:00,139.07
2024-04-10 05:00:00,137.9
2024-04-10 06:00:00,130.78
2024-04-10 07:00:00,128.77
2024-04-10 08:00:00,144.05
2024-04-10 09:00:00,111.53
2024-04-10 10:00:00,97.67
2024-04-10 11:00:00,50.15
2024-04-10 12:00:00,36.22
2024-04-10 13:00:00,35.95
2024-04-10 14:00:00,42.58
2024-04-10 15:00:00,41.1
2024-04-10 16:00:00,43.55
2024-04-10 17:00:00,49.38
2024-04-10 18:00:00,53.1
2024-04-10 19:00:00,69.92
2024-04-10 20:00:00,55.45
2024-04-10 21:00:00,40.63
2024-04-10 22:00:00,51.58
2024-04-10 23:00:00,93.68
2024-04-11 00:00:00,128.33
2024-04-11 01:00:00,107.03
2024-04-11 02:00:00,71.53
2024-04-11 03:00:00,52.6
2024-04-11 04:00:00,75.98
2024-04-11 05:00:00,91.97
2024-04-11 06:00:00,101.37
2024-04-11 07:00:00,95.17
2024-04-11 08:00:00,127.22
2024-04-11 09:00:00,133.4
2024-04-11 10:00:00,94.3
2024-04-11 11:00:00,46.74
2024-04-11 12:00:00,36.47
2024-04-11 13:00:00,28.66
2024-04-11 14:00:00,29.05
2024-04-11 15:00:00,31.6
2024-04-11 16:00:00,38.15
2024-04-11 17:00:00,39.33
2024-04-11 18:00:00,41.53
2024-04-11 19:00:00,47.5
2024-04-11 20:00:00,73.55
2024-04-11 21:00:00,62.22
2024-04-11 22:00:00,39.82
2024-04-11 23:00:00,44.92
2024-04-12 00:00:00,65.65
2024-04-12 01:00:00,72.78
2024-04-12 02:00:00,80.68
2024-04-12 03:00:00,85.08
2024-04-12 04:00:00,91.87
2024-04-12 05:00:00,111.07
2024-04-12 06:00:00,134.4
2024-04-12 07:00:00,155.9
2024-04-12 08:00:00,171.47
2024-04-12 09:00:00,161.02
2024-04-12 10:00:00,145.04
2024-04-12 11:00:00,80.28
2024-04-12 12:00:00,42.02
2024-04-12 13:00:00,47.84
2024-04-12 14:00:00,60.5
2024-04-12 15:00:00,50.22
2024-04-12 16:00:00,43.88
2024-04-12 17:00:00,39.47
2024-04-12 18:00:00,50.57
2024-04-12 19:00:00,58.85
2024-04-12 20:00:00,72.48
2024-04-12 21:00:00,87.2
2024-04-12 22:00:00,129.95
2024-04-12 23:00:00,111.78
2024-04-13 00:00:00,83.55
2024-04-13 01:00:00,78.75
2024-04-13 02:00:00,108.28
2024-04-13 03:00:00,104.83
2024-04-13 04:00:00,61.05
2024-04-13 05:00:00,86.22
2024-04-13 06:00:00,93.62
2024-04-13 07:00:00,90.6
2024-04-13 08:00:00,85.4
2024-04-13 09:00:00,42.33
2024-04-13 10:00:00,30.43
2024-04-13 11:00:00,33.57
2024-04-13 12:00:00,35.32
2024-04-13 13:00:00,31.07
2024-04-13 14:00:00,29.57
2024-04-13 15:00:00,35.53
2024-04-13 16:00:00,45.39
2024-04-13 17:00:00,51.42
2024-04-13 18:00:00,38.78
2024-04-13 19:00:00,44.7
2024-04-13 20:00:00,52.47
2024-04-13 21:00:00,56.83
2024-04-13 22:00:00,35.87
2024-04-13 23:00:00,26.0
2024-04-14 00:00:00,33.13
2024-04-14 01:00:00,31.97
2024-04-14 02:00:00,34.23
2024-04-14 03:00:00,34.42
2024-04-14 04:00:00,38.05
2024-04-14 05:00:00,47.38
2024-04-14 06:00:00,52.07
2024-04-14 07:00:00,54.32
2024-04-14 08:00:00,62.22
2024-04-14 09:00:00,80.52
2024-04-14 10:00:00,96.85
2024-04-14 11:00:00,76.22
2024-04-14 12:00:00,64.32
2024-04-14 13:00:00,26.87
2024-04-14 14:00:00,15.4
2024-04-14 15:00:00,12.0
2024-04-14 16:00:00,11.55
2024-04-14 17:00:00,22.18
2024-04-14 18:00:00,18.4
2024-04-14 19:00:00,32.88
2024-04-14 20:00:00,37.27
2024-04-14 21:00:00,54.55
2024-04-14 22:00:00,69.37
2024-04-14 23:00:00,75.87
2024-04-15 00:00:00,70.38
2024-04-15 01:00:00,82.08
2024-04-15 02:00:00,108.65
2024-04-15 03:00:00,144.27
2024-04-15 04:00:00,117.17
2024-04-15 05:00:00,108.2
2024-04-15 06:00:00,103.0
2024-04-15 07:00:00,114.93
2024-04-15 08:00:00,100.23
2024-04-15 09:00:00,87.2
2024-04-15 10:00:00,53.18
2024-04-15 11:00:00,44.11
2024-04-15 12:00:00,53.53
2024-04-15 13:00:00,63.0
2024-04-15 14:00:00,73.9
2024-04-15 15:00:00,55.48
2024-04-15 16:00:00,38.02
2024-04-15 17:00:00,36.29
2024-04-15 18:00:00,37.55
2024-04-15 19:00:00,45.97
2024-04-15 20:00:00,62.64
2024-04-15 21:00:00,87.32
2024-04-15 22:00:00,106.33
2024-04-15 23:00:00,116.55
2024-04-16 00:00:00,125.1
2024-04-16 01:00:00,147.15
2024-04-16 02:00:00,129.82
2024-04-16 03:00:00,106.85
2024-04-16 04:00:00,95.5
2024-04-16 05:00:00,110.7
2024-04-16 06:00:00,119.98
2024-04-16 07:00:00,135.0
2024-04-16 08:00:00,104.22
2024-04-16 09:00:00,67.49
2024-04-16 10:00:00,28.9
2024-04-16 11:00:00,8.52
2024-04-16 12:00:00,6.59
2024-04-16 13:00:00,10.56
2024-04-16 14:00:00,17.67
2024-04-16 15:00:00,19.4
2024-04-16 16:00:00,17.55
2024-04-16 17:00:00,33.6
2024-04-16 18:00:00,24.17
2024-04-16 19:00:00,24.3
2024-04-16 20:00:00,31.32
2024-04-16 21:00:00,40.78
2024-04-16 22:00:00,30.27
2024-04-16 23:00:00,29.98
2024-04-17 00:00:00,30.1
2024-04-17 01:00:00,35.15
2024-04-17 02:00:00,30.25
2024-04-17 03:00:00,36.72
2024-04-17 04:00:00,49.88
2024-04-17 05:00:00,99.95
2024-04-17 06:00:00,140.1
2024-04-17 07:00:00,53.43
2024-04-17 08:00:00,64.67
2024-04-17 09:00:00,58.82
2024-04-17 10:00:00,42.98
2024-04-17 11:00:00,24.72
2024-04-17 12:00:00,20.85
2024-04-17 13:00:00,21.65
2024-04-17 14:00:00,26.27
2024-04-17 15:00:00,33.98
2024-04-17 16:00:00,33.47
2024-04-17 17:00:00,22.67
2024-04-17 18:00:00,22.23
2024-04-17 19:00:00,29.6
2024-04-17 20:00:00,29.33
2024-04-17 21:00:00,29.23
2024-04-17 22:00:00,35.25
2024-04-17 23:00:00,42.32
2024-04-18 00:00:00,45.47
2024-04-18 01:00:00,58.02
2024-04-18 02:00:00,60.83
2024-04-18 03:00:00,62.07
2024-04-18 04:00:00,56.33
2024-04-18 05:00:00,66.22
2024-04-18 06:00:00,87.67
2024-04-18 07:00:00,82.25
2024-04-18 08:00:00,66.67
2024-04-18 09:00:00,70.33
2024-04-18 10:00:00,111.53
2024-04-18 11:00:00,66.57
2024-04-18 12:00:00,35.44
2024-04-18 13:00:00,33.68
2024-04-18 14:00:00,30.27
2024-04-18 15:00:00,29.13
2024-04-18 16:00:00,23.35
2024-04-18 17:00:00,26.1
2024-04-18 18:00:00,25.08
2024-04-18 19:00:00,47.1
2024-04-18 20:00:00,47.67
2024-04-18 21:00:00,40.56
2024-04-18 22:00:00,39.52
2024-04-18 23:00:00,50.57
2024-04-19 00:00:00,47.95
2024-04-19 01:00:00,55.9
2024-04-19 02:00:00,91.1
2024-04-19 03:00:00,74.05
2024-04-19 04:00:00,44.1
2024-04-19 05:00:00,47.62
2024-04-19 06:00:00,54.17
2024-04-19 07:00:00,53.35
2024-04-19 08:00:00,49.88
2024-04-19 09:00:00,58.22
2024-04-19 10:00:00,36.15
2024-04-19 11:00:00,42.07
2024-04-19 12:00:00,36.45
2024-04-19 13:00:00,31.25
2024-04-19 14:00:00,33.65
2024-04-19 15:00:00,34.48
2024-04-19 16:00:00,32.47
2024-04-19 17:00:00,23.9
2024-04-19 18:00:00,27.87
2024-04-19 19:00:00,45.48
2024-04-19 20:00:00,52.6
2024-04-19 21:00:00,58.18
2024-04-19 22:00:00,61.47
2024-04-19 23:00:00,82.93
2024-04-20 00:00:00,93.12
2024-04-20 01:00:00,95.52
2024-04-20 02:00:00,85.7
2024-04-20 03:00:00,94.22
2024-04-20 04:00:00,81.67
2024-04-20 05:00:00,78.08
2024-04-20 06:00:00,85.37
2024-04-20 07:00:00,95.75
2024-04-20 08:00:00,141.07
2024-04-20 09:00:00,77.65
2024-04-20 10:00:00,46.78
2024-04-20 11:00:00,36.15
2024-04-20 12:00:00,43.73
2024-04-20 13:00:00,44.1
2024-04-20 14:00:00,43.33
2024-04-20 15:00:00,38.3
2024-04-20 16:00:00,32.08
2024-04-20 17:00:00,33.92
2024-04-20 18:00:00,32.85
2024-04-20 19:00:00,36.95
2024-04-20 20:00:00,31.0
2024-04-20 21:00:00,36.83
2024-04-20 22:00:00,31.97
2024-04-20 23:00:00,35.85
2024-04-21 00:00:00,43.43
2024-04-21 01:00:00,40.42
2024-04-21 02:00:00,36.42
2024-04-21 03:00:00,42.42
2024-04-21 04:00:00,42.75
2024-04-21 05:00:00,38.05
2024-04-21 06:00:00,46.38
2024-04-21 07:00:00,33.33
2024-04-21 08:00:00,43.62
2024-04-21 09:00:00,60.67
2024-04-21 10:00:00,44.45
2024-04-21 11:00:00,34.05
2024-04-21 12:00:00,21.48
2024-04-21 13:00:00,20.85
2024-04-21 14:00:00,18.43
2024-04-21 15:00:00,25.2
2024-04-21 16:00:00,22.42
2024-04-21 17:00:00,22.93
2024-04-21 18:00:00,25.62
2024-04-21 19:00:00,37.92
2024-04-21 20:00:00,57.17
2024-04-21 21:00:00,85.8
2024-04-21 22:00:00,100.25
2024-04-21 23:00:00,96.05
2024-04-22 00:00:00,88.95
2024-04-22 01:00:00,98.85
2024-04-22 02:00:00,51.7
2024-04-22 03:00:00,30.22
2024-04-22 04:00:00,21.63
2024-04-22 05:00:00,11.2
2024-04-22 06:00:00,13.48
2024-04-22 07:00:00,13.08
2024-04-22 08:00:00,14.37
2024-04-22 09:00:00,25.78
2024-04-22 10:00:00,24.3
2024-04-22 11:00:00,23.92
2024-04-22 12:00:00,27.5
2024-04-22 13:00:00,22.35
2024-04-22 14:00:00,26.23
2024-04-22 15:00:00,27.95
2024-04-22 16:00:00,23.27
2024-04-22 17:00:00,19.23
2024-04-22 18:00:00,26.77
2024-04-22 19:00:00,44.63
2024-04-22 20:00:00,38.53
2024-04-22 21:00:00,60.63
2024-04-22 22:00:00,83.83
2024-04-22 23:00:00,84.6
2024-04-23 00:00:00,79.3
2024-04-23 01:00:00,69.32
2024-04-23 02:00:00,80.62
2024-04-23 03:00:00,78.1
2024-04-23 04:00:00,66.09
2024-04-23 05:00:00,49.08
2024-04-23 06:00:00,61.27
2024-04-23 07:00:00,55.92
2024-04-23 08:00:00,43.13
2024-04-23 09:00:00,50.75
2024-04-23 10:00:00,46.45
2024-04-23 11:00:00,54.6
2024-04-23 12:00:00,72.9
2024-04-23 13:00:00,79.95
2024-04-23 14:00:00,73.49
2024-04-23 16:00:00,50.47
2024-04-23 22:00:00,2.82
2024-04-23 23:00:00,22.58
2024-04-24 00:00:00,45.15
2024-04-24 01:00:00,54.52
2024-04-24 02:00:00,42.02
2024-04-24 03:00:00,37.67
2024-04-24 04:00:00,44.67
2024-04-24 05:00:00,56.73
2024-04-24 06:00:00,98.07
2024-04-24 07:00:00,86.87
2024-04-24 08:00:00,78.72
2024-04-24 09:00:00,95.95
2024-04-24 10:00:00,34.05
2024-04-24 11:00:00,42.89
2024-04-24 12:00:00,49.12
2024-04-24 13:00:00,38.32
2024-04-24 14:00:00,43.88
2024-04-24 15:00:00,26.28
2024-04-24 16:00:00,20.98
2024-04-24 17:00:00,24.14
2024-04-24 18:00:00,46.58
2024-04-24 19:00:00,47.88
2024-04-24 20:00:00,64.05
2024-04-24 21:00:00,80.58
2024-04-24 22:00:00,93.78
2024-04-24 23:00:00,117.27
2024-04-25 00:00:00,116.71
2024-04-25 01:00:00,114.25
2024-04-25 02:00:00,121.92
2024-04-25 03:00:00,110.7
2024-04-25 04:00:00,89.6
2024-04-25 05:00:00,89.27
2024-04-25 06:00:00,101.83
2024-04-25 07:00:00,111.63
2024-04-25 08:00:00,129.68
2024-04-25 09:00:00,114.85
2024-04-25 10:00:00,79.92
2024-04-25 11:00:00,31.57
2024-04-25 12:00:00,25.92
2024-04-25 13:00:00,21.48
2024-04-25 14:00:00,15.25
2024-04-25 15:00:00,21.23
2024-04-25 16:00:00,15.82
2024-04-25 17:00:00,20.8
2024-04-25 18:00:00,24.95
2024-04-25 19:00:00,43.25
2024-04-25 20:00:00,79.98
2024-04-25 21:00:00,69.18
2024-04-25 22:00:00,74.62
2024-04-25 23:00:00,97.0
2024-04-26 00:00:00,163.55
2024-04-26 01:00:00,201.22
2024-04-26 02:00:00,117.05
2024-04-26 03:00:00,93.25
2024-04-26 04:00:00,94.93
2024-04-26 05:00:00,128.0
2024-04-26 06:00:00,112.4
2024-04-26 07:00:00,89.22
2024-04-26 08:00:00,84.3
2024-04-26 09:00:00,69.47
2024-04-26 10:00:00,45.25
2024-04-26 11:00:00,21.28
2024-04-26 12:00:00,24.52
2024-04-26 13:00:00,31.15
2024-04-26 14:00:00,35.27
2024-04-26 15:00:00,35.62
2024-04-26 16:00:00,35.8
2024-04-26 17:00:00,34.82
2024-04-26 18:00:00,43.67
2024-04-26 19:00:00,35.1
2024-04-26 20:00:00,48.77
2024-04-26 21:00:00,23.82
2024-04-26 22:00:00,49.53
2024-04-26 23:00:00,53.82
2024-04-27 00:00:00,43.75
2024-04-27 01:00:00,37.9
2024-04-27 02:00:00,31.8
2024-04-27 03:00:00,55.87
2024-04-27 04:00:00,57.88
2024-04-27 05:00:00,71.02
2024-04-27 06:00:00,55.76
2024-04-27 07:00:00,53.69
2024-04-27 08:00:00,40.58
2024-04-27 09:00:00,53.98
2024-04-27 10:00:00,70.88
2024-04-27 11:00:00,53.38
2024-04-27 12:00:00,42.08
2024-04-27 13:00:00,39.5
2024-04-27 14:00:00,48.32
2024-04-27 15:00:00,53.85
2024-04-27 16:00:00,197.65
2024-04-27 17:00:00,86.42
2024-04-27 18:00:00,67.08
2024-04-27 19:00:00,62.54
2024-04-27 20:00:00,64.67
2024-04-27 21:00:00,60.17
2024-04-27 22:00:00,79.82
2024-04-27 23:00:00,51.88
2024-04-28 00:00:00,44.12
2024-04-28 01:00:00,38.0
2024-04-28 02:00:00,46.07
2024-04-28 03:00:00,53.43
2024-04-28 04:00:00,56.18
2024-04-28 05:00:00,69.57
2024-04-28 06:00:00,59.18
2024-04-28 07:00:00,56.0
2024-04-28 08:00:00,58.25
2024-04-28 09:00:00,57.32
2024-04-28 10:00:00,65.53
2024-04-28 11:00:00,58.25
2024-04-28 12:00:00,46.6
2024-04-28 13:00:00,36.4
2024-04-28 14:00:00,39.23
2024-04-28 15:00:00,41.7
2024-04-28 16:00:00,32.63
2024-04-28 17:00:00,35.9
2024-04-28 18:00:00,39.85
2024-04-28 19:00:00,50.35
2024-04-28 20:00:00,67.37
2024-04-28 21:00:00,95.3
2024-04-28 22:00:00,98.38
2024-04-28 23:00:00,129.28
2024-04-29 00:00:00,106.83
2024-04-29 01:00:00,104.27
2024-04-29 02:00:00,113.68
2024-04-29 03:00:00,110.57
2024-04-29 04:00:00,111.63
2024-04-29 05:00:00,108.47
2024-04-29 06:00:00,126.47
2024-04-29 07:00:00,134.63
2024-04-29 08:00:00,128.38
2024-04-29 09:00:00,157.98
2024-04-29 10:00:00,111.65
2024-04-29 11:00:00,73.65
2024-04-29 12:00:00,57.67
2024-04-29 13:00:00,66.28
2024-04-29 14:00:00,71.43
2024-04-29 15:00:00,69.47
2024-04-29 16:00:00,61.55
2024-04-29 17:00:00,60.9
2024-04-29 18:00:00,43.3
2024-04-29 19:00:00,40.88
2024-04-29 20:00:00,33.45
2024-04-29 21:00:00,44.55
2024-04-29 22:00:00,48.37
2024-04-29 23:00:00,54.6
2024-04-30 00:00:00,42.4
2024-04-30 01:00:00,64.55
2024-04-30 02:00:00,41.25
2024-04-30 03:00:00,53.38
2024-04-30 04:00:00,43.93
2024-04-30 05:00:00,41.68
2024-04-30 06:00:00,51.65
2024-04-30 07:00:00,68.68
2024-04-30 08:00:00,95.72
2024-04-30 09:00:00,69.32
2024-04-30 10:00:00,65.18
2024-04-30 11:00:00,76.33
2024-04-30 12:00:00,63.77
2024-04-30 13:00:00,56.03
2024-04-30 14:00:00,51.63
2024-04-30 15:00:00,53.17
2024-04-30 16:00:00,40.38
2024-04-30 17:00:00,39.98
2024-04-30 18:00:00,40.28
2024-04-30 19:00:00,45.25
2024-04-30 20:00:00,57.63
2024-04-30 21:00:00,69.38
2024-04-30 22:00:00,102.48
2024-04-30 23:00:00,120.87
2024-05-01 00:00:00,148.95
2024-05-01 01:00:00,146.85
2024-05-01 02:00:00,133.4
2024-05-01 03:00:00,141.87
2024-05-01 04:00:00,84.63
2024-05-01 05:00:00,55.62
2024-05-01 06:00:00,47.88
2024-05-01 07:00:00,42.68
2024-05-01 08:00:00,43.45
2024-05-01 09:00:00,62.35
2024-05-01 10:00:00,35.37
2024-05-01 11:00:00,32.52
2024-05-01 12:00:00,49.73
2024-05-01 13:00:00,42.78
2024-05-01 14:00:00,62.08
2024-05-01 15:00:00,64.53
2024-05-01 16:00:00,64.17
2024-05-01 17:00:00,60.05
2024-05-01 18:00:00,49.4
2024-05-01 19:00:00,33.85
2024-05-01 20:00:00,41.1
2024-05-01 21:00:00,47.2
2024-05-01 22:00:00,64.83
2024-05-01 23:00:00,52.12
2024-05-02 00:00:00,88.58
2024-05-02 01:00:00,84.13
2024-05-02 02:00:00,80.35
2024-05-02 03:00:00,84.05
2024-05-02 04:00:00,69.1
2024-05-02 05:00:00,59.97
2024-05-02 06:00:00,69.12
2024-05-02 07:00:00,79.0
2024-05-02 08:00:00,73.37
2024-05-02 09:00:00,39.93
2024-05-02 10:00:00,31.5
2024-05-02 11:00:00,26.83
2024-05-02 12:00:00,28.45
2024-05-02 13:00:00,36.65
2024-05-02 14:00:00,36.18
2024-05-02 15:00:00,32.37
2024-05-02 16:00:00,35.58
2024-05-02 17:00:00,88.37
2024-05-02 18:00:00,82.6
2024-05-02 19:00:00,141.27
2024-05-02 20:00:00,150.73
2024-05-02 21:00:00,107.43
2024-05-02 22:00:00,116.33
2024-05-02 23:00:00,161.2
2024-05-03 00:00:00,191.33
2024-05-03 01:00:00,192.65
2024-05-03 02:00:00,189.9
2024-05-03 03:00:00,168.57
2024-05-03 04:00:00,175.05
2024-05-03 05:00:00,193.3
2024-05-03 06:00:00,192.47
2024-05-03 07:00:00,190.93
2024-05-03 08:00:00,194.77
2024-05-03 09:00:00,150.57
2024-05-03 10:00:00,88.7
2024-05-03 11:00:00,71.55
2024-05-03 12:00:00,52.03
2024-05-03 13:00:00,46.73
2024-05-03 14:00:00,54.75
2024-05-03 15:00:00,52.23
2024-05-03 16:00:00,50.97
2024-05-03 17:00:00,58.98
2024-05-03 18:00:00,61.02
2024-05-03 19:00:00,72.78
2024-05-03 20:00:00,103.32
2024-05-03 21:00:00,144.02
2024-05-03 22:00:00,160.63
2024-05-03 23:00:00,172.77
2024-05-04 00:00:00,169.68
2024-05-04 01:00:00,190.27
2024-05-04 02:00:00,169.72
2024-05-04 03:00:00,139.92
2024-05-04 04:00:00,121.27
2024-05-04 05:00:00,129.68
2024-05-04 06:00:00,218.13
2024-05-04 07:00:00,261.93
2024-05-04 08:00:00,268.07
2024-05-04 09:00:00,178.8
2024-05-04 10:00:00,213.1
2024-05-04 11:00:00,156.63
2024-05-04 12:00:00,95.61
2024-05-04 13:00:00,28.6
2024-05-04 14:00:00,33.67
2024-05-04 15:00:00,89.93
2024-05-04 16:00:00,79.02
2024-05-04 17:00:00,59.0
2024-05-04 18:00:00,62.98
2024-05-04 19:00:00,108.2
2024-05-04 20:00:00,177.5
2024-05-04 21:00:00,123.12
2024-05-04 22:00:00,139.57
2024-05-04 23:00:00,129.28
2024-05-05 00:00:00,141.18
2024-05-05 01:00:00,155.52
2024-05-05 02:00:00,156.55
2024-05-05 03:00:00,125.78
2024-05-05 04:00:00,98.48
2024-05-05 05:00:00,99.08
2024-05-05 06:00:00,185.48
2024-05-05 07:00:00,265.45
2024-05-05 08:00:00,181.72
2024-05-05 09:00:00,133.63
2024-05-05 10:00:00,112.72
2024-05-05 11:00:00,101.35
2024-05-05 12:00:00,71.51
2024-05-05 13:00:00,70.45
2024-05-05 14:00:00,51.93
2024-05-05 15:00:00,46.6
2024-05-05 16:00:00,44.8
2024-05-05 17:00:00,47.27
2024-05-05 18:00:00,51.62
2024-05-05 19:00:00,59.35
2024-05-05 20:00:00,120.48
2024-05-05 21:00:00,126.78
2024-05-05 22:00:00,146.45
2024-05-05 23:00:00,231.05
2024-05-06 00:00:00,203.78
2024-05-06 01:00:00,154.38
2024-05-06 02:00:00,138.73
2024-05-06 03:00:00,118.05
2024-05-06 04:00:00,130.33
2024-05-06 05:00:00,125.1
2024-05-06 06:00:00,107.65
2024-05-06 07:00:00,156.76
2024-05-06 08:00:00,174.24
2024-05-06 09:00:00,123.92
2024-05-06 10:00:00,66.82
2024-05-06 11:00:00,39.0
2024-05-06 12:00:00,33.46
2024-05-06 13:00:00,45.92
2024-05-06 14:00:00,45.25
2024-05-06 15:00:00,41.37
2024-05-06 16:00:00,42.05
2024-05-06 17:00:00,44.82
2024-05-06 18:00:00,108.58
2024-05-06 19:00:00,72.87
2024-05-06 20:00:00,90.3
2024-05-06 21:00:00,116.37
2024-05-06 22:00:00,120.2
2024-05-06 23:00:00,136.02
2024-05-07 00:00:00,141.35
2024-05-07 01:00:00,168.2
2024-05-07 02:00:00,196.48
2024-05-07 03:00:00,202.65
2024-05-07 04:00:00,180.55
2024-05-07 05:00:00,142.14
2024-05-07 12:00:00,154.69
2024-05-07 13:00:00,179.07
2024-05-07 14:00:00,135.0
2024-05-07 15:00:00,92.26
2024-05-07 16:00:00,73.82
2024-05-07 17:00:00,77.36
2024-05-07 18:00:00,108.47
2024-05-07 19:00:00,146.69
2024-05-07 20:00:00,125.03
2024-05-07 21:00:00,96.03
2024-05-07 22:00:00,92.42
2024-05-07 23:00:00,90.02
2024-05-08 00:00:00,92.17
2024-05-08 01:00:00,77.87
2024-05-08 02:00:00,70.28
2024-05-08 03:00:00,76.73
2024-05-08 04:00:00,60.33
2024-05-08 05:00:00,57.23
2024-05-08 06:00:00,42.13
2024-05-08 07:00:00,39.5
2024-05-08 08:00:00,47.87
2024-05-08 09:00:00,58.13
2024-05-08 10:00:00,57.44
2024-05-08 11:00:00,128.0
2024-05-08 12:00:00,155.07
2024-05-08 13:00:00,89.71
2024-05-08 14:00:00,60.24
2024-05-08 15:00:00,58.07
2024-05-08 16:00:00,57.23
2024-05-08 17:00:00,88.77
2024-05-08 18:00:00,73.52
2024-05-08 19:00:00,68.33
2024-05-08 20:00:00,78.65
2024-05-08 21:00:00,85.5
2024-05-08 22:00:00,73.47
2024-05-08 23:00:00,80.62
2024-05-09 00:00:00,68.78
2024-05-09 01:00:00,76.92
2024-05-09 02:00:00,65.75
2024-05-09 03:00:00,60.27
2024-05-09 04:00:00,45.13
2024-05-09 05:00:00,47.2
2024-05-09 06:00:00,38.08
2024-05-09 07:00:00,38.55
2024-05-09 08:00:00,60.88
2024-05-09 09:00:00,50.12
2024-05-09 10:00:00,101.03
2024-05-09 11:00:00,115.3
2024-05-09 12:00:00,128.32
2024-05-09 13:00:00,128.02
2024-05-09 14:00:00,67.8
2024-05-09 15:00:00,61.13
2024-05-09 16:00:00,53.62
2024-05-09 17:00:00,48.6
2024-05-09 18:00:00,67.47
2024-05-09 19:00:00,96.78
2024-05-09 20:00:00,80.85
2024-05-09 21:00:00,68.72
2024-05-09 22:00:00,69.62
2024-05-09 23:00:00,66.47
2024-05-10 00:00:00,78.17
2024-05-10 01:00:00,71.47
2024-05-10 02:00:00,72.98
2024-05-10 03:00:00,72.17
2024-05-10 04:00:00,63.78
2024-05-10 05:00:00,75.42
2024-05-10 06:00:00,67.35
2024-05-10 07:00:00,62.47
2024-05-10 08:00:00,62.47
2024-05-10 09:00:00,57.68
2024-05-10 10:00:00,63.5
2024-05-10 11:00:00,67.43
2024-05-10 12:00:00,69.18
2024-05-10 13:00:00,67.67
2024-05-10 14:00:00,70.03
2024-05-10 15:00:00,70.71
2024-05-10 16:00:00,64.58
2024-05-10 17:00:00,72.9
2024-05-10 18:00:00,68.87
2024-05-10 19:00:00,61.92
2024-05-10 20:00:00,69.92
2024-05-10 21:00:00,86.82
2024-05-10 22:00:00,249.43
2024-05-10 23:00:00,83.02
2024-05-11 00:00:00,25.52
2024-05-11 01:00:00,54.13
2024-05-11 02:00:00,101.73
2024-05-11 03:00:00,78.4
2024-05-11 04:00:00,71.73
2024-05-11 05:00:00,63.77
2024-05-11 06:00:00,53.72
2024-05-11 07:00:00,62.63
2024-05-11 08:00:00,83.68
2024-05-11 09:00:00,139.42
2024-05-11 10:00:00,192.45
2024-05-11 11:00:00,298.98
2024-05-11 12:00:00,234.02
2024-05-11 13:00:00,178.15
2024-05-11 14:00:00,279.97
2024-05-11 15:00:00,321.08
2024-05-11 16:00:00,256.27
2024-05-11 17:00:00,142.42
2024-05-11 18:00:00,94.07
2024-05-11 19:00:00,56.4
2024-05-11 20:00:00,60.95
2024-05-11 21:00:00,59.45
2024-05-11 22:00:00,61.93
2024-05-11 23:00:00,88.18
2024-05-12 00:00:00,93.47
2024-05-12 01:00:00,95.15
2024-05-12 02:00:00,106.02
2024-05-12 03:00:00,108.77
2024-05-12 04:00:00,91.18
2024-05-12 05:00:00,84.12
2024-05-12 06:00:00,112.8
2024-05-12 07:00:00,93.42
2024-05-12 08:00:00,98.53
2024-05-12 09:00:00,53.57
2024-05-12 10:00:00,37.02
2024-05-12 11:00:00,55.9
2024-05-12 12:00:00,69.87
2024-05-12 13:00:00,58.73
2024-05-12 14:00:00,60.22
2024-05-12 15:00:00,54.22
2024-05-12 16:00:00,56.9
2024-05-12 17:00:00,56.85
2024-05-12 18:00:00,62.5
2024-05-12 19:00:00,69.28
2024-05-12 20:00:00,75.0
2024-05-12 21:00:00,79.05
2024-05-12 22:00:00,92.12
2024-05-12 23:00:00,106.37
2024-05-13 00:00:00,111.9
2024-05-13 01:00:00,113.55
2024-05-13 02:00:00,115.9
2024-05-13 03:00:00,135.75
2024-05-13 04:00:00,132.48
2024-05-13 05:00:00,116.85
2024-05-13 06:00:00,93.8
2024-05-13 07:00:00,79.43
2024-05-13 08:00:00,85.75
2024-05-13 09:00:00,66.62
2024-05-13 10:00:00,70.9
2024-05-13 11:00:00,80.83
2024-05-13 12:00:00,97.62
2024-05-13 13:00:00,90.95
2024-05-13 14:00:00,76.25
2024-05-13 15:00:00,64.53
2024-05-13 16:00:00,53.07
2024-05-13 17:00:00,77.37
2024-05-13 18:00:00,79.28
2024-05-13 19:00:00,59.15
2024-05-13 20:00:00,80.28
2024-05-13 21:00:00,115.47
2024-05-13 22:00:00,102.25
2024-05-13 23:00:00,107.08
2024-05-14 00:00:00,88.17
2024-05-14 01:00:00,91.88
2024-05-14 02:00:00,96.97
2024-05-14 03:00:00,99.02
2024-05-14 04:00:00,101.13
2024-05-14 05:00:00,92.2
2024-05-14 06:00:00,103.2
2024-05-14 07:00:00,110.92
2024-05-14 08:00:00,155.73
2024-05-14 09:00:00,134.38
2024-05-14 10:00:00,91.95
2024-05-14 11:00:00,73.72
2024-05-14 12:00:00,66.17
2024-05-14 13:00:00,49.07
2024-05-14 14:00:00,58.82
2024-05-14 15:00:00,50.77
2024-05-14 16:00:00,52.37
2024-05-14 17:00:00,51.02
2024-05-14 18:00:00,57.72
2024-05-14 19:00:00,64.62
2024-05-14 20:00:00,94.6
2024-05-14 21:00:00,87.67
2024-05-14 22:00:00,105.7
2024-05-14 23:00:00,119.57
2024-05-15 00:00:00,131.23
2024-05-15 01:00:00,139.55
2024-05-15 02:00:00,130.3
2024-05-15 03:00:00,154.87
2024-05-15 04:00:00,146.55
2024-05-15 05:00:00,148.67
2024-05-15 06:00:00,178.62
2024-05-15 07:00:00,188.35
2024-05-15 08:00:00,171.27
2024-05-15 09:00:00,129.55
2024-05-15 10:00:00,96.28
2024-05-15 11:00:00,58.45
2024-05-15 12:00:00,55.0
2024-05-15 13:00:00,71.0
2024-05-15 14:00:00,69.08
2024-05-15 15:00:00,60.22
2024-05-15 16:00:00,68.17
2024-05-15 17:00:00,68.45
2024-05-15 18:00:00,62.42
2024-05-15 19:00:00,60.27
2024-05-15 20:00:00,96.52
2024-05-15 21:00:00,122.68
2024-05-15 22:00:00,139.72
2024-05-15 23:00:00,137.2
2024-05-16 00:00:00,171.47
2024-05-16 01:00:00,109.98
2024-05-16 02:00:00,80.4
2024-05-16 03:00:00,86.05
2024-05-16 04:00:00,91.57
2024-05-16 05:00:00,79.85
2024-05-16 06:00:00,80.48
2024-05-16 07:00:00,87.93
2024-05-16 08:00:00,113.03
2024-05-16 09:00:00,119.68
2024-05-16 10:00:00,105.57
2024-05-16 11:00:00,89.4
2024-05-16 12:00:00,87.23
2024-05-16 13:00:00,78.98
2024-05-16 14:00:00,73.82
2024-05-16 15:00:00,69.96
2024-05-16 16:00:00,69.75
2024-05-16 17:00:00,70.17
2024-05-16 18:00:00,70.08
2024-05-16 19:00:00,81.3
2024-05-16 20:00:00,129.85
2024-05-16 21:00:00,160.73
2024-05-16 22:00:00,144.93
2024-05-16 23:00:00,140.42
2024-05-17 00:00:00,118.38
2024-05-17 01:00:00,127.25
2024-05-17 02:00:00,94.72
2024-05-17 03:00:00,93.85
2024-05-17 04:00:00,91.68
2024-05-17 05:00:00,74.05
2024-05-17 06:00:00,69.62
2024-05-17 07:00:00,60.15
2024-05-17 08:00:00,73.55
2024-05-17 09:00:00,75.47
2024-05-17 10:00:00,73.77
2024-05-17 11:00:00,72.58
2024-05-17 12:00:00,68.3
2024-05-17 13:00:00,49.78
2024-05-17 14:00:00,72.83
2024-05-17 15:00:00,70.9
2024-05-17 16:00:00,62.68
2024-05-17 17:00:00,56.3
2024-05-17 18:00:00,53.3
2024-05-17 19:00:00,94.87
2024-05-17 20:00:00,136.68
2024-05-17 21:00:00,120.62
2024-05-17 22:00:00,136.28
2024-05-17 23:00:00,135.6
2024-05-18 00:00:00,178.8
2024-05-18 01:00:00,177.82
2024-05-18 02:00:00,155.2
2024-05-18 03:00:00,165.68
2024-05-18 04:00:00,156.18
2024-05-18 05:00:00,157.28
2024-05-18 06:00:00,164.15
2024-05-18 07:00:00,150.95
2024-05-18 08:00:00,163.55
2024-05-18 09:00:00,143.55
2024-05-18 10:00:00,117.05
2024-05-18 11:00:00,118.78
2024-05-18 12:00:00,128.1
2024-05-18 13:00:00,112.57
2024-05-18 14:00:00,84.2
2024-05-18 15:00:00,79.32
2024-05-18 16:00:00,64.38
2024-05-18 17:00:00,69.63
2024-05-18 18:00:00,71.0
2024-05-18 19:00:00,91.53
2024-05-18 20:00:00,113.53
2024-05-18 21:00:00,120.9
2024-05-18 22:00:00,125.85
2024-05-18 23:00:00,119.58
2024-05-19 00:00:00,139.43
2024-05-19 01:00:00,141.57
2024-05-19 02:00:00,133.6
2024-05-19 03:00:00,151.47
2024-05-19 04:00:00,160.51
2024-05-19 05:00:00,147.9
2024-05-19 06:00:00,172.15
2024-05-19 07:00:00,184.48
2024-05-19 08:00:00,188.67
2024-05-19 09:00:00,157.82
2024-05-19 10:00:00,138.65
2024-05-19 11:00:00,115.33
2024-05-19 12:00:00,89.33
2024-05-19 13:00:00,82.77
2024-05-19 14:00:00,72.87
2024-05-19 15:00:00,58.98
2024-05-19 16:00:00,50.62
2024-05-19 17:00:00,46.28
2024-05-19 18:00:00,58.52
2024-05-19 19:00:00,78.37
2024-05-19 20:00:00,92.23
2024-05-19 21:00:00,102.48
2024-05-19 22:00:00,91.63
2024-05-19 23:00:00,93.05
2024-05-20 00:00:00,101.18
2024-05-20 01:00:00,90.65
2024-05-20 02:00:00,111.57
2024-05-20 03:00:00,110.93
2024-05-20 04:00:00,107.4
2024-05-20 05:00:00,98.73
2024-05-20 06:00:00,129.47
2024-05-20 07:00:00,115.43
2024-05-20 08:00:00,152.55
2024-05-20 09:00:00,164.35
2024-05-20 10:00:00,131.2
2024-05-20 11:00:00,84.43
2024-05-20 12:00:00,66.38
2024-05-20 13:00:00,48.62
2024-05-20 14:00:00,48.18
2024-05-20 15:00:00,30.85
2024-05-20 16:00:00,44.75
2024-05-20 17:00:00,51.13
2024-05-20 18:00:00,46.12
2024-05-20 19:00:00,55.38
2024-05-20 20:00:00,62.05
2024-05-20 21:00:00,121.28
2024-05-20 22:00:00,128.65
2024-05-20 23:00:00,102.65
2024-05-21 00:00:00,89.43
2024-05-21 01:00:00,92.23
2024-05-21 02:00:00,109.08
2024-05-21 03:00:00,114.1
2024-05-21 04:00:00,78.77
2024-05-21 05:00:00,68.62
2024-05-21 06:00:00,75.07
2024-05-21 07:00:00,64.3
2024-05-21 08:00:00,56.78
2024-05-21 09:00:00,64.73
2024-05-21 10:00:00,109.72
2024-05-21 11:00:00,86.18
2024-05-21 12:00:00,91.97
2024-05-21 13:00:00,82.0
2024-05-21 14:00:00,82.0
2024-05-21 15:00:00,80.55
2024-05-21 16:00:00,79.42
2024-05-21 17:00:00,71.12
2024-05-21 18:00:00,71.35
2024-05-21 19:00:00,79.4
2024-05-21 20:00:00,75.15
2024-05-21 21:00:00,75.87
2024-05-21 22:00:00,69.85
2024-05-21 23:00:00,83.03
2024-05-22 00:00:00,87.82
2024-05-22 01:00:00,82.65
2024-05-22 02:00:00,78.62
2024-05-22 03:00:00,67.07
2024-05-22 04:00:00,72.08
2024-05-22 05:00:00,66.02
2024-05-22 06:00:00,64.15
2024-05-22 07:00:00,62.2
2024-05-22 08:00:00,56.58
2024-05-22 09:00:00,61.92
2024-05-22 10:00:00,66.92
2024-05-22 11:00:00,69.13
2024-05-22 12:00:00,68.87
2024-05-22 13:00:00,61.12
2024-05-22 14:00:00,60.45
2024-05-22 15:00:00,54.7
2024-05-22 16:00:00,54.9
2024-05-22 17:00:00,57.6
2024-05-22 18:00:00,57.32
2024-05-22 19:00:00,62.35
2024-05-22 20:00:00,63.73
2024-05-22 21:00:00,70.45
2024-05-22 22:00:00,73.03
2024-05-22 23:00:00,69.95
2024-05-23 00:00:00,59.12
2024-05-23 01:00:00,39.53
2024-05-23 02:00:00,29.8
2024-05-23 03:00:00,29.37
2024-05-23 04:00:00,27.82
2024-05-23 05:00:00,20.51
2024-05-23 06:00:00,34.5
2024-05-23 07:00:00,34.88
2024-05-23 08:00:00,44.53
2024-05-23 09:00:00,47.87
2024-05-23 10:00:00,48.9
2024-05-23 11:00:00,53.47
2024-05-23 12:00:00,57.22
2024-05-23 13:00:00,63.95
2024-05-23 14:00:00,60.08
2024-05-23 15:00:00,59.08
2024-05-23 16:00:00,47.8
2024-05-23 17:00:00,49.68
2024-05-23 18:00:00,38.52
2024-05-23 19:00:00,49.7
2024-05-23 20:00:00,48.98
2024-05-23 21:00:00,49.77
2024-05-23 22:00:00,52.98
2024-05-23 23:00:00,51.07
2024-05-24 00:00:00,57.88
2024-05-24 01:00:00,53.48
2024-05-24 02:00:00,51.22
2024-05-24 03:00:00,53.0
2024-05-24 04:00:00,50.88
2024-05-24 05:00:00,54.03
2024-05-24 06:00:00,47.93
2024-05-24 07:00:00,46.13
2024-05-24 08:00:00,44.28
2024-05-24 09:00:00,42.77
2024-05-24 10:00:00,38.17
2024-05-24 11:00:00,45.73
2024-05-24 12:00:00,41.22
2024-05-24 13:00:00,20.74
2024-05-24 14:00:00,34.75
2024-05-24 15:00:00,42.38
2024-05-24 16:00:00,43.77
2024-05-24 17:00:00,43.2
2024-05-24 18:00:00,39.58
2024-05-24 19:00:00,50.47
2024-05-24 20:00:00,48.67
2024-05-24 21:00:00,58.68
2024-05-24 22:00:00,61.68
2024-05-24 23:00:00,61.87
2024-05-25 00:00:00,53.08
2024-05-25 01:00:00,58.57
2024-05-25 02:00:00,57.07
2024-05-25 03:00:00,58.45
2024-05-25 04:00:00,56.45
2024-05-25 05:00:00,56.85
2024-05-25 06:00:00,61.23
2024-05-25 07:00:00,71.38
2024-05-25 08:00:00,57.82
2024-05-25 09:00:00,59.57
2024-05-25 10:00:00,54.97
2024-05-25 11:00:00,71.75
2024-05-25 12:00:00,73.22
2024-05-25 13:00:00,60.45
2024-05-25 14:00:00,56.75
2024-05-25 15:00:00,61.47
2024-05-25 16:00:00,44.93
2024-05-25 17:00:00,31.6
2024-05-25 18:00:00,36.55
2024-05-25 19:00:00,38.17
2024-05-25 20:00:00,88.45
2024-05-25 21:00:00,102.43
2024-05-25 22:00:00,73.9
2024-05-25 23:00:00,73.8
2024-05-26 00:00:00,61.37
2024-05-26 01:00:00,78.73
2024-05-26 02:00:00,71.37
2024-05-26 03:00:00,65.97
2024-05-26 04:00:00,81.55
2024-05-26 05:00:00,69.98
2024-05-26 06:00:00,84.85
2024-05-26 07:00:00,97.6
2024-05-26 08:00:00,109.17
2024-05-26 09:00:00,54.23
2024-05-26 10:00:00,39.42
2024-05-26 11:00:00,38.43
2024-05-26 12:00:00,34.8
2024-05-26 13:00:00,26.87
2024-05-26 14:00:00,28.53
2024-05-26 15:00:00,41.4
2024-05-26 16:00:00,38.75
2024-05-26 17:00:00,43.57
2024-05-26 18:00:00,43.83
2024-05-26 19:00:00,62.45
2024-05-26 20:00:00,105.9
2024-05-26 21:00:00,116.25
2024-05-26 22:00:00,115.77
2024-05-26 23:00:00,119.75
2024-05-27 00:00:00,122.08
2024-05-27 01:00:00,109.09
2024-05-27 02:00:00,93.3
2024-05-27 03:00:00,109.83
2024-05-27 04:00:00,79.98
2024-05-27 05:00:00,58.35
2024-05-27 06:00:00,93.48
2024-05-27 07:00:00,90.1
2024-05-27 08:00:00,81.3
2024-05-27 09:00:00,75.35
2024-05-27 10:00:00,85.87
2024-05-27 11:00:00,94.1
2024-05-27 12:00:00,79.32
2024-05-27 13:00:00,53.31
2024-05-27 14:00:00,45.05
2024-05-27 15:00:00,45.75
2024-05-27 16:00:00,47.97
2024-05-27 17:00:00,59.02
2024-05-27 18:00:00,60.15
2024-05-27 19:00:00,74.45
2024-05-27 20:00:00,118.18
2024-05-27 21:00:00,132.17
2024-05-27 22:00:00,138.0
2024-05-27 23:00:00,140.55
2024-05-28 00:00:00,141.08
2024-05-28 01:00:00,136.0
2024-05-28 02:00:00,139.77
2024-05-28 03:00:00,111.12
2024-05-28 04:00:00,83.2
2024-05-28 05:00:00,73.63
2024-05-28 06:00:00,77.37
2024-05-28 07:00:00,73.18
2024-05-28 08:00:00,81.0
2024-05-28 09:00:00,70.58
2024-05-28 10:00:00,71.83
2024-05-28 11:00:00,90.73
2024-05-28 12:00:00,82.07
2024-05-28 13:00:00,70.6
2024-05-28 14:00:00,62.77
2024-05-28 15:00:00,35.8
2024-05-28 16:00:00,31.18
2024-05-28 17:00:00,35.23
2024-05-28 18:00:00,46.1
2024-05-28 19:00:00,63.8
2024-05-28 20:00:00,119.25
2024-05-28 21:00:00,96.55
2024-05-28 22:00:00,117.7
2024-05-28 23:00:00,121.55
2024-05-29 00:00:00,134.45
2024-05-29 01:00:00,141.88
2024-05-29 02:00:00,128.57
2024-05-29 03:00:00,97.97
2024-05-29 04:00:00,125.57
2024-05-29 05:00:00,138.17
2024-05-29 06:00:00,100.57
2024-05-29 07:00:00,65.23
2024-05-29 08:00:00,65.65
2024-05-29 09:00:00,67.18
2024-05-29 10:00:00,73.02
2024-05-29 11:00:00,69.05
2024-05-29 12:00:00,62.98
2024-05-29 13:00:00,66.8
2024-05-29 14:00:00,66.35
2024-05-29 15:00:00,58.05
2024-05-29 16:00:00,53.47
2024-05-29 17:00:00,90.4
2024-05-29 18:00:00,30.73
2024-05-29 19:00:00,33.75
2024-05-29 20:00:00,54.72
2024-05-29 21:00:00,64.2
2024-05-29 22:00:00,80.52
2024-05-29 23:00:00,93.83
2024-05-30 00:00:00,88.28
2024-05-30 01:00:00,72.62
2024-05-30 02:00:00,65.43
2024-05-30 03:00:00,73.6
2024-05-30 04:00:00,85.22
2024-05-30 05:00:00,89.95
2024-05-30 06:00:00,84.28
2024-05-30 07:00:00,122.05
2024-05-30 08:00:00,108.03
2024-05-30 09:00:00,105.38
2024-05-30 10:00:00,101.23
2024-05-30 11:00:00,140.68
2024-05-30 12:00:00,73.88
2024-05-30 13:00:00,56.22
2024-05-30 14:00:00,62.58
2024-05-30 15:00:00,49.37
2024-05-30 16:00:00,46.58
2024-05-30 17:00:00,48.42
2024-05-30 18:00:00,35.13
2024-05-30 19:00:00,56.23
2024-05-30 20:00:00,56.22
2024-05-30 21:00:00,62.88
2024-05-30 22:00:00,69.73
2024-05-30 23:00:00,51.42
2024-05-31 00:00:00,44.7
2024-05-31 01:00:00,54.58
2024-05-31 02:00:00,52.1
2024-05-31 03:00:00,56.38
2024-05-31 04:00:00,55.18
2024-05-31 05:00:00,60.0
2024-05-31 06:00:00,62.57
2024-05-31 07:00:00,97.9
2024-05-31 08:00:00,88.05
2024-05-31 09:00:00,53.47
2024-05-31 10:00:00,55.02
2024-05-31 11:00:00,60.26
2024-05-31 12:00:00,64.0
2024-05-31 13:00:00,47.5
2024-05-31 19:00:00,22.69
2024-05-31 20:00:00,68.32
2024-05-31 21:00:00,103.07
2024-05-31 22:00:00,108.53
2024-05-31 23:00:00,136.98
2024-06-01 00:00:00,126.77
2024-06-01 01:00:00,101.48
2024-06-01 02:00:00,126.87
2024-06-01 03:00:00,89.31
2024-06-01 04:00:00,46.53
2024-06-01 05:00:00,41.67
2024-06-01 06:00:00,53.33
2024-06-01 07:00:00,71.38
2024-06-01 08:00:00,69.82
2024-06-01 09:00:00,49.52
2024-06-01 10:00:00,55.42
2024-06-01 11:00:00,46.15
2024-06-01 12:00:00,36.09
2024-06-01 13:00:00,29.19
2024-06-01 14:00:00,51.32
2024-06-01 15:00:00,87.12
2024-06-01 16:00:00,56.12
2024-06-01 17:00:00,36.62
2024-06-01 18:00:00,49.53
2024-06-01 19:00:00,35.62
2024-06-01 20:00:00,41.25
2024-06-01 21:00:00,52.77
2024-06-01 22:00:00,49.53
2024-06-01 23:00:00,52.58
2024-06-02 00:00:00,39.22
2024-06-02 01:00:00,31.52
2024-06-02 02:00:00,36.8
2024-06-02 03:00:00,36.87
2024-06-02 04:00:00,36.08
2024-06-02 05:00:00,37.58
2024-06-02 06:00:00,40.35
2024-06-02 07:00:00,34.23
2024-06-02 08:00:00,43.18
2024-06-02 09:00:00,34.5
2024-06-02 10:00:00,40.89
2024-06-02 12:00:00,36.36
2024-06-02 23:00:00,4.25
2024-06-03 00:00:00,7.05
2024-06-03 01:00:00,25.27
2024-06-03 02:00:00,23.23
2024-06-03 03:00:00,13.47
2024-06-03 04:00:00,29.4
2024-06-03 05:00:00,36.8
2024-06-03 06:00:00,24.57
2024-06-03 07:00:00,24.18
2024-06-03 08:00:00,48.15
2024-06-03 09:00:00,52.87
2024-06-03 10:00:00,71.47
2024-06-03 11:00:00,47.42
2024-06-03 12:00:00,48.15
2024-06-03 13:00:00,54.2
2024-06-03 14:00:00,57.77
2024-06-03 15:00:00,36.93
2024-06-03 16:00:00,36.27
2024-06-03 17:00:00,39.92
2024-06-03 18:00:00,38.63
2024-06-03 19:00:00,57.67
2024-06-03 20:00:00,70.53
2024-06-03 21:00:00,83.0
2024-06-03 22:00:00,94.2
2024-06-03 23:00:00,84.92
2024-06-04 00:00:00,72.67
2024-06-04 01:00:00,52.85
2024-06-04 02:00:00,49.63
2024-06-04 03:00:00,50.4
2024-06-04 04:00:00,51.97
2024-06-04 05:00:00,45.35
2024-06-04 06:00:00,56.52
2024-06-04 07:00:00,71.7
2024-06-04 08:00:00,64.92
2024-06-04 09:00:00,73.8
2024-06-04 10:00:00,74.45
2024-06-04 11:00:00,110.38
2024-06-04 12:00:00,102.07
2024-06-04 13:00:00,92.85
2024-06-04 14:00:00,87.8
2024-06-04 15:00:00,74.82
2024-06-04 16:00:00,69.55
2024-06-04 17:00:00,67.17
2024-06-04 18:00:00,56.58
2024-06-04 19:00:00,74.33
2024-06-04 20:00:00,96.9
2024-06-04 21:00:00,91.77
2024-06-04 22:00:00,67.55
2024-06-04 23:00:00,60.8
2024-06-05 00:00:00,79.33
2024-06-05 01:00:00,81.87
2024-06-05 02:00:00,76.1
2024-06-05 03:00:00,65.75
2024-06-05 04:00:00,76.63
2024-06-05 05:00:00,85.18
2024-06-05 06:00:00,135.05
2024-06-05 07:00:00,112.02
2024-06-05 08:00:00,76.52
2024-06-05 09:00:00,87.13
2024-06-05 10:00:00,97.98
2024-06-05 11:00:00,94.24
2024-06-05 12:00:00,87.47
2024-06-05 13:00:00,134.25
2024-06-05 14:00:00,120.93
2024-06-05 15:00:00,130.98
2024-06-05 16:00:00,84.72
2024-06-05 17:00:00,53.32
2024-06-05 18:00:00,49.25
2024-06-05 19:00:00,53.82
2024-06-05 20:00:00,96.98
2024-06-05 21:00:00,145.55
2024-06-05 22:00:00,74.3
2024-06-05 23:00:00,40.2
2024-06-06 00:00:00,35.29
2024-06-06 01:00:00,30.85
2024-06-06 02:00:00,25.27
2024-06-06 03:00:00,31.32
2024-06-06 04:00:00,36.57
2024-06-06 05:00:00,32.62
2024-06-06 06:00:00,35.45
2024-06-06 07:00:00,35.32
2024-06-06 08:00:00,37.8
2024-06-06 09:00:00,56.9
2024-06-06 10:00:00,37.32
2024-06-06 11:00:00,44.45
2024-06-06 12:00:00,45.23
2024-06-06 13:00:00,48.62
2024-06-06 14:00:00,56.63
2024-06-06 15:00:00,54.52
2024-06-06 16:00:00,39.23
2024-06-06 17:00:00,49.12
2024-06-06 18:00:00,41.45
2024-06-06 19:00:00,50.55
2024-06-06 20:00:00,54.95
2024-06-06 21:00:00,75.77
2024-06-06 22:00:00,78.45
2024-06-06 23:00:00,129.22
2024-06-07 00:00:00,81.02
2024-06-07 01:00:00,47.2
2024-06-07 02:00:00,45.95
2024-06-07 03:00:00,45.82
2024-06-07 04:00:00,43.67
2024-06-07 05:00:00,53.7
2024-06-07 06:00:00,85.18
2024-06-07 07:00:00,83.15
2024-06-07 08:00:00,84.67
2024-06-07 09:00:00,82.7
2024-06-07 10:00:00,129.83
2024-06-07 11:00:00,241.93
2024-06-07 12:00:00,57.03
2024-06-07 13:00:00,45.82
2024-06-07 14:00:00,48.67
2024-06-07 15:00:00,41.87
2024-06-07 16:00:00,29.03
2024-06-07 17:00:00,39.27
2024-06-07 18:00:00,38.65
2024-06-07 19:00:00,47.9
2024-06-07 20:00:00,50.3
2024-06-07 21:00:00,56.72
2024-06-07 22:00:00,77.07
2024-06-07 23:00:00,107.65
2024-06-08 00:00:00,104.58
2024-06-08 01:00:00,92.0
2024-06-08 02:00:00,81.0
2024-06-08 03:00:00,74.27
2024-06-08 04:00:00,75.54
2024-06-08 05:00:00,75.94
2024-06-08 06:00:00,63.87
2024-06-08 07:00:00,46.56
2024-06-08 08:00:00,56.11
2024-06-08 09:00:00,64.97
2024-06-08 10:00:00,55.32
2024-06-08 11:00:00,73.15
2024-06-08 12:00:00,59.28
2024-06-08 13:00:00,47.13
2024-06-08 14:00:00,46.18
2024-06-08 15:00:00,40.07
2024-06-08 16:00:00,37.35
2024-06-08 17:00:00,35.18
2024-06-08 18:00:00,30.88
2024-06-08 19:00:00,32.58
2024-06-08 20:00:00,34.47
2024-06-08 21:00:00,49.88
2024-06-08 22:00:00,51.25
2024-06-08 23:00:00,47.85
2024-06-09 00:00:00,48.37
2024-06-09 01:00:00,49.63
2024-06-09 02:00:00,55.97
2024-06-09 03:00:00,56.22
2024-06-09 04:00:00,66.1
2024-06-09 05:00:00,88.32
2024-06-09 06:00:00,59.7
2024-06-09 07:00:00,41.78
2024-06-09 08:00:00,52.75
2024-06-09 09:00:00,44.83
2024-06-09 10:00:00,49.68
2024-06-09 11:00:00,36.2
2024-06-09 12:00:00,35.32
2024-06-09 13:00:00,34.3
2024-06-09 14:00:00,30.68
2024-06-09 15:00:00,29.95
2024-06-09 16:00:00,19.33
2024-06-09 17:00:00,20.6
2024-06-09 18:00:00,25.67
2024-06-09 19:00:00,34.87
2024-06-09 20:00:00,52.43
2024-06-09 21:00:00,50.03
2024-06-09 22:00:00,70.62
2024-06-09 23:00:00,71.62
2024-06-10 00:00:00,65.23
2024-06-10 01:00:00,101.07
2024-06-10 02:00:00,83.08
2024-06-10 03:00:00,54.98
2024-06-10 04:00:00,52.73
2024-06-10 05:00:00,52.43
2024-06-10 06:00:00,50.27
2024-06-10 07:00:00,36.55
2024-06-10 08:00:00,44.98
2024-06-10 09:00:00,49.9
2024-06-10 10:00:00,47.12
2024-06-10 11:00:00,43.97
2024-06-10 12:00:00,38.4
2024-06-10 13:00:00,33.75
2024-06-10 14:00:00,51.82
2024-06-10 15:00:00,63.73
2024-06-10 16:00:00,29.55
2024-06-10 17:00:00,35.07
2024-06-10 18:00:00,41.27
2024-06-10 19:00:00,54.07
2024-06-10 20:00:00,55.05
2024-06-10 21:00:00,70.61
2024-06-10 22:00:00,76.23
2024-06-10 23:00:00,84.25
2024-06-11 00:00:00,94.03
2024-06-11 03:00:00,97.03
2024-06-11 04:00:00,101.03
2024-06-11 05:00:00,105.34
2024-06-11 06:00:00,55.38
2024-06-11 07:00:00,90.68
2024-06-11 08:00:00,91.82
2024-06-11 09:00:00,74.71
2024-06-11 10:00:00,86.17
2024-06-11 11:00:00,68.23
2024-06-11 12:00:00,49.57
2024-06-11 13:00:00,36.57
2024-06-11 14:00:00,34.07
2024-06-11 15:00:00,37.27
2024-06-11 16:00:00,208.52
2024-06-11 17:00:00,30.17
2024-06-11 18:00:00,45.88
2024-06-11 19:00:00,55.22
2024-06-11 20:00:00,67.5
2024-06-11 21:00:00,67.62
2024-06-11 22:00:00,87.43
2024-06-11 23:00:00,95.31
2024-06-12 00:00:00,97.08
2024-06-12 01:00:00,73.48
2024-06-12 02:00:00,93.7
2024-06-12 03:00:00,76.0
2024-06-12 04:00:00,81.27
2024-06-12 05:00:00,80.77
2024-06-12 06:00:00,80.55
2024-06-12 07:00:00,60.1
2024-06-12 08:00:00,46.03
2024-06-12 09:00:00,56.03
2024-06-12 10:00:00,54.58
2024-06-12 11:00:00,47.4
2024-06-12 12:00:00,46.3
2024-06-12 13:00:00,35.33
2024-06-12 14:00:00,49.69
2024-06-12 15:00:00,37.93
2024-06-12 16:00:00,29.13
2024-06-12 17:00:00,26.85
2024-06-12 18:00:00,34.4
2024-06-12 19:00:00,47.98
2024-06-12 20:00:00,58.08
2024-06-12 21:00:00,85.02
2024-06-12 22:00:00,99.37
2024-06-12 23:00:00,104.91
2024-06-13 00:00:00,115.1
2024-06-13 01:00:00,125.9
2024-06-13 02:00:00,106.37
2024-06-13 03:00:00,60.13
2024-06-13 04:00:00,32.92
2024-06-13 05:00:00,35.12
2024-06-13 06:00:00,26.13
2024-06-13 07:00:00,30.22
2024-06-13 08:00:00,35.28
2024-06-13 09:00:00,44.55
2024-06-13 10:00:00,52.78
2024-06-13 11:00:00,52.84
2024-06-13 12:00:00,44.6
2024-06-13 13:00:00,41.05
2024-06-13 14:00:00,35.77
2024-06-13 15:00:00,29.08
2024-06-13 16:00:00,27.32
2024-06-13 17:00:00,29.55
2024-06-13 18:00:00,25.73
2024-06-13 19:00:00,35.1
2024-06-13 20:00:00,46.53
2024-06-13 21:00:00,50.12
2024-06-13 22:00:00,52.32
2024-06-13 23:00:00,41.12
2024-06-14 00:00:00,50.55
2024-06-14 01:00:00,39.5
2024-06-14 02:00:00,33.02
2024-06-14 03:00:00,31.53
2024-06-14 04:00:00,45.03
2024-06-14 05:00:00,45.75
2024-06-14 06:00:00,35.92
2024-06-14 07:00:00,33.18
2024-06-14 08:00:00,38.9
2024-06-14 09:00:00,47.75
2024-06-14 10:00:00,52.25
2024-06-14 11:00:00,57.62
2024-06-14 12:00:00,57.33
2024-06-14 13:00:00,51.0
2024-06-14 14:00:00,50.78
2024-06-14 15:00:00,41.82
2024-06-14 16:00:00,32.22
2024-06-14 17:00:00,38.5
2024-06-14 18:00:00,66.98
2024-06-14 19:00:00,61.9
2024-06-14 20:00:00,52.68
2024-06-14 21:00:00,36.8
2024-06-14 22:00:00,32.98
2024-06-14 23:00:00,38.47
2024-06-15 00:00:00,37.1
2024-06-15 01:00:00,34.48
2024-06-15 02:00:00,26.05
2024-06-15 03:00:00,30.72
2024-06-15 04:00:00,38.95
2024-06-15 05:00:00,27.28
2024-06-15 06:00:00,22.77
2024-06-15 07:00:00,24.3
2024-06-15 08:00:00,40.5
2024-06-15 09:00:00,48.37
2024-06-15 10:00:00,46.27
2024-06-15 11:00:00,57.05
2024-06-15 12:00:00,56.95
2024-06-15 13:00:00,56.42
2024-06-15 14:00:00,60.42
2024-06-15 15:00:00,47.9
2024-06-15 16:00:00,37.77
2024-06-15 17:00:00,45.57
2024-06-15 18:00:00,39.95
2024-06-15 19:00:00,44.87
2024-06-15 20:00:00,53.0
2024-06-15 21:00:00,62.77
2024-06-15 22:00:00,60.43
2024-06-15 23:00:00,65.32
2024-06-16 00:00:00,65.82
2024-06-16 01:00:00,70.72
2024-06-16 02:00:00,63.87
2024-06-16 03:00:00,81.17
2024-06-16 04:00:00,74.58
2024-06-16 05:00:00,70.45
2024-06-16 06:00:00,69.95
2024-06-16 07:00:00,49.62
2024-06-16 08:00:00,58.42
2024-06-16 09:00:00,64.68
2024-06-16 10:00:00,56.33
2024-06-16 11:00:00,46.93
2024-06-16 12:00:00,43.37
2024-06-16 13:00:00,31.23
2024-06-16 14:00:00,39.23
2024-06-16 15:00:00,40.47
2024-06-16 16:00:00,29.05
2024-06-16 17:00:00,36.03
2024-06-16 18:00:00,45.13
2024-06-16 19:00:00,37.17
2024-06-16 20:00:00,43.22
2024-06-16 21:00:00,49.57
2024-06-16 22:00:00,57.65
2024-06-16 23:00:00,67.2
2024-06-17 00:00:00,42.51
2024-06-17 01:00:00,29.3
2024-06-17 02:00:00,42.95
2024-06-17 03:00:00,49.85
2024-06-17 04:00:00,51.12
2024-06-17 05:00:00,39.4
2024-06-17 06:00:00,41.5
2024-06-17 07:00:00,48.03
2024-06-17 08:00:00,44.42
2024-06-17 09:00:00,43.96
2024-06-17 10:00:00,36.04
2024-06-17 11:00:00,45.33
2024-06-17 12:00:00,43.2
2024-06-17 13:00:00,37.05
2024-06-17 14:00:00,40.81
2024-06-17 15:00:00,24.77
2024-06-17 17:00:00,9.48
2024-06-17 18:00:00,20.56
2024-06-17 19:00:00,31.85
2024-06-17 20:00:00,40.58
2024-06-17 21:00:00,52.93
2024-06-17 22:00:00,58.05
2024-06-17 23:00:00,65.03
2024-06-18 00:00:00,74.05
2024-06-18 01:00:00,54.35
2024-06-18 02:00:00,56.75
2024-06-18 03:00:00,54.08
2024-06-18 04:00:00,54.37
2024-06-18 05:00:00,67.83
2024-06-18 06:00:00,63.48
2024-06-18 07:00:00,49.87
2024-06-18 08:00:00,41.75
2024-06-18 09:00:00,47.2
2024-06-18 10:00:00,47.73
2024-06-18 11:00:00,49.03
2024-06-18 12:00:00,50.37
2024-06-18 13:00:00,46.87
2024-06-18 14:00:00,52.8
2024-06-18 15:00:00,63.25
2024-06-18 16:00:00,74.1
2024-06-18 17:00:00,240.0
2024-06-18 18:00:00,226.35
2024-06-18 19:00:00,100.52
2024-06-18 20:00:00,103.33
2024-06-18 21:00:00,103.18
2024-06-18 22:00:00,119.37
2024-06-18 23:00:00,104.62
2024-06-19 00:00:00,109.3
2024-06-19 01:00:00,105.47
2024-06-19 02:00:00,84.83
2024-06-19 03:00:00,65.55
2024-06-19 04:00:00,49.38
2024-06-19 05:00:00,45.25
2024-06-19 06:00:00,38.62
2024-06-19 07:00:00,34.68
2024-06-19 08:00:00,42.83
2024-06-19 09:00:00,62.8
2024-06-19 10:00:00,90.08
2024-06-19 11:00:00,82.1
2024-06-19 12:00:00,81.97
2024-06-19 13:00:00,76.08
2024-06-19 14:00:00,82.3
2024-06-19 15:00:00,71.38
2024-06-19 16:00:00,84.97
2024-06-19 17:00:00,74.98
2024-06-19 18:00:00,73.48
2024-06-19 19:00:00,68.23
2024-06-19 20:00:00,58.55
2024-06-19 21:00:00,62.2
2024-06-19 22:00:00,76.77
2024-06-19 23:00:00,214.0
2024-06-20 00:00:00,66.35
2024-06-20 01:00:00,21.0
2024-06-20 02:00:00,24.62
2024-06-20 03:00:00,21.43
2024-06-20 04:00:00,29.67
2024-06-20 05:00:00,23.42
2024-06-20 06:00:00,33.85
2024-06-20 07:00:00,47.85
2024-06-20 08:00:00,49.07
2024-06-20 09:00:00,39.58
2024-06-20 10:00:00,24.88
2024-06-20 11:00:00,30.08
2024-06-20 12:00:00,43.13
2024-06-20 13:00:00,45.38
2024-06-20 14:00:00,46.05
2024-06-20 15:00:00,49.8
2024-06-20 16:00:00,48.45
2024-06-20 17:00:00,48.07
2024-06-20 18:00:00,53.3
2024-06-20 19:00:00,54.73
2024-06-20 20:00:00,55.1
2024-06-20 21:00:00,66.08
2024-06-20 22:00:00,63.1
2024-06-20 23:00:00,52.67
2024-06-21 00:00:00,45.48
2024-06-21 01:00:00,44.6
2024-06-21 02:00:00,43.67
2024-06-21 03:00:00,39.58
2024-06-21 04:00:00,65.12
2024-06-21 05:00:00,58.22
2024-06-21 06:00:00,60.38
2024-06-21 07:00:00,62.05
2024-06-21 08:00:00,68.48
2024-06-21 09:00:00,57.65
2024-06-21 10:00:00,64.07
2024-06-21 11:00:00,62.83
2024-06-21 12:00:00,56.23
2024-06-21 13:00:00,41.72
2024-06-21 14:00:00,51.42
2024-06-21 15:00:00,74.02
2024-06-21 16:00:00,29.1
2024-06-21 17:00:00,23.32
2024-06-21 18:00:00,30.15
2024-06-21 19:00:00,44.75
2024-06-21 20:00:00,51.38
2024-06-21 21:00:00,56.7
2024-06-21 22:00:00,59.7
2024-06-21 23:00:00,68.4
2024-06-22 00:00:00,74.62
2024-06-22 01:00:00,68.87
2024-06-22 02:00:00,72.48
2024-06-22 03:00:00,68.1
2024-06-22 04:00:00,64.83
2024-06-22 05:00:00,86.13
2024-06-22 06:00:00,132.45
2024-06-22 07:00:00,142.38
2024-06-22 08:00:00,82.88
2024-06-22 09:00:00,48.82
2024-06-22 10:00:00,56.3
2024-06-22 11:00:00,48.7
2024-06-22 12:00:00,56.03
2024-06-22 13:00:00,62.68
2024-06-22 14:00:00,57.13
2024-06-22 15:00:00,61.67
2024-06-22 16:00:00,59.28
2024-06-22 17:00:00,64.87
2024-06-22 18:00:00,60.43
2024-06-22 19:00:00,50.47
2024-06-22 20:00:00,46.02
2024-06-22 21:00:00,56.08
2024-06-22 22:00:00,62.52
2024-06-22 23:00:00,53.18
2024-06-23 00:00:00,46.33
2024-06-23 01:00:00,42.03
2024-06-23 02:00:00,41.03
2024-06-23 03:00:00,46.32
2024-06-23 04:00:00,51.72
2024-06-23 05:00:00,50.57
2024-06-23 06:00:00,52.57
2024-06-23 07:00:00,69.32
2024-06-23 08:00:00,73.87
2024-06-23 09:00:00,58.15
2024-06-23 10:00:00,50.38
2024-06-23 11:00:00,45.4
2024-06-23 12:00:00,42.2
2024-06-23 13:00:00,39.28
2024-06-23 14:00:00,49.33
2024-06-23 15:00:00,52.32
2024-06-23 16:00:00,37.9
2024-06-23 17:00:00,37.75
2024-06-23 18:00:00,55.72
2024-06-23 19:00:00,53.62
2024-06-23 20:00:00,49.35
2024-06-23 21:00:00,61.77
2024-06-23 22:00:00,57.35
2024-06-23 23:00:00,61.43
2024-06-24 00:00:00,55.57
2024-06-24 01:00:00,52.05
2024-06-24 02:00:00,52.33
2024-06-24 03:00:00,55.97
2024-06-24 04:00:00,57.85
2024-06-24 05:00:00,52.6
2024-06-24 06:00:00,78.25
2024-06-24 07:00:00,87.03
2024-06-24 08:00:00,59.63
2024-06-24 09:00:00,30.38
2024-06-24 10:00:00,40.22
2024-06-24 11:00:00,37.02
2024-06-24 12:00:00,63.8
2024-06-24 13:00:00,74.53
2024-06-24 14:00:00,50.55
2024-06-24 15:00:00,37.1
2024-06-24 16:00:00,45.78
2024-06-24 17:00:00,26.6
2024-06-24 18:00:00,34.07
2024-06-24 19:00:00,37.38
2024-06-24 20:00:00,27.72
2024-06-24 21:00:00,30.7
2024-06-24 22:00:00,30.7
2024-06-24 23:00:00,26.92
2024-06-25 00:00:00,46.05
2024-06-25 01:00:00,29.05
2024-06-25 02:00:00,31.27
2024-06-25 03:00:00,38.93
2024-06-25 04:00:00,31.88
2024-06-25 05:00:00,33.03
2024-06-25 06:00:00,52.37
2024-06-25 07:00:00,69.45
2024-06-25 08:00:00,53.83
2024-06-25 09:00:00,37.98
2024-06-25 10:00:00,47.88
2024-06-25 11:00:00,51.97
2024-06-25 12:00:00,63.55
2024-06-25 13:00:00,61.93
2024-06-25 14:00:00,52.97
2024-06-25 15:00:00,54.47
2024-06-25 16:00:00,44.1
2024-06-25 17:00:00,46.65
2024-06-25 18:00:00,46.3
2024-06-25 19:00:00,52.75
2024-06-25 20:00:00,52.33
2024-06-25 21:00:00,46.72
2024-06-25 22:00:00,32.18
2024-06-25 23:00:00,21.87
2024-06-26 00:00:00,26.75
2024-06-26 01:00:00,30.38
2024-06-26 02:00:00,45.2
2024-06-26 03:00:00,40.0
2024-06-26 04:00:00,37.25
2024-06-26 05:00:00,43.75
2024-06-26 06:00:00,68.83
2024-06-26 07:00:00,83.78
2024-06-26 08:00:00,62.78
2024-06-26 09:00:00,64.53
2024-06-26 10:00:00,58.62
2024-06-26 11:00:00,59.95
2024-06-26 12:00:00,60.58
2024-06-26 13:00:00,42.07
2024-06-26 14:00:00,32.57
2024-06-26 15:00:00,32.64
2024-06-26 16:00:00,45.17
2024-06-26 17:00:00,23.98
2024-06-26 18:00:00,24.37
2024-06-26 19:00:00,24.98
2024-06-26 20:00:00,26.75
2024-06-26 21:00:00,28.68
2024-06-26 22:00:00,30.16
2024-06-26 23:00:00,31.1
2024-06-27 00:00:00,30.4
2024-06-27 01:00:00,44.17
2024-06-27 02:00:00,40.03
2024-06-27 03:00:00,39.68
2024-06-27 04:00:00,31.5
2024-06-27 05:00:00,47.62
2024-06-27 06:00:00,38.0
2024-06-27 07:00:00,45.6
2024-06-27 08:00:00,23.68
2024-06-27 09:00:00,18.43
2024-06-27 10:00:00,3.24
2024-06-27 11:00:00,6.36
2024-06-27 12:00:00,10.55
2024-06-27 13:00:00,14.18
2024-06-27 14:00:00,12.97
2024-06-27 15:00:00,7.36
2024-06-27 16:00:00,17.27
2024-06-27 17:00:00,15.6
2024-06-27 18:00:00,20.42
2024-06-27 19:00:00,14.45
2024-06-27 20:00:00,23.9
2024-06-27 21:00:00,26.72
2024-06-27 22:00:00,27.33
2024-06-27 23:00:00,24.07
2024-06-28 00:00:00,35.9
2024-06-28 01:00:00,31.23
2024-06-28 02:00:00,34.62
2024-06-28 03:00:00,21.48
2024-06-28 04:00:00,20.23
2024-06-28 05:00:00,19.68
2024-06-28 06:00:00,4.22
2024-06-28 07:00:00,0.19
2024-06-28 08:00:00,6.7
2024-06-28 09:00:00,18.12
2024-06-28 10:00:00,18.48
2024-06-28 11:00:00,15.33
2024-06-28 12:00:00,19.92
2024-06-28 13:00:00,28.7
2024-06-28 14:00:00,17.83
2024-06-28 15:00:00,22.22
2024-06-28 16:00:00,20.07
2024-06-28 17:00:00,27.03
2024-06-28 18:00:00,27.62
2024-06-28 19:00:00,34.08
2024-06-28 20:00:00,42.43
2024-06-28 21:00:00,50.75
2024-06-28 22:00:00,50.27
2024-06-28 23:00:00,46.2
2024-06-29 00:00:00,47.7
2024-06-29 01:00:00,62.05
2024-06-29 02:00:00,40.17
2024-06-29 03:00:00,38.3
2024-06-29 04:00:00,50.13
2024-06-29 05:00:00,68.87
2024-06-29 06:00:00,66.37
2024-06-29 07:00:00,60.93
2024-06-29 08:00:00,25.48
2024-06-29 09:00:00,9.23
2024-06-29 10:00:00,30.22
2024-06-29 11:00:00,19.87
2024-06-29 12:00:00,26.73
2024-06-29 13:00:00,24.95
2024-06-29 14:00:00,32.13
2024-06-29 15:00:00,27.83
2024-06-29 16:00:00,15.1
2024-06-29 17:00:00,19.22
2024-06-29 18:00:00,18.08
2024-06-29 19:00:00,25.88
2024-06-29 20:00:00,23.0
2024-06-29 21:00:00,29.03
2024-06-29 22:00:00,38.18
2024-06-29 23:00:00,31.33
2024-06-30 00:00:00,23.58
2024-06-30 01:00:00,29.9
2024-06-30 02:00:00,40.47
2024-06-30 03:00:00,33.45
2024-06-30 04:00:00,11.22
2024-06-30 05:00:00,33.78
2024-06-30 06:00:00,39.63
2024-06-30 07:00:00,31.09
2024-06-30 08:00:00,18.83
2024-06-30 09:00:00,25.41
2024-06-30 10:00:00,46.36
2024-06-30 11:00:00,32.92
2024-06-30 12:00:00,50.25
2024-06-30 13:00:00,73.88
2024-06-30 14:00:00,66.97
2024-06-30 15:00:00,64.27
2024-06-30 16:00:00,49.37
2024-06-30 17:00:00,48.05
2024-06-30 18:00:00,44.41
2024-06-30 19:00:00,52.58
2024-06-30 20:00:00,56.42
2024-06-30 21:00:00,47.13
2024-06-30 22:00:00,30.0
2024-06-30 23:00:00,31.97
2024-07-01 00:00:00,25.78
2024-07-01 01:00:00,31.02
2024-07-01 02:00:00,37.03
2024-07-01 03:00:00,30.5
2024-07-01 04:00:00,23.18
2024-07-01 05:00:00,22.53
2024-07-01 06:00:00,19.83
2024-07-01 07:00:00,19.42
2024-07-01 08:00:00,20.9
2024-07-01 09:00:00,27.31
2024-07-01 10:00:00,25.38
2024-07-01 11:00:00,32.32
2024-07-01 12:00:00,33.67
2024-07-01 13:00:00,36.08
2024-07-01 14:00:00,34.98
2024-07-01 15:00:00,43.58
2024-07-01 16:00:00,36.77
2024-07-01 17:00:00,42.33
2024-07-01 18:00:00,27.93
2024-07-01 19:00:00,38.35
2024-07-01 20:00:00,44.27
2024-07-01 21:00:00,40.27
2024-07-01 22:00:00,34.45
2024-07-01 23:00:00,41.93
2024-07-02 00:00:00,43.35
2024-07-02 01:00:00,44.33
2024-07-02 02:00:00,40.83
2024-07-02 03:00:00,41.28
2024-07-02 04:00:00,38.05
2024-07-02 05:00:00,31.73
2024-07-02 06:00:00,25.67
2024-07-02 07:00:00,31.75
2024-07-02 08:00:00,40.22
2024-07-02 09:00:00,57.22
2024-07-02 10:00:00,35.42
2024-07-02 11:00:00,33.7
2024-07-02 12:00:00,43.72
2024-07-02 13:00:00,41.6
2024-07-02 14:00:00,27.76
2024-07-02 15:00:00,14.27
2024-07-02 16:00:00,28.88
2024-07-02 17:00:00,32.32
2024-07-02 18:00:00,34.5
2024-07-02 19:00:00,45.35
2024-07-02 20:00:00,37.47
2024-07-02 21:00:00,19.73
2024-07-02 22:00:00,18.32
2024-07-02 23:00:00,13.51
2024-07-03 00:00:00,19.16
2024-07-03 02:00:00,11.77
2024-07-03 03:00:00,8.4
2024-07-03 04:00:00,23.22
2024-07-03 05:00:00,28.65
2024-07-03 06:00:00,28.8
2024-07-03 07:00:00,39.72
2024-07-03 08:00:00,32.03
2024-07-03 09:00:00,48.28
2024-07-03 10:00:00,46.15
2024-07-03 11:00:00,45.78
2024-07-03 12:00:00,39.83
2024-07-03 13:00:00,20.53
2024-07-03 19:00:00,17.65
2024-07-03 20:00:00,14.03
2024-07-03 21:00:00,13.75
2024-07-03 22:00:00,8.03
2024-07-03 23:00:00,6.78
2024-07-04 00:00:00,2.81
2024-07-04 01:00:00,2.5
2024-07-04 02:00:00,7.98
2024-07-04 03:00:00,4.75
2024-07-04 04:00:00,9.77
2024-07-04 05:00:00,9.71
2024-07-04 06:00:00,6.93
2024-07-04 07:00:00,14.27
2024-07-04 08:00:00,15.53
2024-07-04 09:00:00,15.65
2024-07-04 10:00:00,26.45
2024-07-04 11:00:00,22.62
2024-07-04 12:00:00,27.47
2024-07-04 13:00:00,9.7
2024-07-04 14:00:00,12.82
2024-07-04 15:00:00,5.65
2024-07-04 16:00:00,7.52
2024-07-04 17:00:00,9.63
2024-07-04 18:00:00,5.58
2024-07-04 19:00:00,14.63
2024-07-04 20:00:00,19.48
2024-07-04 21:00:00,17.87
2024-07-04 22:00:00,18.5
2024-07-04 23:00:00,15.32
2024-07-05 00:00:00,14.62
2024-07-05 01:00:00,11.1
2024-07-05 02:00:00,19.13
2024-07-05 03:00:00,22.9
2024-07-05 04:00:00,19.83
2024-07-05 05:00:00,40.52
2024-07-05 06:00:00,28.43
2024-07-05 07:00:00,12.12
2024-07-05 08:00:00,23.93
2024-07-05 09:00:00,23.25
2024-07-05 10:00:00,7.44
2024-07-05 11:00:00,18.02
2024-07-05 12:00:00,26.2
2024-07-05 13:00:00,21.54
2024-07-05 14:00:00,7.02
2024-07-05 15:00:00,10.1
2024-07-05 16:00:00,4.3
2024-07-05 17:00:00,8.82
2024-07-05 18:00:00,7.88
2024-07-05 19:00:00,9.59
2024-07-05 20:00:00,15.4
2024-07-05 21:00:00,16.7
2024-07-05 22:00:00,12.73
2024-07-05 23:00:00,6.42
2024-07-06 00:00:00,15.47
2024-07-06 01:00:00,14.62
2024-07-06 02:00:00,12.55
2024-07-06 03:00:00,17.35
2024-07-06 04:00:00,19.8
2024-07-06 05:00:00,8.17
2024-07-06 06:00:00,20.55
2024-07-06 07:00:00,34.25
2024-07-06 08:00:00,29.92
2024-07-06 09:00:00,24.07
2024-07-06 10:00:00,8.53
2024-07-06 11:00:00,27.91
2024-07-06 12:00:00,33.37
2024-07-06 19:00:00,3.41
2024-07-06 20:00:00,3.5
2024-07-06 21:00:00,2.0
2024-07-06 22:00:00,1.4
2024-07-06 23:00:00,6.75
2024-07-07 00:00:00,7.45
2024-07-07 01:00:00,2.74
2024-07-07 02:00:00,0.64
2024-07-07 03:00:00,6.45
2024-07-07 04:00:00,18.25
2024-07-07 05:00:00,13.45
2024-07-07 06:00:00,6.48
2024-07-07 07:00:00,5.36
2024-07-07 08:00:00,12.7
2024-07-07 09:00:00,17.14
2024-07-07 10:00:00,13.29
2024-07-07 11:00:00,5.44
2024-07-07 12:00:00,7.04
2024-07-07 13:00:00,12.67
2024-07-07 14:00:00,11.4
2024-07-07 15:00:00,10.7
2024-07-07 16:00:00,5.48
2024-07-07 17:00:00,13.13
2024-07-07 18:00:00,7.12
2024-07-07 19:00:00,2.35
2024-07-07 20:00:00,5.5
2024-07-07 21:00:00,11.12
2024-07-07 22:00:00,10.68
2024-07-07 23:00:00,1.48
2024-07-08 00:00:00,4.39
2024-07-08 01:00:00,11.85
2024-07-08 02:00:00,11.22
2024-07-08 03:00:00,2.76
2024-07-08 04:00:00,3.76
2024-07-08 05:00:00,11.33
2024-07-08 06:00:00,15.23
2024-07-08 07:00:00,24.97
2024-07-08 08:00:00,28.1
2024-07-08 09:00:00,12.73
2024-07-08 10:00:00,3.94
2024-07-08 11:00:00,0.97
2024-07-08 12:00:00,5.36
2024-07-08 13:00:00,12.82
2024-07-08 14:00:00,15.62
2024-07-08 15:00:00,14.42
2024-07-08 16:00:00,29.25
2024-07-08 17:00:00,26.43
2024-07-08 18:00:00,33.43
2024-07-08 19:00:00,37.7
2024-07-08 20:00:00,34.65
2024-07-08 21:00:00,29.43
2024-07-08 22:00:00,40.93
2024-07-08 23:00:00,30.02
2024-07-09 00:00:00,24.48
2024-07-09 01:00:00,26.65
2024-07-09 02:00:00,27.5
2024-07-09 03:00:00,29.32
2024-07-09 04:00:00,22.62
2024-07-09 05:00:00,34.4
2024-07-09 06:00:00,36.03
2024-07-09 07:00:00,22.15
2024-07-09 08:00:00,31.02
2024-07-09 09:00:00,33.6
2024-07-09 10:00:00,53.47
2024-07-09 11:00:00,58.42
2024-07-09 12:00:00,25.47
2024-07-09 13:00:00,14.97
2024-07-09 14:00:00,20.97
2024-07-09 15:00:00,13.63
2024-07-09 16:00:00,21.03
2024-07-09 17:00:00,22.47
2024-07-09 18:00:00,34.12
2024-07-09 19:00:00,38.2
2024-07-09 20:00:00,39.13
2024-07-09 21:00:00,43.6
2024-07-09 22:00:00,50.18
2024-07-09 23:00:00,55.37
2024-07-10 00:00:00,58.73
2024-07-10 01:00:00,56.73
2024-07-10 02:00:00,43.48
2024-07-10 03:00:00,48.1
2024-07-10 04:00:00,32.75
2024-07-10 05:00:00,46.93
2024-07-10 06:00:00,54.45
2024-07-10 07:00:00,61.83
2024-07-10 08:00:00,53.47
2024-07-10 09:00:00,44.18
2024-07-10 10:00:00,53.25
2024-07-10 11:00:00,64.65
2024-07-10 12:00:00,66.57
2024-07-10 13:00:00,56.07
2024-07-10 14:00:00,71.23
2024-07-10 15:00:00,23.37
2024-07-10 16:00:00,28.23
2024-07-10 17:00:00,22.8
2024-07-10 18:00:00,22.02
2024-07-10 19:00:00,26.35
2024-07-10 20:00:00,33.12
2024-07-10 21:00:00,38.5
2024-07-10 22:00:00,54.78
2024-07-10 23:00:00,62.83
2024-07-11 00:00:00,53.17
2024-07-11 01:00:00,47.45
2024-07-11 02:00:00,57.33
2024-07-11 03:00:00,63.78
2024-07-11 04:00:00,68.82
2024-07-11 05:00:00,46.05
2024-07-11 06:00:00,58.85
2024-07-11 07:00:00,58.5
2024-07-11 08:00:00,54.05
2024-07-11 09:00:00,38.68
2024-07-11 10:00:00,38.52
2024-07-11 11:00:00,40.92
2024-07-11 12:00:00,31.45
2024-07-11 13:00:00,40.52
2024-07-11 14:00:00,39.5
2024-07-11 15:00:00,34.18
2024-07-11 16:00:00,35.17
2024-07-11 17:00:00,47.53
2024-07-11 18:00:00,34.07
2024-07-11 19:00:00,51.77
2024-07-11 20:00:00,64.58
2024-07-11 21:00:00,56.08
2024-07-11 22:00:00,46.35
2024-07-11 23:00:00,37.38
2024-07-12 00:00:00,28.43
2024-07-12 01:00:00,30.5
2024-07-12 02:00:00,25.32
2024-07-12 03:00:00,25.97
2024-07-12 04:00:00,14.48
2024-07-12 05:00:00,20.02
2024-07-12 06:00:00,16.1
2024-07-12 07:00:00,19.5
2024-07-12 08:00:00,16.85
2024-07-12 09:00:00,16.07
2024-07-12 10:00:00,30.33
2024-07-12 11:00:00,34.8
2024-07-12 12:00:00,30.63
2024-07-12 13:00:00,16.42
2024-07-12 14:00:00,7.2
2024-07-12 21:00:00,16.56
2024-07-12 22:00:00,24.8
2024-07-12 23:00:00,23.93
2024-07-13 00:00:00,29.63
2024-07-13 01:00:00,34.03
2024-07-13 02:00:00,28.87
2024-07-13 03:00:00,34.17
2024-07-13 04:00:00,37.98
2024-07-13 05:00:00,39.22
2024-07-13 06:00:00,22.05
2024-07-13 07:00:00,16.25
2024-07-13 08:00:00,10.88
2024-07-13 09:00:00,8.44
2024-07-13 10:00:00,12.62
2024-07-13 11:00:00,21.02
2024-07-13 12:00:00,17.45
2024-07-13 13:00:00,18.02
2024-07-13 14:00:00,33.27
2024-07-13 15:00:00,50.78
2024-07-13 16:00:00,31.42
2024-07-13 17:00:00,13.1
2024-07-13 18:00:00,19.37
2024-07-13 19:00:00,40.6
2024-07-13 20:00:00,52.28
2024-07-13 21:00:00,37.6
2024-07-13 22:00:00,26.9
2024-07-13 23:00:00,28.0
2024-07-14 00:00:00,34.43
2024-07-14 01:00:00,23.5
2024-07-14 02:00:00,26.67
2024-07-14 03:00:00,31.4
2024-07-14 04:00:00,32.4
2024-07-14 05:00:00,37.55
2024-07-14 06:00:00,45.83
2024-07-14 07:00:00,45.7
2024-07-14 08:00:00,38.82
2024-07-14 09:00:00,49.31
2024-07-14 10:00:00,40.92
2024-07-14 11:00:00,38.8
2024-07-14 12:00:00,41.13
2024-07-14 13:00:00,33.42
2024-07-14 14:00:00,26.58
2024-07-14 15:00:00,30.48
2024-07-14 16:00:00,22.72
2024-07-14 17:00:00,43.13
2024-07-14 18:00:00,34.27
2024-07-14 19:00:00,30.75
2024-07-14 20:00:00,39.48
2024-07-14 21:00:00,36.15
2024-07-14 22:00:00,45.37
2024-07-14 23:00:00,33.05
2024-07-15 00:00:00,48.98
2024-07-15 01:00:00,56.12
2024-07-15 02:00:00,49.0
2024-07-15 03:00:00,54.33
2024-07-15 04:00:00,60.47
2024-07-15 05:00:00,63.97
2024-07-15 06:00:00,61.28
2024-07-15 07:00:00,43.9
2024-07-15 08:00:00,50.78
2024-07-15 09:00:00,50.02
2024-07-15 10:00:00,22.06
2024-07-15 11:00:00,1.45
2024-07-15 12:00:00,23.53
2024-07-15 13:00:00,18.3
2024-07-15 14:00:00,21.73
2024-07-15 15:00:00,26.55
2024-07-15 16:00:00,26.78
2024-07-15 17:00:00,23.27
2024-07-15 18:00:00,25.32
2024-07-15 19:00:00,30.98
2024-07-15 20:00:00,31.05
2024-07-15 21:00:00,22.28
2024-07-15 22:00:00,34.02
2024-07-15 23:00:00,37.03
2024-07-16 00:00:00,32.93
2024-07-16 01:00:00,35.43
2024-07-16 02:00:00,40.73
2024-07-16 03:00:00,28.52
2024-07-16 04:00:00,35.28
2024-07-16 05:00:00,43.32
2024-07-16 06:00:00,29.09
2024-07-16 07:00:00,19.15
2024-07-16 08:00:00,36.25
2024-07-16 09:00:00,37.73
2024-07-16 10:00:00,35.1
2024-07-16 11:00:00,33.45
2024-07-16 12:00:00,38.33
2024-07-16 13:00:00,29.37
2024-07-16 14:00:00,29.4
2024-07-16 15:00:00,23.3
2024-07-16 16:00:00,23.4
2024-07-16 17:00:00,26.55
2024-07-16 18:00:00,23.58
2024-07-16 19:00:00,36.32
2024-07-16 20:00:00,26.73
2024-07-16 21:00:00,39.12
2024-07-16 22:00:00,36.75
2024-07-16 23:00:00,35.45
2024-07-17 00:00:00,39.07
2024-07-17 01:00:00,34.23
2024-07-17 02:00:00,40.0
2024-07-17 03:00:00,37.52
2024-07-17 04:00:00,31.0
2024-07-17 05:00:00,23.5
2024-07-17 06:00:00,33.57
2024-07-17 07:00:00,19.52
2024-07-17 08:00:00,20.7
2024-07-17 09:00:00,21.77
2024-07-17 10:00:00,29.85
2024-07-17 11:00:00,25.87
2024-07-17 12:00:00,31.72
2024-07-17 13:00:00,25.79
2024-07-17 14:00:00,32.93
2024-07-17 15:00:00,31.57
2024-07-17 16:00:00,23.8
2024-07-17 17:00:00,16.28
2024-07-17 18:00:00,21.38
2024-07-17 19:00:00,31.82
2024-07-17 20:00:00,31.11
2024-07-17 21:00:00,31.25
2024-07-17 22:00:00,32.92
2024-07-17 23:00:00,39.64
2024-07-18 00:00:00,31.08
2024-07-18 01:00:00,22.47
2024-07-18 02:00:00,28.63
2024-07-18 03:00:00,36.83
2024-07-18 04:00:00,38.88
2024-07-18 05:00:00,39.95
2024-07-18 06:00:00,48.95
2024-07-18 07:00:00,40.25
2024-07-18 08:00:00,34.77
2024-07-18 09:00:00,32.62
2024-07-18 10:00:00,33.07
2024-07-18 11:00:00,35.1
2024-07-18 12:00:00,26.68
2024-07-18 13:00:00,44.5
2024-07-18 14:00:00,22.32
2024-07-18 15:00:00,25.85
2024-07-18 16:00:00,22.65
2024-07-18 17:00:00,21.87
2024-07-18 18:00:00,30.03
2024-07-18 19:00:00,34.48
2024-07-18 20:00:00,35.4
2024-07-18 21:00:00,36.78
2024-07-18 22:00:00,31.07
2024-07-18 23:00:00,29.63
2024-07-19 00:00:00,35.98
2024-07-19 01:00:00,35.83
2024-07-19 02:00:00,33.38
2024-07-19 03:00:00,33.28
2024-07-19 04:00:00,32.43
2024-07-19 05:00:00,52.68
2024-07-19 06:00:00,58.52
2024-07-19 07:00:00,55.9
2024-07-19 08:00:00,49.13
2024-07-19 09:00:00,68.57
2024-07-19 10:00:00,46.6
2024-07-19 11:00:00,67.8
2024-07-19 12:00:00,69.22
2024-07-19 13:00:00,59.2
2024-07-19 14:00:00,51.65
2024-07-19 15:00:00,41.08
2024-07-19 16:00:00,50.68
2024-07-19 17:00:00,44.52
2024-07-19 18:00:00,40.53
2024-07-19 19:00:00,57.65
2024-07-19 20:00:00,38.67
2024-07-19 21:00:00,43.38
2024-07-19 22:00:00,43.5
2024-07-19 23:00:00,35.17
2024-07-20 00:00:00,46.55
2024-07-20 01:00:00,45.92
2024-07-20 02:00:00,46.07
2024-07-20 03:00:00,40.42
2024-07-20 04:00:00,32.68
2024-07-20 05:00:00,31.05
2024-07-20 06:00:00,35.1
2024-07-20 07:00:00,29.48
2024-07-20 08:00:00,33.2
2024-07-20 09:00:00,41.98
2024-07-20 10:00:00,42.42
2024-07-20 11:00:00,28.93
2024-07-20 12:00:00,35.67
2024-07-20 13:00:00,36.6
2024-07-20 14:00:00,40.4
2024-07-20 15:00:00,37.4
2024-07-20 16:00:00,28.0
2024-07-20 17:00:00,32.98
2024-07-20 18:00:00,46.02
2024-07-20 19:00:00,40.07
2024-07-20 20:00:00,52.5
2024-07-20 21:00:00,38.44
2024-07-20 22:00:00,32.28
2024-07-20 23:00:00,39.97
2024-07-21 00:00:00,48.38
2024-07-21 01:00:00,70.1
2024-07-21 02:00:00,57.88
2024-07-21 03:00:00,44.37
2024-07-21 04:00:00,49.05
2024-07-21 05:00:00,42.9
2024-07-21 06:00:00,24.79
2024-07-21 07:00:00,14.89
2024-07-21 08:00:00,21.72
2024-07-21 09:00:00,40.4
2024-07-21 10:00:00,51.33
2024-07-21 11:00:00,43.15
2024-07-21 12:00:00,41.02
2024-07-21 13:00:00,33.57
2024-07-21 14:00:00,34.08
2024-07-21 15:00:00,25.92
2024-07-21 16:00:00,25.15
2024-07-21 17:00:00,28.55
2024-07-21 18:00:00,23.48
2024-07-21 19:00:00,32.48
2024-07-21 20:00:00,19.0
2024-07-21 21:00:00,29.24
2024-07-21 22:00:00,27.67
2024-07-21 23:00:00,37.25
2024-07-22 00:00:00,17.03
2024-07-22 01:00:00,15.18
2024-07-22 02:00:00,18.5
2024-07-22 03:00:00,25.13
2024-07-22 04:00:00,26.65
2024-07-22 05:00:00,22.06
2024-07-22 06:00:00,10.5
2024-07-22 07:00:00,34.32
2024-07-22 08:00:00,32.6
2024-07-22 09:00:00,38.58
2024-07-22 10:00:00,28.57
2024-07-22 11:00:00,25.48
2024-07-22 12:00:00,21.97
2024-07-22 13:00:00,33.13
2024-07-22 14:00:00,23.25
2024-07-22 15:00:00,4.17
2024-07-22 16:00:00,15.02
2024-07-22 17:00:00,20.17
2024-07-22 18:00:00,27.2
2024-07-22 19:00:00,33.65
2024-07-22 20:00:00,39.78
2024-07-22 21:00:00,38.65
2024-07-22 22:00:00,43.22
2024-07-22 23:00:00,34.55
2024-07-23 00:00:00,18.4
2024-07-23 01:00:00,24.97
2024-07-23 02:00:00,43.73
2024-07-23 03:00:00,32.18
2024-07-23 04:00:00,27.4
2024-07-23 05:00:00,29.73
2024-07-23 06:00:00,40.18
2024-07-23 07:00:00,23.65
2024-07-23 08:00:00,22.45
2024-07-23 09:00:00,25.73
2024-07-23 10:00:00,35.85
2024-07-23 11:00:00,35.7
2024-07-23 12:00:00,39.07
2024-07-23 13:00:00,17.52
2024-07-23 14:00:00,37.48
2024-07-23 15:00:00,28.07
2024-07-23 16:00:00,15.83
2024-07-23 17:00:00,28.47
2024-07-23 18:00:00,38.28
2024-07-23 19:00:00,41.92
2024-07-23 20:00:00,33.93
2024-07-23 21:00:00,40.83
2024-07-23 22:00:00,46.38
2024-07-23 23:00:00,43.67
2024-07-24 00:00:00,41.3
2024-07-24 01:00:00,37.45
2024-07-24 02:00:00,60.57
2024-07-24 03:00:00,28.2
2024-07-24 04:00:00,22.17
2024-07-24 05:00:00,16.42
2024-07-24 06:00:00,26.13
2024-07-24 07:00:00,25.23
2024-07-24 08:00:00,11.41
2024-07-24 09:00:00,2.83
2024-07-24 10:00:00,15.23
2024-07-24 11:00:00,27.08
2024-07-24 12:00:00,29.67
2024-07-25 10:00:00,10.5
2024-07-25 11:00:00,5.62
2024-07-25 12:00:00,13.68
2024-07-25 13:00:00,14.05
2024-07-25 14:00:00,18.3
2024-07-25 15:00:00,19.95
2024-07-25 16:00:00,28.08
2024-07-25 17:00:00,21.17
2024-07-25 18:00:00,25.05
2024-07-25 19:00:00,18.33
2024-07-25 20:00:00,12.08
2024-07-25 21:00:00,14.18
2024-07-25 22:00:00,15.4
2024-07-25 23:00:00,16.2
2024-07-26 00:00:00,19.28
2024-07-26 01:00:00,20.3
2024-07-26 02:00:00,30.83
2024-07-26 03:00:00,34.25
2024-07-26 04:00:00,16.28
2024-07-26 05:00:00,17.56
2024-07-26 06:00:00,11.93
2024-07-26 07:00:00,8.93
2024-07-26 08:00:00,12.75
2024-07-26 09:00:00,33.95
2024-07-26 10:00:00,12.3
2024-07-26 11:00:00,35.07
2024-07-26 12:00:00,39.45
2024-07-26 16:00:00,7.95
2024-07-26 17:00:00,19.68
2024-07-26 18:00:00,21.58
2024-07-26 19:00:00,40.13
2024-07-26 20:00:00,39.27
2024-07-26 21:00:00,55.83
2024-07-26 22:00:00,61.03
2024-07-26 23:00:00,59.2
2024-07-27 00:00:00,5.62
2024-07-27 01:00:00,6.2
2024-07-27 02:00:00,6.45
2024-07-27 03:00:00,13.47
2024-07-27 04:00:00,17.32
2024-07-27 05:00:00,15.62
2024-07-27 06:00:00,43.62
2024-07-27 07:00:00,35.45
2024-07-27 08:00:00,43.73
2024-07-27 09:00:00,46.62
2024-07-27 10:00:00,23.72
2024-07-27 11:00:00,30.0
2024-07-27 12:00:00,41.76
2024-07-27 13:00:00,29.5
2024-07-27 14:00:00,23.93
2024-07-27 15:00:00,29.93
2024-07-27 16:00:00,18.52
2024-07-27 17:00:00,44.62
2024-07-27 18:00:00,29.3
2024-07-27 19:00:00,9.9
2024-07-27 20:00:00,18.68
2024-07-27 21:00:00,23.1
2024-07-27 22:00:00,26.08
2024-07-27 23:00:00,19.2
2024-07-28 00:00:00,20.66
2024-07-28 01:00:00,9.85
2024-07-28 02:00:00,10.78
2024-07-28 03:00:00,17.42
2024-07-28 04:00:00,18.77
2024-07-28 05:00:00,13.78
2024-07-28 06:00:00,19.02
2024-07-28 07:00:00,24.72
2024-07-28 08:00:00,42.6
2024-07-28 09:00:00,38.82
2024-07-28 10:00:00,31.48
2024-07-28 11:00:00,27.62
2024-07-28 12:00:00,36.63
2024-07-28 13:00:00,18.37
2024-07-28 14:00:00,21.6
2024-07-28 15:00:00,13.43
2024-07-28 16:00:00,12.12
2024-07-28 17:00:00,17.85
2024-07-28 18:00:00,12.27
2024-07-28 19:00:00,13.37
2024-07-28 20:00:00,24.4
2024-07-28 21:00:00,18.83
2024-07-28 22:00:00,17.72
2024-07-28 23:00:00,25.47
2024-07-29 00:00:00,16.55
2024-07-29 01:00:00,22.52
2024-07-29 02:00:00,30.7
2024-07-29 03:00:00,41.42
2024-07-29 04:00:00,38.27
2024-07-29 05:00:00,36.77
2024-07-29 06:00:00,30.69
2024-07-29 07:00:00,22.67
2024-07-29 08:00:00,36.98
2024-07-29 09:00:00,36.78
2024-07-29 10:00:00,40.73
2024-07-29 11:00:00,47.34
2024-07-29 12:00:00,19.78
2024-07-29 13:00:00,9.48
2024-07-29 14:00:00,17.29
2024-07-29 15:00:00,8.85
2024-07-29 16:00:00,8.62
2024-07-29 17:00:00,15.62
2024-07-29 18:00:00,20.0
2024-07-29 19:00:00,27.07
2024-07-29 20:00:00,33.7
2024-07-29 21:00:00,28.28
2024-07-29 22:00:00,36.58
2024-07-29 23:00:00,45.05
2024-07-30 00:00:00,42.85
2024-07-30 01:00:00,27.82
2024-07-30 02:00:00,24.65
2024-07-30 03:00:00,34.23
2024-07-30 04:00:00,34.32
2024-07-30 05:00:00,18.52
2024-07-30 06:00:00,29.82
2024-07-30 07:00:00,36.43
2024-07-30 08:00:00,39.58
2024-07-30 09:00:00,32.5
2024-07-30 10:00:00,23.07
2024-07-30 11:00:00,26.03
2024-07-30 12:00:00,23.56
2024-07-30 13:00:00,29.58
2024-07-30 14:00:00,33.6
2024-07-30 15:00:00,25.75
2024-07-30 16:00:00,31.33
2024-07-30 17:00:00,37.9
2024-07-30 18:00:00,40.55
2024-07-30 19:00:00,34.85
2024-07-30 20:00:00,33.35
2024-07-30 21:00:00,36.75
2024-07-30 22:00:00,41.18
2024-07-30 23:00:00,39.18
2024-07-31 00:00:00,50.52
2024-07-31 01:00:00,38.8
2024-07-31 02:00:00,28.47
2024-07-31 03:00:00,33.18
2024-07-31 04:00:00,39.25
2024-07-31 05:00:00,56.12
2024-07-31 06:00:00,52.27
2024-07-31 07:00:00,40.02
2024-07-31 08:00:00,43.77
2024-07-31 09:00:00,21.47
2024-07-31 10:00:00,22.43
2024-07-31 11:00:00,27.7
2024-07-31 12:00:00,31.98
2024-07-31 13:00:00,50.52
2024-07-31 14:00:00,45.83
2024-07-31 15:00:00,35.28
2024-07-31 16:00:00,40.5
2024-07-31 17:00:00,37.32
2024-07-31 18:00:00,40.48
2024-07-31 19:00:00,11.12
2024-07-31 20:00:00,0.42
2024-07-31 21:00:00,3.5
2024-07-31 22:00:00,5.02
2024-07-31 23:00:00,2.08
2024-08-01 00:00:00,3.26
2024-08-01 01:00:00,3.04
2024-08-01 02:00:00,4.97
2024-08-01 03:00:00,13.05
2024-08-01 04:00:00,5.0
2024-08-01 05:00:00,5.16
2024-08-01 06:00:00,12.87
2024-08-01 07:00:00,18.7
2024-08-01 08:00:00,6.38
2024-08-01 09:00:00,19.13
2024-08-01 10:00:00,7.7
2024-08-01 11:00:00,8.08
2024-08-01 12:00:00,13.23
2024-08-01 13:00:00,15.21
2024-08-01 14:00:00,18.73
2024-08-01 19:00:00,0.4
2024-08-01 20:00:00,2.73
2024-08-01 21:00:00,5.43
2024-08-01 22:00:00,12.0
2024-08-01 23:00:00,23.52
2024-08-02 00:00:00,32.05
2024-08-02 01:00:00,40.8
2024-08-02 02:00:00,19.02
2024-08-02 03:00:00,17.72
2024-08-02 04:00:00,20.48
2024-08-02 05:00:00,10.1
2024-08-02 06:00:00,18.18
2024-08-02 07:00:00,25.07
2024-08-02 08:00:00,29.05
2024-08-02 09:00:00,20.35
2024-08-02 10:00:00,14.32
2024-08-02 11:00:00,12.27
2024-08-02 12:00:00,16.93
2024-08-02 13:00:00,12.22
2024-08-02 14:00:00,7.38
2024-08-02 15:00:00,15.4
2024-08-02 16:00:00,10.95
2024-08-02 17:00:00,15.38
2024-08-02 18:00:00,14.68
2024-08-02 19:00:00,23.72
2024-08-02 20:00:00,25.03
2024-08-02 21:00:00,31.98
2024-08-02 22:00:00,31.77
2024-08-02 23:00:00,32.97
2024-08-03 00:00:00,39.53
2024-08-03 01:00:00,18.53
2024-08-03 02:00:00,18.78
2024-08-03 03:00:00,15.27
2024-08-03 04:00:00,21.27
2024-08-03 05:00:00,11.78
2024-08-03 06:00:00,19.57
2024-08-03 07:00:00,15.33
2024-08-03 08:00:00,13.37
2024-08-03 09:00:00,13.23
2024-08-03 10:00:00,9.22
2024-08-03 11:00:00,29.07
2024-08-03 12:00:00,26.13
2024-08-03 13:00:00,21.95
2024-08-03 14:00:00,23.48
2024-08-03 15:00:00,24.97
2024-08-03 16:00:00,24.97
2024-08-03 17:00:00,16.58
2024-08-03 18:00:00,12.1
2024-08-03 19:00:00,13.92
2024-08-03 20:00:00,10.27
2024-08-03 21:00:00,10.8
2024-08-03 22:00:00,10.22
2024-08-03 23:00:00,11.48
2024-08-04 00:00:00,11.62
2024-08-04 01:00:00,16.62
2024-08-04 02:00:00,30.38
2024-08-04 03:00:00,14.6
2024-08-04 04:00:00,15.42
2024-08-04 05:00:00,19.48
2024-08-04 06:00:00,8.63
2024-08-04 07:00:00,10.87
2024-08-04 08:00:00,15.8
2024-08-04 09:00:00,15.1
2024-08-04 10:00:00,4.0
2024-08-04 11:00:00,14.96
2024-08-04 12:00:00,14.32
2024-08-04 13:00:00,9.41
2024-08-04 14:00:00,10.15
2024-08-04 15:00:00,6.92
2024-08-04 16:00:00,3.73
2024-08-04 17:00:00,12.75
2024-08-04 18:00:00,16.37
2024-08-04 19:00:00,14.75
2024-08-04 23:00:00,5.13
2024-08-05 00:00:00,8.67
2024-08-05 01:00:00,4.98
2024-08-05 02:00:00,19.97
2024-08-05 03:00:00,6.26
2024-08-05 04:00:00,11.27
2024-08-05 05:00:00,17.35
2024-08-05 06:00:00,20.43
2024-08-05 07:00:00,13.88
2024-08-05 08:00:00,23.03
2024-08-05 09:00:00,11.51
2024-08-05 10:00:00,4.68
2024-08-05 11:00:00,12.95
2024-08-05 12:00:00,9.82
2024-08-05 13:00:00,12.43
2024-08-05 14:00:00,25.27
2024-08-05 15:00:00,20.52
2024-08-05 16:00:00,11.07
2024-08-05 17:00:00,19.0
2024-08-05 18:00:00,6.76
2024-08-05 19:00:00,18.52
2024-08-05 20:00:00,20.2
2024-08-05 21:00:00,28.97
2024-08-05 22:00:00,19.5
2024-08-05 23:00:00,20.13
2024-08-06 00:00:00,14.07
2024-08-06 01:00:00,10.23
2024-08-06 02:00:00,21.28
2024-08-06 03:00:00,9.88
2024-08-06 04:00:00,12.35
2024-08-06 05:00:00,7.27
2024-08-06 06:00:00,16.47
2024-08-06 07:00:00,15.47
2024-08-06 08:00:00,4.63
2024-08-06 09:00:00,14.35
2024-08-06 10:00:00,24.82
2024-08-06 11:00:00,15.43
2024-08-06 12:00:00,13.72
2024-08-06 13:00:00,19.12
2024-08-06 14:00:00,15.07
2024-08-06 15:00:00,21.27
2024-08-06 16:00:00,20.68
2024-08-06 17:00:00,21.4
2024-08-06 18:00:00,17.88
2024-08-06 19:00:00,17.42
2024-08-06 20:00:00,22.82
2024-08-06 21:00:00,21.43
2024-08-06 22:00:00,13.95
2024-08-06 23:00:00,12.57
2024-08-07 00:00:00,9.7
2024-08-07 01:00:00,7.59
2024-08-07 02:00:00,19.53
2024-08-07 03:00:00,31.84
2024-08-07 04:00:00,15.54
2024-08-07 05:00:00,1.4
2024-08-07 06:00:00,11.23
2024-08-07 07:00:00,11.65
2024-08-07 08:00:00,25.03
2024-08-07 09:00:00,11.15
2024-08-07 10:00:00,4.37
2024-08-07 11:00:00,25.55
2024-08-07 12:00:00,30.05
2024-08-07 13:00:00,21.7
2024-08-07 14:00:00,11.68
2024-08-07 15:00:00,8.75
2024-08-07 16:00:00,15.7
2024-08-07 17:00:00,19.17
2024-08-07 18:00:00,11.15
2024-08-07 19:00:00,22.48
2024-08-07 20:00:00,24.63
2024-08-07 21:00:00,13.58
2024-08-07 22:00:00,5.95
2024-08-07 23:00:00,12.27
2024-08-08 00:00:00,12.83
2024-08-08 01:00:00,16.23
2024-08-08 02:00:00,13.6
2024-08-08 03:00:00,18.92
2024-08-08 04:00:00,15.72
2024-08-08 05:00:00,13.22
2024-08-08 06:00:00,15.68
2024-08-08 07:00:00,18.78
2024-08-08 08:00:00,23.67
2024-08-08 09:00:00,26.8
2024-08-08 10:00:00,11.36
2024-08-08 11:00:00,15.25
2024-08-08 12:00:00,5.26
2024-08-08 13:00:00,13.67
2024-08-08 14:00:00,26.62
2024-08-08 15:00:00,7.73
2024-08-08 16:00:00,5.87
2024-08-08 17:00:00,13.27
2024-08-08 18:00:00,14.9
2024-08-08 19:00:00,19.27
2024-08-08 20:00:00,14.4
2024-08-08 21:00:00,17.13
2024-08-08 22:00:00,22.28
2024-08-08 23:00:00,21.85
2024-08-09 00:00:00,17.33
2024-08-09 01:00:00,15.45
2024-08-09 02:00:00,20.2
2024-08-09 03:00:00,17.87
2024-08-09 04:00:00,17.43
2024-08-09 05:00:00,17.05
2024-08-09 06:00:00,19.92
2024-08-09 07:00:00,25.15
2024-08-09 08:00:00,19.89
2024-08-09 09:00:00,18.41
2024-08-09 10:00:00,11.5
2024-08-09 11:00:00,11.59
2024-08-09 12:00:00,24.22
2024-08-09 13:00:00,21.48
2024-08-09 14:00:00,22.73
2024-08-09 15:00:00,18.93
2024-08-09 16:00:00,18.68
2024-08-09 17:00:00,35.48
2024-08-09 18:00:00,14.63
2024-08-09 19:00:00,16.8
2024-08-09 20:00:00,12.83
2024-08-09 21:00:00,9.58
2024-08-09 22:00:00,11.23
2024-08-09 23:00:00,12.72
2024-08-14 17:00:00,10.33
2024-08-14 18:00:00,9.94
2024-08-14 19:00:00,11.25
2024-08-14 20:00:00,19.68
2024-08-14 21:00:00,20.0
2024-08-14 22:00:00,20.0
2024-08-14 23:00:00,20.0
2024-08-15 00:00:00,20.0
2024-08-15 01:00:00,20.0
2024-08-15 02:00:00,20.0
2024-08-15 03:00:00,20.0
2024-08-15 04:00:00,20.0
2024-08-15 05:00:00,20.0
2024-08-15 06:00:00,20.0
2024-08-15 07:00:00,20.0
2024-08-15 08:00:00,20.0
2024-08-15 09:00:00,20.0
2024-08-15 10:00:00,20.0
2024-08-15 11:00:00,20.0
2024-08-15 12:00:00,20.0
2024-08-15 13:00:00,20.0
2024-08-15 14:00:00,20.0
2024-10-20 05:00:00,185.96
2024-10-20 06:00:00,188.78
2024-10-20 07:00:00,180.55
2024-10-20 08:00:00,16.33
2024-10-21 05:00:00,225.03
2024-10-21 06:00:00,218.82
2024-10-21 07:00:00,194.53
2024-10-21 08:00:00,159.53
2024-10-21 09:00:00,148.93
2024-10-21 10:00:00,128.88
2024-10-21 11:00:00,132.3
2024-10-21 12:00:00,124.13
2024-10-21 13:00:00,103.4
2024-10-21 14:00:00,104.43
2024-10-21 15:00:00,98.22
2024-10-21 16:00:00,98.1
2024-10-21 17:00:00,111.25
2024-10-21 18:00:00,118.08
2024-10-21 19:00:00,121.37
2024-10-21 20:00:00,155.42
2024-10-21 21:00:00,185.05
2024-10-21 22:00:00,192.57
2024-10-21 23:00:00,193.67
2024-10-22 00:00:00,241.28
2024-10-22 01:00:00,278.03
2024-10-22 02:00:00,203.25
2024-10-22 03:00:00,159.35
2024-10-22 04:00:00,155.52
2024-10-22 05:00:00,181.47
2024-10-22 06:00:00,182.43
2024-10-22 07:00:00,185.53
2024-10-22 08:00:00,164.23
2024-10-22 09:00:00,144.68
2024-10-22 10:00:00,165.1
2024-10-22 11:00:00,136.65
2024-10-22 12:00:00,117.1
2024-10-22 13:00:00,113.8
2024-10-22 14:00:00,161.5
2024-10-22 15:00:00,128.73
2024-10-22 16:00:00,118.62
2024-10-22 17:00:00,156.08
2024-10-22 18:00:00,153.15
2024-10-22 19:00:00,166.82
2024-10-22 20:00:00,185.88
2024-10-22 21:00:00,204.12
2024-10-22 22:00:00,177.5
2024-10-22 23:00:00,191.77
2024-10-23 00:00:00,201.07
2024-10-23 01:00:00,196.38
2024-10-23 02:00:00,205.0
2024-10-23 03:00:00,241.53
2024-10-23 04:00:00,305.0
2024-10-23 05:00:00,356.38
2024-10-23 06:00:00,412.85
2024-10-23 07:00:00,392.55
2024-10-23 08:00:00,279.25
2024-10-23 09:00:00,229.23
2024-10-23 10:00:00,213.55
2024-10-23 11:00:00,199.18
2024-10-23 12:00:00,168.48
2024-10-23 13:00:00,136.85
2024-10-23 14:00:00,112.05
2024-10-23 15:00:00,97.42
2024-10-23 16:00:00,78.13
2024-10-23 17:00:00,99.97
2024-10-23 18:00:00,129.38
2024-10-23 19:00:00,151.47
2024-10-23 20:00:00,157.4
2024-10-23 21:00:00,163.47
2024-10-23 22:00:00,162.82
2024-10-23 23:00:00,150.47
2024-10-24 00:00:00,189.22
2024-10-24 01:00:00,186.17
2024-10-24 02:00:00,163.87
2024-10-24 03:00:00,160.18
2024-10-24 04:00:00,166.6
2024-10-24 05:00:00,170.83
2024-10-24 06:00:00,173.55
2024-10-24 07:00:00,166.37
2024-10-24 08:00:00,145.68
2024-10-24 09:00:00,123.95
2024-10-24 10:00:00,102.82
2024-10-24 11:00:00,93.72
2024-10-24 12:00:00,96.5
2024-10-24 13:00:00,84.68
2024-10-24 14:00:00,87.6
2024-10-24 15:00:00,71.67
2024-10-24 16:00:00,82.92
2024-10-24 17:00:00,79.1
2024-10-24 18:00:00,101.35
2024-10-24 19:00:00,117.08
2024-10-24 20:00:00,115.71
2024-10-24 21:00:00,124.42
2024-10-24 22:00:00,124.45
2024-10-24 23:00:00,126.78
2024-10-25 00:00:00,130.02
2024-10-25 01:00:00,146.55
2024-10-25 02:00:00,178.13
2024-10-25 03:00:00,202.68
2024-10-25 04:00:00,185.05
2024-10-25 05:00:00,175.18
2024-10-25 06:00:00,157.33
2024-10-25 07:00:00,162.57
2024-10-25 08:00:00,156.78
2024-10-25 09:00:00,149.0
2024-10-25 10:00:00,131.42
2024-10-25 11:00:00,86.32
2024-10-25 12:00:00,70.08
2024-10-25 13:00:00,42.08
2024-10-25 14:00:00,39.22
2024-10-25 15:00:00,39.32
2024-10-25 16:00:00,30.78
2024-10-25 17:00:00,40.42
2024-10-25 18:00:00,55.5
2024-10-25 19:00:00,70.75
2024-10-25 20:00:00,81.27
2024-10-25 21:00:00,90.0
2024-10-25 22:00:00,90.75
2024-10-25 23:00:00,99.85
2024-10-26 00:00:00,115.73
2024-10-26 01:00:00,123.67
2024-10-26 02:00:00,124.0
2024-10-26 03:00:00,123.08
2024-10-26 04:00:00,115.27
2024-10-26 05:00:00,121.97
2024-10-26 06:00:00,124.8
2024-10-26 07:00:00,104.27
2024-10-26 08:00:00,94.63
2024-10-26 09:00:00,124.65
2024-10-26 10:00:00,140.62
2024-10-26 11:00:00,156.23
2024-10-26 12:00:00,116.33
2024-10-26 13:00:00,117.38
2024-10-26 14:00:00,174.82
2024-10-26 15:00:00,185.48
2024-10-26 16:00:00,183.67
2024-10-26 17:00:00,190.85
2024-10-26 18:00:00,209.58
2024-10-26 19:00:00,240.27
2024-10-26 20:00:00,241.83
2024-10-26 21:00:00,240.6
2024-10-26 22:00:00,259.77
2024-10-26 23:00:00,271.15
2024-10-27 00:00:00,277.55
2024-10-27 01:00:00,294.55
2024-10-27 02:00:00,250.7
2024-10-27 03:00:00,195.2
2024-10-27 04:00:00,191.17
2024-10-27 05:00:00,182.7
2024-10-27 06:00:00,168.78
2024-10-27 07:00:00,160.07
2024-10-27 08:00:00,140.42
2024-10-27 09:00:00,120.2
2024-10-27 10:00:00,103.78
2024-10-27 11:00:00,101.05
2024-10-27 12:00:00,127.7
2024-10-27 13:00:00,116.18
2024-10-27 14:00:00,112.55
2024-10-27 15:00:00,110.88
2024-10-27 16:00:00,103.13
2024-10-27 17:00:00,122.65
2024-10-27 18:00:00,143.98
2024-10-27 19:00:00,176.33
2024-10-27 20:00:00,181.22
2024-10-27 21:00:00,184.17
2024-10-27 22:00:00,196.22
2024-10-27 23:00:00,234.32
2024-10-28 00:00:00,231.47
2024-10-28 01:00:00,234.45
2024-10-28 02:00:00,213.95
2024-10-28 03:00:00,196.58
2024-10-28 04:00:00,165.27
2024-10-28 05:00:00,142.58
2024-10-28 06:00:00,117.47
2024-10-28 07:00:00,108.22
2024-10-28 08:00:00,131.5
2024-10-28 09:00:00,126.57
2024-10-28 10:00:00,101.02
2024-10-28 11:00:00,91.43
2024-10-28 12:00:00,92.23
2024-10-28 13:00:00,84.65
2024-10-28 14:00:00,84.55
2024-10-28 15:00:00,71.0
2024-10-28 16:00:00,72.73
2024-10-28 17:00:00,85.5
2024-10-28 18:00:00,93.32
2024-10-28 19:00:00,119.48
2024-10-28 20:00:00,149.03
2024-10-28 21:00:00,141.77
2024-10-28 22:00:00,147.27
2024-10-28 23:00:00,142.6
2024-10-29 00:00:00,139.33
2024-10-29 01:00:00,142.72
2024-10-29 02:00:00,139.25
2024-10-29 03:00:00,135.78
2024-10-29 04:00:00,58.44
2024-10-29 11:00:00,92.9
2024-10-29 12:00:00,82.97
2024-10-29 13:00:00,66.42
2024-10-29 14:00:00,62.55
2024-10-29 15:00:00,66.05
2024-10-29 16:00:00,68.5
2024-10-29 17:00:00,88.88
2024-10-29 18:00:00,88.33
2024-10-29 19:00:00,87.8
2024-10-29 20:00:00,113.77
2024-10-29 21:00:00,144.98
2024-10-29 22:00:00,134.38
2024-10-29 23:00:00,132.36
2024-10-30 00:00:00,136.55
2024-10-30 01:00:00,153.52
2024-10-30 02:00:00,163.93
2024-10-30 03:00:00,145.63
2024-10-30 04:00:00,137.45
2024-10-30 05:00:00,113.98
2024-10-30 06:00:00,113.57
2024-10-30 07:00:00,124.18
2024-10-30 08:00:00,121.13
2024-10-30 09:00:00,138.88
2024-10-30 10:00:00,143.24
2024-10-30 11:00:00,116.0
2024-10-30 12:00:00,110.22
2024-10-30 13:00:00,99.07
2024-10-30 14:00:00,105.87
2024-10-30 15:00:00,122.87
2024-10-30 16:00:00,112.22
2024-10-30 17:00:00,118.7
2024-10-30 18:00:00,123.7
2024-10-30 19:00:00,162.25
2024-10-30 20:00:00,178.92
2024-10-30 21:00:00,187.17
2024-10-30 22:00:00,204.38
2024-10-30 23:00:00,231.45
2024-10-31 00:00:00,247.55
2024-10-31 01:00:00,238.95
2024-10-31 02:00:00,233.42
2024-10-31 03:00:00,220.82
2024-10-31 04:00:00,204.98
2024-10-31 05:00:00,190.82
2024-10-31 06:00:00,185.65
2024-10-31 07:00:00,177.02
2024-10-31 08:00:00,187.2
2024-10-31 09:00:00,190.42
2024-10-31 10:00:00,177.17
2024-10-31 11:00:00,131.13
2024-10-31 12:00:00,109.87
2024-10-31 13:00:00,97.95
2024-10-31 14:00:00,82.14
2024-10-31 15:00:00,85.08
2024-10-31 16:00:00,87.95
2024-10-31 17:00:00,99.43
2024-10-31 18:00:00,120.52
2024-10-31 19:00:00,153.0
2024-10-31 20:00:00,280.42
2024-10-31 21:00:00,478.67
2024-10-31 22:00:00,709.5
2024-10-31 23:00:00,861.13
2024-11-01 00:00:00,889.02
2024-11-01 01:00:00,946.9
2024-11-01 02:00:00,711.12
2024-11-01 03:00:00,414.83
2024-11-01 04:00:00,283.62
2024-11-01 05:00:00,272.88
2024-11-01 06:00:00,251.17
2024-11-01 07:00:00,180.72
2024-11-01 08:00:00,125.28
2024-11-01 09:00:00,113.58
2024-11-01 10:00:00,109.33
2024-11-01 11:00:00,98.87
2024-11-01 12:00:00,81.88
2024-11-01 13:00:00,57.02
2024-11-01 14:00:00,54.5
2024-11-01 15:00:00,51.78
2024-11-01 16:00:00,47.4
2024-11-01 17:00:00,59.82
2024-11-01 18:00:00,90.65
2024-11-01 19:00:00,155.12
2024-11-01 20:00:00,188.02
2024-11-01 21:00:00,202.95
2024-11-01 22:00:00,307.65
2024-11-01 23:00:00,384.33
2024-11-02 00:00:00,439.75
2024-11-02 01:00:00,429.88
2024-11-02 02:00:00,320.43
2024-11-02 03:00:00,300.45
2024-11-02 04:00:00,271.77
2024-11-02 05:00:00,230.85
2024-11-02 06:00:00,230.68
2024-11-02 07:00:00,226.55
2024-11-02 08:00:00,174.43
2024-11-02 09:00:00,136.98
2024-11-02 10:00:00,141.48
2024-11-02 11:00:00,129.75
2024-11-02 12:00:00,115.2
2024-11-02 13:00:00,101.92
2024-11-02 14:00:00,101.2
2024-11-02 15:00:00,103.87
2024-11-02 16:00:00,103.88
2024-11-02 17:00:00,129.37
2024-11-02 18:00:00,162.65
2024-11-02 19:00:00,197.75
2024-11-02 20:00:00,214.5
2024-11-02 21:00:00,236.43
2024-11-02 22:00:00,263.47
2024-11-02 23:00:00,280.08
2024-11-03 00:00:00,323.03
2024-11-03 01:00:00,336.63
2024-11-03 02:00:00,320.3
2024-11-03 03:00:00,304.73
2024-11-03 04:00:00,278.93
2024-11-03 05:00:00,277.37
2024-11-03 06:00:00,274.63
2024-11-03 07:00:00,265.12
2024-11-03 08:00:00,263.5
2024-11-03 09:00:00,287.15
2024-11-03 10:00:00,244.43
2024-11-03 11:00:00,139.2
2024-11-03 12:00:00,119.22
2024-11-03 13:00:00,115.98
2024-11-03 14:00:00,134.57
2024-11-03 15:00:00,112.03
2024-11-03 16:00:00,119.03
2024-11-03 17:00:00,138.23
2024-11-03 18:00:00,175.72
2024-11-03 19:00:00,196.83
2024-11-03 20:00:00,195.25
2024-11-03 21:00:00,195.9
2024-11-03 22:00:00,204.08
2024-11-03 23:00:00,232.67
2024-11-04 00:00:00,219.38
2024-11-04 01:00:00,238.37
2024-11-04 02:00:00,230.82
2024-11-04 03:00:00,244.13
2024-11-04 04:00:00,234.38
2024-11-04 05:00:00,278.03
2024-11-04 06:00:00,221.23
2024-11-04 07:00:00,178.12
2024-11-04 08:00:00,155.72
2024-11-04 09:00:00,184.7
2024-11-04 10:00:00,213.93
2024-11-04 11:00:00,199.07
2024-11-04 12:00:00,188.57
2024-11-04 13:00:00,178.83
2024-11-04 14:00:00,162.58
2024-11-04 15:00:00,174.15
2024-11-04 16:00:00,172.37
2024-11-04 17:00:00,172.95
2024-11-04 18:00:00,181.2
2024-11-04 19:00:00,198.0
2024-11-04 20:00:00,215.42
2024-11-04 21:00:00,222.63
2024-11-04 22:00:00,225.13
2024-11-04 23:00:00,231.77
2024-11-05 00:00:00,227.18
2024-11-05 01:00:00,226.45
2024-11-05 02:00:00,221.85
2024-11-05 03:00:00,245.28
2024-11-05 04:00:00,246.3
2024-11-05 05:00:00,243.37
2024-11-05 06:00:00,228.15
2024-11-05 07:00:00,215.0
2024-11-05 08:00:00,222.63
2024-11-05 09:00:00,166.07
2024-11-05 10:00:00,135.33
2024-11-05 11:00:00,145.73
2024-11-05 12:00:00,150.38
2024-11-05 13:00:00,119.8
2024-11-05 14:00:00,113.12
2024-11-05 15:00:00,97.23
2024-11-05 16:00:00,93.38
2024-11-05 17:00:00,105.3
2024-11-05 18:00:00,135.35
2024-11-05 19:00:00,146.68
2024-11-05 20:00:00,185.25
2024-11-05 21:00:00,200.57
2024-11-05 22:00:00,194.9
2024-11-05 23:00:00,208.53
2024-11-06 00:00:00,216.8
2024-11-06 01:00:00,220.45
2024-11-06 02:00:00,210.87
2024-11-06 03:00:00,200.75
2024-11-06 04:00:00,212.98
2024-11-06 05:00:00,210.38
2024-11-06 06:00:00,205.08
2024-11-06 07:00:00,201.87
2024-11-06 08:00:00,201.87
2024-11-06 09:00:00,203.31
2024-11-06 10:00:00,157.67
2024-11-06 11:00:00,136.62
2024-11-06 12:00:00,119.38
2024-11-06 13:00:00,109.6
2024-11-06 14:00:00,96.12
2024-11-06 15:00:00,99.97
2024-11-06 16:00:00,112.6
2024-11-06 17:00:00,130.93
2024-11-06 18:00:00,170.38
2024-11-06 19:00:00,160.72
2024-11-06 20:00:00,186.6
2024-11-06 21:00:00,208.42
2024-11-06 22:00:00,220.78
2024-11-06 23:00:00,232.1
2024-11-07 00:00:00,223.92
2024-11-07 01:00:00,233.53
2024-11-07 02:00:00,241.6
2024-11-07 03:00:00,220.4
2024-11-07 04:00:00,210.22
2024-11-07 05:00:00,213.3
2024-11-07 06:00:00,222.63
2024-11-07 07:00:00,222.03
2024-11-07 08:00:00,219.03
2024-11-07 09:00:00,220.13
2024-11-07 10:00:00,222.57
2024-11-07 11:00:00,249.97
2024-11-07 12:00:00,212.93
2024-11-07 13:00:00,141.3
2024-11-07 14:00:00,134.15
2024-11-07 15:00:00,128.88
2024-11-07 16:00:00,139.45
2024-11-07 17:00:00,157.68
2024-11-07 18:00:00,164.9
2024-11-07 19:00:00,182.78
2024-11-07 20:00:00,211.18
2024-11-07 21:00:00,235.52
2024-11-07 22:00:00,251.17
2024-11-07 23:00:00,252.37
2024-11-08 00:00:00,236.05
2024-11-08 01:00:00,243.63
2024-11-08 02:00:00,223.37
2024-11-08 03:00:00,218.88
2024-11-08 04:00:00,210.45
2024-11-08 05:00:00,233.8
2024-11-08 06:00:00,235.37
2024-11-08 07:00:00,257.0
2024-11-08 08:00:00,260.5
2024-11-08 09:00:00,289.17
2024-11-08 10:00:00,242.18
2024-11-08 11:00:00,152.18
2024-11-08 12:00:00,110.78
2024-11-08 13:00:00,124.48
2024-11-08 14:00:00,145.03
2024-11-08 15:00:00,156.02
2024-11-08 16:00:00,137.0
2024-11-08 17:00:00,144.25
2024-11-08 18:00:00,141.87
2024-11-08 19:00:00,175.43
2024-11-08 20:00:00,201.97
2024-11-08 21:00:00,181.07
2024-11-08 22:00:00,173.83
2024-11-08 23:00:00,202.5
2024-11-09 00:00:00,204.92
2024-11-09 01:00:00,200.72
2024-11-09 02:00:00,192.07
2024-11-09 03:00:00,174.43
2024-11-09 04:00:00,169.78
2024-11-09 05:00:00,162.23
2024-11-09 06:00:00,157.97
2024-11-09 07:00:00,183.73
2024-11-09 08:00:00,172.5
2024-11-09 09:00:00,150.72
2024-11-09 10:00:00,130.18
2024-11-09 11:00:00,129.3
2024-11-09 12:00:00,118.08
2024-11-09 13:00:00,98.65
2024-11-09 14:00:00,119.93
2024-11-09 15:00:00,116.77
2024-11-09 16:00:00,119.45
2024-11-09 17:00:00,135.9
2024-11-09 18:00:00,134.27
2024-11-09 19:00:00,142.4
2024-11-09 20:00:00,165.72
2024-11-09 21:00:00,183.52
2024-11-09 22:00:00,189.08
2024-11-09 23:00:00,178.15
2024-11-10 00:00:00,166.55
2024-11-10 01:00:00,185.63
2024-11-10 02:00:00,186.2
2024-11-10 03:00:00,196.75
2024-11-10 04:00:00,167.18
2024-11-10 05:00:00,152.38
2024-11-10 06:00:00,159.48
2024-11-10 07:00:00,132.03
2024-11-10 08:00:00,132.6
2024-11-10 09:00:00,129.57
2024-11-10 10:00:00,140.5
2024-11-10 11:00:00,135.55
2024-11-10 12:00:00,111.72
2024-11-10 13:00:00,108.93
2024-11-10 14:00:00,111.72
2024-11-10 15:00:00,98.67
2024-11-10 16:00:00,104.98
2024-11-10 17:00:00,104.27
2024-11-10 18:00:00,127.85
2024-11-10 19:00:00,155.35
2024-11-10 20:00:00,180.18
2024-11-10 21:00:00,189.35
2024-11-10 22:00:00,188.87
2024-11-10 23:00:00,196.19
2024-11-11 00:00:00,214.58
2024-11-11 01:00:00,201.9
2024-11-11 02:00:00,190.48
2024-11-11 03:00:00,167.32
2024-11-11 04:00:00,162.18
2024-11-11 05:00:00,166.43
2024-11-11 06:00:00,168.95
2024-11-11 07:00:00,253.52
2024-11-11 08:00:00,182.58
2024-11-11 09:00:00,177.13
2024-11-11 10:00:00,158.95
2024-11-11 11:00:00,127.57
2024-11-11 12:00:00,122.13
2024-11-11 13:00:00,116.93
2024-11-11 14:00:00,124.75
2024-11-11 15:00:00,143.38
2024-11-11 16:00:00,257.88
2024-11-11 17:00:00,147.48
2024-11-11 18:00:00,172.95
2024-11-11 19:00:00,177.37
2024-11-11 20:00:00,174.9
2024-11-11 21:00:00,189.67
2024-11-11 22:00:00,202.83
2024-11-11 23:00:00,232.28
2024-11-12 00:00:00,231.23
2024-11-12 01:00:00,236.92
2024-11-12 02:00:00,205.73
2024-11-12 03:00:00,180.58
2024-11-12 04:00:00,184.1
2024-11-12 05:00:00,173.32
2024-11-12 06:00:00,175.35
2024-11-12 07:00:00,176.03
2024-11-12 08:00:00,156.97
2024-11-12 09:00:00,178.72
2024-11-12 10:00:00,170.53
2024-11-12 11:00:00,145.83
2024-11-12 12:00:00,109.08
2024-11-12 13:00:00,80.78
2024-11-12 14:00:00,36.41
2024-11-12 17:00:00,112.98
2024-11-12 18:00:00,111.57
2024-11-12 19:00:00,119.79
2024-11-12 20:00:00,182.88
2024-11-12 21:00:00,183.94
2024-11-12 22:00:00,245.68
2024-11-12 23:00:00,352.09
2024-11-13 00:00:00,401.18
2024-11-13 01:00:00,495.0
2024-11-13 02:00:00,528.83
2024-11-13 03:00:00,501.85
2024-11-13 04:00:00,533.87
2024-11-13 05:00:00,530.35
2024-11-13 06:00:00,603.33
2024-11-13 07:00:00,518.58
2024-11-13 08:00:00,473.58
2024-11-13 09:00:00,337.87
2024-11-13 10:00:00,291.33
2024-11-13 11:00:00,379.6
2024-11-13 12:00:00,324.65
2024-11-13 13:00:00,247.83
2024-11-13 14:00:00,120.55
2024-11-13 15:00:00,53.57
2024-11-13 16:00:00,61.0
2024-11-14 00:00:00,241.0
2024-11-14 19:00:00,15.27
2024-11-14 20:00:00,59.92
2024-11-14 21:00:00,108.1
2024-11-14 22:00:00,152.88
2024-11-14 23:00:00,160.72
2024-11-15 00:00:00,153.27
2024-11-15 01:00:00,168.47
2024-11-15 02:00:00,179.12
2024-11-15 03:00:00,185.1
2024-11-15 04:00:00,204.78
2024-11-15 05:00:00,260.78
2024-11-15 06:00:00,293.05
2024-11-15 07:00:00,304.82
2024-11-15 08:00:00,320.47
2024-11-15 09:00:00,335.98
2024-11-15 10:00:00,360.64
2024-11-15 11:00:00,331.62
2024-11-15 12:00:00,188.73
2024-11-15 13:00:00,86.6
2024-11-15 14:00:00,63.17
2024-11-15 15:00:00,68.8
2024-11-15 16:00:00,89.57
2024-11-15 17:00:00,82.75
2024-11-15 18:00:00,125.57
2024-11-15 19:00:00,178.68
2024-11-15 20:00:00,158.77
2024-11-15 21:00:00,153.43
2024-11-15 22:00:00,151.67
2024-11-15 23:00:00,226.12
2024-11-16 00:00:00,349.78
2024-11-16 01:00:00,383.95
2024-11-16 02:00:00,445.0
2024-11-16 03:00:00,418.43
2024-11-16 04:00:00,383.65
2024-11-16 05:00:00,366.2
2024-11-16 06:00:00,323.07
2024-11-16 07:00:00,320.22
2024-11-16 08:00:00,292.87
2024-11-16 09:00:00,299.16
2024-11-17 14:00:00,335.63
2024-11-17 15:00:00,302.3
2024-11-17 16:00:00,363.57
2024-11-17 17:00:00,350.42
2024-11-17 18:00:00,371.07
2024-11-17 19:00:00,470.85
2024-11-17 20:00:00,590.42
2024-11-17 21:00:00,631.85
2024-11-17 22:00:00,579.33
2024-11-17 23:00:00,496.53
2024-11-18 00:00:00,458.73
2024-11-18 01:00:00,392.12
2024-11-18 02:00:00,411.28
2024-11-18 03:00:00,395.23
2024-11-18 04:00:00,447.78
2024-11-18 05:00:00,443.17
2024-11-18 06:00:00,441.68
2024-11-18 07:00:00,468.33
2024-11-18 08:00:00,509.25
2024-11-18 09:00:00,592.92
2024-11-18 10:00:00,670.82
2024-11-18 11:00:00,729.25
2024-11-18 12:00:00,726.22
2024-11-18 13:00:00,628.93
2024-11-18 14:00:00,511.1
2024-11-18 15:00:00,575.23
2024-11-18 16:00:00,546.87
2024-11-18 17:00:00,539.67
2024-11-18 18:00:00,521.4
2024-11-18 19:00:00,479.23
2024-11-18 20:00:00,498.4
2024-11-18 21:00:00,488.88
2024-11-18 22:00:00,491.95
2024-11-18 23:00:00,450.77
2024-11-19 00:00:00,460.98
2024-11-19 01:00:00,444.48
2024-11-19 02:00:00,452.48
2024-11-19 03:00:00,346.93
2024-11-19 04:00:00,259.03
2024-11-19 05:00:00,230.08
2024-11-19 06:00:00,197.5
2024-11-19 07:00:00,175.33
2024-11-19 08:00:00,159.75
2024-11-19 09:00:00,164.85
2024-11-19 10:00:00,212.42
2024-11-19 11:00:00,226.95
2024-11-19 12:00:00,200.03
2024-11-19 13:00:00,191.87
2024-11-19 14:00:00,178.97
2024-11-19 15:00:00,204.1
2024-11-19 16:00:00,210.6
2024-11-19 17:00:00,199.12
2024-11-19 18:00:00,225.4
2024-11-19 19:00:00,217.68
2024-11-19 20:00:00,214.5
2024-11-19 21:00:00,223.82
2024-11-19 22:00:00,254.75
2024-11-19 23:00:00,262.32
2024-11-20 00:00:00,252.5
2024-11-20 01:00:00,257.32
2024-11-20 02:00:00,311.92
2024-11-20 03:00:00,335.93
2024-11-20 04:00:00,306.47
2024-11-20 05:00:00,307.73
2024-11-20 06:00:00,271.47
2024-11-20 07:00:00,232.88
2024-11-20 08:00:00,203.82
2024-11-20 09:00:00,221.65
2024-11-20 10:00:00,213.8
2024-11-20 11:00:00,222.33
2024-11-20 12:00:00,160.07
2024-11-20 13:00:00,107.23
2024-11-20 14:00:00,100.3
2024-11-20 15:00:00,99.5
2024-11-20 16:00:00,121.0
2024-11-20 17:00:00,123.0
2024-11-20 18:00:00,185.23
2024-11-20 19:00:00,194.8
2024-11-20 20:00:00,217.77
2024-11-20 21:00:00,205.77
2024-11-20 22:00:00,228.73
2024-11-20 23:00:00,226.67
2024-11-21 00:00:00,215.47
2024-11-21 01:00:00,199.97
2024-11-21 02:00:00,195.45
2024-11-21 03:00:00,199.75
2024-11-21 04:00:00,216.03
2024-11-21 05:00:00,237.53
2024-11-21 06:00:00,240.32
2024-11-21 07:00:00,231.73
2024-11-21 08:00:00,189.22
2024-11-21 09:00:00,163.42
2024-11-21 10:00:00,173.85
2024-11-21 11:00:00,164.78
2024-11-21 12:00:00,127.55
2024-11-21 13:00:00,97.73
2024-11-21 14:00:00,82.42
2024-11-21 15:00:00,90.85
2024-11-21 16:00:00,102.48
2024-11-21 17:00:00,111.38
2024-11-21 18:00:00,132.32
2024-11-21 19:00:00,149.08
2024-11-21 20:00:00,152.5
2024-11-21 21:00:00,180.98
2024-11-21 22:00:00,196.42
2024-11-21 23:00:00,199.8
2024-11-22 00:00:00,208.67
2024-11-22 01:00:00,244.6
2024-11-22 02:00:00,259.5
2024-11-22 03:00:00,283.52
2024-11-22 04:00:00,268.02
2024-11-22 05:00:00,299.09
2024-11-22 06:00:00,308.26
2024-11-22 07:00:00,340.57
2024-11-22 08:00:00,291.45
2024-11-22 09:00:00,248.73
2024-11-22 10:00:00,251.38
2024-11-22 11:00:00,251.93
2024-11-22 12:00:00,216.6
2024-11-22 13:00:00,174.38
2024-11-22 14:00:00,163.45
2024-11-22 15:00:00,139.45
2024-11-22 16:00:00,144.08
2024-11-22 17:00:00,161.95
2024-11-22 18:00:00,224.4
2024-11-22 19:00:00,226.37
2024-11-22 20:00:00,227.25
2024-11-22 21:00:00,237.1
2024-11-22 22:00:00,271.47
2024-11-22 23:00:00,261.75
2024-11-23 00:00:00,262.6
2024-11-23 01:00:00,261.58
2024-11-23 02:00:00,285.95
2024-11-23 03:00:00,259.25
2024-11-23 04:00:00,251.53
2024-11-23 05:00:00,272.98
2024-11-23 06:00:00,265.85
2024-11-23 07:00:00,251.42
2024-11-23 08:00:00,253.05
2024-11-23 09:00:00,253.73
2024-11-23 10:00:00,210.98
2024-11-23 11:00:00,185.93
2024-11-23 12:00:00,134.1
2024-11-23 13:00:00,109.35
2024-11-23 14:00:00,145.55
2024-11-23 15:00:00,138.72
2024-11-23 16:00:00,135.87
2024-11-23 17:00:00,146.47
2024-11-23 18:00:00,197.95
2024-11-23 19:00:00,223.23
2024-11-23 20:00:00,242.28
2024-11-23 21:00:00,253.4
2024-11-23 22:00:00,295.93
2024-11-23 23:00:00,297.92
2024-11-24 00:00:00,265.45
2024-11-24 01:00:00,237.47
2024-11-24 02:00:00,230.93
2024-11-24 03:00:00,183.65
2024-11-24 04:00:00,174.58
2024-11-24 05:00:00,152.45
2024-11-24 06:00:00,113.27
2024-11-24 07:00:00,115.25
2024-11-24 08:00:00,100.84
2024-11-24 09:00:00,94.33
2024-11-24 10:00:00,87.12
2024-11-24 11:00:00,71.52
2024-11-24 12:00:00,66.62
2024-11-24 13:00:00,55.85
2024-11-24 14:00:00,65.07
2024-11-24 15:00:00,56.85
2024-11-24 16:00:00,64.82
2024-11-24 17:00:00,71.2
2024-11-24 18:00:00,89.15
2024-11-24 19:00:00,106.68
2024-11-24 20:00:00,112.58
2024-11-24 21:00:00,110.33
2024-11-24 22:00:00,132.88
2024-11-24 23:00:00,134.05
2024-11-25 00:00:00,136.05
2024-11-25 01:00:00,157.18
2024-11-25 02:00:00,187.1
2024-11-25 03:00:00,185.88
2024-11-25 04:00:00,178.7
2024-11-25 05:00:00,182.37
2024-11-25 06:00:00,181.27
2024-11-25 07:00:00,202.57
2024-11-25 08:00:00,206.63
2024-11-25 09:00:00,221.57
2024-11-25 10:00:00,249.23
2024-11-25 11:00:00,313.73
2024-11-25 12:00:00,295.17
2024-11-25 13:00:00,198.45
2024-11-25 14:00:00,194.58
2024-11-25 15:00:00,207.95
2024-11-25 16:00:00,212.33
2024-11-25 17:00:00,230.3
2024-11-25 18:00:00,239.2
2024-11-25 19:00:00,223.95
2024-11-25 20:00:00,183.28
2024-11-25 21:00:00,163.83
2024-11-25 22:00:00,156.98
2024-11-25 23:00:00,161.5
2024-11-26 00:00:00,162.23
2024-11-26 01:00:00,158.52
2024-11-26 02:00:00,159.07
2024-11-26 03:00:00,157.13
2024-11-26 04:00:00,153.15
2024-11-26 05:00:00,167.42
2024-11-26 06:00:00,154.57
2024-11-26 07:00:00,138.35
2024-11-26 08:00:00,119.23
2024-11-26 09:00:00,122.17
2024-11-26 10:00:00,125.77
2024-11-26 11:00:00,109.52
2024-11-26 12:00:00,99.4
2024-11-26 13:00:00,72.42
2024-11-26 14:00:00,75.22
2024-11-26 15:00:00,68.63
2024-11-26 16:00:00,61.2
2024-11-26 17:00:00,79.3
2024-11-26 18:00:00,99.9
2024-11-26 19:00:00,99.18
2024-11-26 20:00:00,115.45
2024-11-26 21:00:00,122.05
2024-11-26 22:00:00,146.6
2024-11-26 23:00:00,155.28
2024-11-27 00:00:00,152.53
2024-11-27 01:00:00,163.8
2024-11-27 02:00:00,154.95
2024-11-27 03:00:00,145.58
2024-11-27 04:00:00,143.07
2024-11-27 05:00:00,139.4
2024-11-27 06:00:00,136.81
2024-11-27 07:00:00,141.97
2024-11-27 08:00:00,128.3
2024-11-27 09:00:00,126.73
2024-11-27 10:00:00,130.83
2024-11-27 11:00:00,105.73
2024-11-27 12:00:00,86.97
2024-11-27 13:00:00,67.82
2024-11-27 14:00:00,70.92
2024-11-27 15:00:00,62.85
2024-11-27 16:00:00,57.05
2024-11-27 17:00:00,75.88
2024-11-27 18:00:00,108.12
2024-11-27 19:00:00,141.78
2024-11-27 20:00:00,144.48
2024-11-27 21:00:00,146.68
2024-11-27 22:00:00,145.22
2024-11-27 23:00:00,159.4
2024-11-28 00:00:00,172.32
2024-11-28 01:00:00,188.88
2024-11-28 02:00:00,177.73
2024-11-28 03:00:00,165.77
2024-11-28 04:00:00,170.23
2024-11-28 05:00:00,165.8
2024-11-28 06:00:00,180.08
2024-11-28 07:00:00,208.35
2024-11-28 08:00:00,214.39
2024-11-28 09:00:00,237.32
2024-11-28 10:00:00,210.37
2024-11-28 11:00:00,203.6
2024-11-28 12:00:00,108.38
2024-11-28 13:00:00,80.23
2024-11-28 14:00:00,84.27
2024-11-28 15:00:00,84.57
2024-11-28 16:00:00,78.17
2024-11-28 17:00:00,62.7
2024-11-28 18:00:00,119.02
2024-11-28 19:00:00,115.75
2024-11-28 20:00:00,142.33
2024-11-28 21:00:00,138.77
2024-11-28 22:00:00,147.67
2024-11-28 23:00:00,167.33
2024-11-29 00:00:00,154.77
2024-11-29 01:00:00,154.38
2024-11-29 02:00:00,182.52
2024-11-29 03:00:00,169.55
2024-11-29 04:00:00,166.43
2024-11-29 05:00:00,149.15
2024-11-29 06:00:00,156.28
2024-11-29 07:00:00,152.58
2024-11-29 08:00:00,186.77
2024-11-29 09:00:00,196.43
2024-11-29 10:00:00,180.33
2024-11-29 11:00:00,150.15
2024-11-29 12:00:00,107.57
2024-11-29 13:00:00,89.05
2024-11-29 14:00:00,87.82
2024-11-29 15:00:00,80.4
2024-11-29 16:00:00,80.68
2024-11-29 17:00:00,108.3
2024-11-29 18:00:00,153.58
2024-11-29 19:00:00,164.0
2024-11-29 20:00:00,164.05
2024-11-29 21:00:00,173.75
2024-11-29 22:00:00,177.08
2024-11-29 23:00:00,179.42
2024-11-30 00:00:00,197.27
2024-11-30 01:00:00,196.43
2024-11-30 02:00:00,192.4
2024-11-30 03:00:00,180.4
2024-11-30 04:00:00,188.12
2024-11-30 05:00:00,209.67
2024-11-30 06:00:00,216.93
2024-11-30 07:00:00,212.22
2024-11-30 08:00:00,214.3
2024-11-30 09:00:00,244.32
2024-11-30 10:00:00,212.48
2024-11-30 11:00:00,161.33
2024-11-30 12:00:00,106.93
2024-11-30 13:00:00,69.23
2024-11-30 14:00:00,55.5
2024-11-30 15:00:00,51.08
2024-11-30 16:00:00,48.3
2024-11-30 17:00:00,61.15
2024-11-30 18:00:00,106.42
2024-11-30 19:00:00,117.18
2024-11-30 20:00:00,119.67
2024-11-30 21:00:00,137.38
2024-11-30 22:00:00,144.77
2024-11-30 23:00:00,136.3
2024-12-01 00:00:00,132.47
2024-12-01 01:00:00,150.1
2024-12-01 02:00:00,160.48
2024-12-01 03:00:00,162.7
2024-12-01 04:00:00,157.65
2024-12-01 05:00:00,161.8
2024-12-01 06:00:00,147.35
2024-12-01 07:00:00,141.45
2024-12-01 08:00:00,173.57
2024-12-01 09:00:00,139.72
2024-12-01 10:00:00,110.0
2024-12-01 11:00:00,89.52
2024-12-01 12:00:00,64.23
2024-12-01 13:00:00,61.42
2024-12-01 14:00:00,59.35
2024-12-01 15:00:00,42.53
2024-12-01 16:00:00,46.25
2024-12-01 17:00:00,74.15
2024-12-01 18:00:00,110.25
2024-12-01 19:00:00,126.2
2024-12-01 20:00:00,125.08
2024-12-01 21:00:00,131.42
2024-12-01 22:00:00,140.87
2024-12-01 23:00:00,138.73
2024-12-02 00:00:00,138.08
2024-12-02 01:00:00,149.45
2024-12-02 02:00:00,131.05
2024-12-02 03:00:00,124.22
2024-12-02 04:00:00,119.42
2024-12-02 05:00:00,131.2
2024-12-02 06:00:00,138.42
2024-12-02 07:00:00,120.9
2024-12-02 08:00:00,105.43
2024-12-02 09:00:00,142.68
2024-12-02 10:00:00,129.48
2024-12-02 11:00:00,95.62
2024-12-02 12:00:00,55.02
2024-12-02 13:00:00,63.4
2024-12-02 14:00:00,83.03
2024-12-02 15:00:00,71.92
2024-12-02 16:00:00,56.55
2024-12-02 17:00:00,65.23
2024-12-02 18:00:00,77.4
2024-12-02 19:00:00,89.65
2024-12-02 20:00:00,103.33
2024-12-02 21:00:00,120.75
2024-12-02 22:00:00,109.4
2024-12-02 23:00:00,109.28
2024-12-03 00:00:00,115.2
2024-12-03 01:00:00,124.37
2024-12-03 02:00:00,107.82
2024-12-03 03:00:00,123.7
2024-12-03 04:00:00,150.72
2024-12-03 05:00:00,129.08
2024-12-03 06:00:00,114.95
2024-12-03 07:00:00,119.63
2024-12-03 08:00:00,117.2
2024-12-03 09:00:00,96.4
2024-12-03 10:00:00,105.62
2024-12-03 11:00:00,87.18
2024-12-03 12:00:00,83.45
2024-12-03 13:00:00,61.32
2024-12-03 14:00:00,58.05
2024-12-03 15:00:00,35.43
2024-12-03 16:00:00,41.77
2024-12-03 17:00:00,61.22
2024-12-03 18:00:00,62.23
2024-12-03 19:00:00,80.22
2024-12-03 20:00:00,103.62
2024-12-03 21:00:00,111.27
2024-12-03 22:00:00,119.43
2024-12-03 23:00:00,107.72
2024-12-04 00:00:00,91.8
2024-12-04 01:00:00,72.85
2024-12-04 02:00:00,64.32
2024-12-04 03:00:00,74.05
2024-12-04 04:00:00,68.57
2024-12-04 05:00:00,78.07
2024-12-04 06:00:00,73.37
2024-12-04 07:00:00,59.8
2024-12-04 08:00:00,47.95
2024-12-04 09:00:00,54.4
2024-12-04 10:00:00,63.58
2024-12-04 11:00:00,59.23
2024-12-04 12:00:00,46.35
2024-12-04 13:00:00,26.38
2024-12-04 14:00:00,24.38
2024-12-04 15:00:00,18.22
2024-12-04 16:00:00,22.13
2024-12-04 17:00:00,33.37
2024-12-04 18:00:00,50.3
2024-12-04 19:00:00,59.5
2024-12-04 20:00:00,73.17
2024-12-04 21:00:00,86.52
2024-12-04 22:00:00,97.67
2024-12-04 23:00:00,106.57
2024-12-05 00:00:00,97.68
2024-12-05 01:00:00,68.23
2024-12-05 02:00:00,71.58
2024-12-05 03:00:00,68.25
2024-12-05 04:00:00,71.67
2024-12-05 05:00:00,63.53
2024-12-05 06:00:00,79.13
2024-12-05 07:00:00,90.9
2024-12-05 08:00:00,64.73
2024-12-05 09:00:00,49.47
2024-12-05 10:00:00,48.82
2024-12-05 11:00:00,34.33
2024-12-05 12:00:00,28.4
2024-12-05 13:00:00,28.6
2024-12-05 14:00:00,29.43
2024-12-05 15:00:00,26.27
2024-12-05 16:00:00,27.77
2024-12-05 17:00:00,43.35
2024-12-05 18:00:00,59.15
2024-12-05 19:00:00,77.32
2024-12-05 20:00:00,92.33
2024-12-05 21:00:00,117.13
2024-12-05 22:00:00,123.28
2024-12-05 23:00:00,121.27
2024-12-06 00:00:00,110.53
2024-12-06 01:00:00,105.78
2024-12-06 02:00:00,96.22
2024-12-06 03:00:00,94.17
2024-12-06 04:00:00,104.17
2024-12-06 05:00:00,72.87
2024-12-06 06:00:00,61.85
2024-12-06 07:00:00,66.07
2024-12-06 08:00:00,54.8
2024-12-06 09:00:00,59.07
2024-12-06 10:00:00,64.35
2024-12-06 11:00:00,52.98
2024-12-06 12:00:00,38.62
2024-12-06 13:00:00,35.07
2024-12-06 14:00:00,42.35
2024-12-06 15:00:00,42.43
2024-12-06 16:00:00,34.85
2024-12-06 17:00:00,42.53
2024-12-06 18:00:00,63.17
2024-12-06 19:00:00,96.97
2024-12-06 20:00:00,121.18
2024-12-06 21:00:00,139.78
2024-12-06 22:00:00,151.1
2024-12-06 23:00:00,148.13
2024-12-07 00:00:00,138.57
2024-12-07 01:00:00,134.53
2024-12-07 02:00:00,138.28
2024-12-07 03:00:00,120.82
2024-12-07 04:00:00,118.45
2024-12-07 05:00:00,108.82
2024-12-07 06:00:00,99.83
2024-12-07 07:00:00,98.45
2024-12-07 08:00:00,94.62
2024-12-07 09:00:00,84.58
2024-12-07 10:00:00,79.17
2024-12-07 11:00:00,80.75
2024-12-07 12:00:00,46.87
2024-12-07 13:00:00,32.17
2024-12-07 14:00:00,38.1
2024-12-07 15:00:00,40.7
2024-12-07 16:00:00,36.57
2024-12-07 17:00:00,47.93
2024-12-07 18:00:00,123.45
2024-12-07 19:00:00,150.13
2024-12-07 20:00:00,190.05
2024-12-07 21:00:00,213.15
2024-12-07 22:00:00,223.8
2024-12-07 23:00:00,243.0
2024-12-08 00:00:00,241.42
2024-12-08 01:00:00,253.53
2024-12-08 02:00:00,255.58
2024-12-08 03:00:00,277.08
2024-12-08 04:00:00,242.82
2024-12-08 05:00:00,217.03
2024-12-08 06:00:00,215.58
2024-12-08 07:00:00,221.75
2024-12-08 08:00:00,164.5
2024-12-08 09:00:00,111.95
2024-12-08 10:00:00,96.63
2024-12-08 11:00:00,84.13
2024-12-08 12:00:00,66.67
2024-12-08 13:00:00,61.28
2024-12-08 14:00:00,58.07
2024-12-08 15:00:00,52.7
2024-12-08 16:00:00,58.38
2024-12-08 17:00:00,60.73
2024-12-08 18:00:00,92.58
2024-12-08 19:00:00,101.83
2024-12-08 20:00:00,119.97
2024-12-08 21:00:00,107.22
2024-12-08 22:00:00,32.07
2024-12-08 23:00:00,35.33
2024-12-09 00:00:00,35.77
2024-12-09 01:00:00,32.62
2024-12-09 02:00:00,39.78
2024-12-09 03:00:00,41.67
2024-12-09 04:00:00,38.58
2024-12-09 05:00:00,53.57
2024-12-09 06:00:00,55.15
2024-12-09 07:00:00,51.55
2024-12-09 08:00:00,64.08
2024-12-09 09:00:00,44.72
2024-12-09 10:00:00,52.88
2024-12-09 11:00:00,56.0
2024-12-09 12:00:00,51.77
2024-12-09 13:00:00,50.75
2024-12-09 14:00:00,51.03
2024-12-09 15:00:00,64.45
2024-12-09 16:00:00,59.75
2024-12-09 17:00:00,69.33
2024-12-09 18:00:00,108.45
2024-12-09 19:00:00,124.67
2024-12-09 20:00:00,115.65
2024-12-09 21:00:00,108.58
2024-12-09 22:00:00,107.32
2024-12-09 23:00:00,115.83
2024-12-10 00:00:00,122.88
2024-12-10 01:00:00,114.22
2024-12-10 02:00:00,113.45
2024-12-10 03:00:00,111.53
2024-12-10 04:00:00,101.85
2024-12-10 05:00:00,109.85
2024-12-10 06:00:00,89.48
2024-12-10 07:00:00,79.67
2024-12-10 08:00:00,72.7
2024-12-10 09:00:00,74.17
2024-12-10 10:00:00,117.73
2024-12-10 11:00:00,311.08
2024-12-10 13:00:00,46.0
2024-12-10 14:00:00,57.03
2024-12-10 15:00:00,30.32
2024-12-10 16:00:00,30.15
2024-12-10 17:00:00,41.75
2024-12-10 18:00:00,106.05
2024-12-10 19:00:00,123.07
2024-12-10 20:00:00,148.27
2024-12-10 21:00:00,143.33
2024-12-10 22:00:00,136.08
2024-12-10 23:00:00,135.97
2024-12-11 00:00:00,128.07
2024-12-11 01:00:00,144.07
2024-12-11 02:00:00,129.37
2024-12-11 03:00:00,107.62
2024-12-11 04:00:00,107.13
2024-12-11 05:00:00,114.72
2024-12-11 06:00:00,122.63
2024-12-11 07:00:00,120.2
2024-12-11 08:00:00,100.43
2024-12-11 09:00:00,114.43
2024-12-11 10:00:00,120.98
2024-12-11 11:00:00,76.43
2024-12-11 12:00:00,52.57
2024-12-11 13:00:00,50.18
2024-12-11 14:00:00,51.12
2024-12-11 15:00:00,39.05
2024-12-11 16:00:00,47.57
2024-12-11 17:00:00,72.88
2024-12-11 18:00:00,93.08
2024-12-11 19:00:00,130.82
2024-12-11 20:00:00,150.35
2024-12-11 21:00:00,179.63
2024-12-11 22:00:00,236.82
2024-12-11 23:00:00,220.07
2024-12-12 00:00:00,200.73
2024-12-12 01:00:00,219.8
2024-12-12 02:00:00,211.4
2024-12-12 03:00:00,187.12
2024-12-12 04:00:00,174.73
2024-12-12 05:00:00,195.43
2024-12-12 06:00:00,226.63
2024-12-12 07:00:00,231.9
2024-12-12 08:00:00,203.35
2024-12-12 09:00:00,173.25
2024-12-12 10:00:00,146.37
2024-12-12 11:00:00,117.27
2024-12-12 12:00:00,97.62
2024-12-12 13:00:00,86.85
2024-12-12 14:00:00,69.8
2024-12-12 15:00:00,78.43
2024-12-12 16:00:00,73.47
2024-12-12 17:00:00,91.37
2024-12-12 18:00:00,141.38
2024-12-12 19:00:00,177.12
2024-12-12 20:00:00,185.78
2024-12-12 21:00:00,175.85
2024-12-12 22:00:00,164.35
2024-12-12 23:00:00,153.37
2024-12-13 00:00:00,179.32
2024-12-13 01:00:00,156.85
2024-12-13 02:00:00,134.48
2024-12-13 03:00:00,134.28
2024-12-13 04:00:00,147.3
2024-12-13 05:00:00,135.97
2024-12-13 06:00:00,146.65
2024-12-13 07:00:00,140.22
2024-12-13 08:00:00,125.17
2024-12-13 09:00:00,106.88
2024-12-13 10:00:00,101.5
2024-12-13 11:00:00,83.52
2024-12-13 12:00:00,73.55
2024-12-13 13:00:00,66.63
2024-12-13 14:00:00,49.43
2024-12-13 15:00:00,46.95
2024-12-13 16:00:00,55.07
2024-12-13 17:00:00,64.77
2024-12-13 18:00:00,110.82
2024-12-13 19:00:00,119.9
2024-12-13 20:00:00,109.72
2024-12-13 21:00:00,107.95
2024-12-13 22:00:00,106.37
2024-12-13 23:00:00,100.6
2024-12-14 00:00:00,92.02
2024-12-14 01:00:00,81.92
2024-12-14 02:00:00,80.32
2024-12-14 03:00:00,76.72
2024-12-14 04:00:00,87.97
2024-12-14 05:00:00,86.95
2024-12-14 06:00:00,75.6
2024-12-14 07:00:00,84.75
2024-12-14 08:00:00,73.8
2024-12-14 09:00:00,84.43
2024-12-14 10:00:00,94.0
2024-12-14 11:00:00,69.55
2024-12-14 12:00:00,68.67
2024-12-14 13:00:00,64.38
2024-12-14 14:00:00,62.73
2024-12-14 15:00:00,48.88
2024-12-14 16:00:00,66.97
2024-12-14 17:00:00,74.23
2024-12-14 18:00:00,119.68
2024-12-14 19:00:00,140.5
2024-12-14 20:00:00,171.55
2024-12-14 21:00:00,183.52
2024-12-14 22:00:00,191.98
2024-12-14 23:00:00,191.8
2024-12-15 00:00:00,223.63
2024-12-15 01:00:00,198.22
2024-12-15 02:00:00,184.97
2024-12-15 03:00:00,167.73
2024-12-15 04:00:00,145.3
2024-12-15 05:00:00,166.08
2024-12-15 06:00:00,165.07
2024-12-15 07:00:00,171.87
2024-12-15 08:00:00,160.7
2024-12-15 09:00:00,140.03
2024-12-15 10:00:00,158.67
2024-12-15 11:00:00,172.93
2024-12-15 12:00:00,161.03
2024-12-15 13:00:00,124.37
2024-12-15 14:00:00,106.85
2024-12-15 15:00:00,113.02
2024-12-15 16:00:00,109.47
2024-12-15 17:00:00,127.82
2024-12-15 18:00:00,231.18
2024-12-15 19:00:00,282.32
2024-12-15 20:00:00,296.32
2024-12-15 21:00:00,347.03
2024-12-15 22:00:00,353.27
2024-12-15 23:00:00,285.08
2024-12-16 00:00:00,261.5
2024-12-16 01:00:00,289.57
2024-12-16 02:00:00,320.3
2024-12-16 03:00:00,332.82
2024-12-16 04:00:00,297.33
2024-12-16 05:00:00,263.27
2024-12-16 06:00:00,244.1
2024-12-16 07:00:00,287.67
2024-12-16 08:00:00,258.88
2024-12-16 09:00:00,240.45
2024-12-16 10:00:00,223.13
2024-12-16 11:00:00,255.57
2024-12-16 12:00:00,209.87
2024-12-16 13:00:00,186.65
2024-12-16 14:00:00,192.17
2024-12-16 15:00:00,176.02
2024-12-16 16:00:00,221.0
2024-12-16 17:00:00,233.9
2024-12-16 18:00:00,332.95
2024-12-16 19:00:00,353.1
2024-12-16 20:00:00,350.67
2024-12-16 21:00:00,426.47
2024-12-16 22:00:00,411.13
2024-12-16 23:00:00,425.44
2024-12-17 00:00:00,377.77
2024-12-17 01:00:00,393.98
2024-12-17 02:00:00,430.93
2024-12-17 03:00:00,349.02
2024-12-17 04:00:00,352.4
2024-12-17 05:00:00,339.03
2024-12-17 06:00:00,315.98
2024-12-17 07:00:00,360.12
2024-12-17 08:00:00,431.38
2024-12-17 09:00:00,484.48
2024-12-17 10:00:00,425.27
2024-12-17 11:00:00,427.83
2024-12-17 12:00:00,336.27
2024-12-17 13:00:00,204.12
2024-12-17 14:00:00,168.18
2024-12-17 15:00:00,243.52
2024-12-17 16:00:00,252.37
2024-12-17 17:00:00,256.97
2024-12-17 18:00:00,360.78
2024-12-17 19:00:00,379.87
2024-12-17 20:00:00,431.03
2024-12-17 21:00:00,442.53
2024-12-17 22:00:00,417.82
2024-12-17 23:00:00,443.32
2024-12-18 00:00:00,441.07
2024-12-18 01:00:00,467.22
2024-12-18 02:00:00,448.97
2024-12-18 03:00:00,462.1
2024-12-18 04:00:00,429.45
2024-12-18 05:00:00,430.33
2024-12-18 06:00:00,383.02
2024-12-18 07:00:00,358.27
2024-12-18 08:00:00,396.52
2024-12-18 09:00:00,388.07
2024-12-18 10:00:00,393.92
2024-12-18 11:00:00,362.83
2024-12-18 12:00:00,289.98
2024-12-18 13:00:00,266.92
2024-12-18 14:00:00,233.77
2024-12-18 15:00:00,234.63
2024-12-18 16:00:00,274.05
2024-12-18 17:00:00,296.72
2024-12-18 18:00:00,363.12
2024-12-18 19:00:00,424.18
2024-12-18 20:00:00,427.82
2024-12-18 21:00:00,426.2
2024-12-18 22:00:00,443.53
2024-12-18 23:00:00,484.13
2024-12-19 00:00:00,430.87
2024-12-19 01:00:00,452.5
2024-12-19 02:00:00,405.13
2024-12-19 03:00:00,410.1
2024-12-19 04:00:00,383.03
2024-12-19 05:00:00,352.5
2024-12-19 06:00:00,373.38
2024-12-19 07:00:00,354.22
2024-12-19 08:00:00,414.82
2024-12-19 09:00:00,559.3
2024-12-19 10:00:00,679.77
2024-12-19 11:00:00,519.4
2024-12-19 12:00:00,284.67
2024-12-19 13:00:00,174.5
2024-12-19 14:00:00,158.0
2024-12-19 15:00:00,152.17
2024-12-19 16:00:00,142.33
2024-12-19 17:00:00,168.0
2024-12-19 18:00:00,225.48
2024-12-19 19:00:00,322.22
2024-12-19 20:00:00,405.5
2024-12-19 21:00:00,515.07
2024-12-19 22:00:00,567.27
2024-12-19 23:00:00,586.57
2024-12-20 00:00:00,600.7
2024-12-20 01:00:00,576.25
2024-12-20 02:00:00,574.67
2024-12-20 03:00:00,454.23
2024-12-20 04:00:00,347.6
2024-12-20 05:00:00,408.65
2024-12-20 06:00:00,423.48
2024-12-20 07:00:00,380.5
2024-12-20 08:00:00,426.92
2024-12-20 09:00:00,374.87
2024-12-20 10:00:00,289.68
2024-12-20 11:00:00,268.78
2024-12-20 12:00:00,215.77
2024-12-20 13:00:00,192.87
2024-12-20 14:00:00,264.7
2024-12-20 15:00:00,225.72
2024-12-20 16:00:00,213.0
2024-12-20 17:00:00,203.87
2024-12-20 18:00:00,264.17
2024-12-20 19:00:00,267.22
2024-12-20 20:00:00,256.97
2024-12-20 21:00:00,274.0
2024-12-20 22:00:00,305.27
2024-12-20 23:00:00,266.68
2024-12-21 00:00:00,246.22
2024-12-21 01:00:00,249.97
2024-12-21 02:00:00,230.5
2024-12-21 03:00:00,206.53
2024-12-21 04:00:00,191.42
2024-12-21 05:00:00,186.88
2024-12-21 06:00:00,247.7
2024-12-21 07:00:00,230.97
2024-12-21 08:00:00,216.42
2024-12-21 09:00:00,223.6
2024-12-21 10:00:00,236.05
2024-12-21 11:00:00,188.58
2024-12-21 12:00:00,131.55
2024-12-21 13:00:00,114.42
2024-12-21 14:00:00,105.25
2024-12-21 15:00:00,122.07
2024-12-21 16:00:00,126.37
2024-12-21 17:00:00,134.65
2024-12-21 18:00:00,209.68
2024-12-21 19:00:00,303.43
2024-12-21 20:00:00,374.83
2024-12-21 21:00:00,405.4
2024-12-21 22:00:00,377.05
2024-12-21 23:00:00,398.35
2024-12-22 00:00:00,386.7
2024-12-22 01:00:00,347.28
2024-12-22 02:00:00,250.9
2024-12-22 03:00:00,229.27
2024-12-22 04:00:00,292.05
2024-12-22 05:00:00,354.42
2024-12-22 06:00:00,317.6
2024-12-22 07:00:00,346.53
2024-12-22 08:00:00,421.6
2024-12-22 09:00:00,380.88
2024-12-22 10:00:00,400.42
2024-12-22 11:00:00,283.92
2024-12-22 12:00:00,155.4
2024-12-22 13:00:00,153.27
2024-12-22 14:00:00,179.65
2024-12-22 15:00:00,196.5
2024-12-22 16:00:00,176.88
2024-12-22 17:00:00,160.18
2024-12-22 18:00:00,184.28
2024-12-22 19:00:00,234.27
2024-12-22 20:00:00,289.6
2024-12-22 21:00:00,390.72
2024-12-22 22:00:00,365.27
2024-12-22 23:00:00,336.88
2024-12-23 00:00:00,339.65
2024-12-23 01:00:00,307.93
2024-12-23 02:00:00,266.42
2024-12-23 03:00:00,236.75
2024-12-23 04:00:00,231.83
2024-12-23 05:00:00,208.2
2024-12-23 06:00:00,190.57
2024-12-23 07:00:00,181.03
2024-12-23 08:00:00,202.75
2024-12-23 09:00:00,243.28
2024-12-23 10:00:00,306.6
2024-12-23 11:00:00,293.47
2024-12-23 12:00:00,249.82
2024-12-23 13:00:00,203.08
2024-12-23 14:00:00,219.27
2024-12-23 15:00:00,228.48
2024-12-23 16:00:00,230.92
2024-12-23 17:00:00,230.45
2024-12-23 18:00:00,224.05
2024-12-23 19:00:00,209.48
2024-12-23 20:00:00,200.85
2024-12-23 21:00:00,192.3
2024-12-23 22:00:00,239.63
2024-12-23 23:00:00,274.73
2024-12-24 00:00:00,249.93
2024-12-24 01:00:00,235.07
2024-12-24 02:00:00,209.8
2024-12-24 03:00:00,173.52
2024-12-24 04:00:00,202.75
2024-12-24 05:00:00,255.18
2024-12-24 06:00:00,249.63
2024-12-24 07:00:00,224.97
2024-12-24 08:00:00,208.05
2024-12-24 09:00:00,208.47
2024-12-24 10:00:00,241.2
2024-12-24 11:00:00,188.4
2024-12-24 12:00:00,116.47
2024-12-24 13:00:00,103.37
2024-12-24 14:00:00,85.8
2024-12-24 15:00:00,110.73
2024-12-24 16:00:00,110.1
2024-12-24 17:00:00,126.63
2024-12-24 18:00:00,195.03
2024-12-24 19:00:00,177.32
2024-12-24 20:00:00,100.28
2024-12-24 21:00:00,102.23
2024-12-24 22:00:00,114.5
2024-12-24 23:00:00,123.92
2024-12-25 00:00:00,161.3
2024-12-25 01:00:00,226.93
2024-12-25 02:00:00,222.9
2024-12-25 03:00:00,209.22
2024-12-25 04:00:00,196.82
2024-12-25 05:00:00,213.98
2024-12-25 06:00:00,226.47
2024-12-25 07:00:00,219.98
2024-12-25 08:00:00,219.65
2024-12-25 09:00:00,221.55
2024-12-25 10:00:00,255.6
2024-12-25 11:00:00,238.28
2024-12-25 12:00:00,139.85
2024-12-25 13:00:00,105.6
2024-12-25 14:00:00,115.5
2024-12-25 15:00:00,123.95
2024-12-25 16:00:00,140.0
2024-12-25 17:00:00,159.58
2024-12-25 18:00:00,212.13
2024-12-25 19:00:00,214.83
2024-12-25 20:00:00,215.53
2024-12-25 21:00:00,224.42
2024-12-25 22:00:00,260.0
2024-12-25 23:00:00,267.4
2024-12-26 00:00:00,232.32
2024-12-26 01:00:00,193.12
2024-12-26 02:00:00,181.93
2024-12-26 03:00:00,194.78
2024-12-26 04:00:00,185.15
2024-12-26 05:00:00,177.47
2024-12-26 06:00:00,152.88
2024-12-26 07:00:00,158.63
2024-12-26 08:00:00,205.32
2024-12-26 09:00:00,228.92
2024-12-26 10:00:00,216.37
2024-12-26 11:00:00,242.37
2024-12-26 12:00:00,290.47
2024-12-26 13:00:00,274.18
2024-12-26 14:00:00,193.13
2024-12-26 15:00:00,127.1
2024-12-26 16:00:00,128.82
2024-12-26 17:00:00,157.12
2024-12-26 18:00:00,255.18
2024-12-26 19:00:00,303.38
2024-12-26 20:00:00,314.57
2024-12-26 21:00:00,399.42
2024-12-26 22:00:00,424.18
2024-12-26 23:00:00,454.13
2024-12-27 00:00:00,427.52
2024-12-27 01:00:00,396.35
2024-12-27 02:00:00,398.15
2024-12-27 03:00:00,314.07
2024-12-27 04:00:00,292.5
2024-12-27 05:00:00,305.8
2024-12-27 06:00:00,279.07
2024-12-27 07:00:00,270.73
2024-12-27 08:00:00,317.69
2024-12-27 09:00:00,195.42
2024-12-27 10:00:00,107.27
2024-12-27 11:00:00,116.37
2024-12-27 12:00:00,110.02
2024-12-27 13:00:00,107.47
2024-12-27 14:00:00,71.78
2024-12-27 15:00:00,70.57
2024-12-27 16:00:00,63.52
2024-12-27 17:00:00,58.72
2024-12-27 18:00:00,53.97
2024-12-27 19:00:00,43.45
2024-12-27 20:00:00,45.3
2024-12-27 21:00:00,40.9
2024-12-27 22:00:00,43.52
2024-12-27 23:00:00,37.18
2024-12-28 00:00:00,41.28
2024-12-28 01:00:00,38.28
2024-12-28 02:00:00,37.98
2024-12-28 03:00:00,40.53
2024-12-28 04:00:00,40.03
2024-12-28 05:00:00,32.4
2024-12-28 06:00:00,38.42
2024-12-28 07:00:00,41.08
2024-12-28 08:00:00,57.83
2024-12-28 09:00:00,65.78
2024-12-28 10:00:00,63.12
2024-12-28 11:00:00,69.2
2024-12-28 12:00:00,99.88
2024-12-28 13:00:00,151.58
2024-12-28 14:00:00,158.55
2024-12-28 15:00:00,111.08
2024-12-28 16:00:00,80.4
2024-12-28 17:00:00,71.42
2024-12-28 18:00:00,120.22
2024-12-28 19:00:00,115.58
2024-12-28 20:00:00,101.28
2024-12-28 21:00:00,112.88
2024-12-28 22:00:00,110.45
2024-12-28 23:00:00,107.32
2024-12-29 00:00:00,98.6
2024-12-29 01:00:00,91.78
2024-12-29 02:00:00,67.0
2024-12-29 03:00:00,72.1
2024-12-29 04:00:00,89.2
2024-12-29 05:00:00,88.7
2024-12-29 06:00:00,77.92
2024-12-29 07:00:00,78.3
2024-12-29 08:00:00,97.82
2024-12-29 09:00:00,94.33
2024-12-29 10:00:00,86.02
2024-12-29 11:00:00,84.55
2024-12-29 12:00:00,83.13
2024-12-29 13:00:00,60.38
2024-12-29 14:00:00,74.27
2024-12-29 15:00:00,91.95
2024-12-29 16:00:00,93.4
2024-12-29 17:00:00,83.73
2024-12-29 18:00:00,84.75
2024-12-29 19:00:00,84.4
2024-12-29 20:00:00,89.7
2024-12-29 21:00:00,98.12
2024-12-29 22:00:00,90.67
2024-12-29 23:00:00,84.1
2024-12-30 00:00:00,53.43
2024-12-30 01:00:00,50.35
2024-12-30 02:00:00,46.1
2024-12-30 03:00:00,49.83
2024-12-30 04:00:00,58.72
2024-12-30 05:00:00,74.92
2024-12-30 06:00:00,74.57
2024-12-30 07:00:00,85.2
2024-12-30 08:00:00,89.1
2024-12-30 09:00:00,75.53
2024-12-30 10:00:00,80.72
2024-12-30 11:00:00,92.18
2024-12-30 12:00:00,83.8
2024-12-30 13:00:00,89.4
2024-12-30 14:00:00,89.63
2024-12-30 15:00:00,84.28
2024-12-30 16:00:00,90.97
2024-12-30 17:00:00,96.3
2024-12-30 18:00:00,116.72
2024-12-30 19:00:00,141.52
2024-12-30 20:00:00,126.6
2024-12-30 21:00:00,114.5
2024-12-30 22:00:00,117.7
2024-12-30 23:00:00,113.03
2024-12-31 00:00:00,112.3
2024-12-31 01:00:00,105.15
2024-12-31 02:00:00,126.83
2024-12-31 03:00:00,131.25
2024-12-31 04:00:00,117.0
2024-12-31 05:00:00,107.8
2024-12-31 06:00:00,134.92
2024-12-31 07:00:00,117.25
2024-12-31 08:00:00,104.33
2024-12-31 09:00:00,102.08
2024-12-31 10:00:00,147.02
2024-12-31 11:00:00,146.08
2024-12-31 12:00:00,129.07
2024-12-31 13:00:00,137.03
2024-12-31 14:00:00,150.1
2024-12-31 15:00:00,164.17
2024-12-31 16:00:00,190.12
2024-12-31 17:00:00,217.48
2024-12-31 18:00:00,208.85
2024-12-31 19:00:00,190.15
2024-12-31 20:00:00,171.63
2024-12-31 21:00:00,197.15
2024-12-31 22:00:00,224.35
2024-12-31 23:00:00,263.42
2025-01-01 00:00:00,230.58
2025-01-01 01:00:00,229.92
2025-01-01 02:00:00,226.41
2025-01-01 03:00:00,228.6
2025-01-01 04:00:00,192.6
2025-01-01 05:00:00,170.05
2025-01-01 06:00:00,156.12
2025-01-01 07:00:00,140.22
2025-01-01 08:00:00,123.83
2025-01-01 09:00:00,101.0
2025-01-01 10:00:00,135.5
2025-01-01 11:00:00,146.07
2025-01-01 12:00:00,149.2
2025-01-01 13:00:00,159.92
2025-01-01 14:00:00,145.97
2025-01-01 15:00:00,136.2
2025-01-01 16:00:00,161.77
2025-01-01 17:00:00,194.15
2025-01-01 18:00:00,200.22
2025-01-01 19:00:00,163.28
2025-01-01 20:00:00,174.75
2025-01-01 21:00:00,168.65
2025-01-01 22:00:00,154.42
2025-01-01 23:00:00,155.53
2025-01-02 00:00:00,152.52
2025-01-02 01:00:00,192.85
2025-01-02 02:00:00,146.7
2025-01-02 03:00:00,133.89
2025-01-02 04:00:00,176.1
2025-01-02 05:00:00,152.67
2025-01-02 06:00:00,139.08
2025-01-02 07:00:00,106.47
2025-01-02 08:00:00,111.6
2025-01-02 09:00:00,138.4
2025-01-02 10:00:00,154.3
2025-01-02 11:00:00,180.17
2025-01-02 12:00:00,172.6
2025-01-02 13:00:00,163.35
2025-01-02 14:00:00,147.18
2025-01-02 15:00:00,39.5
2025-01-02 16:00:00,5.29
2025-01-02 17:00:00,56.12
2025-01-02 18:00:00,121.58
2025-01-02 19:00:00,124.32
2025-01-02 20:00:00,243.23
2025-01-02 21:00:00,242.47
2025-01-02 22:00:00,239.54
2025-01-02 23:00:00,238.58
2025-01-03 00:00:00,171.72
2025-01-03 01:00:00,217.38
2025-01-03 02:00:00,160.8
2025-01-03 03:00:00,196.49
2025-01-03 04:00:00,206.85
2025-01-03 05:00:00,200.93
2025-01-03 06:00:00,172.12
2025-01-03 07:00:00,152.65
2025-01-03 08:00:00,158.3
2025-01-03 09:00:00,177.95
2025-01-03 10:00:00,214.8
2025-01-03 11:00:00,248.8
2025-01-03 12:00:00,269.63
2025-01-03 13:00:00,321.08
2025-01-03 14:00:00,360.05
2025-01-03 15:00:00,368.08
2025-01-03 16:00:00,288.2
2025-01-03 17:00:00,285.22
2025-01-03 18:00:00,296.32
2025-01-03 19:00:00,373.77
2025-01-03 20:00:00,395.68
2025-01-03 21:00:00,400.52
2025-01-03 22:00:00,342.12
2025-01-03 23:00:00,389.97
2025-01-04 00:00:00,346.35
2025-01-04 01:00:00,318.02
2025-01-04 02:00:00,288.92
2025-01-04 03:00:00,234.73
2025-01-04 04:00:00,190.25
2025-01-04 05:00:00,138.0
2025-01-04 06:00:00,114.53
2025-01-04 07:00:00,117.52
2025-01-04 08:00:00,145.33
2025-01-04 09:00:00,182.93
2025-01-04 10:00:00,190.92
2025-01-04 11:00:00,210.47
2025-01-04 12:00:00,293.22
2025-01-04 13:00:00,306.18
2025-01-04 14:00:00,321.7
2025-01-04 15:00:00,264.33
2025-01-04 16:00:00,232.12
2025-01-04 17:00:00,256.0
2025-01-04 18:00:00,263.8
2025-01-04 19:00:00,200.03
2025-01-04 20:00:00,191.59
2025-01-04 21:00:00,219.73
2025-01-04 22:00:00,211.45
2025-01-04 23:00:00,201.5
2025-01-05 00:00:00,153.97
2025-01-05 01:00:00,97.55
2025-01-05 02:00:00,99.8
2025-01-05 03:00:00,86.43
2025-01-05 04:00:00,81.42
2025-01-05 05:00:00,89.52
2025-01-05 06:00:00,100.83
2025-01-05 07:00:00,85.35
2025-01-05 08:00:00,104.23
2025-01-05 09:00:00,62.53
2025-01-05 10:00:00,79.62
2025-01-05 11:00:00,92.88
2025-01-05 12:00:00,111.52
2025-01-05 13:00:00,126.17
2025-01-05 14:00:00,155.92
2025-01-05 15:00:00,131.1
2025-01-05 16:00:00,129.42
2025-01-05 17:00:00,189.62
2025-01-05 18:00:00,201.02
2025-01-05 19:00:00,190.0
2025-01-05 20:00:00,193.63
2025-01-05 21:00:00,244.4
2025-01-05 22:00:00,282.92
2025-01-05 23:00:00,244.03
2025-01-06 00:00:00,183.75
2025-01-06 01:00:00,137.45
2025-01-06 02:00:00,119.97
2025-01-06 03:00:00,157.58
2025-01-06 04:00:00,175.38
2025-01-06 05:00:00,154.7
2025-01-06 06:00:00,133.08
2025-01-06 07:00:00,144.97
2025-01-06 08:00:00,136.27
2025-01-06 09:00:00,158.97
2025-01-06 10:00:00,164.62
2025-01-06 11:00:00,197.07
2025-01-06 12:00:00,226.53
2025-01-06 13:00:00,199.62
2025-01-06 14:00:00,167.27
2025-01-06 15:00:00,136.4
2025-01-06 16:00:00,118.65
2025-01-06 17:00:00,144.88
2025-01-06 18:00:00,173.33
2025-01-06 19:00:00,162.78
2025-01-06 20:00:00,151.37
2025-01-06 21:00:00,152.72
2025-01-06 22:00:00,132.92
2025-01-06 23:00:00,130.48
2025-01-07 00:00:00,132.08
2025-01-07 01:00:00,114.75
2025-01-07 02:00:00,88.37
2025-01-07 03:00:00,76.8
2025-01-07 04:00:00,77.42
2025-01-07 05:00:00,101.02
2025-01-07 06:00:00,80.78
2025-01-07 07:00:00,71.88
2025-01-07 08:00:00,97.33
2025-01-07 09:00:00,116.68
2025-01-07 10:00:00,83.88
2025-01-07 11:00:00,50.77
2025-01-07 12:00:00,122.37
2025-01-07 13:00:00,119.62
2025-01-07 14:00:00,133.68
2025-01-07 15:00:00,121.5
2025-01-08 00:00:00,226.37
2025-01-08 01:00:00,209.03
2025-01-08 02:00:00,147.58
2025-01-08 03:00:00,100.12
2025-01-08 04:00:00,77.85
2025-01-08 05:00:00,110.27
2025-01-08 06:00:00,143.0
2025-01-08 07:00:00,137.68
2025-01-08 08:00:00,114.37
2025-01-08 09:00:00,91.05
2025-01-08 10:00:00,90.93
2025-01-08 11:00:00,77.97
2025-01-08 12:00:00,71.13
2025-01-08 13:00:00,60.18
2025-01-08 14:00:00,70.08
2025-01-08 15:00:00,81.78
2025-01-08 16:00:00,66.83
2025-01-08 17:00:00,77.43
2025-01-08 18:00:00,108.72
2025-01-08 19:00:00,136.53
2025-01-08 20:00:00,162.2
2025-01-08 21:00:00,176.82
2025-01-08 22:00:00,191.52
2025-01-08 23:00:00,234.25
2025-01-09 00:00:00,249.78
2025-01-09 01:00:00,230.1
2025-01-09 02:00:00,196.13
2025-01-09 03:00:00,169.57
2025-01-09 04:00:00,166.58
2025-01-09 05:00:00,183.51
2025-01-09 06:00:00,167.1
2025-01-09 07:00:00,224.88
2025-01-09 08:00:00,215.98
2025-01-09 09:00:00,286.25
2025-01-09 10:00:00,215.22
2025-01-09 11:00:00,220.84
2025-01-09 12:00:00,226.57
2025-01-09 13:00:00,283.6
2025-01-09 14:00:00,232.4
2025-01-09 15:00:00,194.15
2025-01-09 16:00:00,183.93
2025-01-09 17:00:00,169.02
2025-01-09 18:00:00,246.52
2025-01-09 19:00:00,301.47
2025-01-09 20:00:00,396.07
2025-01-09 21:00:00,464.38
2025-01-09 22:00:00,432.4
2025-01-09 23:00:00,461.5
2025-01-10 00:00:00,409.32
2025-01-10 01:00:00,262.15
2025-01-10 02:00:00,219.15
2025-01-10 03:00:00,245.65
2025-01-10 04:00:00,238.55
2025-01-10 05:00:00,106.78
2025-01-10 06:00:00,67.78
2025-01-10 07:00:00,99.7
2025-01-10 08:00:00,115.98
2025-01-10 09:00:00,119.5
2025-01-10 10:00:00,117.62
2025-01-10 11:00:00,123.98
2025-01-10 12:00:00,150.07
2025-01-10 13:00:00,158.92
2025-01-10 14:00:00,157.2
2025-01-10 15:00:00,175.37
2025-01-10 16:00:00,151.08
2025-01-10 17:00:00,162.12
2025-01-10 18:00:00,203.48
2025-01-10 19:00:00,233.7
2025-01-10 20:00:00,230.68
2025-01-10 21:00:00,240.2
2025-01-10 22:00:00,307.77
2025-01-10 23:00:00,270.65
2025-01-11 00:00:00,197.63
2025-01-11 01:00:00,127.18
2025-01-11 02:00:00,86.45
2025-01-11 03:00:00,85.5
2025-01-11 04:00:00,84.7
2025-01-11 05:00:00,84.0
2025-01-11 06:00:00,78.25
2025-01-11 07:00:00,71.57
2025-01-11 08:00:00,79.58
2025-01-11 09:00:00,84.62
2025-01-11 10:00:00,115.9
2025-01-11 11:00:00,130.5
2025-01-11 12:00:00,135.02
2025-01-11 13:00:00,140.33
2025-01-11 14:00:00,167.22
2025-01-11 15:00:00,171.27
2025-01-11 16:00:00,162.25
2025-01-11 17:00:00,163.87
2025-01-11 18:00:00,184.12
2025-01-11 19:00:00,146.4
2025-01-11 20:00:00,106.35
2025-01-11 21:00:00,77.65
2025-01-11 22:00:00,71.98
2025-01-11 23:00:00,104.23
2025-01-12 00:00:00,102.27
2025-01-12 01:00:00,97.8
2025-01-12 02:00:00,125.12
2025-01-12 03:00:00,159.26
2025-01-12 04:00:00,145.6
2025-01-12 05:00:00,152.47
2025-01-12 06:00:00,154.21
2025-01-12 07:00:00,96.33
2025-01-12 08:00:00,207.69
2025-01-12 09:00:00,211.31
2025-01-12 10:00:00,260.05
2025-01-12 11:00:00,183.7
2025-01-12 12:00:00,174.9
2025-01-12 13:00:00,149.3
2025-01-12 14:00:00,122.53
2025-01-12 15:00:00,112.6
2025-01-12 16:00:00,128.27
2025-01-12 17:00:00,143.47
2025-01-12 18:00:00,157.2
2025-01-12 19:00:00,145.75
2025-01-12 20:00:00,179.93
2025-01-12 21:00:00,184.98
2025-01-12 22:00:00,153.67
2025-01-12 23:00:00,167.69
2025-01-13 00:00:00,202.7
2025-01-13 10:00:00,122.19
2025-01-13 11:00:00,116.53
2025-01-13 12:00:00,126.17
2025-01-13 13:00:00,107.23
2025-01-13 14:00:00,100.53
2025-01-13 15:00:00,96.9
2025-01-13 16:00:00,102.22
2025-01-13 17:00:00,95.77
2025-01-13 18:00:00,114.88
2025-01-13 19:00:00,117.87
2025-01-13 20:00:00,114.63
2025-01-13 21:00:00,103.75
2025-01-13 22:00:00,119.18
2025-01-13 23:00:00,136.77
2025-01-14 00:00:00,104.15
2025-01-14 01:00:00,81.77
2025-01-14 02:00:00,84.82
2025-01-14 03:00:00,110.78
2025-01-14 04:00:00,101.02
2025-01-14 05:00:00,89.63
2025-01-14 06:00:00,102.0
2025-01-14 07:00:00,84.57
2025-01-14 08:00:00,126.54
2025-01-14 09:00:00,142.68
2025-01-14 10:00:00,132.4
2025-01-14 11:00:00,118.85
2025-01-14 12:00:00,118.63
2025-01-14 13:00:00,116.48
2025-01-14 14:00:00,110.95
2025-01-14 15:00:00,111.82
2025-01-14 16:00:00,120.27
2025-01-14 17:00:00,140.09
2025-01-14 18:00:00,190.12
2025-01-14 19:00:00,274.22
2025-01-14 20:00:00,311.6
2025-01-14 21:00:00,346.75
2025-01-14 22:00:00,411.25
2025-01-14 23:00:00,334.67
2025-01-15 00:00:00,287.23
2025-01-15 01:00:00,319.52
2025-01-15 02:00:00,284.85
2025-01-15 03:00:00,265.63
2025-01-15 04:00:00,258.62
2025-01-15 05:00:00,306.47
2025-01-15 06:00:00,276.47
2025-01-15 07:00:00,172.68
2025-01-15 08:00:00,153.12
2025-01-15 09:00:00,134.24
2025-01-15 10:00:00,179.65
2025-01-15 11:00:00,165.3
2025-01-15 12:00:00,167.68
2025-01-15 13:00:00,158.15
2025-01-15 14:00:00,150.65
2025-01-15 15:00:00,166.43
2025-01-15 16:00:00,153.2
2025-01-15 17:00:00,147.23
2025-01-15 18:00:00,88.0
2025-01-15 19:00:00,116.57
2025-01-15 20:00:00,161.63
2025-01-15 21:00:00,213.32
2025-01-15 22:00:00,150.7
2025-01-15 23:00:00,122.58
2025-01-16 00:00:00,116.27
2025-01-16 01:00:00,126.72
2025-01-16 02:00:00,123.83
2025-01-16 03:00:00,117.9
2025-01-16 04:00:00,126.02
2025-01-16 05:00:00,117.9
2025-01-16 06:00:00,103.65
2025-01-16 07:00:00,95.88
2025-01-16 08:00:00,103.03
2025-01-16 09:00:00,124.05
2025-01-16 10:00:00,124.37
2025-01-16 11:00:00,90.74
2025-01-16 13:00:00,15.79
2025-01-16 14:00:00,40.45
2025-01-16 15:00:00,39.67
2025-01-16 16:00:00,43.1
2025-01-16 17:00:00,51.17
2025-01-16 18:00:00,88.68
2025-01-16 19:00:00,128.21
2025-01-16 20:00:00,161.26
2025-01-16 21:00:00,363.03
2025-01-16 22:00:00,346.5
2025-01-16 23:00:00,295.25
2025-01-17 00:00:00,282.78
2025-01-17 01:00:00,226.77
2025-01-17 02:00:00,166.35
2025-01-17 03:00:00,137.62
2025-01-17 04:00:00,115.13
2025-01-17 05:00:00,115.25
2025-01-17 06:00:00,102.72
2025-01-17 07:00:00,110.87
2025-01-17 08:00:00,117.52
2025-01-17 09:00:00,115.92
2025-01-17 10:00:00,133.1
2025-01-17 11:00:00,148.52
2025-01-17 12:00:00,134.83
2025-01-17 13:00:00,107.8
2025-01-17 14:00:00,52.47
2025-01-17 18:00:00,25.76
2025-01-17 19:00:00,94.23
2025-01-17 20:00:00,126.45
2025-01-17 21:00:00,111.45
2025-01-17 22:00:00,100.38
2025-01-17 23:00:00,86.87
2025-01-18 00:00:00,85.58
2025-01-18 01:00:00,87.9
2025-01-18 02:00:00,81.8
2025-01-18 03:00:00,78.65
2025-01-18 04:00:00,77.68
2025-01-18 05:00:00,63.88
2025-01-18 06:00:00,87.62
2025-01-18 07:00:00,93.68
2025-01-18 08:00:00,86.22
2025-01-18 09:00:00,68.48
2025-01-18 10:00:00,67.2
2025-01-18 11:00:00,88.35
2025-01-18 12:00:00,87.87
2025-01-18 13:00:00,78.45
2025-01-18 14:00:00,125.48
2025-01-18 15:00:00,152.17
2025-01-18 16:00:00,157.85
2025-01-18 17:00:00,174.93
2025-01-18 18:00:00,155.3
2025-01-18 19:00:00,148.58
2025-01-18 20:00:00,179.35
2025-01-18 21:00:00,227.55
2025-01-18 22:00:00,276.15
2025-01-18 23:00:00,247.12
2025-01-19 00:00:00,225.62
2025-01-19 01:00:00,186.77
2025-01-19 02:00:00,218.03
2025-01-19 03:00:00,188.25
2025-01-19 04:00:00,151.07
2025-01-19 05:00:00,146.07
2025-01-19 06:00:00,173.77
2025-01-19 07:00:00,190.37
2025-01-19 08:00:00,230.2
2025-01-19 09:00:00,280.65
2025-01-19 10:00:00,322.08
2025-01-19 11:00:00,250.8
2025-01-19 12:00:00,151.9
2025-01-19 13:00:00,172.93
2025-01-19 14:00:00,127.93
2025-01-19 15:00:00,62.05
2025-01-19 16:00:00,86.27
2025-01-19 17:00:00,108.8
2025-01-19 18:00:00,148.17
2025-01-19 19:00:00,205.35
2025-01-19 20:00:00,201.72
2025-01-19 21:00:00,198.82
2025-01-19 22:00:00,250.58
2025-01-19 23:00:00,234.52
2025-01-20 00:00:00,225.2
2025-01-20 01:00:00,241.88
2025-01-20 02:00:00,214.12
2025-01-20 03:00:00,146.35
2025-01-20 04:00:00,116.93
2025-01-20 05:00:00,113.1
2025-01-20 06:00:00,153.05
2025-01-20 07:00:00,145.28
2025-01-20 08:00:00,126.05
2025-01-20 09:00:00,108.3
2025-01-20 10:00:00,100.97
2025-01-20 11:00:00,87.2
2025-01-20 12:00:00,81.52
2025-01-20 13:00:00,62.7
2025-01-20 14:00:00,81.33
2025-01-20 15:00:00,95.65
2025-01-20 16:00:00,114.2
2025-01-20 17:00:00,120.13
2025-01-20 18:00:00,120.85
2025-01-20 19:00:00,137.43
2025-01-20 20:00:00,135.32
2025-01-20 21:00:00,141.17
2025-01-20 22:00:00,144.95
2025-01-20 23:00:00,155.38
2025-01-21 00:00:00,137.65
2025-01-21 01:00:00,126.07
2025-01-21 02:00:00,122.88
2025-01-21 03:00:00,114.32
2025-01-21 04:00:00,114.88
2025-01-21 05:00:00,115.75
2025-01-21 06:00:00,134.52
2025-01-21 07:00:00,122.7
2025-01-21 08:00:00,106.07
2025-01-21 09:00:00,97.47
2025-01-21 10:00:00,95.55
2025-01-21 11:00:00,79.53
2025-01-21 12:00:00,62.05
2025-01-21 13:00:00,64.77
2025-01-21 14:00:00,89.12
2025-01-21 15:00:00,76.35
2025-01-21 16:00:00,66.05
2025-01-21 17:00:00,96.82
2025-01-21 18:00:00,103.42
2025-01-21 19:00:00,107.5
2025-01-21 20:00:00,118.77
2025-01-21 21:00:00,117.57
2025-01-21 22:00:00,119.37
2025-01-21 23:00:00,110.82
2025-01-22 00:00:00,117.93
2025-01-22 01:00:00,148.55
2025-01-22 02:00:00,117.77
2025-01-22 03:00:00,101.67
2025-01-22 04:00:00,86.02
2025-01-22 05:00:00,91.17
2025-01-22 06:00:00,105.2
2025-01-22 07:00:00,126.42
2025-01-22 08:00:00,100.21
2025-01-22 15:00:00,45.14
2025-01-22 16:00:00,54.42
2025-01-22 17:00:00,54.9
2025-01-22 18:00:00,68.2
2025-01-22 19:00:00,95.82
2025-01-22 20:00:00,148.32
2025-01-22 21:00:00,176.55
2025-01-22 22:00:00,184.62
2025-01-22 23:00:00,200.08
2025-01-23 00:00:00,192.35
2025-01-23 01:00:00,133.23
2025-01-23 02:00:00,70.3
2025-01-23 03:00:00,58.72
2025-01-23 04:00:00,63.08
2025-01-23 05:00:00,70.25
2025-01-23 06:00:00,109.58
2025-01-23 07:00:00,123.78
2025-01-23 08:00:00,137.47
2025-01-23 09:00:00,154.52
2025-01-23 10:00:00,138.85
2025-01-23 11:00:00,111.43
2025-01-23 12:00:00,77.93
2025-01-23 13:00:00,40.7
2025-01-23 14:00:00,34.2
2025-01-23 15:00:00,28.4
2025-01-23 16:00:00,44.07
2025-01-23 17:00:00,47.58
2025-01-23 18:00:00,75.7
2025-01-23 19:00:00,98.72
2025-01-23 20:00:00,107.42
2025-01-23 21:00:00,141.65
2025-01-23 22:00:00,102.57
2025-01-23 23:00:00,84.23
2025-01-24 00:00:00,94.88
2025-01-24 01:00:00,88.38
2025-01-24 02:00:00,90.97
2025-01-24 03:00:00,84.97
2025-01-24 04:00:00,86.1
2025-01-24 05:00:00,83.87
2025-01-24 06:00:00,100.45
2025-01-24 07:00:00,106.05
2025-01-24 08:00:00,84.47
2025-01-24 09:00:00,78.53
2025-01-24 10:00:00,79.35
2025-01-24 11:00:00,76.5
2025-01-24 12:00:00,64.78
2025-01-24 13:00:00,42.9
2025-01-24 14:00:00,38.42
2025-01-24 15:00:00,30.13
2025-01-24 16:00:00,34.08
2025-01-24 17:00:00,31.32
2025-01-24 18:00:00,59.82
2025-01-24 19:00:00,77.05
2025-01-24 20:00:00,90.1
2025-01-24 21:00:00,121.2
2025-01-24 22:00:00,113.25
2025-01-24 23:00:00,94.03
2025-01-25 00:00:00,81.53
2025-01-25 01:00:00,73.45
2025-01-25 02:00:00,62.12
2025-01-25 03:00:00,42.67
2025-01-25 08:00:00,69.84
2025-01-25 09:00:00,87.62
2025-01-25 10:00:00,81.29
2025-01-25 11:00:00,91.0
2025-01-25 12:00:00,165.33
2025-01-25 13:00:00,330.28
2025-01-25 14:00:00,315.5
2025-01-25 15:00:00,134.17
2025-01-25 16:00:00,52.45
2025-01-25 17:00:00,56.23
2025-01-25 18:00:00,67.47
2025-01-25 19:00:00,90.32
2025-01-25 20:00:00,88.08
2025-01-25 21:00:00,98.63
2025-01-25 22:00:00,93.98
2025-01-25 23:00:00,73.6
2025-01-26 00:00:00,80.31
2025-01-26 01:00:00,103.9
2025-01-26 02:00:00,100.94
2025-01-26 03:00:00,103.97
2025-01-26 04:00:00,99.85
2025-01-26 05:00:00,80.78
2025-01-26 06:00:00,101.67
2025-01-26 07:00:00,95.1
2025-01-26 08:00:00,74.28
2025-01-26 09:00:00,61.03
2025-01-26 10:00:00,73.0
2025-01-26 11:00:00,71.73
2025-01-26 12:00:00,67.52
2025-01-26 13:00:00,55.37
2025-01-26 14:00:00,38.97
2025-01-26 15:00:00,45.52
2025-01-26 16:00:00,40.83
2025-01-26 17:00:00,62.62
2025-01-26 18:00:00,80.32
2025-01-26 19:00:00,120.23
2025-01-26 20:00:00,144.32
2025-01-26 21:00:00,154.23
2025-01-26 22:00:00,151.78
2025-01-26 23:00:00,142.15
2025-01-27 00:00:00,118.57
2025-01-27 01:00:00,115.1
2025-01-27 02:00:00,109.98
2025-01-27 03:00:00,121.55
2025-01-27 04:00:00,132.78
2025-01-27 05:00:00,125.4
2025-01-27 06:00:00,120.25
2025-01-27 07:00:00,125.13
2025-01-27 08:00:00,112.6
2025-01-27 09:00:00,89.15
2025-01-27 10:00:00,90.92
2025-01-27 11:00:00,84.23
2025-01-27 12:00:00,64.23
2025-01-27 13:00:00,61.78
2025-01-27 14:00:00,63.57
2025-01-27 15:00:00,52.67
2025-01-27 16:00:00,39.4
2025-01-27 17:00:00,25.81
2025-01-27 18:00:00,0.0
2025-01-27 19:00:00,17.25
2025-01-27 20:00:00,20.24
2025-01-27 21:00:00,29.0
2025-01-27 22:00:00,122.72
2025-01-27 23:00:00,141.27
2025-01-28 00:00:00,182.04
2025-01-28 01:00:00,314.52
2025-01-28 02:00:00,317.55
2025-01-28 03:00:00,159.77
2025-01-28 04:00:00,152.8
2025-01-28 05:00:00,116.32
2025-01-28 06:00:00,131.48
2025-01-28 07:00:00,126.07
2025-01-28 08:00:00,123.57
2025-01-28 09:00:00,137.37
2025-01-28 10:00:00,125.71
2025-01-28 11:00:00,59.93
2025-01-28 17:00:00,13.85
2025-01-28 18:00:00,38.72
2025-01-28 19:00:00,124.02
2025-01-28 20:00:00,116.68
2025-01-28 21:00:00,183.33
2025-01-28 22:00:00,215.0
2025-01-28 23:00:00,235.83
2025-01-29 00:00:00,217.88
2025-01-29 01:00:00,277.13
2025-01-29 02:00:00,292.73
2025-01-29 03:00:00,282.3
2025-01-29 04:00:00,303.9
2025-01-29 05:00:00,312.17
2025-01-29 06:00:00,331.1
2025-01-29 07:00:00,304.12
2025-01-29 08:00:00,292.25
2025-01-29 09:00:00,368.63
2025-01-29 10:00:00,339.37
2025-01-29 11:00:00,256.03
2025-01-29 12:00:00,151.65
2025-01-29 13:00:00,53.68
2025-01-29 14:00:00,96.73
2025-01-29 15:00:00,95.28
2025-01-29 16:00:00,100.95
2025-01-29 17:00:00,95.6
2025-01-29 18:00:00,120.27
2025-01-29 19:00:00,164.53
2025-01-29 20:00:00,220.53
2025-01-29 21:00:00,227.02
2025-01-29 22:00:00,223.73
2025-01-29 23:00:00,182.38
2025-01-30 00:00:00,167.53
2025-01-30 01:00:00,164.17
2025-01-30 02:00:00,206.23
2025-01-30 03:00:00,199.43
2025-01-30 04:00:00,187.27
2025-01-30 05:00:00,175.15
2025-01-30 06:00:00,194.93
2025-01-30 07:00:00,201.82
2025-01-30 08:00:00,262.73
2025-01-30 09:00:00,225.85
2025-01-30 10:00:00,157.86
2025-01-30 11:00:00,170.83
2025-01-30 12:00:00,134.23
2025-01-30 13:00:00,103.83
2025-01-30 14:00:00,100.2
2025-01-30 15:00:00,75.6
2025-01-30 16:00:00,88.53
2025-01-30 17:00:00,95.7
2025-01-30 18:00:00,105.07
2025-01-30 19:00:00,150.23
2025-01-30 20:00:00,207.03
2025-01-30 21:00:00,200.63
2025-01-30 22:00:00,197.87
2025-01-30 23:00:00,243.55
2025-01-31 00:00:00,311.82
2025-01-31 01:00:00,244.93
2025-01-31 02:00:00,210.77
2025-01-31 03:00:00,213.65
2025-01-31 04:00:00,214.65
2025-01-31 05:00:00,211.17
2025-01-31 06:00:00,217.45
2025-01-31 07:00:00,239.62
2025-01-31 08:00:00,213.52
2025-01-31 09:00:00,200.5
2025-01-31 10:00:00,191.75
2025-01-31 11:00:00,238.6
2025-01-31 12:00:00,191.75
2025-01-31 13:00:00,201.47
2025-01-31 14:00:00,116.27
2025-01-31 15:00:00,102.38
2025-01-31 16:00:00,92.55
2025-01-31 17:00:00,100.45
2025-01-31 18:00:00,149.48
2025-01-31 19:00:00,208.13
2025-01-31 20:00:00,190.12
2025-01-31 21:00:00,179.02
2025-01-31 22:00:00,215.05
2025-01-31 23:00:00,231.52
2025-02-01 00:00:00,211.68
2025-02-01 01:00:00,201.6
2025-02-01 02:00:00,225.58
2025-02-01 03:00:00,285.93
2025-02-01 04:00:00,278.65
2025-02-01 05:00:00,227.97
2025-02-01 06:00:00,255.68
2025-02-01 07:00:00,210.48
2025-02-01 08:00:00,150.87
2025-02-01 09:00:00,192.03
2025-02-01 10:00:00,217.8
2025-02-01 11:00:00,252.35
2025-02-01 12:00:00,162.72
2025-02-01 13:00:00,115.25
2025-02-01 14:00:00,84.82
2025-02-01 15:00:00,77.62
2025-02-01 16:00:00,64.33
2025-02-01 17:00:00,80.43
2025-02-01 18:00:00,103.02
2025-02-01 19:00:00,180.87
2025-02-01 20:00:00,239.82
2025-02-01 21:00:00,186.83
2025-02-01 22:00:00,170.68
2025-02-01 23:00:00,128.77
2025-02-02 00:00:00,126.4
2025-02-02 01:00:00,171.9
2025-02-02 02:00:00,163.5
2025-02-02 03:00:00,158.68
2025-02-02 04:00:00,155.15
2025-02-02 05:00:00,152.63
2025-02-02 06:00:00,166.62
2025-02-02 07:00:00,154.58
2025-02-02 08:00:00,160.88
2025-02-02 09:00:00,149.68
2025-02-02 10:00:00,167.28
2025-02-02 11:00:00,172.43
2025-02-02 12:00:00,202.93
2025-02-02 13:00:00,174.35
2025-02-02 14:00:00,146.2
2025-02-02 15:00:00,133.42
2025-02-02 16:00:00,138.53
2025-02-02 17:00:00,139.07
2025-02-02 18:00:00,140.77
2025-02-02 19:00:00,177.92
2025-02-02 20:00:00,178.97
2025-02-02 21:00:00,162.72
2025-02-02 22:00:00,160.22
2025-02-02 23:00:00,146.22
2025-02-03 00:00:00,130.73
2025-02-03 01:00:00,134.02
2025-02-03 02:00:00,146.38
2025-02-03 03:00:00,122.57
2025-02-03 04:00:00,114.77
2025-02-03 05:00:00,119.03
2025-02-03 06:00:00,146.9
2025-02-03 07:00:00,125.12
2025-02-03 08:00:00,118.32
2025-02-03 09:00:00,115.12
2025-02-03 10:00:00,132.65
2025-02-03 11:00:00,131.77
2025-02-03 12:00:00,67.32
2025-02-03 13:00:00,41.6
2025-02-03 14:00:00,43.0
2025-02-03 15:00:00,48.7
2025-02-03 16:00:00,67.37
2025-02-03 17:00:00,78.73
2025-02-03 18:00:00,64.42
2025-02-03 19:00:00,119.37
2025-02-03 20:00:00,152.28
2025-02-03 21:00:00,186.78
2025-02-03 22:00:00,179.08
2025-02-03 23:00:00,182.73
2025-02-04 00:00:00,191.23
2025-02-04 01:00:00,192.43
2025-02-04 02:00:00,181.82
2025-02-04 03:00:00,199.23
2025-02-04 04:00:00,163.5
2025-02-04 05:00:00,136.12
2025-02-04 06:00:00,193.12
2025-02-04 07:00:00,215.38
2025-02-04 08:00:00,146.55
2025-02-04 09:00:00,158.58
2025-02-04 10:00:00,121.45
2025-02-04 11:00:00,115.13
2025-02-04 12:00:00,111.77
2025-02-04 13:00:00,87.68
2025-02-04 14:00:00,87.07
2025-02-04 15:00:00,81.18
2025-02-04 16:00:00,88.92
2025-02-04 17:00:00,79.33
2025-02-04 18:00:00,126.47
2025-02-04 19:00:00,203.73
2025-02-04 20:00:00,220.27
2025-02-04 21:00:00,235.03
2025-02-04 22:00:00,231.72
2025-02-04 23:00:00,197.8
2025-02-05 00:00:00,160.35
2025-02-05 01:00:00,170.05
2025-02-05 02:00:00,170.62
2025-02-05 03:00:00,128.63
2025-02-05 04:00:00,114.25
2025-02-05 05:00:00,99.58
2025-02-05 06:00:00,111.43
2025-02-05 07:00:00,123.87
2025-02-05 08:00:00,105.57
2025-02-05 09:00:00,94.92
2025-02-05 10:00:00,96.45
2025-02-05 11:00:00,94.5
2025-02-05 12:00:00,64.85
2025-02-05 13:00:00,47.43
2025-02-05 14:00:00,31.83
2025-02-05 15:00:00,36.5
2025-02-05 16:00:00,28.95
2025-02-05 17:00:00,40.2
2025-02-05 18:00:00,47.83
2025-02-05 19:00:00,73.35
2025-02-05 20:00:00,96.2
2025-02-05 21:00:00,123.67
2025-02-05 22:00:00,143.7
2025-02-05 23:00:00,139.95
2025-02-06 00:00:00,150.37
2025-02-06 01:00:00,122.27
2025-02-06 02:00:00,111.13
2025-02-06 03:00:00,111.37
2025-02-06 04:00:00,126.57
2025-02-06 05:00:00,117.4
2025-02-06 06:00:00,114.67
2025-02-06 07:00:00,133.13
2025-02-06 08:00:00,132.45
2025-02-06 09:00:00,112.5
2025-02-06 10:00:00,99.58
2025-02-06 11:00:00,62.67
2025-02-06 12:00:00,40.47
2025-02-06 13:00:00,32.83
2025-02-06 14:00:00,35.73
2025-02-06 15:00:00,45.18
2025-02-06 16:00:00,34.12
2025-02-06 17:00:00,48.07
2025-02-06 18:00:00,61.68
2025-02-06 19:00:00,81.03
2025-02-06 20:00:00,91.27
2025-02-06 21:00:00,93.23
2025-02-06 22:00:00,90.52
2025-02-06 23:00:00,90.82
2025-02-07 00:00:00,85.45
2025-02-07 01:00:00,93.35
2025-02-07 02:00:00,81.17
2025-02-07 03:00:00,88.82
2025-02-07 04:00:00,87.93
2025-02-07 05:00:00,83.1
2025-02-07 06:00:00,91.58
2025-02-07 07:00:00,88.18
2025-02-07 08:00:00,83.17
2025-02-07 09:00:00,73.2
2025-02-07 10:00:00,65.35
2025-02-07 11:00:00,68.02
2025-02-07 12:00:00,46.58
2025-02-07 13:00:00,28.83
2025-02-07 14:00:00,28.85
2025-02-07 15:00:00,32.23
2025-02-07 19:00:00,7.5
2025-02-07 20:00:00,31.42
2025-02-07 21:00:00,46.93
2025-02-07 22:00:00,51.43
2025-02-07 23:00:00,64.52
2025-02-08 00:00:00,67.28
2025-02-08 01:00:00,77.73
2025-02-08 02:00:00,71.92
2025-02-08 03:00:00,58.45
2025-02-08 04:00:00,67.88
2025-02-08 05:00:00,59.52
2025-02-08 06:00:00,69.02
2025-02-08 07:00:00,82.47
2025-02-08 08:00:00,72.05
2025-02-08 09:00:00,70.13
2025-02-08 10:00:00,74.73
2025-02-08 11:00:00,71.32
2025-02-08 12:00:00,62.57
2025-02-08 13:00:00,51.43
2025-02-08 14:00:00,48.68
2025-02-08 15:00:00,34.12
2025-02-08 16:00:00,35.83
2025-02-08 17:00:00,39.78
2025-02-08 18:00:00,58.3
2025-02-08 19:00:00,83.82
2025-02-08 20:00:00,91.63
2025-02-08 21:00:00,103.33
2025-02-08 22:00:00,107.85
2025-02-08 23:00:00,112.5
2025-02-09 00:00:00,117.33
2025-02-09 01:00:00,122.83
2025-02-09 02:00:00,120.58
2025-02-09 03:00:00,125.93
2025-02-09 04:00:00,104.32
2025-02-09 05:00:00,106.1
2025-02-09 06:00:00,126.85
2025-02-09 07:00:00,120.15
2025-02-09 08:00:00,104.98
2025-02-09 09:00:00,91.88
2025-02-09 10:00:00,98.38
2025-02-09 11:00:00,101.78
2025-02-09 12:00:00,70.48
2025-02-09 13:00:00,54.82
2025-02-09 14:00:00,47.17
2025-02-09 15:00:00,51.25
2025-02-09 16:00:00,41.83
2025-02-09 17:00:00,56.72
2025-02-09 18:00:00,89.78
2025-02-09 19:00:00,129.03
2025-02-09 20:00:00,150.4
2025-02-09 21:00:00,188.07
2025-02-09 22:00:00,212.15
2025-02-09 23:00:00,225.6
2025-02-10 00:00:00,211.05
2025-02-10 01:00:00,209.33
2025-02-10 02:00:00,229.03
2025-02-10 03:00:00,178.53
2025-02-10 04:00:00,161.78
2025-02-10 05:00:00,148.0
2025-02-10 06:00:00,170.63
2025-02-10 07:00:00,193.75
2025-02-10 08:00:00,204.47
2025-02-10 09:00:00,133.95
2025-02-10 10:00:00,84.33
2025-02-10 11:00:00,67.37
2025-02-10 12:00:00,48.35
2025-02-10 13:00:00,55.73
2025-02-10 14:00:00,66.15
2025-02-10 15:00:00,54.58
2025-02-10 16:00:00,51.55
2025-02-10 17:00:00,63.83
2025-02-10 18:00:00,82.42
2025-02-10 19:00:00,163.02
2025-02-10 20:00:00,167.9
2025-02-10 21:00:00,192.82
2025-02-10 22:00:00,211.93
2025-02-10 23:00:00,210.88
2025-02-11 00:00:00,186.57
2025-02-11 01:00:00,187.78
2025-02-11 02:00:00,175.35
2025-02-11 03:00:00,182.47
2025-02-11 04:00:00,203.77
2025-02-11 05:00:00,177.33
2025-02-11 06:00:00,187.35
2025-02-11 07:00:00,218.97
2025-02-11 08:00:00,218.67
2025-02-11 09:00:00,177.07
2025-02-11 10:00:00,118.88
2025-02-11 12:00:00,391.36
2025-02-11 13:00:00,708.05
2025-02-11 17:00:00,10.46
2025-02-11 18:00:00,9.4
2025-02-11 19:00:00,21.37
2025-02-11 20:00:00,73.03
2025-02-11 21:00:00,106.67
2025-02-11 22:00:00,127.12
2025-02-11 23:00:00,140.27
2025-02-12 00:00:00,121.6
2025-02-12 01:00:00,114.53
2025-02-12 02:00:00,117.35
2025-02-12 03:00:00,129.57
2025-02-12 04:00:00,124.47
2025-02-12 05:00:00,105.03
2025-02-12 06:00:00,88.23
2025-02-12 07:00:00,71.08
2025-02-12 08:00:00,57.77
2025-02-12 09:00:00,55.84
2025-02-12 10:00:00,34.33
2025-02-12 12:00:00,4.69
2025-02-12 13:00:00,5.8
2025-02-12 14:00:00,3.22
2025-02-12 15:00:00,2.54
2025-02-12 16:00:00,14.96
2025-02-12 17:00:00,49.63
2025-02-12 18:00:00,31.0
2025-02-12 19:00:00,26.05
2025-02-12 20:00:00,50.38
2025-02-12 21:00:00,52.87
2025-02-12 22:00:00,67.0
2025-02-12 23:00:00,66.87
2025-02-13 00:00:00,48.47
2025-02-13 01:00:00,49.62
2025-02-13 02:00:00,54.4
2025-02-13 03:00:00,53.7
2025-02-13 04:00:00,55.32
2025-02-13 05:00:00,42.52
2025-02-13 06:00:00,40.72
2025-02-13 07:00:00,55.52
2025-02-13 08:00:00,55.63
2025-02-13 09:00:00,46.73
2025-02-13 10:00:00,64.33
2025-02-13 11:00:00,39.93
2025-02-13 12:00:00,22.0
2025-02-13 13:00:00,21.9
2025-02-13 14:00:00,33.9
2025-02-13 15:00:00,32.6
2025-02-13 16:00:00,39.24
2025-02-13 17:00:00,7.73
2025-02-13 18:00:00,24.81
2025-02-13 19:00:00,25.5
2025-02-13 20:00:00,46.93
2025-02-13 21:00:00,35.33
2025-02-13 22:00:00,35.75
2025-02-13 23:00:00,53.42
2025-02-14 00:00:00,53.45
2025-02-14 01:00:00,63.43
2025-02-14 02:00:00,46.86
2025-02-14 03:00:00,22.58
2025-02-14 04:00:00,44.97
2025-02-14 05:00:00,68.48
2025-02-14 06:00:00,52.6
2025-02-14 07:00:00,43.12
2025-02-14 08:00:00,17.72
2025-02-14 09:00:00,60.57
2025-02-14 10:00:00,91.58
2025-02-14 11:00:00,30.49
2025-02-14 12:00:00,61.8
2025-02-14 13:00:00,46.83
2025-02-14 14:00:00,29.22
2025-02-14 15:00:00,17.57
2025-02-14 16:00:00,67.53
2025-02-14 17:00:00,58.24
2025-02-14 18:00:00,54.75
2025-02-14 19:00:00,26.07
2025-02-14 20:00:00,62.23
2025-02-14 21:00:00,114.07
2025-02-14 22:00:00,76.43
2025-02-14 23:00:00,115.77
2025-02-15 00:00:00,117.8
2025-02-15 01:00:00,65.25
2025-02-15 02:00:00,88.18
2025-02-15 03:00:00,62.51
2025-02-15 04:00:00,79.28
2025-02-15 05:00:00,141.45
2025-02-15 06:00:00,72.92
2025-02-15 07:00:00,72.83
2025-02-15 08:00:00,31.7
2025-02-15 09:00:00,79.53
2025-02-15 10:00:00,50.47
2025-02-15 11:00:00,85.63
2025-02-15 12:00:00,57.75
2025-02-15 13:00:00,52.92
2025-02-15 14:00:00,19.17
2025-02-15 15:00:00,91.66
2025-02-15 16:00:00,109.46
2025-02-15 17:00:00,33.8
2025-02-15 18:00:00,55.23
2025-02-15 19:00:00,94.4
2025-02-15 20:00:00,121.85
2025-02-15 21:00:00,164.68
2025-02-15 22:00:00,178.2
2025-02-15 23:00:00,184.35
2025-02-16 00:00:00,197.67
2025-02-16 01:00:00,216.78
2025-02-16 02:00:00,190.12
2025-02-16 03:00:00,235.18
2025-02-16 04:00:00,212.08
2025-02-16 05:00:00,203.1
2025-02-16 06:00:00,200.17
2025-02-16 07:00:00,197.35
2025-02-16 08:00:00,211.73
2025-02-16 09:00:00,173.0
2025-02-16 10:00:00,151.53
2025-02-16 11:00:00,104.9
2025-02-16 12:00:00,91.38
2025-02-16 13:00:00,82.98
2025-02-16 14:00:00,76.05
2025-02-16 15:00:00,67.88
2025-02-16 16:00:00,66.82
2025-02-16 17:00:00,73.53
2025-02-16 18:00:00,76.0
2025-02-16 19:00:00,60.73
2025-02-16 20:00:00,74.83
2025-02-16 21:00:00,109.03
2025-02-16 22:00:00,140.8
2025-02-16 23:00:00,153.88
2025-02-17 00:00:00,162.5
2025-02-17 01:00:00,134.78
2025-02-17 02:00:00,116.32
2025-02-17 03:00:00,113.03
2025-02-17 04:00:00,121.02
2025-02-17 05:00:00,139.5
2025-02-17 06:00:00,135.77
2025-02-17 07:00:00,141.52
2025-02-17 08:00:00,150.27
2025-02-17 09:00:00,145.05
2025-02-17 10:00:00,127.32
2025-02-17 11:00:00,88.92
2025-02-17 12:00:00,55.91
2025-02-17 13:00:00,32.92
2025-02-17 14:00:00,26.75
2025-02-17 15:00:00,30.42
2025-02-17 16:00:00,70.91
2025-02-17 17:00:00,67.33
2025-02-17 18:00:00,6.13
2025-02-17 19:00:00,112.67
2025-02-17 20:00:00,79.8
2025-02-17 21:00:00,141.8
2025-02-17 22:00:00,124.15
2025-02-17 23:00:00,152.12
2025-02-18 00:00:00,141.7
2025-02-18 01:00:00,145.83
2025-02-18 02:00:00,98.32
2025-02-18 03:00:00,86.58
2025-02-18 04:00:00,110.05
2025-02-18 05:00:00,83.0
2025-02-18 06:00:00,52.72
2025-02-18 07:00:00,150.67
2025-02-18 08:00:00,130.22
2025-02-18 09:00:00,122.1
2025-02-18 10:00:00,101.18
2025-02-18 11:00:00,64.73
2025-02-18 12:00:00,28.96
2025-02-18 13:00:00,33.23
2025-02-18 14:00:00,38.72
2025-02-18 15:00:00,20.78
2025-02-18 16:00:00,36.72
2025-02-18 17:00:00,55.83
2025-02-18 18:00:00,25.8
2025-02-18 19:00:00,75.02
2025-02-18 20:00:00,93.5
2025-02-18 21:00:00,117.78
2025-02-18 22:00:00,101.12
2025-02-18 23:00:00,124.4
2025-02-19 00:00:00,111.28
2025-02-19 01:00:00,94.98
2025-02-19 02:00:00,84.0
2025-02-19 03:00:00,119.23
2025-02-19 04:00:00,67.4
2025-02-19 05:00:00,77.65
2025-02-19 06:00:00,66.82
2025-02-19 07:00:00,81.18
2025-02-19 08:00:00,102.4
2025-02-19 09:00:00,73.08
2025-02-19 10:00:00,61.5
2025-02-19 11:00:00,63.73
2025-02-19 12:00:00,94.03
2025-02-19 13:00:00,40.97
2025-02-19 14:00:00,70.75
2025-02-19 15:00:00,10.41
2025-02-19 16:00:00,29.9
2025-02-19 17:00:00,31.21
2025-02-19 18:00:00,39.77
2025-02-19 19:00:00,88.58
2025-02-19 20:00:00,33.5
2025-02-19 21:00:00,114.28
2025-02-19 22:00:00,75.43
2025-02-19 23:00:00,81.22
2025-02-20 00:00:00,98.58
2025-02-20 01:00:00,75.23
2025-02-20 02:00:00,68.72
2025-02-20 03:00:00,52.52
2025-02-20 04:00:00,62.8
2025-02-20 05:00:00,54.97
2025-02-20 06:00:00,69.25
2025-02-20 07:00:00,28.65
2025-02-20 08:00:00,16.37
2025-02-20 09:00:00,27.98
2025-02-20 10:00:00,48.45
2025-02-20 11:00:00,85.83
2025-02-20 12:00:00,4.42
2025-02-20 13:00:00,12.25
2025-02-20 14:00:00,60.08
2025-02-20 15:00:00,25.52
2025-02-20 16:00:00,22.23
2025-02-20 17:00:00,41.15
2025-02-20 18:00:00,16.5
2025-02-20 19:00:00,37.63
2025-02-20 20:00:00,60.97
2025-02-20 21:00:00,51.98
2025-02-20 22:00:00,80.47
2025-02-20 23:00:00,88.5
2025-02-21 00:00:00,44.45
2025-02-21 01:00:00,58.93
2025-02-21 02:00:00,76.2
2025-02-21 03:00:00,96.22
2025-02-21 04:00:00,108.68
2025-02-21 05:00:00,74.15
2025-02-21 06:00:00,68.78
2025-02-21 07:00:00,85.73
2025-02-21 08:00:00,110.33
2025-02-21 09:00:00,59.48
2025-02-21 10:00:00,71.33
2025-02-21 11:00:00,90.42
2025-02-21 12:00:00,119.88
2025-02-21 13:00:00,82.3
2025-02-21 14:00:00,87.25
2025-02-21 15:00:00,88.18
2025-02-21 16:00:00,70.18
2025-02-21 17:00:00,66.83
2025-02-21 18:00:00,98.0
2025-02-21 19:00:00,65.95
2025-02-21 20:00:00,51.88
2025-02-21 21:00:00,65.85
2025-02-21 22:00:00,94.17
2025-02-21 23:00:00,85.53
2025-02-22 00:00:00,76.5
2025-02-22 01:00:00,93.12
2025-02-22 02:00:00,50.8
2025-02-22 03:00:00,55.47
2025-02-22 04:00:00,72.67
2025-02-22 05:00:00,49.95
2025-02-22 06:00:00,27.95
2025-02-22 07:00:00,42.02
2025-02-22 08:00:00,40.0
2025-02-22 09:00:00,26.57
2025-02-22 10:00:00,76.0
2025-02-22 11:00:00,74.32
2025-02-22 12:00:00,32.75
2025-02-22 13:00:00,41.25
2025-02-22 14:00:00,27.7
2025-02-22 15:00:00,46.68
2025-02-22 16:00:00,21.88
2025-02-22 17:00:00,36.92
2025-02-22 18:00:00,60.98
2025-02-22 19:00:00,33.92
2025-02-22 20:00:00,43.47
2025-02-22 21:00:00,83.18
2025-02-22 22:00:00,89.77
2025-02-22 23:00:00,63.15
2025-02-23 00:00:00,62.75
2025-02-23 01:00:00,42.62
2025-02-23 02:00:00,49.58
2025-02-23 03:00:00,79.68
2025-02-23 04:00:00,46.88
2025-02-23 05:00:00,60.75
2025-02-23 06:00:00,50.98
2025-02-23 07:00:00,64.98
2025-02-23 08:00:00,66.83
2025-02-23 09:00:00,37.52
2025-02-23 10:00:00,36.33
2025-02-23 11:00:00,43.67
2025-02-23 12:00:00,34.58
2025-02-23 13:00:00,68.68
2025-02-23 14:00:00,38.43
2025-02-23 15:00:00,28.45
2025-02-23 16:00:00,7.7
2025-02-23 17:00:00,49.48
2025-02-23 18:00:00,57.05
2025-02-23 19:00:00,52.4
2025-02-23 20:00:00,34.68
2025-02-23 21:00:00,105.38
2025-02-23 22:00:00,149.02
2025-02-23 23:00:00,126.67
2025-02-24 00:00:00,117.5
2025-02-24 01:00:00,93.5
2025-02-24 02:00:00,84.25
2025-02-24 03:00:00,82.57
2025-02-24 04:00:00,83.93
2025-02-24 05:00:00,82.95
2025-02-24 06:00:00,86.32
2025-02-24 07:00:00,93.35
2025-02-24 08:00:00,123.35
2025-02-24 09:00:00,95.42
2025-02-24 10:00:00,84.85
2025-02-24 11:00:00,74.18
2025-02-24 12:00:00,61.7
2025-02-24 13:00:00,37.32
2025-02-24 14:00:00,42.95
2025-02-24 15:00:00,38.4
2025-02-24 16:00:00,49.8
2025-02-24 17:00:00,29.68
2025-02-24 18:00:00,42.55
2025-02-24 19:00:00,61.12
2025-02-24 20:00:00,74.65
2025-02-24 21:00:00,122.53
2025-02-24 22:00:00,128.57
2025-02-24 23:00:00,123.97
2025-02-25 00:00:00,128.15
2025-02-25 01:00:00,114.45
2025-02-25 02:00:00,105.43
2025-02-25 03:00:00,105.92
2025-02-25 04:00:00,93.93
2025-02-25 05:00:00,83.95
2025-02-25 06:00:00,88.33
2025-02-25 07:00:00,133.55
2025-02-25 08:00:00,124.65
2025-02-25 09:00:00,85.27
2025-02-25 10:00:00,82.42
2025-02-25 11:00:00,58.37
2025-02-25 12:00:00,61.2
2025-02-25 13:00:00,80.7
2025-02-25 14:00:00,87.92
2025-02-25 15:00:00,64.5
2025-02-25 16:00:00,49.75
2025-02-25 17:00:00,35.87
2025-02-25 18:00:00,52.68
2025-02-25 19:00:00,80.33
2025-02-25 20:00:00,137.27
2025-02-25 21:00:00,84.57
2025-02-25 22:00:00,112.25
2025-02-25 23:00:00,124.17
2025-02-26 00:00:00,145.98
2025-02-26 01:00:00,134.27
2025-02-26 02:00:00,85.53
2025-02-26 03:00:00,64.35
2025-02-26 04:00:00,76.97
2025-02-26 05:00:00,79.63
2025-02-26 06:00:00,82.3
2025-02-26 07:00:00,110.1
2025-02-26 08:00:00,186.05
2025-02-26 09:00:00,193.37
2025-02-26 10:00:00,158.66
2025-02-26 11:00:00,92.63
2025-02-26 12:00:00,38.67
2025-02-26 16:00:00,12.88
2025-02-26 17:00:00,17.6
2025-02-26 18:00:00,36.0
2025-02-26 19:00:00,65.58
2025-02-26 20:00:00,70.98
2025-02-26 21:00:00,89.13
2025-02-26 22:00:00,132.97
2025-02-26 23:00:00,115.77
2025-02-27 00:00:00,112.6
2025-02-27 01:00:00,110.43
2025-02-27 02:00:00,105.45
2025-02-27 03:00:00,101.83
2025-02-27 04:00:00,77.93
2025-02-27 05:00:00,72.27
2025-02-27 06:00:00,76.1
2025-02-27 07:00:00,148.63
2025-02-27 08:00:00,161.79
2025-02-27 09:00:00,91.68
2025-02-27 10:00:00,119.46
2025-02-27 11:00:00,61.68
2025-02-27 12:00:00,15.25
2025-02-27 13:00:00,25.65
2025-02-27 14:00:00,41.12
2025-02-27 15:00:00,31.8
2025-02-27 16:00:00,28.98
2025-02-27 17:00:00,23.8
2025-02-27 18:00:00,35.77
2025-02-27 19:00:00,45.97
2025-02-27 20:00:00,59.02
2025-02-27 21:00:00,63.93
2025-02-27 22:00:00,60.73
2025-02-27 23:00:00,62.7
2025-02-28 00:00:00,66.33
2025-02-28 01:00:00,65.28
2025-02-28 02:00:00,59.47
2025-02-28 03:00:00,44.58
2025-02-28 04:00:00,48.98
2025-02-28 05:00:00,59.57
2025-02-28 06:00:00,62.0
2025-02-28 07:00:00,79.08
2025-02-28 08:00:00,85.33
2025-02-28 09:00:00,53.85
2025-02-28 10:00:00,55.48
2025-02-28 11:00:00,56.78
2025-02-28 12:00:00,56.77
2025-02-28 13:00:00,45.63
2025-02-28 14:00:00,33.42
2025-02-28 15:00:00,48.45
2025-02-28 16:00:00,51.25
2025-02-28 17:00:00,48.68
2025-02-28 18:00:00,49.18
2025-02-28 19:00:00,51.67
2025-02-28 20:00:00,57.4
2025-02-28 21:00:00,45.47
2025-02-28 22:00:00,47.32
2025-02-28 23:00:00,60.92
2025-03-01 00:00:00,60.18
2025-03-01 01:00:00,51.08
2025-03-01 02:00:00,59.72
2025-03-01 03:00:00,67.67
2025-03-01 04:00:00,71.55
2025-03-01 05:00:00,42.35
2025-03-01 06:00:00,44.07
2025-03-01 07:00:00,54.07
2025-03-01 08:00:00,53.52
2025-03-01 09:00:00,61.97
2025-03-01 10:00:00,65.73
2025-03-01 11:00:00,62.97
2025-03-01 12:00:00,62.4
2025-03-01 13:00:00,55.05
2025-03-01 14:00:00,57.3
2025-03-01 15:00:00,44.6
2025-03-01 16:00:00,44.38
2025-03-01 17:00:00,35.1
2025-03-01 18:00:00,47.16
2025-03-01 19:00:00,44.03
2025-03-01 20:00:00,58.5
2025-03-01 21:00:00,73.57
2025-03-01 22:00:00,89.7
2025-03-01 23:00:00,113.45
2025-03-02 00:00:00,126.67
2025-03-02 01:00:00,123.5
2025-03-02 02:00:00,85.15
2025-03-02 03:00:00,69.83
2025-03-02 04:00:00,56.9
2025-03-02 05:00:00,50.77
2025-03-02 06:00:00,52.87
2025-03-02 07:00:00,63.52
2025-03-02 08:00:00,38.42
2025-03-02 09:00:00,42.28
2025-03-02 10:00:00,42.27
2025-03-02 11:00:00,48.85
2025-03-02 12:00:00,34.73
2025-03-02 13:00:00,29.73
2025-03-02 14:00:00,11.42
2025-03-02 15:00:00,13.75
2025-03-02 16:00:00,19.4
2025-03-02 17:00:00,26.38
2025-03-02 18:00:00,30.55
2025-03-02 19:00:00,35.67
2025-03-02 20:00:00,47.3
2025-03-02 21:00:00,59.42
2025-03-02 22:00:00,85.52
2025-03-02 23:00:00,100.58
2025-03-03 00:00:00,95.25
2025-03-03 01:00:00,69.28
2025-03-03 02:00:00,61.83
2025-03-03 03:00:00,71.38
2025-03-03 04:00:00,66.13
2025-03-03 05:00:00,66.62
2025-03-03 06:00:00,77.78
2025-03-03 07:00:00,89.08
2025-03-03 08:00:00,71.27
2025-03-03 09:00:00,167.98
2025-03-03 10:00:00,407.7
2025-03-03 11:00:00,61.32
2025-03-03 12:00:00,38.58
2025-03-03 13:00:00,34.62
2025-03-03 14:00:00,48.55
2025-03-03 15:00:00,53.02
2025-03-03 16:00:00,40.85
2025-03-03 17:00:00,36.5
2025-03-03 18:00:00,44.78
2025-03-03 19:00:00,40.0
2025-03-03 20:00:00,64.65
2025-03-03 21:00:00,64.02
2025-03-03 22:00:00,63.5
2025-03-03 23:00:00,72.27
2025-03-04 00:00:00,77.9
2025-03-04 01:00:00,114.45
2025-03-04 02:00:00,124.75
2025-03-04 03:00:00,66.88
2025-03-04 04:00:00,39.6
2025-03-04 05:00:00,45.58
2025-03-04 06:00:00,49.15
2025-03-04 07:00:00,71.42
2025-03-04 08:00:00,49.77
2025-03-04 09:00:00,50.67
2025-03-04 10:00:00,45.02
2025-03-04 11:00:00,58.47
2025-03-04 12:00:00,43.25
2025-03-04 13:00:00,45.32
2025-03-04 14:00:00,45.12
2025-03-04 15:00:00,34.9
2025-03-04 16:00:00,35.32
2025-03-04 17:00:00,49.1
2025-03-04 18:00:00,43.39
2025-03-04 19:00:00,32.55
2025-03-04 20:00:00,28.13
2025-03-04 21:00:00,29.7
2025-03-04 22:00:00,30.95
2025-03-04 23:00:00,40.23
2025-03-05 00:00:00,38.97
2025-03-05 01:00:00,33.3
2025-03-05 02:00:00,33.1
2025-03-05 03:00:00,30.75
2025-03-05 04:00:00,28.58
2025-03-05 05:00:00,25.52
2025-03-05 06:00:00,25.8
2025-03-05 07:00:00,28.72
2025-03-05 08:00:00,27.92
2025-03-05 09:00:00,34.6
2025-03-05 10:00:00,37.08
2025-03-05 11:00:00,42.6
2025-03-05 18:00:00,6.21
2025-03-05 19:00:00,17.73
2025-03-05 20:00:00,21.05
2025-03-05 21:00:00,13.22
2025-03-05 22:00:00,20.02
2025-03-05 23:00:00,26.9
2025-03-06 00:00:00,44.35
2025-03-06 01:00:00,38.0
2025-03-06 02:00:00,36.13
2025-03-06 03:00:00,40.4
2025-03-06 04:00:00,44.17
2025-03-06 05:00:00,47.03
2025-03-06 06:00:00,53.28
2025-03-06 07:00:00,46.7
2025-03-06 08:00:00,34.77
2025-03-06 09:00:00,37.3
2025-03-06 10:00:00,48.72
2025-03-06 11:00:00,51.92
2025-03-06 12:00:00,40.17
2025-03-06 13:00:00,23.53
2025-03-06 14:00:00,18.58
2025-03-06 15:00:00,16.3
2025-03-06 16:00:00,24.13
2025-03-06 17:00:00,22.9
2025-03-06 18:00:00,19.2
2025-03-06 19:00:00,28.18
2025-03-06 20:00:00,41.53
2025-03-06 21:00:00,64.6
2025-03-06 22:00:00,96.55
2025-03-06 23:00:00,117.23
2025-03-07 00:00:00,164.95
2025-03-07 01:00:00,186.52
2025-03-07 02:00:00,177.62
2025-03-07 03:00:00,164.53
2025-03-07 04:00:00,134.05
2025-03-07 05:00:00,125.48
2025-03-07 06:00:00,125.62
2025-03-07 07:00:00,132.15
2025-03-07 08:00:00,121.27
2025-03-07 09:00:00,120.72
2025-03-07 10:00:00,63.7
2025-03-07 11:00:00,63.62
2025-03-07 12:00:00,58.45
2025-03-07 13:00:00,45.58
2025-03-07 14:00:00,25.22
2025-03-07 15:00:00,15.4
2025-03-07 16:00:00,16.52
2025-03-07 17:00:00,18.9
2025-03-07 18:00:00,19.52
2025-03-07 19:00:00,37.15
2025-03-07 20:00:00,49.58
2025-03-07 21:00:00,89.98
2025-03-07 22:00:00,112.33
2025-03-07 23:00:00,118.55
2025-03-08 00:00:00,105.12
2025-03-08 01:00:00,86.48
2025-03-08 02:00:00,101.85
2025-03-08 03:00:00,89.02
2025-03-08 04:00:00,79.02
2025-03-08 05:00:00,58.7
2025-03-08 06:00:00,65.67
2025-03-08 07:00:00,69.75
2025-03-08 08:00:00,67.88
2025-03-08 09:00:00,59.17
2025-03-08 10:00:00,58.98
2025-03-08 11:00:00,48.12
2025-03-08 12:00:00,31.07
2025-03-08 13:00:00,30.98
2025-03-08 14:00:00,21.92
2025-03-08 15:00:00,32.83
2025-03-08 16:00:00,14.93
2025-03-08 17:00:00,19.28
2025-03-08 18:00:00,41.62
2025-03-08 19:00:00,59.67
2025-03-08 20:00:00,100.33
2025-03-08 21:00:00,114.93
2025-03-08 22:00:00,150.47
2025-03-08 23:00:00,155.07
2025-03-09 00:00:00,174.53
2025-03-09 01:00:00,173.0
2025-03-09 02:00:00,138.75
2025-03-09 03:00:00,120.57
2025-03-09 04:00:00,117.3
2025-03-09 05:00:00,120.2
2025-03-09 06:00:00,163.02
2025-03-09 07:00:00,164.65
2025-03-09 08:00:00,186.9
2025-03-09 09:00:00,166.12
2025-03-09 10:00:00,87.65
2025-03-09 11:00:00,64.07
2025-03-09 12:00:00,49.58
2025-03-09 13:00:00,32.02
2025-03-09 14:00:00,28.85
2025-03-09 15:00:00,41.6
2025-03-09 16:00:00,44.68
2025-03-09 17:00:00,51.8
2025-03-09 18:00:00,56.72
2025-03-09 19:00:00,72.82
2025-03-09 20:00:00,82.73
2025-03-09 21:00:00,95.92
2025-03-09 22:00:00,93.25
2025-03-09 23:00:00,91.7
2025-03-10 00:00:00,83.08
2025-03-10 01:00:00,79.6
2025-03-10 02:00:00,95.37
2025-03-10 03:00:00,114.98
2025-03-10 04:00:00,119.0
2025-03-10 05:00:00,94.49
2025-03-10 06:00:00,107.93
2025-03-10 07:00:00,131.57
2025-03-10 08:00:00,132.37
2025-03-10 09:00:00,121.65
2025-03-10 10:00:00,112.0
2025-03-10 11:00:00,81.17
2025-03-10 12:00:00,65.3
2025-03-10 13:00:00,60.9
2025-03-10 14:00:00,62.33
2025-03-10 15:00:00,56.78
2025-03-10 16:00:00,49.95
2025-03-10 17:00:00,47.73
2025-03-10 18:00:00,62.88
2025-03-10 19:00:00,90.12
2025-03-10 20:00:00,103.65
2025-03-10 21:00:00,128.77
2025-03-10 22:00:00,157.32
2025-03-10 23:00:00,156.02
2025-03-11 00:00:00,158.65
2025-03-11 01:00:00,168.9
2025-03-11 02:00:00,153.33
2025-03-11 03:00:00,144.22
2025-03-11 04:00:00,142.92
2025-03-11 05:00:00,129.42
2025-03-11 06:00:00,150.9
2025-03-11 07:00:00,173.12
2025-03-11 08:00:00,159.38
2025-03-11 09:00:00,117.07
2025-03-11 10:00:00,73.38
2025-03-11 11:00:00,57.87
2025-03-11 12:00:00,91.5
2025-03-11 13:00:00,85.08
2025-03-11 14:00:00,69.7
2025-03-11 15:00:00,47.18
2025-03-11 16:00:00,54.85
2025-03-11 17:00:00,52.42
2025-03-11 18:00:00,75.15
2025-03-11 19:00:00,96.32
2025-03-11 20:00:00,112.93
2025-03-11 21:00:00,118.5
2025-03-11 22:00:00,127.62
2025-03-11 23:00:00,148.45
2025-03-12 00:00:00,142.95
2025-03-12 01:00:00,150.12
2025-03-12 02:00:00,153.32
2025-03-12 03:00:00,157.62
2025-03-12 04:00:00,135.92
2025-03-12 05:00:00,135.63
2025-03-12 06:00:00,160.17
2025-03-12 07:00:00,158.25
2025-03-12 08:00:00,119.55
2025-03-12 09:00:00,78.47
2025-03-12 10:00:00,44.53
2025-03-12 11:00:00,54.85
2025-03-12 12:00:00,80.72
2025-03-12 13:00:00,46.73
2025-03-12 14:00:00,31.9
2025-03-12 15:00:00,29.9
2025-03-12 16:00:00,31.75
2025-03-12 17:00:00,42.32
2025-03-12 18:00:00,49.12
2025-03-12 19:00:00,44.98
2025-03-12 20:00:00,56.6
2025-03-12 21:00:00,74.23
2025-03-12 22:00:00,92.57
2025-03-12 23:00:00,88.78
2025-03-13 00:00:00,72.25
2025-03-13 01:00:00,60.37
2025-03-13 02:00:00,63.08
2025-03-13 03:00:00,58.18
2025-03-13 04:00:00,48.75
2025-03-13 05:00:00,78.77
2025-03-13 06:00:00,87.87
2025-03-13 07:00:00,107.4
2025-03-13 08:00:00,120.78
2025-03-13 09:00:00,88.66
2025-03-13 10:00:00,96.58
2025-03-13 11:00:00,53.82
2025-03-13 12:00:00,67.0
2025-03-13 13:00:00,46.22
2025-03-13 14:00:00,46.8
2025-03-13 15:00:00,48.78
2025-03-13 16:00:00,46.38
2025-03-13 17:00:00,42.88
2025-03-13 18:00:00,55.13
2025-03-13 19:00:00,75.2
2025-03-13 20:00:00,73.95
2025-03-13 21:00:00,46.22
2025-03-13 22:00:00,58.48
2025-03-13 23:00:00,69.92
2025-03-14 00:00:00,81.18
2025-03-14 01:00:00,129.28
2025-03-14 02:00:00,187.0
2025-03-14 03:00:00,153.47
2025-03-14 04:00:00,143.12
2025-03-14 05:00:00,121.0
2025-03-14 06:00:00,138.42
2025-03-14 07:00:00,135.57
2025-03-14 08:00:00,118.9
2025-03-14 09:00:00,94.3
2025-03-14 10:00:00,51.35
2025-03-14 11:00:00,64.18
2025-03-14 12:00:00,52.07
2025-03-14 13:00:00,20.23
2025-03-14 14:00:00,19.13
2025-03-14 15:00:00,41.5
2025-03-14 16:00:00,30.02
2025-03-14 17:00:00,30.57
2025-03-14 18:00:00,43.15
2025-03-14 19:00:00,34.7
2025-03-14 20:00:00,36.58
2025-03-14 21:00:00,36.83
2025-03-14 22:00:00,36.3
2025-03-14 23:00:00,25.45
2025-03-15 00:00:00,39.17
2025-03-15 01:00:00,55.07
2025-03-15 02:00:00,34.5
2025-03-15 03:00:00,11.42
2025-03-15 04:00:00,17.65
2025-03-15 05:00:00,18.93
2025-03-15 06:00:00,30.37
2025-03-15 07:00:00,12.13
2025-03-15 08:00:00,8.4
2025-03-15 09:00:00,17.45
2025-03-15 10:00:00,16.1
2025-03-15 11:00:00,22.82
2025-03-15 12:00:00,31.05
2025-03-15 13:00:00,27.64
2025-03-15 14:00:00,24.9
2025-03-15 15:00:00,27.42
2025-03-15 16:00:00,32.53
2025-03-15 17:00:00,33.85
2025-03-15 18:00:00,50.32
2025-03-15 19:00:00,62.15
2025-03-15 20:00:00,51.95
2025-03-15 21:00:00,25.32
2025-03-15 22:00:00,28.32
2025-03-15 23:00:00,23.93
2025-03-16 00:00:00,40.23
2025-03-16 01:00:00,41.13
2025-03-16 02:00:00,40.13
2025-03-16 03:00:00,74.8
2025-03-16 04:00:00,83.72
2025-03-16 05:00:00,56.72
2025-03-16 06:00:00,56.45
2025-03-16 07:00:00,52.55
2025-03-16 08:00:00,62.5
2025-03-16 09:00:00,64.98
2025-03-16 10:00:00,41.22
2025-03-16 11:00:00,30.15
2025-03-16 12:00:00,32.1
2025-03-16 13:00:00,22.42
2025-03-16 14:00:00,23.37
2025-03-16 15:00:00,23.2
2025-03-16 16:00:00,20.82
2025-03-16 17:00:00,18.8
2025-03-16 18:00:00,22.38
2025-03-16 19:00:00,34.3
2025-03-16 20:00:00,37.07
2025-03-16 21:00:00,31.95
2025-03-16 22:00:00,31.98
2025-03-16 23:00:00,32.45
2025-03-17 00:00:00,39.57
2025-03-17 01:00:00,42.32
2025-03-17 02:00:00,43.68
2025-03-17 03:00:00,36.4
2025-03-17 04:00:00,42.77
2025-03-17 05:00:00,47.42
2025-03-17 06:00:00,73.98
2025-03-17 07:00:00,87.5
2025-03-17 08:00:00,68.3
2025-03-17 09:00:00,70.95
2025-03-17 10:00:00,55.77
2025-03-17 11:00:00,43.48
2025-03-17 12:00:00,45.78
2025-03-17 13:00:00,40.72
2025-03-17 14:00:00,33.0
2025-03-17 15:00:00,38.88
2025-03-17 16:00:00,37.18
2025-03-17 17:00:00,34.67
2025-03-17 18:00:00,35.42
2025-03-17 19:00:00,36.3
2025-03-17 20:00:00,42.32
2025-03-17 21:00:00,56.78
2025-03-17 22:00:00,60.43
2025-03-17 23:00:00,66.75
2025-03-18 00:00:00,67.37
2025-03-18 01:00:00,63.12
2025-03-18 02:00:00,65.55
2025-03-18 03:00:00,56.47
2025-03-18 04:00:00,67.15
2025-03-18 05:00:00,77.8
2025-03-18 06:00:00,104.62
2025-03-18 07:00:00,75.62
2025-03-18 08:00:00,65.6
2025-03-18 09:00:00,57.5
2025-03-18 10:00:00,47.85
2025-03-18 11:00:00,44.05
2025-03-18 12:00:00,34.8
2025-03-18 13:00:00,25.48
2025-03-18 14:00:00,23.5
2025-03-18 15:00:00,23.78
2025-03-18 16:00:00,27.08
2025-03-18 17:00:00,22.2
2025-03-18 18:00:00,26.25
2025-03-18 19:00:00,31.15
2025-03-18 20:00:00,41.1
2025-03-18 21:00:00,68.62
2025-03-18 22:00:00,75.12
2025-03-18 23:00:00,80.58
2025-03-19 00:00:00,69.08
2025-03-19 01:00:00,82.83
2025-03-19 02:00:00,79.9
2025-03-19 03:00:00,88.23
2025-03-19 04:00:00,104.87
2025-03-19 05:00:00,113.47
2025-03-19 06:00:00,114.17
2025-03-19 07:00:00,120.88
2025-03-19 08:00:00,88.65
2025-03-19 09:00:00,58.28
2025-03-19 10:00:00,25.78
2025-03-19 11:00:00,32.5
2025-03-19 12:00:00,78.7
2025-03-19 13:00:00,67.05
2025-03-19 14:00:00,26.1
2025-03-19 15:00:00,22.35
2025-03-19 16:00:00,20.73
2025-03-19 17:00:00,20.3
2025-03-19 18:00:00,33.17
2025-03-19 19:00:00,40.35
2025-03-19 20:00:00,64.53
2025-03-19 21:00:00,86.37
2025-03-19 22:00:00,95.25
2025-03-19 23:00:00,124.92
2025-03-20 00:00:00,125.2
2025-03-20 01:00:00,119.58
2025-03-20 02:00:00,117.4
2025-03-20 03:00:00,103.37
2025-03-20 04:00:00,88.1
2025-03-20 05:00:00,91.22
2025-03-20 06:00:00,101.07
2025-03-20 07:00:00,109.65
2025-03-20 08:00:00,96.87
2025-03-20 09:00:00,79.35
2025-03-20 10:00:00,41.95
2025-03-20 11:00:00,32.92
2025-03-20 12:00:00,36.23
2025-03-20 13:00:00,37.82
2025-03-20 14:00:00,27.03
2025-03-20 15:00:00,24.57
2025-03-20 16:00:00,14.45
2025-03-20 17:00:00,17.32
2025-03-20 18:00:00,24.33
2025-03-20 19:00:00,31.23
2025-03-20 20:00:00,54.37
2025-03-20 21:00:00,67.3
2025-03-20 22:00:00,70.45
2025-03-20 23:00:00,83.05
2025-03-21 00:00:00,90.78
2025-03-21 01:00:00,78.1
2025-03-21 02:00:00,72.43
2025-03-21 03:00:00,73.75
2025-03-21 04:00:00,80.62
2025-03-21 05:00:00,111.37
2025-03-21 06:00:00,115.5
2025-03-21 07:00:00,95.47
2025-03-21 08:00:00,63.27
2025-03-21 09:00:00,46.63
2025-03-21 10:00:00,49.67
2025-03-21 11:00:00,31.48
2025-03-21 12:00:00,40.33
2025-03-21 13:00:00,41.1
2025-03-21 14:00:00,29.8
2025-03-21 15:00:00,25.53
2025-03-21 16:00:00,16.77
2025-03-21 17:00:00,15.18
2025-03-21 18:00:00,34.38
2025-03-21 19:00:00,41.13
2025-03-21 20:00:00,41.63
2025-03-21 21:00:00,44.63
2025-03-21 22:00:00,79.28
2025-03-21 23:00:00,105.72
2025-03-22 00:00:00,100.02
2025-03-22 01:00:00,81.92
2025-03-22 02:00:00,74.97
2025-03-22 03:00:00,96.95
2025-03-22 04:00:00,86.08
2025-03-22 05:00:00,110.87
2025-03-22 06:00:00,106.25
2025-03-22 07:00:00,86.13
2025-03-22 08:00:00,49.65
2025-03-22 09:00:00,38.75
2025-03-22 10:00:00,37.83
2025-03-22 11:00:00,53.47
2025-03-22 12:00:00,70.08
2025-03-22 13:00:00,48.28
2025-03-22 14:00:00,26.02
2025-03-22 15:00:00,40.57
2025-03-22 16:00:00,40.5
2025-03-22 17:00:00,27.43
2025-03-22 18:00:00,30.4
2025-03-22 19:00:00,40.23
2025-03-22 20:00:00,70.52
2025-03-22 21:00:00,93.55
2025-03-22 22:00:00,118.92
2025-03-22 23:00:00,80.2
2025-03-23 00:00:00,112.67
2025-03-23 01:00:00,84.1
2025-03-23 02:00:00,65.78
2025-03-23 03:00:00,61.77
2025-03-23 04:00:00,74.4
2025-03-23 05:00:00,85.27
2025-03-23 06:00:00,90.78
2025-03-23 07:00:00,112.9
2025-03-23 08:00:00,80.78
2025-03-23 09:00:00,60.18
2025-03-23 10:00:00,60.15
2025-03-23 11:00:00,47.58
2025-03-23 12:00:00,28.43
2025-03-23 13:00:00,43.73
2025-03-23 14:00:00,39.85
2025-03-23 15:00:00,49.37
2025-03-23 16:00:00,34.77
2025-03-23 17:00:00,38.08
2025-03-23 18:00:00,39.52
2025-03-23 19:00:00,83.82
2025-03-23 20:00:00,90.22
2025-03-23 21:00:00,70.0
2025-03-23 22:00:00,93.35
2025-03-23 23:00:00,130.12
2025-03-24 00:00:00,120.35
2025-03-24 01:00:00,137.43
2025-03-24 02:00:00,151.43
2025-03-24 03:00:00,136.05
2025-03-24 04:00:00,130.62
2025-03-24 05:00:00,129.08
2025-03-24 06:00:00,151.78
2025-03-24 07:00:00,135.67
2025-03-24 08:00:00,161.12
2025-03-24 09:00:00,142.5
2025-03-24 10:00:00,50.22
2025-03-24 11:00:00,52.32
2025-03-24 12:00:00,50.97
2025-03-24 13:00:00,36.3
2025-03-24 14:00:00,34.37
2025-03-24 15:00:00,34.85
2025-03-24 16:00:00,27.77
2025-03-24 17:00:00,18.97
2025-03-24 18:00:00,40.23
2025-03-24 19:00:00,50.67
2025-03-24 20:00:00,76.43
2025-03-24 21:00:00,121.88
2025-03-24 22:00:00,156.48
2025-03-24 23:00:00,167.27
2025-03-25 00:00:00,202.15
2025-03-25 01:00:00,191.4
2025-03-25 02:00:00,171.25
2025-03-25 03:00:00,150.37
2025-03-25 04:00:00,176.72
2025-03-25 05:00:00,196.75
2025-03-25 06:00:00,211.1
2025-03-25 07:00:00,210.98
2025-03-25 08:00:00,198.75
2025-03-25 09:00:00,111.47
2025-03-25 10:00:00,105.48
2025-03-25 11:00:00,100.95
2025-03-25 12:00:00,101.38
2025-03-25 13:00:00,95.5
2025-03-25 14:00:00,30.43
2025-03-25 15:00:00,50.47
2025-03-25 16:00:00,53.53
2025-03-25 17:00:00,59.82
2025-03-25 18:00:00,52.05
2025-03-25 19:00:00,51.73
2025-03-25 20:00:00,65.55
2025-03-25 21:00:00,132.37
2025-03-25 22:00:00,178.67
2025-03-25 23:00:00,149.12
2025-03-26 00:00:00,166.1
2025-03-26 01:00:00,167.78
2025-03-26 02:00:00,163.67
2025-03-26 03:00:00,173.2
2025-03-26 04:00:00,166.85
2025-03-26 05:00:00,148.07
2025-03-26 06:00:00,149.22
2025-03-26 07:00:00,147.85
2025-03-26 08:00:00,159.22
2025-03-26 09:00:00,117.33
2025-03-26 10:00:00,78.58
2025-03-26 11:00:00,47.1
2025-03-26 12:00:00,37.75
2025-03-26 13:00:00,55.13
2025-03-26 14:00:00,48.17
2025-03-26 15:00:00,47.42
2025-03-26 16:00:00,34.87
2025-03-26 17:00:00,27.86
2025-03-26 18:00:00,37.23
2025-03-26 19:00:00,59.58
2025-03-26 20:00:00,102.6
2025-03-26 21:00:00,93.75
2025-03-26 22:00:00,168.53
2025-03-26 23:00:00,233.42
2025-03-27 00:00:00,181.27
2025-03-27 01:00:00,188.68
2025-03-27 02:00:00,209.03
2025-03-27 03:00:00,221.48
2025-03-27 04:00:00,174.03
2025-03-27 05:00:00,148.17
2025-03-27 06:00:00,146.48
2025-03-27 07:00:00,149.03
2025-03-27 08:00:00,112.93
2025-03-27 09:00:00,62.38
2025-03-27 10:00:00,53.0
2025-03-27 11:00:00,55.53
2025-03-27 12:00:00,47.98
2025-03-27 13:00:00,41.8
2025-03-27 14:00:00,37.23
2025-03-27 15:00:00,39.82
2025-03-27 16:00:00,35.83
2025-03-27 17:00:00,33.43
2025-03-27 18:00:00,36.92
2025-03-27 19:00:00,37.5
2025-03-27 20:00:00,41.38
2025-03-27 21:00:00,74.6
2025-03-27 22:00:00,128.25
2025-03-27 23:00:00,159.5
2025-03-28 00:00:00,130.97
2025-03-28 01:00:00,114.5
2025-03-28 02:00:00,164.55
2025-03-28 03:00:00,126.38
2025-03-28 04:00:00,49.05
2025-03-28 05:00:00,24.82
2025-03-28 06:00:00,42.58
2025-03-28 07:00:00,61.38
2025-03-28 08:00:00,64.6
2025-03-28 09:00:00,57.03
2025-03-28 10:00:00,60.05
2025-03-28 11:00:00,51.0
2025-03-28 12:00:00,35.21
2025-03-28 13:00:00,48.5
2025-03-28 14:00:00,43.6
2025-03-28 15:00:00,47.73
2025-03-28 16:00:00,43.0
2025-03-28 17:00:00,31.6
2025-03-28 18:00:00,32.1
2025-03-28 19:00:00,33.85
2025-03-28 20:00:00,27.0
2025-03-28 21:00:00,25.37
2025-03-28 22:00:00,27.88
2025-03-28 23:00:00,37.08
2025-03-29 00:00:00,44.73
2025-03-29 01:00:00,29.62
2025-03-29 02:00:00,24.97
2025-03-29 03:00:00,19.33
2025-03-29 04:00:00,21.87
2025-03-29 05:00:00,42.08
2025-03-29 06:00:00,43.85
2025-03-29 07:00:00,43.8
2025-03-29 08:00:00,45.83
2025-03-29 09:00:00,42.57
2025-03-29 10:00:00,49.2
2025-03-29 11:00:00,38.73
2025-03-29 12:00:00,45.43
2025-03-29 13:00:00,33.3
2025-03-29 14:00:00,20.22
2025-03-29 15:00:00,147.82
2025-03-29 16:00:00,47.25
2025-03-29 17:00:00,21.25
2025-03-29 18:00:00,25.45
2025-03-29 19:00:00,43.17
2025-03-29 20:00:00,44.0
2025-03-29 21:00:00,36.08
2025-03-29 22:00:00,19.4
2025-03-29 23:00:00,36.62
2025-03-30 00:00:00,39.95
2025-03-30 01:00:00,56.9
2025-03-30 02:00:00,57.25
2025-03-30 03:00:00,61.72
2025-03-30 04:00:00,43.1
2025-03-30 05:00:00,42.12
2025-03-30 06:00:00,59.63
2025-03-30 07:00:00,48.13
2025-03-30 08:00:00,66.83
2025-03-30 09:00:00,52.48
2025-03-30 10:00:00,41.43
2025-03-30 11:00:00,16.65
2025-03-30 12:00:00,9.3
2025-03-30 13:00:00,15.6
2025-03-30 14:00:00,30.52
2025-03-30 15:00:00,29.12
2025-03-30 16:00:00,15.65
2025-03-30 17:00:00,12.82
2025-03-30 18:00:00,12.98
2025-03-30 19:00:00,30.42
2025-03-30 20:00:00,49.73
2025-03-30 21:00:00,64.02
2025-03-30 22:00:00,88.67
2025-03-30 23:00:00,85.75
2025-03-31 00:00:00,64.37
2025-03-31 01:00:00,67.57
2025-03-31 02:00:00,70.22
2025-03-31 03:00:00,82.5
2025-03-31 04:00:00,68.59
2025-03-31 05:00:00,36.33
2025-03-31 06:00:00,27.5
2025-03-31 07:00:00,80.27
2025-03-31 08:00:00,124.65
2025-03-31 09:00:00,102.9
2025-03-31 10:00:00,97.79
2025-03-31 11:00:00,67.08
2025-03-31 12:00:00,56.5
2025-03-31 13:00:00,51.53
2025-03-31 14:00:00,31.47
2025-03-31 15:00:00,5.97
2025-03-31 16:00:00,15.0
2025-03-31 17:00:00,11.02
2025-03-31 18:00:00,21.22
2025-03-31 19:00:00,21.43
2025-03-31 20:00:00,26.15
2025-03-31 21:00:00,37.28
2025-03-31 22:00:00,46.0
2025-03-31 23:00:00,52.03
2025-04-01 00:00:00,43.67
2025-04-01 01:00:00,38.02
2025-04-01 02:00:00,33.42
2025-04-01 03:00:00,55.08
2025-04-01 04:00:00,61.78
2025-04-01 05:00:00,79.33
2025-04-01 06:00:00,102.85
2025-04-01 07:00:00,133.22
2025-04-01 08:00:00,118.07
2025-04-01 09:00:00,74.28
2025-04-01 10:00:00,57.97
2025-04-01 11:00:00,51.77
2025-04-01 12:00:00,37.83
2025-04-01 13:00:00,21.85
2025-04-01 14:00:00,5.2
2025-04-01 15:00:00,17.13
2025-04-01 16:00:00,13.3
2025-04-01 17:00:00,9.15
2025-04-01 18:00:00,29.22
2025-04-01 19:00:00,47.67
2025-04-01 20:00:00,59.78
2025-04-01 21:00:00,63.23
2025-04-01 22:00:00,90.3
2025-04-01 23:00:00,88.57
2025-04-02 00:00:00,125.12
2025-04-02 01:00:00,137.9
2025-04-02 02:00:00,122.52
2025-04-02 03:00:00,116.33
2025-04-02 04:00:00,105.2
2025-04-02 05:00:00,102.35
2025-04-02 06:00:00,158.97
2025-04-02 07:00:00,196.72
2025-04-02 08:00:00,172.83
2025-04-02 09:00:00,108.05
2025-04-02 10:00:00,67.85
2025-04-02 11:00:00,73.35
2025-04-02 12:00:00,39.02
2025-04-02 13:00:00,25.25
2025-04-02 14:00:00,13.93
2025-04-02 15:00:00,31.41
2025-04-02 16:00:00,28.74
2025-04-02 17:00:00,7.89
2025-04-02 18:00:00,24.97
2025-04-02 19:00:00,32.25
2025-04-02 20:00:00,75.5
2025-04-02 21:00:00,169.43
2025-04-02 22:00:00,192.02
2025-04-02 23:00:00,124.33
2025-04-03 00:00:00,105.03
2025-04-03 01:00:00,133.42
2025-04-03 02:00:00,129.52
2025-04-03 03:00:00,133.25
2025-04-03 04:00:00,152.72
2025-04-03 05:00:00,189.78
2025-04-03 06:00:00,152.07
2025-04-03 07:00:00,119.73
2025-04-03 08:00:00,125.6
2025-04-03 09:00:00,131.98
2025-04-03 10:00:00,89.25
2025-04-03 11:00:00,69.2
2025-04-03 12:00:00,27.12
2025-04-03 13:00:00,24.45
2025-04-03 14:00:00,35.42
2025-04-03 15:00:00,26.9
2025-04-03 16:00:00,11.73
2025-04-03 17:00:00,10.98
2025-04-03 18:00:00,17.93
2025-04-03 19:00:00,37.17
2025-04-03 20:00:00,80.92
2025-04-03 21:00:00,85.13
2025-04-03 22:00:00,101.6
2025-04-03 23:00:00,79.5
2025-04-04 00:00:00,81.53
2025-04-04 01:00:00,102.17
2025-04-04 02:00:00,116.45
2025-04-04 03:00:00,107.7
2025-04-04 04:00:00,108.4
2025-04-04 05:00:00,102.78
2025-04-04 06:00:00,110.63
2025-04-04 07:00:00,119.03
2025-04-04 08:00:00,98.53
2025-04-04 09:00:00,70.92
2025-04-04 10:00:00,69.37
2025-04-04 11:00:00,78.68
2025-04-04 12:00:00,57.67
2025-04-04 13:00:00,62.72
2025-04-04 14:00:00,40.6
2025-04-04 15:00:00,23.6
2025-04-04 16:00:00,13.35
2025-04-04 17:00:00,16.88
2025-04-04 18:00:00,23.02
2025-04-04 19:00:00,32.68
2025-04-04 20:00:00,48.55
2025-04-04 21:00:00,52.28
2025-04-04 22:00:00,65.94
2025-04-04 23:00:00,71.82
2025-04-05 00:00:00,66.72
2025-04-05 01:00:00,83.53
2025-04-05 02:00:00,104.45
2025-04-05 03:00:00,102.53
2025-04-05 04:00:00,58.67
2025-04-05 05:00:00,62.02
2025-04-05 06:00:00,85.08
2025-04-05 07:00:00,112.57
2025-04-05 08:00:00,102.92
2025-04-05 09:00:00,66.08
2025-04-05 10:00:00,54.18
2025-04-05 11:00:00,61.75
2025-04-05 12:00:00,39.57
2025-04-05 13:00:00,31.0
2025-04-05 14:00:00,17.83
2025-04-05 15:00:00,37.12
2025-04-05 16:00:00,36.62
2025-04-05 17:00:00,37.82
2025-04-05 18:00:00,36.22
2025-04-05 19:00:00,49.75
2025-04-05 20:00:00,68.9
2025-04-05 21:00:00,105.73
2025-04-05 22:00:00,104.08
2025-04-05 23:00:00,117.38
2025-04-06 00:00:00,136.12
2025-04-06 01:00:00,121.7
2025-04-06 02:00:00,89.7
2025-04-06 03:00:00,105.54
2025-04-06 04:00:00,144.84
2025-04-06 05:00:00,131.48
2025-04-06 06:00:00,154.05
2025-04-06 07:00:00,108.2
2025-04-06 08:00:00,68.92
2025-04-06 09:00:00,47.12
2025-04-06 10:00:00,47.7
2025-04-06 11:00:00,27.47
2025-04-06 12:00:00,34.67
2025-04-06 13:00:00,48.53
2025-04-06 14:00:00,47.22
2025-04-06 15:00:00,30.98
2025-04-06 16:00:00,32.27
2025-04-06 17:00:00,25.28
2025-04-06 18:00:00,29.9
2025-04-06 19:00:00,66.0
2025-04-06 20:00:00,99.42
2025-04-06 21:00:00,136.17
2025-04-06 22:00:00,169.02
2025-04-06 23:00:00,168.52
2025-04-07 00:00:00,175.93
2025-04-07 01:00:00,170.72
2025-04-07 02:00:00,172.32
2025-04-07 03:00:00,165.85
2025-04-07 04:00:00,169.1
2025-04-07 05:00:00,188.2
2025-04-07 06:00:00,194.18
2025-04-07 07:00:00,214.17
2025-04-07 08:00:00,226.37
2025-04-07 09:00:00,129.37
2025-04-07 10:00:00,77.45
2025-04-07 11:00:00,45.12
2025-04-07 12:00:00,10.38
2025-04-07 13:00:00,10.39
2025-04-07 14:00:00,16.51
2025-04-07 15:00:00,26.87
2025-04-07 16:00:00,30.75
2025-04-07 17:00:00,27.83
2025-04-07 18:00:00,37.63
2025-04-07 19:00:00,68.35
2025-04-07 20:00:00,97.67
2025-04-07 21:00:00,100.33
2025-04-07 22:00:00,119.78
2025-04-07 23:00:00,129.35
2025-04-08 00:00:00,110.72
2025-04-08 01:00:00,121.07
2025-04-08 02:00:00,126.77
2025-04-08 03:00:00,120.97
2025-04-08 04:00:00,92.81
2025-04-08 05:00:00,104.02
2025-04-08 06:00:00,92.19
2025-04-08 07:00:00,102.9
2025-04-08 08:00:00,93.68
2025-04-08 09:00:00,85.97
2025-04-08 10:00:00,84.02
2025-04-08 11:00:00,89.22
2025-04-08 12:00:00,86.78
2025-04-08 13:00:00,94.24
2025-04-08 14:00:00,79.65
2025-04-08 15:00:00,70.77
2025-04-08 16:00:00,65.35
2025-04-08 17:00:00,57.88
2025-04-08 18:00:00,71.78
2025-04-08 19:00:00,80.27
2025-04-08 20:00:00,89.47
2025-04-08 21:00:00,94.0
2025-04-08 22:00:00,105.03
2025-04-08 23:00:00,117.18
2025-04-09 00:00:00,117.03
2025-04-09 01:00:00,120.45
2025-04-09 02:00:00,145.38
2025-04-09 03:00:00,125.62
2025-04-09 04:00:00,100.47
2025-04-09 05:00:00,99.7
2025-04-09 06:00:00,104.97
2025-04-09 07:00:00,116.32
2025-04-09 08:00:00,104.75
2025-04-09 09:00:00,103.8
2025-04-09 10:00:00,103.35
2025-04-09 11:00:00,87.6
2025-04-09 12:00:00,84.25
2025-04-09 13:00:00,82.05
2025-04-09 14:00:00,89.12
2025-04-09 15:00:00,75.17
2025-04-09 16:00:00,81.3
2025-04-09 17:00:00,66.08
2025-04-09 18:00:00,82.61
2025-04-09 19:00:00,88.73
2025-04-09 20:00:00,96.62
2025-04-09 21:00:00,93.58
2025-04-09 22:00:00,105.57
2025-04-09 23:00:00,84.08
2025-04-10 00:00:00,68.8
2025-04-10 01:00:00,74.17
2025-04-10 02:00:00,75.65
2025-04-10 03:00:00,99.22
2025-04-10 04:00:00,89.22
2025-04-10 05:00:00,87.87
2025-04-10 06:00:00,84.57
2025-04-10 07:00:00,75.92
2025-04-10 08:00:00,88.9
2025-04-10 09:00:00,95.65
2025-04-10 10:00:00,97.02
2025-04-10 11:00:00,99.27
2025-04-10 12:00:00,80.55
2025-04-10 13:00:00,74.22
2025-04-10 14:00:00,66.95
2025-04-10 15:00:00,76.48
2025-04-10 16:00:00,62.4
2025-04-10 17:00:00,49.3
2025-04-10 18:00:00,107.37
2025-04-10 19:00:00,30.32
2025-04-10 20:00:00,21.8
2025-04-10 21:00:00,34.75
2025-04-10 22:00:00,37.65
2025-04-10 23:00:00,41.87
2025-04-11 00:00:00,44.13
2025-04-11 01:00:00,40.03
2025-04-11 02:00:00,42.4
2025-04-11 03:00:00,36.4
2025-04-11 04:00:00,47.58
2025-04-11 05:00:00,57.73
2025-04-11 06:00:00,68.48
2025-04-11 07:00:00,38.88
2025-04-11 08:00:00,44.97
2025-04-11 09:00:00,43.92
2025-04-11 10:00:00,44.07
2025-04-11 11:00:00,50.32
2025-04-11 12:00:00,49.62
2025-04-11 13:00:00,47.38
2025-04-11 14:00:00,303.57
2025-04-11 15:00:00,316.23
2025-04-11 16:00:00,40.05
2025-04-11 17:00:00,36.18
2025-04-11 18:00:00,55.98
2025-04-11 19:00:00,91.55
2025-04-11 20:00:00,13.68
2025-04-11 21:00:00,15.72
2025-04-11 22:00:00,12.33
2025-04-11 23:00:00,23.22
2025-04-12 00:00:00,57.45
2025-04-12 01:00:00,55.92
2025-04-12 02:00:00,27.62
2025-04-12 03:00:00,24.73
2025-04-12 04:00:00,23.48
2025-04-12 05:00:00,29.88
2025-04-12 06:00:00,23.78
2025-04-12 07:00:00,31.63
2025-04-12 08:00:00,39.35
2025-04-12 09:00:00,36.65
2025-04-12 10:00:00,40.03
2025-04-12 11:00:00,57.52
2025-04-12 12:00:00,68.43
2025-04-12 13:00:00,43.87
2025-04-12 14:00:00,81.6
2025-04-12 15:00:00,116.08
2025-04-12 16:00:00,35.23
2025-04-12 17:00:00,29.18
2025-04-12 18:00:00,29.2
2025-04-12 19:00:00,39.92
2025-04-12 20:00:00,54.82
2025-04-12 21:00:00,61.13
2025-04-12 22:00:00,55.92
2025-04-12 23:00:00,28.03
2025-04-13 00:00:00,15.88
2025-04-13 01:00:00,41.65
2025-04-13 02:00:00,54.73
2025-04-13 03:00:00,49.65
2025-04-13 04:00:00,48.5
2025-04-13 05:00:00,45.55
2025-04-13 06:00:00,28.7
2025-04-13 07:00:00,31.33
2025-04-13 08:00:00,37.55
2025-04-13 09:00:00,69.82
2025-04-13 10:00:00,76.02
2025-04-13 11:00:00,45.15
2025-04-13 12:00:00,44.77
2025-04-13 13:00:00,46.37
2025-04-13 14:00:00,35.95
2025-04-13 15:00:00,46.67
2025-04-13 16:00:00,50.2
2025-04-13 17:00:00,52.08
2025-04-13 18:00:00,40.75
2025-04-13 19:00:00,47.63
2025-04-13 20:00:00,59.57
2025-04-13 21:00:00,77.6
2025-04-13 22:00:00,80.23
2025-04-13 23:00:00,84.42
2025-04-14 00:00:00,95.22
2025-04-14 01:00:00,109.0
2025-04-14 02:00:00,127.5
2025-04-14 03:00:00,97.95
2025-04-14 04:00:00,100.12
2025-04-14 05:00:00,113.17
2025-04-14 06:00:00,110.83
2025-04-14 07:00:00,80.75
2025-04-14 08:00:00,61.4
2025-04-14 09:00:00,50.63
2025-04-14 10:00:00,41.5
2025-04-14 11:00:00,46.03
2025-04-14 12:00:00,44.12
2025-04-14 13:00:00,35.57
2025-04-14 14:00:00,37.25
2025-04-14 15:00:00,36.72
2025-04-14 16:00:00,29.6
2025-04-14 17:00:00,31.17
2025-04-14 18:00:00,33.97
2025-04-14 19:00:00,43.82
2025-04-14 20:00:00,58.88
2025-04-14 21:00:00,77.43
2025-04-14 22:00:00,82.15
2025-04-14 23:00:00,68.1
2025-04-15 00:00:00,79.03
2025-04-15 01:00:00,82.68
2025-04-15 02:00:00,90.48
2025-04-15 03:00:00,82.15
2025-04-15 04:00:00,72.97
2025-04-15 05:00:00,83.48
2025-04-15 06:00:00,81.85
2025-04-15 07:00:00,86.33
2025-04-15 08:00:00,67.48
2025-04-15 09:00:00,69.13
2025-04-15 10:00:00,46.0
2025-04-15 11:00:00,32.23
2025-04-15 12:00:00,26.38
2025-04-15 13:00:00,30.1
2025-04-15 14:00:00,35.0
2025-04-15 15:00:00,36.85
2025-04-15 16:00:00,45.82
2025-04-15 17:00:00,38.6
2025-04-15 18:00:00,40.1
2025-04-15 19:00:00,65.03
2025-04-15 20:00:00,72.18
2025-04-15 21:00:00,78.18
2025-04-15 22:00:00,74.2
2025-04-15 23:00:00,81.23
2025-04-16 00:00:00,78.98
2025-04-16 01:00:00,85.83
2025-04-16 02:00:00,79.83
2025-04-16 03:00:00,84.3
2025-04-16 04:00:00,117.68
2025-04-16 05:00:00,99.22
2025-04-16 06:00:00,112.8
2025-04-16 07:00:00,185.33
2025-04-16 08:00:00,169.92
2025-04-16 09:00:00,84.5
2025-04-16 10:00:00,58.17
2025-04-16 11:00:00,53.08
2025-04-16 12:00:00,33.98
2025-04-16 13:00:00,54.4
2025-04-16 14:00:00,57.18
2025-04-16 15:00:00,64.1
2025-04-16 16:00:00,60.4
2025-04-16 17:00:00,52.48
2025-04-16 18:00:00,66.42
2025-04-16 19:00:00,70.53
2025-04-16 20:00:00,85.73
2025-04-16 21:00:00,73.45
2025-04-16 22:00:00,76.12
2025-04-16 23:00:00,71.32
2025-04-17 00:00:00,81.55
2025-04-17 01:00:00,72.63
2025-04-17 02:00:00,69.73
2025-04-17 03:00:00,77.87
2025-04-17 04:00:00,91.5
2025-04-17 05:00:00,112.43
2025-04-17 06:00:00,63.22
2025-04-17 07:00:00,54.33
2025-04-17 08:00:00,44.28
2025-04-17 09:00:00,49.32
2025-04-17 10:00:00,50.7
2025-04-17 11:00:00,45.92
2025-04-17 12:00:00,55.13
2025-04-17 13:00:00,55.98
2025-04-17 14:00:00,56.15
2025-04-17 15:00:00,64.77
2025-04-17 16:00:00,55.4
2025-04-17 17:00:00,57.08
2025-04-17 18:00:00,57.73
2025-04-17 19:00:00,73.05
2025-04-17 20:00:00,68.63
2025-04-17 21:00:00,103.0
2025-04-17 22:00:00,131.07
2025-04-17 23:00:00,109.08
2025-04-18 00:00:00,87.25
2025-04-18 01:00:00,67.55
2025-04-18 02:00:00,60.88
2025-04-18 03:00:00,55.62
2025-04-18 04:00:00,51.32
2025-04-18 05:00:00,51.65
2025-04-18 06:00:00,51.38
2025-04-18 07:00:00,71.62
2025-04-18 08:00:00,70.37
2025-04-18 09:00:00,64.47
2025-04-18 10:00:00,62.5
2025-04-18 11:00:00,79.73
2025-04-18 12:00:00,84.22
2025-04-18 13:00:00,84.32
2025-04-18 14:00:00,78.41
2025-04-18 15:00:00,83.28
2025-04-18 16:00:00,64.08
2025-04-18 17:00:00,58.82
2025-04-18 18:00:00,67.62
2025-04-18 19:00:00,81.47
2025-04-18 20:00:00,81.35
2025-04-18 21:00:00,77.92
2025-04-18 22:00:00,70.62
2025-04-18 23:00:00,25.37
2025-04-19 00:00:00,22.28
2025-04-19 01:00:00,34.02
2025-04-19 02:00:00,27.68
2025-04-19 03:00:00,22.73
2025-04-19 04:00:00,35.07
2025-04-19 05:00:00,58.27
2025-04-19 06:00:00,62.77
2025-04-19 07:00:00,56.77
2025-04-19 08:00:00,58.48
2025-04-19 09:00:00,88.15
2025-04-19 10:00:00,120.92
2025-04-19 11:00:00,71.03
2025-04-19 12:00:00,113.73
2025-04-19 13:00:00,75.38
2025-04-19 14:00:00,68.58
2025-04-19 15:00:00,64.98
2025-04-19 16:00:00,65.9
2025-04-19 17:00:00,57.07
2025-04-19 18:00:00,49.08
2025-04-19 19:00:00,47.15
2025-04-19 20:00:00,47.15
2025-04-19 21:00:00,56.0
2025-04-19 22:00:00,36.43
2025-04-19 23:00:00,49.4
2025-04-20 00:00:00,40.02
2025-04-20 01:00:00,42.6
2025-04-20 02:00:00,36.77
2025-04-20 03:00:00,52.37
2025-04-20 04:00:00,50.73
2025-04-20 05:00:00,61.13
2025-04-20 06:00:00,44.67
2025-04-20 07:00:00,40.57
2025-04-20 08:00:00,47.48
2025-04-20 09:00:00,60.85
2025-04-20 10:00:00,61.13
2025-04-20 11:00:00,62.1
2025-04-20 12:00:00,85.58
2025-04-20 13:00:00,79.48
2025-04-20 14:00:00,65.25
2025-04-20 15:00:00,68.63
2025-04-20 16:00:00,59.28
2025-04-20 17:00:00,54.73
2025-04-20 18:00:00,60.13
2025-04-20 19:00:00,67.9
2025-04-20 20:00:00,70.92
2025-04-20 21:00:00,72.18
2025-04-20 22:00:00,78.92
2025-04-20 23:00:00,89.33
2025-04-21 00:00:00,99.58
2025-04-21 01:00:00,97.25
2025-04-21 02:00:00,104.32
2025-04-21 03:00:00,92.97
2025-04-21 04:00:00,88.2
2025-04-21 05:00:00,89.93
2025-04-21 06:00:00,89.93
2025-04-21 07:00:00,98.87
2025-04-21 08:00:00,107.37
2025-04-21 09:00:00,87.15
2025-04-21 10:00:00,87.51
2025-04-21 11:00:00,72.98
2025-04-21 12:00:00,65.1
2025-04-21 13:00:00,57.85
2025-04-21 14:00:00,54.68
2025-04-21 15:00:00,58.98
2025-04-21 16:00:00,53.63
2025-04-21 17:00:00,48.39
2025-04-21 18:00:00,48.75
2025-04-21 19:00:00,55.65
2025-04-21 20:00:00,52.17
2025-04-21 21:00:00,56.65
2025-04-21 22:00:00,50.98
2025-04-21 23:00:00,62.23
2025-04-22 00:00:00,72.67
2025-04-22 01:00:00,81.48
2025-04-22 02:00:00,64.43
2025-04-22 03:00:00,87.57
2025-04-22 04:00:00,102.42
2025-04-22 05:00:00,89.5
2025-04-22 06:00:00,75.95
2025-04-22 07:00:00,55.27
2025-04-22 08:00:00,69.43
2025-04-22 09:00:00,60.45
2025-04-22 10:00:00,74.77
2025-04-22 11:00:00,67.0
2025-04-22 12:00:00,66.08
2025-04-22 13:00:00,63.0
2025-04-22 14:00:00,71.1
2025-04-22 16:00:00,36.0
2025-04-22 17:00:00,67.39
2025-04-22 18:00:00,55.33
2025-04-22 19:00:00,63.22
2025-04-22 20:00:00,65.32
2025-04-22 21:00:00,69.48
2025-04-22 22:00:00,65.8
2025-04-22 23:00:00,106.4
2025-04-23 00:00:00,121.62
2025-04-23 01:00:00,76.77
2025-04-23 02:00:00,92.03
2025-04-23 03:00:00,101.68
2025-04-23 04:00:00,85.38
2025-04-23 05:00:00,68.4
2025-04-23 06:00:00,133.32
2025-04-23 07:00:00,118.88
2025-04-23 08:00:00,79.1
2025-04-23 09:00:00,61.53
2025-04-23 10:00:00,47.3
2025-04-23 11:00:00,55.98
2025-04-23 12:00:00,52.52
2025-04-23 13:00:00,41.73
2025-04-23 14:00:00,39.78
2025-04-23 15:00:00,40.05
2025-04-23 16:00:00,44.25
2025-04-23 17:00:00,52.05
2025-04-23 18:00:00,56.48
2025-04-23 19:00:00,57.08
2025-04-23 20:00:00,70.72
2025-04-23 21:00:00,77.12
2025-04-23 22:00:00,85.15
2025-04-23 23:00:00,119.97
2025-04-24 00:00:00,148.75
2025-04-24 01:00:00,163.47
2025-04-24 02:00:00,189.87
2025-04-24 03:00:00,144.72
2025-04-24 04:00:00,134.5
2025-04-24 05:00:00,114.33
2025-04-24 06:00:00,117.22
2025-04-24 07:00:00,115.3
2025-04-24 08:00:00,98.05
2025-04-24 09:00:00,83.32
2025-04-24 10:00:00,66.08
2025-04-24 11:00:00,64.43
2025-04-24 12:00:00,44.42
2025-04-24 13:00:00,52.2
2025-04-24 14:00:00,35.48
2025-04-24 15:00:00,50.72
2025-04-24 16:00:00,52.8
2025-04-24 17:00:00,37.38
2025-04-24 18:00:00,41.87
2025-04-24 19:00:00,72.38
2025-04-24 20:00:00,94.7
2025-04-24 21:00:00,124.67
2025-04-24 22:00:00,161.78
2025-04-24 23:00:00,172.53
2025-04-25 00:00:00,106.6
2025-04-25 01:00:00,146.18
2025-04-25 02:00:00,179.58
2025-04-25 03:00:00,138.73
2025-04-25 04:00:00,114.3
2025-04-25 05:00:00,100.45
2025-04-25 06:00:00,99.53
2025-04-25 07:00:00,76.47
2025-04-25 08:00:00,84.57
2025-04-25 09:00:00,91.82
2025-04-25 10:00:00,90.1
2025-04-25 11:00:00,93.6
2025-04-25 12:00:00,80.68
2025-04-25 13:00:00,66.1
2025-04-25 14:00:00,66.27
2025-04-25 15:00:00,56.27
2025-04-25 16:00:00,50.47
2025-04-25 17:00:00,44.14
2025-04-25 18:00:00,52.0
2025-04-25 19:00:00,62.1
2025-04-25 20:00:00,90.43
2025-04-25 21:00:00,126.92
2025-04-25 22:00:00,146.25
2025-04-25 23:00:00,178.7
2025-04-26 00:00:00,197.48
2025-04-26 01:00:00,171.47
2025-04-26 02:00:00,158.6
2025-04-26 03:00:00,139.72
2025-04-26 04:00:00,131.45
2025-04-26 05:00:00,122.82
2025-04-26 06:00:00,123.0
2025-04-26 07:00:00,124.32
2025-04-26 08:00:00,107.27
2025-04-26 09:00:00,132.18
2025-04-26 10:00:00,115.1
2025-04-26 11:00:00,66.68
2025-04-26 12:00:00,43.7
2025-04-26 13:00:00,31.04
2025-04-26 14:00:00,50.48
2025-04-26 15:00:00,41.9
2025-04-26 16:00:00,52.05
2025-04-26 17:00:00,70.2
2025-04-26 18:00:00,44.73
2025-04-26 19:00:00,51.03
2025-04-26 20:00:00,67.07
2025-04-26 21:00:00,68.45
2025-04-26 22:00:00,61.62
2025-04-26 23:00:00,77.67
2025-04-27 00:00:00,58.42
2025-04-27 01:00:00,39.62
2025-04-27 02:00:00,42.88
2025-04-27 03:00:00,42.88
2025-04-27 04:00:00,58.35
2025-04-27 05:00:00,60.48
2025-04-27 06:00:00,91.67
2025-04-27 07:00:00,124.77
2025-04-27 08:00:00,100.33
2025-04-27 09:00:00,83.43
2025-04-27 10:00:00,83.63
2025-04-27 11:00:00,76.97
2025-04-27 12:00:00,76.92
2025-04-27 13:00:00,66.9
2025-04-27 14:00:00,57.32
2025-04-27 15:00:00,54.92
2025-04-27 16:00:00,33.18
2025-04-27 17:00:00,48.15
2025-04-27 18:00:00,61.42
2025-04-27 19:00:00,99.0
2025-04-27 20:00:00,119.03
2025-04-27 21:00:00,109.28
2025-04-27 22:00:00,133.08
2025-04-27 23:00:00,151.17
2025-04-28 00:00:00,120.23
2025-04-28 01:00:00,101.17
2025-04-28 02:00:00,122.12
2025-04-28 03:00:00,129.03
2025-04-28 04:00:00,117.72
2025-04-28 05:00:00,113.5
2025-04-28 06:00:00,127.7
2025-04-28 07:00:00,150.9
2025-04-28 08:00:00,110.45
2025-04-28 09:00:00,114.4
2025-04-28 10:00:00,136.55
2025-04-28 11:00:00,114.52
2025-04-28 12:00:00,82.13
2025-04-28 13:00:00,88.55
2025-04-28 14:00:00,82.35
2025-04-28 15:00:00,83.17
2025-04-28 16:00:00,81.2
2025-04-28 17:00:00,86.42
2025-04-28 18:00:00,90.87
2025-04-28 19:00:00,82.17
2025-04-28 20:00:00,97.43
2025-04-28 21:00:00,78.08
2025-04-28 22:00:00,82.43
2025-04-28 23:00:00,73.0
2025-04-29 00:00:00,85.57
2025-04-29 01:00:00,74.88
2025-04-29 02:00:00,71.48
2025-04-29 03:00:00,89.15
2025-04-29 04:00:00,61.42
2025-04-29 05:00:00,71.88
2025-04-29 06:00:00,69.77
2025-04-29 07:00:00,43.33
2025-04-29 08:00:00,49.82
2025-04-29 09:00:00,75.87
2025-04-29 10:00:00,49.62
2025-04-29 11:00:00,44.22
2025-04-29 12:00:00,42.67
2025-04-29 13:00:00,43.37
2025-04-29 14:00:00,48.37
2025-04-29 15:00:00,47.13
2025-04-29 16:00:00,42.81
2025-04-29 17:00:00,39.5
2025-04-29 18:00:00,62.5
2025-04-29 19:00:00,65.0
2025-04-29 20:00:00,58.0
2025-04-29 21:00:00,58.75
2025-04-29 22:00:00,59.75
2025-04-29 23:00:00,66.75
2025-04-30 00:00:00,77.25
2025-04-30 01:00:00,82.25
2025-04-30 02:00:00,91.5
2025-04-30 03:00:00,82.75
2025-04-30 04:00:00,80.25
2025-04-30 05:00:00,61.25
2025-04-30 06:00:00,63.75
2025-04-30 07:00:00,63.25
2025-04-30 08:00:00,67.0
2025-04-30 09:00:00,87.25
2025-04-30 10:00:00,73.5
2025-04-30 11:00:00,59.25
2025-04-30 12:00:00,55.5
2025-04-30 13:00:00,63.0
2025-04-30 14:00:00,60.25
2025-04-30 15:00:00,66.25
2025-04-30 16:00:00,59.75
2025-04-30 17:00:00,54.5
2025-04-30 18:00:00,62.5
2025-04-30 19:00:00,54.0
2025-04-30 20:00:00,54.25
2025-04-30 21:00:00,66.0
2025-04-30 22:00:00,73.75
2025-04-30 23:00:00,78.75
2025-05-01 00:00:00,78.5
2025-05-01 01:00:00,85.5
2025-05-01 02:00:00,92.25
2025-05-01 03:00:00,69.25
2025-05-01 04:00:00,72.25
2025-05-01 05:00:00,90.75
2025-05-01 06:00:00,78.0
2025-05-01 07:00:00,58.5
2025-05-01 08:00:00,88.5
2025-05-01 09:00:00,87.0
2025-05-01 10:00:00,70.25
2025-05-01 11:00:00,68.25
2025-05-01 12:00:00,72.75
2025-05-01 13:00:00,70.75
2025-05-01 14:00:00,57.25
2025-05-01 15:00:00,62.25
2025-05-01 16:00:00,55.75
2025-05-01 17:00:00,58.5
2025-05-01 18:00:00,59.5
2025-05-01 19:00:00,61.25
2025-05-01 20:00:00,58.5
2025-05-01 21:00:00,63.75
2025-05-01 22:00:00,58.25
2025-05-01 23:00:00,63.25
2025-05-02 00:00:00,66.0
2025-05-02 01:00:00,66.5
2025-05-02 02:00:00,87.25
2025-05-02 03:00:00,66.25
2025-05-02 04:00:00,66.25
2025-05-02 05:00:00,59.75
2025-05-02 06:00:00,47.0
2025-05-02 07:00:00,28.0
2025-05-02 08:00:00,22.75
2025-05-02 09:00:00,26.75
2025-05-02 10:00:00,11.0
2025-05-02 11:00:00,24.25
2025-05-02 12:00:00,16.5
2025-05-02 13:00:00,30.75
2025-05-02 14:00:00,35.5
2025-05-02 15:00:00,35.5
2025-05-02 16:00:00,38.25
2025-05-02 17:00:00,31.25
2025-05-02 18:00:00,20.5
2025-05-02 19:00:00,25.0
2025-05-02 20:00:00,22.25
2025-05-02 21:00:00,44.25
2025-05-02 22:00:00,67.0
2025-05-02 23:00:00,83.25
2025-05-03 00:00:00,72.0
2025-05-03 01:00:00,58.75
2025-05-03 02:00:00,60.75
2025-05-03 03:00:00,79.0
2025-05-03 04:00:00,90.75
2025-05-03 05:00:00,96.25
2025-05-03 06:00:00,103.5
2025-05-03 07:00:00,116.5
2025-05-03 08:00:00,109.25
2025-05-03 09:00:00,83.0
2025-05-03 10:00:00,58.75
2025-05-03 11:00:00,55.0
2025-05-03 12:00:00,55.75
2025-05-03 13:00:00,71.25
2025-05-03 14:00:00,60.75
2025-05-03 15:00:00,37.5
2025-05-03 16:00:00,16.25
2025-05-03 17:00:00,22.75
2025-05-03 18:00:00,43.5
2025-05-03 19:00:00,67.5
2025-05-03 20:00:00,73.25
2025-05-03 21:00:00,79.0
2025-05-03 22:00:00,91.25
2025-05-03 23:00:00,85.0
2025-05-04 00:00:00,94.0
2025-05-04 01:00:00,104.75
2025-05-04 02:00:00,101.5
2025-05-04 03:00:00,73.75
2025-05-04 04:00:00,92.5
2025-05-04 05:00:00,137.25
2025-05-04 06:00:00,171.25
2025-05-04 07:00:00,152.5
2025-05-04 08:00:00,111.75
2025-05-04 09:00:00,78.5
2025-05-04 10:00:00,78.75
2025-05-04 11:00:00,52.5
2025-05-04 12:00:00,47.5
2025-05-04 13:00:00,52.75
2025-05-04 14:00:00,60.5
2025-05-04 15:00:00,39.25
2025-05-04 16:00:00,39.5
2025-05-04 17:00:00,29.0
2025-05-04 18:00:00,31.75
2025-05-04 19:00:00,60.75
2025-05-04 20:00:00,70.0
2025-05-04 21:00:00,54.25
2025-05-04 22:00:00,52.0
2025-05-04 23:00:00,45.75
2025-05-05 00:00:00,56.75
2025-05-05 01:00:00,53.25
2025-05-05 02:00:00,47.5
2025-05-05 03:00:00,32.0
2025-05-05 04:00:00,8.0
2025-05-05 05:00:00,5.5
2025-05-05 06:00:00,25.75
2025-05-05 07:00:00,37.0
2025-05-05 08:00:00,49.75
2025-05-05 09:00:00,39.5
2025-05-05 10:00:00,17.75
2025-05-05 11:00:00,20.5
2025-05-05 12:00:00,47.5
2025-05-05 13:00:00,32.75
2025-05-05 14:00:00,32.25
2025-05-05 15:00:00,40.5
2025-05-05 16:00:00,20.5
2025-05-05 17:00:00,25.5
2025-05-05 18:00:00,35.0
2025-05-05 19:00:00,47.75
2025-05-05 20:00:00,48.25
2025-05-05 21:00:00,52.0
2025-05-05 22:00:00,67.5
2025-05-05 23:00:00,74.0
2025-05-06 00:00:00,78.75
2025-05-06 01:00:00,78.25
2025-05-06 02:00:00,100.25
2025-05-06 03:00:00,53.0
2025-05-06 04:00:00,18.75
2025-05-06 05:00:00,43.75
2025-05-06 06:00:00,70.5
2025-05-06 07:00:00,81.25
2025-05-06 08:00:00,39.0
2025-05-06 09:00:00,35.5
2025-05-06 10:00:00,57.5
2025-05-06 11:00:00,46.5
2025-05-06 12:00:00,18.0
2025-05-06 13:00:00,39.0
2025-05-06 14:00:00,56.75
2025-05-06 15:00:00,37.0
2025-05-06 16:00:00,21.0
2025-05-06 17:00:00,48.5
2025-05-06 18:00:00,40.5
2025-05-06 19:00:00,25.67
2025-05-06 20:00:00,44.25
2025-05-06 21:00:00,70.0
2025-05-06 22:00:00,77.0
2025-05-06 23:00:00,72.5
2025-05-07 00:00:00,65.25
2025-05-07 01:00:00,77.0
2025-05-07 02:00:00,79.0
2025-05-07 03:00:00,48.75
2025-05-07 04:00:00,44.5
2025-05-07 05:00:00,36.75
2025-05-07 06:00:00,30.75
2025-05-07 07:00:00,84.75
2025-05-07 08:00:00,74.25
2025-05-07 09:00:00,56.0
2025-05-07 10:00:00,42.75
2025-05-07 11:00:00,54.5
2025-05-07 12:00:00,74.0
2025-05-07 16:00:00,48.0
2025-05-07 21:00:00,8.75
2025-05-07 22:00:00,25.75
2025-05-07 23:00:00,50.5
2025-05-08 00:00:00,66.25
2025-05-08 01:00:00,66.0
2025-05-08 02:00:00,54.5
2025-05-08 03:00:00,62.0
2025-05-08 04:00:00,98.75
2025-05-08 05:00:00,109.75
2025-05-08 06:00:00,110.0
2025-05-08 07:00:00,102.75
2025-05-08 08:00:00,79.0
2025-05-08 09:00:00,48.0
2025-05-08 10:00:00,69.5
2025-05-08 11:00:00,63.25
2025-05-08 12:00:00,48.0
2025-05-08 13:00:00,57.25
2025-05-08 14:00:00,30.25
2025-05-08 15:00:00,35.75
2025-05-08 16:00:00,25.75
2025-05-08 17:00:00,35.0
2025-05-08 18:00:00,34.25
2025-05-08 19:00:00,38.5
2025-05-08 20:00:00,36.0
2025-05-08 21:00:00,61.0
2025-05-08 22:00:00,87.75
2025-05-08 23:00:00,65.0
2025-05-09 01:00:00,47.5
2025-05-09 02:00:00,116.5
2025-05-09 03:00:00,93.5
2025-05-09 04:00:00,103.25
2025-05-09 05:00:00,95.0
2025-05-09 06:00:00,91.25
2025-05-09 07:00:00,92.0
2025-05-09 08:00:00,92.25
2025-05-09 09:00:00,110.0
2025-05-09 10:00:00,82.0
2025-05-09 11:00:00,27.0
2025-05-09 12:00:00,17.75
2025-05-09 13:00:00,30.25
2025-05-09 14:00:00,44.5
2025-05-09 15:00:00,29.0
2025-05-09 16:00:00,29.0
2025-05-09 17:00:00,28.25
2025-05-09 18:00:00,17.75
2025-05-09 19:00:00,27.5
2025-05-09 20:00:00,42.25
2025-05-09 21:00:00,76.5
2025-05-09 22:00:00,99.5
2025-05-09 23:00:00,75.75
2025-05-10 00:00:00,74.25
2025-05-10 01:00:00,81.5
2025-05-10 02:00:00,96.0
2025-05-10 03:00:00,102.0
2025-05-10 04:00:00,118.0
2025-05-10 05:00:00,127.25
2025-05-10 06:00:00,138.5
2025-05-10 07:00:00,140.75
2025-05-10 08:00:00,163.5
2025-05-10 09:00:00,92.0
2025-05-10 10:00:00,30.0
2025-05-10 11:00:00,34.0
2025-05-10 12:00:00,45.5
2025-05-10 13:00:00,33.75
2025-05-10 14:00:00,28.5
2025-05-10 15:00:00,77.0
2025-05-10 16:00:00,54.75
2025-05-10 17:00:00,30.75
2025-05-10 18:00:00,44.5
2025-05-10 19:00:00,44.25
2025-05-10 20:00:00,56.0
2025-05-10 21:00:00,47.5
2025-05-10 22:00:00,75.0
2025-05-10 23:00:00,78.25
2025-05-11 00:00:00,78.0
2025-05-11 01:00:00,63.0
2025-05-11 02:00:00,60.25
2025-05-11 03:00:00,70.75
2025-05-11 04:00:00,77.0
2025-05-11 05:00:00,61.75
2025-05-11 06:00:00,104.25
2025-05-11 07:00:00,97.25
2025-05-11 08:00:00,86.25
2025-05-11 09:00:00,59.75
2025-05-11 10:00:00,57.0
2025-05-11 11:00:00,50.0
2025-05-11 12:00:00,58.0
2025-05-11 13:00:00,47.75
2025-05-11 14:00:00,26.75
2025-05-11 15:00:00,29.0
2025-05-11 16:00:00,25.75
2025-05-11 17:00:00,28.0
2025-05-11 18:00:00,31.0
2025-05-11 19:00:00,56.75
2025-05-11 20:00:00,104.5
2025-05-11 21:00:00,59.0
2025-05-11 22:00:00,18.75
2025-05-11 23:00:00,20.25
2025-05-12 00:00:00,14.5
2025-05-12 01:00:00,15.25
2025-05-12 02:00:00,18.75
2025-05-12 03:00:00,54.5
2025-05-12 04:00:00,56.75
2025-05-12 05:00:00,62.0
2025-05-12 06:00:00,45.0
2025-05-12 07:00:00,31.25
2025-05-12 08:00:00,35.5
2025-05-12 09:00:00,24.25
2025-05-12 10:00:00,66.25
2025-05-12 11:00:00,62.75
2025-05-12 12:00:00,61.0
2025-05-12 13:00:00,43.25
2025-05-12 14:00:00,31.0
2025-05-12 15:00:00,37.25
2025-05-12 16:00:00,32.25
2025-05-12 17:00:00,56.75
2025-05-12 18:00:00,52.5
2025-05-12 19:00:00,43.75
2025-05-12 20:00:00,49.25
2025-05-12 21:00:00,79.0
2025-05-12 22:00:00,60.75
2025-05-12 23:00:00,11.0
2025-05-13 00:00:00,26.5
2025-05-13 01:00:00,50.25
2025-05-13 02:00:00,48.0
2025-05-13 03:00:00,21.25
2025-05-13 04:00:00,5.75
2025-05-13 05:00:00,2.0
2025-05-13 06:00:00,10.75
2025-05-13 07:00:00,18.5
2025-05-13 08:00:00,33.25
2025-05-13 09:00:00,47.25
2025-05-13 10:00:00,40.5
2025-05-13 11:00:00,33.0
2025-05-13 12:00:00,36.25
2025-05-13 13:00:00,41.25
2025-05-13 14:00:00,39.25
2025-05-13 15:00:00,39.75
2025-05-13 16:00:00,55.75
2025-05-13 17:00:00,20.67
2025-05-13 18:00:00,16.5
2025-05-13 19:00:00,9.0
2025-05-13 20:00:00,14.25
2025-05-13 21:00:00,27.25
2025-05-13 22:00:00,40.75
2025-05-13 23:00:00,46.0
2025-05-14 00:00:00,51.0
2025-05-14 01:00:00,31.5
2025-05-14 02:00:00,17.25
2025-05-14 03:00:00,17.25
2025-05-14 04:00:00,25.75
2025-05-14 05:00:00,64.0
2025-05-14 06:00:00,73.0
2025-05-14 07:00:00,68.5
2025-05-14 08:00:00,50.0
2025-05-14 09:00:00,20.75
2025-05-14 10:00:00,27.0
2025-05-14 11:00:00,39.0
2025-05-14 13:00:00,110.0
2025-05-14 14:00:00,108.0
2025-05-14 15:00:00,66.0
2025-05-14 16:00:00,43.75
2025-05-14 17:00:00,21.75
2025-05-14 18:00:00,33.75
2025-05-14 19:00:00,73.25
2025-05-14 20:00:00,97.0
2025-05-14 21:00:00,84.75
2025-05-14 22:00:00,114.5
2025-05-14 23:00:00,265.75
2025-05-15 00:00:00,381.0
2025-05-15 01:00:00,419.75
2025-05-15 02:00:00,465.0
2025-05-15 03:00:00,481.75
2025-05-15 04:00:00,438.0
2025-05-15 05:00:00,386.25
2025-05-15 06:00:00,351.0
2025-05-15 07:00:00,345.75
2025-05-15 08:00:00,317.0
2025-05-15 09:00:00,250.25
2025-05-15 10:00:00,191.5
2025-05-15 11:00:00,114.25
2025-05-15 12:00:00,61.75
2025-05-15 13:00:00,56.25
2025-05-15 14:00:00,56.5
2025-05-15 15:00:00,71.25
2025-05-15 21:00:00,21.0
2025-05-15 22:00:00,61.75
2025-05-15 23:00:00,92.5
2025-05-16 00:00:00,98.75
2025-05-16 01:00:00,115.75
2025-05-16 02:00:00,95.0
2025-05-16 03:00:00,123.25
2025-05-16 04:00:00,167.75
2025-05-16 05:00:00,135.5
2025-05-16 06:00:00,120.0
2025-05-16 07:00:00,144.75
2025-05-16 08:00:00,177.75
2025-05-16 09:00:00,124.5
2025-05-16 10:00:00,45.0
2025-05-16 11:00:00,36.0
2025-05-16 12:00:00,35.0
2025-05-16 13:00:00,44.0
2025-05-16 14:00:00,55.5
2025-05-16 15:00:00,89.25
2025-05-16 16:00:00,61.5
2025-05-16 17:00:00,69.5
2025-05-16 18:00:00,29.5
2025-05-16 19:00:00,19.25
2025-05-16 20:00:00,37.75
2025-05-16 21:00:00,45.5
2025-05-16 22:00:00,40.75
2025-05-16 23:00:00,44.5
2025-05-17 00:00:00,57.75
2025-05-17 01:00:00,38.75
2025-05-17 02:00:00,49.5
2025-05-17 03:00:00,50.25
2025-05-17 04:00:00,61.75
2025-05-17 05:00:00,41.0
2025-05-17 06:00:00,39.75
2025-05-17 07:00:00,38.5
2025-05-17 08:00:00,49.25
2025-05-17 09:00:00,47.5
2025-05-17 10:00:00,55.75
2025-05-17 11:00:00,67.75
2025-05-17 12:00:00,57.0
2025-05-17 13:00:00,49.5
2025-05-17 14:00:00,58.5
2025-05-17 15:00:00,57.75
2025-05-17 16:00:00,24.5
2025-05-17 17:00:00,21.75
2025-05-17 18:00:00,37.5
2025-05-17 19:00:00,43.0
2025-05-17 20:00:00,41.5
2025-05-17 21:00:00,36.75
2025-05-17 22:00:00,48.0
2025-05-17 23:00:00,39.25
2025-05-18 00:00:00,33.5
2025-05-18 01:00:00,22.5
2025-05-18 02:00:00,26.25
2025-05-18 03:00:00,24.5
2025-05-18 04:00:00,38.25
2025-05-18 05:00:00,68.75
2025-05-18 06:00:00,116.75
2025-05-18 07:00:00,100.75
2025-05-18 08:00:00,64.75
2025-05-18 09:00:00,40.5
2025-05-18 10:00:00,37.75
2025-05-18 11:00:00,59.0
2025-05-18 12:00:00,66.25
2025-05-18 13:00:00,60.5
2025-05-18 14:00:00,51.0
2025-05-18 15:00:00,65.75
2025-05-18 16:00:00,68.25
2025-05-18 17:00:00,72.25
2025-05-18 18:00:00,65.5
2025-05-18 19:00:00,83.5
2025-05-18 20:00:00,76.5
2025-05-18 21:00:00,77.0
2025-05-18 22:00:00,71.75
2025-05-18 23:00:00,79.75
2025-05-19 00:00:00,83.5
2025-05-19 01:00:00,73.75
2025-05-19 02:00:00,77.25
2025-05-19 03:00:00,85.0
2025-05-19 04:00:00,71.75
2025-05-19 05:00:00,55.75
2025-05-19 06:00:00,68.0
2025-05-19 07:00:00,63.25
2025-05-19 08:00:00,62.5
2025-05-19 09:00:00,63.5
2025-05-19 10:00:00,80.75
2025-05-19 11:00:00,83.75
2025-05-19 12:00:00,73.0
2025-05-19 13:00:00,77.25
2025-05-19 14:00:00,75.0
2025-05-19 15:00:00,100.5
2025-05-19 16:00:00,95.25
2025-05-19 17:00:00,81.5
2025-05-19 18:00:00,69.5
2025-05-19 19:00:00,72.75
2025-05-19 20:00:00,73.75
2025-05-19 21:00:00,83.0
2025-05-19 22:00:00,82.0
2025-05-19 23:00:00,71.25
2025-05-20 00:00:00,95.5
2025-05-20 01:00:00,103.75
2025-05-20 02:00:00,88.0
2025-05-20 03:00:00,76.0
2025-05-20 04:00:00,65.0
2025-05-20 05:00:00,62.5
2025-05-20 06:00:00,52.0
2025-05-20 07:00:00,56.0
2025-05-20 08:00:00,64.5
2025-05-20 09:00:00,68.0
2025-05-20 10:00:00,59.25
2025-05-20 11:00:00,57.5
2025-05-20 12:00:00,61.75
2025-05-20 13:00:00,69.5
2025-05-20 14:00:00,85.0
2025-05-20 15:00:00,80.25
2025-05-20 16:00:00,68.5
2025-05-20 17:00:00,77.75
2025-05-20 18:00:00,81.5
2025-05-20 19:00:00,78.25
2025-05-20 20:00:00,88.25
2025-05-20 21:00:00,102.0
2025-05-20 22:00:00,101.5
2025-05-20 23:00:00,68.25
2025-05-21 00:00:00,61.25
2025-05-21 01:00:00,68.0
2025-05-21 02:00:00,61.5
2025-05-21 03:00:00,70.5
2025-05-21 04:00:00,72.25
2025-05-21 05:00:00,86.0
2025-05-21 06:00:00,95.0
2025-05-21 07:00:00,62.0
2025-05-21 08:00:00,43.5
2025-05-21 09:00:00,55.75
2025-05-21 10:00:00,58.75
2025-05-21 11:00:00,85.75
2025-05-21 12:00:00,72.0
2025-05-21 13:00:00,67.75
2025-05-21 14:00:00,64.0
2025-05-21 15:00:00,65.25
2025-05-21 16:00:00,81.25
2025-05-21 17:00:00,72.75
2025-05-21 18:00:00,68.0
2025-05-21 19:00:00,60.75
2025-05-21 20:00:00,72.75
2025-05-21 21:00:00,21.33
2025-05-21 23:00:00,0.0
2025-05-22 00:00:00,20.0
2025-05-22 01:00:00,43.75
2025-05-22 02:00:00,42.0
2025-05-22 03:00:00,40.0
2025-05-22 04:00:00,26.0
2025-05-22 05:00:00,13.33
2025-05-22 06:00:00,12.0
2025-05-22 07:00:00,14.0
2025-05-22 08:00:00,27.25
2025-05-22 09:00:00,39.0
2025-05-22 10:00:00,38.5
2025-05-22 11:00:00,22.0
2025-05-22 12:00:00,13.0
2025-05-22 13:00:00,19.25
2025-05-22 14:00:00,18.75
2025-05-22 15:00:00,34.25
2025-05-22 16:00:00,42.0
2025-05-22 17:00:00,41.75
2025-05-22 18:00:00,29.25
2025-05-22 19:00:00,15.25
2025-05-22 20:00:00,33.25
2025-05-22 21:00:00,27.0
2025-05-22 22:00:00,54.5
2025-05-22 23:00:00,49.25
2025-05-23 00:00:00,56.5
2025-05-23 01:00:00,44.5
2025-05-23 02:00:00,34.0
2025-05-23 03:00:00,26.25
2025-05-23 04:00:00,22.5
2025-05-23 05:00:00,35.67
2025-05-23 06:00:00,47.67
2025-05-23 07:00:00,71.25
2025-05-23 08:00:00,57.75
2025-05-23 09:00:00,31.5
2025-05-23 10:00:00,30.0
2025-05-23 11:00:00,38.75
2025-05-23 12:00:00,48.0
2025-05-23 13:00:00,56.25
2025-05-23 14:00:00,63.25
2025-05-23 15:00:00,39.25
2025-05-23 16:00:00,31.75
2025-05-23 17:00:00,33.0
2025-05-23 18:00:00,41.25
2025-05-23 19:00:00,32.5
2025-05-23 20:00:00,40.25
2025-05-23 21:00:00,45.25
2025-05-23 22:00:00,50.0
2025-05-23 23:00:00,70.5
2025-05-24 00:00:00,56.75
2025-05-24 01:00:00,47.25
2025-05-24 02:00:00,54.0
2025-05-24 03:00:00,75.5
2025-05-24 04:00:00,64.5
2025-05-24 05:00:00,58.5
2025-05-24 06:00:00,57.75
2025-05-24 07:00:00,46.25
2025-05-24 08:00:00,45.5
2025-05-24 09:00:00,50.25
2025-05-24 10:00:00,68.5
2025-05-24 11:00:00,61.5
2025-05-24 12:00:00,65.5
2025-05-24 13:00:00,61.5
2025-05-24 14:00:00,65.25
2025-05-24 15:00:00,59.0
2025-05-24 16:00:00,59.5
2025-05-24 17:00:00,57.25
2025-05-24 18:00:00,54.0
2025-05-24 19:00:00,57.25
2025-05-24 20:00:00,59.5
2025-05-24 21:00:00,72.25
2025-05-24 22:00:00,74.0
2025-05-24 23:00:00,63.5
2025-05-25 00:00:00,62.0
2025-05-25 01:00:00,58.25
2025-05-25 02:00:00,33.33
2025-05-25 03:00:00,5.0
2025-05-25 05:00:00,4.0
2025-05-25 06:00:00,5.0
2025-05-25 07:00:00,11.0
2025-05-25 08:00:00,11.75
2025-05-25 09:00:00,6.67
2025-05-25 10:00:00,15.75
2025-05-25 11:00:00,21.5
2025-05-25 12:00:00,17.5
2025-05-25 13:00:00,22.0
2025-05-25 14:00:00,15.0
2025-05-25 15:00:00,21.25
2025-05-25 16:00:00,30.0
2025-05-25 17:00:00,24.75
2025-05-25 18:00:00,32.33
2025-05-25 19:00:00,43.25
2025-05-25 20:00:00,43.75
2025-05-25 21:00:00,51.25
2025-05-25 22:00:00,54.0
2025-05-25 23:00:00,55.25
2025-05-26 00:00:00,59.25
2025-05-26 01:00:00,73.25
2025-05-26 02:00:00,64.0
2025-05-26 03:00:00,47.75
2025-05-26 04:00:00,48.33
2025-05-26 05:00:00,44.25
2025-05-26 06:00:00,50.0
2025-05-26 07:00:00,37.0
2025-05-26 08:00:00,45.25
2025-05-26 09:00:00,39.75
2025-05-26 10:00:00,23.5
2025-05-26 11:00:00,22.0
2025-05-26 12:00:00,27.75
2025-05-26 13:00:00,34.0
2025-05-26 14:00:00,33.0
2025-05-26 15:00:00,32.0
2025-05-26 16:00:00,31.0
2025-05-26 17:00:00,32.5
2025-05-26 18:00:00,38.67
2025-05-26 19:00:00,37.0
2025-05-26 20:00:00,38.5
2025-05-26 21:00:00,49.5
2025-05-26 22:00:00,59.0
2025-05-26 23:00:00,56.25
2025-05-27 00:00:00,48.5
2025-05-27 01:00:00,40.5
2025-05-27 02:00:00,43.5
2025-05-27 03:00:00,43.5
2025-05-27 04:00:00,39.75
2025-05-27 05:00:00,39.75
2025-05-27 06:00:00,45.0
2025-05-27 07:00:00,55.75
2025-05-27 08:00:00,42.75
2025-05-27 09:00:00,31.0
2025-05-27 10:00:00,25.5
2025-05-27 11:00:00,33.0
2025-05-27 12:00:00,31.5
2025-05-27 13:00:00,37.25
2025-05-27 14:00:00,48.0
2025-05-27 15:00:00,42.0
2025-05-27 16:00:00,32.5
2025-05-27 17:00:00,41.75
2025-05-27 18:00:00,44.25
2025-05-27 19:00:00,52.0
2025-05-27 20:00:00,58.75
2025-05-27 21:00:00,67.0
2025-05-27 22:00:00,57.25
2025-05-27 23:00:00,63.25
2025-05-28 00:00:00,62.75
2025-05-28 01:00:00,65.5
2025-05-28 02:00:00,71.0
2025-05-28 03:00:00,61.75
2025-05-28 04:00:00,61.0
2025-05-28 05:00:00,58.25
2025-05-28 06:00:00,46.25
2025-05-28 07:00:00,24.0
2025-05-28 08:00:00,28.5
2025-05-28 09:00:00,29.0
2025-05-28 10:00:00,33.5
2025-05-28 11:00:00,37.75
2025-05-28 12:00:00,35.25
2025-05-28 13:00:00,41.67
2025-05-28 14:00:00,51.0
2025-05-28 15:00:00,53.25
2025-05-28 16:00:00,56.25
2025-05-28 17:00:00,62.5
2025-05-28 18:00:00,73.25
2025-05-28 19:00:00,81.75
2025-05-28 20:00:00,80.75
2025-05-28 21:00:00,96.0
2025-05-28 22:00:00,80.0
2025-05-28 23:00:00,83.5
2025-05-29 00:00:00,48.75
2025-05-29 01:00:00,60.5
2025-05-29 02:00:00,71.5
2025-05-29 03:00:00,76.25
2025-05-29 04:00:00,68.25
2025-05-29 05:00:00,66.5
2025-05-29 06:00:00,66.5
2025-05-29 07:00:00,55.0
2025-05-29 08:00:00,60.75
2025-05-29 09:00:00,66.25
2025-05-29 10:00:00,45.25
2025-05-29 11:00:00,55.75
2025-05-29 12:00:00,68.0
2025-05-29 13:00:00,57.25
2025-05-29 14:00:00,57.0
2025-05-29 15:00:00,49.5
2025-05-29 16:00:00,58.75
2025-05-29 17:00:00,73.75
2025-05-29 18:00:00,55.0
2025-05-29 19:00:00,33.25
2025-05-29 20:00:00,43.25
2025-05-29 21:00:00,36.25
2025-05-29 22:00:00,42.0
2025-05-29 23:00:00,46.75
2025-05-30 00:00:00,55.0
2025-05-30 01:00:00,46.25
2025-05-30 02:00:00,50.25
2025-05-30 03:00:00,84.75
2025-05-30 04:00:00,84.25
2025-05-30 05:00:00,68.0
2025-05-30 06:00:00,54.0
2025-05-30 07:00:00,57.0
2025-05-30 08:00:00,59.0
2025-05-30 09:00:00,60.5
2025-05-30 10:00:00,68.0
2025-05-30 11:00:00,63.0
2025-05-30 12:00:00,76.25
2025-05-30 13:00:00,68.75
2025-05-30 14:00:00,54.0
2025-05-30 15:00:00,50.0
2025-05-30 16:00:00,55.75
2025-05-30 17:00:00,42.5
2025-05-30 18:00:00,42.75
2025-05-30 19:00:00,48.25
2025-05-30 20:00:00,56.75
2025-05-30 21:00:00,71.5
2025-05-30 22:00:00,98.0
2025-05-30 23:00:00,71.25
2025-05-31 00:00:00,77.75
2025-05-31 01:00:00,104.0
2025-05-31 02:00:00,103.5
2025-05-31 03:00:00,103.25
2025-05-31 04:00:00,124.25
2025-05-31 05:00:00,109.5
2025-05-31 06:00:00,117.25
2025-05-31 07:00:00,113.5
2025-05-31 08:00:00,107.25
2025-05-31 09:00:00,99.25
2025-05-31 10:00:00,105.0
2025-05-31 11:00:00,116.75
2025-05-31 12:00:00,114.25
2025-05-31 13:00:00,81.25
2025-05-31 14:00:00,65.5
2025-05-31 15:00:00,68.25
2025-05-31 16:00:00,77.5
2025-05-31 17:00:00,58.0
2025-05-31 18:00:00,34.0
2025-05-31 19:00:00,41.0
2025-05-31 20:00:00,51.75
2025-05-31 21:00:00,60.25
2025-05-31 22:00:00,64.5
2025-05-31 23:00:00,54.0
2025-06-01 00:00:00,64.25
2025-06-01 01:00:00,52.75
2025-06-01 02:00:00,50.25
2025-06-01 03:00:00,54.0
2025-06-01 04:00:00,52.25
2025-06-01 05:00:00,56.5
2025-06-01 06:00:00,43.25
2025-06-01 07:00:00,36.5
2025-06-01 08:00:00,33.5
2025-06-01 09:00:00,46.5
2025-06-01 10:00:00,44.0
2025-06-01 11:00:00,42.25
2025-06-01 12:00:00,46.5
2025-06-01 13:00:00,51.25
2025-06-01 14:00:00,61.0
2025-06-01 15:00:00,61.25
2025-06-01 16:00:00,63.0
2025-06-01 17:00:00,67.75
2025-06-01 18:00:00,13.0
2025-06-01 19:00:00,24.5
2025-06-01 20:00:00,36.0
2025-06-01 21:00:00,41.25
2025-06-01 22:00:00,44.25
2025-06-01 23:00:00,47.0
2025-06-02 00:00:00,40.75
2025-06-02 01:00:00,28.5
2025-06-02 02:00:00,31.5
2025-06-02 03:00:00,36.25
2025-06-02 04:00:00,31.5
2025-06-02 05:00:00,36.67
2025-06-02 06:00:00,38.25
2025-06-02 07:00:00,36.0
2025-06-02 08:00:00,31.0
2025-06-02 09:00:00,58.75
2025-06-02 10:00:00,43.5
2025-06-02 11:00:00,42.75
2025-06-02 12:00:00,50.0
2025-06-02 13:00:00,44.0
2025-06-02 14:00:00,48.75
2025-06-02 15:00:00,47.75
2025-06-02 16:00:00,49.25
2025-06-02 17:00:00,53.25
2025-06-02 18:00:00,33.5
2025-06-02 19:00:00,48.25
2025-06-02 20:00:00,53.25
2025-06-02 21:00:00,43.25
2025-06-02 22:00:00,44.25
2025-06-02 23:00:00,47.25
2025-06-03 00:00:00,42.75
2025-06-03 01:00:00,40.75
2025-06-03 02:00:00,47.75
2025-06-03 03:00:00,42.5
2025-06-03 04:00:00,35.0
2025-06-03 05:00:00,59.75
2025-06-03 06:00:00,30.5
2025-06-03 07:00:00,22.25
2025-06-03 08:00:00,17.0
2025-06-03 09:00:00,45.0
2025-06-03 10:00:00,41.25
2025-06-03 11:00:00,35.0
2025-06-03 12:00:00,41.25
2025-06-03 13:00:00,40.75
2025-06-03 14:00:00,41.5
2025-06-03 15:00:00,34.0
2025-06-03 16:00:00,38.25
2025-06-03 17:00:00,30.0
2025-06-03 18:00:00,35.5
2025-06-03 19:00:00,40.25
2025-06-03 20:00:00,42.75
2025-06-03 21:00:00,50.0
2025-06-03 22:00:00,68.5
2025-06-03 23:00:00,66.0
2025-06-04 00:00:00,53.25
2025-06-04 01:00:00,63.5
2025-06-04 02:00:00,62.75
2025-06-04 03:00:00,51.5
2025-06-04 04:00:00,51.25
2025-06-04 05:00:00,58.5
2025-06-04 06:00:00,57.5
2025-06-04 07:00:00,44.75
2025-06-04 08:00:00,41.75
2025-06-04 09:00:00,36.0
2025-06-04 10:00:00,48.25
2025-06-04 11:00:00,54.75
2025-06-04 12:00:00,71.25
2025-06-04 13:00:00,74.0
2025-06-04 14:00:00,47.75
2025-06-04 15:00:00,32.0
2025-06-04 16:00:00,21.75
2025-06-04 17:00:00,37.25
2025-06-04 18:00:00,20.75
2025-06-04 19:00:00,25.0
2025-06-04 20:00:00,37.0
2025-06-04 21:00:00,37.75
2025-06-04 22:00:00,50.5
2025-06-04 23:00:00,50.75
2025-06-05 00:00:00,54.25
2025-06-05 01:00:00,54.25
2025-06-05 02:00:00,52.25
2025-06-05 03:00:00,47.25
2025-06-05 04:00:00,39.5
2025-06-05 05:00:00,54.75
2025-06-05 06:00:00,61.25
2025-06-05 07:00:00,48.25
2025-06-05 08:00:00,61.5
2025-06-05 09:00:00,24.5
2025-06-05 10:00:00,27.25
2025-06-05 11:00:00,37.0
2025-06-05 12:00:00,48.5
2025-06-05 13:00:00,56.25
2025-06-05 14:00:00,73.5
2025-06-05 15:00:00,74.75
2025-06-05 16:00:00,54.25
2025-06-05 17:00:00,37.25
2025-06-05 18:00:00,40.75
2025-06-05 19:00:00,45.5
2025-06-05 20:00:00,34.0
2025-06-05 21:00:00,33.5
2025-06-05 22:00:00,35.5
2025-06-05 23:00:00,38.0
2025-06-06 00:00:00,42.25
2025-06-06 01:00:00,41.25
2025-06-06 02:00:00,39.75
2025-06-06 03:00:00,43.75
2025-06-06 04:00:00,49.75
2025-06-06 05:00:00,50.0
2025-06-06 06:00:00,47.75
2025-06-06 07:00:00,39.25
2025-06-06 08:00:00,34.25
2025-06-06 09:00:00,36.75
2025-06-06 10:00:00,33.75
2025-06-06 11:00:00,39.5
2025-06-06 12:00:00,36.25
2025-06-06 13:00:00,29.25
2025-06-06 14:00:00,28.75
2025-06-06 15:00:00,37.0
2025-06-06 16:00:00,33.0
2025-06-06 17:00:00,40.25
2025-06-06 18:00:00,46.25
2025-06-06 19:00:00,54.25
2025-06-06 20:00:00,50.75
2025-06-06 21:00:00,67.75
2025-06-06 22:00:00,81.25
2025-06-06 23:00:00,80.25
2025-06-07 00:00:00,93.75
2025-06-07 01:00:00,101.0
2025-06-07 02:00:00,94.25
2025-06-07 03:00:00,93.0
2025-06-07 04:00:00,93.5
2025-06-07 05:00:00,88.75
2025-06-07 06:00:00,53.25
2025-06-07 07:00:00,45.75
2025-06-07 08:00:00,37.0
2025-06-07 09:00:00,33.75
2025-06-07 10:00:00,41.25
2025-06-07 11:00:00,51.75
2025-06-07 12:00:00,54.0
2025-06-07 13:00:00,49.75
2025-06-07 14:00:00,59.5
2025-06-07 15:00:00,60.75
2025-06-07 16:00:00,59.75
2025-06-07 17:00:00,62.75
2025-06-07 18:00:00,66.75
2025-06-07 19:00:00,63.0
2025-06-07 20:00:00,67.25
2025-06-07 21:00:00,90.5
2025-06-07 22:00:00,90.5
2025-06-07 23:00:00,78.25
2025-06-08 00:00:00,85.75
2025-06-08 01:00:00,98.75
2025-06-08 02:00:00,104.75
2025-06-08 03:00:00,102.25
2025-06-08 04:00:00,93.0
2025-06-08 05:00:00,121.75
2025-06-08 06:00:00,99.75
2025-06-08 07:00:00,74.75
2025-06-08 08:00:00,82.25
2025-06-08 09:00:00,65.25
2025-06-08 10:00:00,42.0
2025-06-08 11:00:00,51.5
2025-06-08 12:00:00,59.5
2025-06-08 13:00:00,57.0
2025-06-08 14:00:00,61.25
2025-06-08 15:00:00,60.0
2025-06-08 16:00:00,54.75
2025-06-08 17:00:00,57.25
2025-06-08 18:00:00,53.0
2025-06-08 19:00:00,70.75
2025-06-08 20:00:00,90.0
2025-06-08 21:00:00,91.0
2025-06-08 22:00:00,95.0
2025-06-08 23:00:00,96.5
2025-06-09 00:00:00,100.75
2025-06-09 01:00:00,114.5
2025-06-09 02:00:00,109.5
2025-06-09 03:00:00,108.5
2025-06-09 04:00:00,107.0
2025-06-09 05:00:00,93.25
2025-06-09 06:00:00,64.25
2025-06-09 07:00:00,63.0
2025-06-09 08:00:00,64.75
2025-06-09 09:00:00,58.25
2025-06-09 10:00:00,70.5
2025-06-09 11:00:00,63.5
2025-06-09 12:00:00,55.75
2025-06-09 13:00:00,48.5
2025-06-09 14:00:00,46.67
2025-06-09 15:00:00,48.25
2025-06-09 16:00:00,45.75
2025-06-09 17:00:00,46.75
2025-06-09 18:00:00,54.5
2025-06-09 19:00:00,42.75
2025-06-09 20:00:00,42.0
2025-06-09 21:00:00,55.25
2025-06-09 22:00:00,72.75
2025-06-09 23:00:00,75.25
2025-06-10 00:00:00,80.75
2025-06-10 01:00:00,76.0
2025-06-10 02:00:00,65.75
2025-06-10 03:00:00,55.75
2025-06-10 04:00:00,48.75
2025-06-10 05:00:00,44.5
2025-06-10 06:00:00,35.5
2025-06-10 07:00:00,40.75
2025-06-10 08:00:00,50.25
2025-06-10 09:00:00,54.25
2025-06-10 10:00:00,53.5
2025-06-10 11:00:00,70.5
2025-06-10 12:00:00,78.5
2025-06-10 13:00:00,77.0
2025-06-10 14:00:00,61.5
2025-06-10 15:00:00,38.75
2025-06-10 16:00:00,38.0
2025-06-10 17:00:00,26.0
2025-06-10 18:00:00,25.5
2025-06-10 19:00:00,30.25
2025-06-10 20:00:00,35.5
2025-06-10 21:00:00,73.5
2025-06-10 22:00:00,102.0
2025-06-10 23:00:00,91.0
2025-06-11 00:00:00,79.5
2025-06-11 01:00:00,95.75
2025-06-11 02:00:00,131.0
2025-06-11 03:00:00,119.0
2025-06-11 04:00:00,118.5
2025-06-11 05:00:00,128.75
2025-06-11 06:00:00,97.75
2025-06-11 07:00:00,51.5
2025-06-11 08:00:00,56.75
2025-06-11 09:00:00,45.5
2025-06-11 10:00:00,33.5
2025-06-11 11:00:00,40.25
2025-06-11 12:00:00,35.0
2025-06-11 13:00:00,61.75
2025-06-11 14:00:00,70.0
2025-06-11 15:00:00,61.25
2025-06-11 16:00:00,64.25
2025-06-11 17:00:00,58.75
2025-06-11 18:00:00,56.5
2025-06-11 19:00:00,67.25
2025-06-11 20:00:00,95.25
2025-06-11 21:00:00,95.0
2025-06-11 22:00:00,82.5
2025-06-11 23:00:00,71.75
2025-06-12 00:00:00,67.5
2025-06-12 01:00:00,58.75
2025-06-12 02:00:00,57.0
2025-06-12 03:00:00,59.5
2025-06-12 04:00:00,75.0
2025-06-12 05:00:00,86.0
2025-06-12 06:00:00,66.25
2025-06-12 07:00:00,59.75
2025-06-12 08:00:00,62.5
2025-06-12 09:00:00,68.0
2025-06-12 10:00:00,65.0
2025-06-12 11:00:00,83.0
2025-06-12 12:00:00,84.75
2025-06-12 13:00:00,72.0
2025-06-12 14:00:00,61.75
2025-06-12 15:00:00,54.75
2025-06-12 16:00:00,68.0
2025-06-12 17:00:00,58.0
2025-06-12 18:00:00,58.75
2025-06-12 19:00:00,62.0
2025-06-12 20:00:00,63.0
2025-06-12 21:00:00,65.75
2025-06-12 22:00:00,68.5
2025-06-12 23:00:00,74.0
2025-06-13 00:00:00,95.5
2025-06-13 01:00:00,95.25
2025-06-13 02:00:00,69.5
2025-06-13 03:00:00,51.75
2025-06-13 04:00:00,48.0
2025-06-13 05:00:00,51.75
2025-06-13 06:00:00,57.0
2025-06-13 07:00:00,63.75
2025-06-13 08:00:00,79.0
2025-06-13 09:00:00,78.25
2025-06-13 10:00:00,72.75
2025-06-13 11:00:00,64.5
2025-06-13 12:00:00,79.0
2025-06-13 13:00:00,89.0
2025-06-13 14:00:00,50.5
2025-06-13 15:00:00,27.5
2025-06-13 16:00:00,25.25
2025-06-13 17:00:00,29.0
2025-06-13 18:00:00,31.0
2025-06-13 19:00:00,26.75
2025-06-13 20:00:00,32.0
2025-06-13 21:00:00,59.5
2025-06-13 22:00:00,43.5
2025-06-13 23:00:00,36.75
2025-06-14 00:00:00,42.25
2025-06-14 01:00:00,47.5
2025-06-14 02:00:00,54.25
2025-06-14 03:00:00,64.75
2025-06-14 04:00:00,69.25
2025-06-14 05:00:00,64.5
2025-06-14 06:00:00,55.25
2025-06-14 07:00:00,34.0
2025-06-14 08:00:00,38.75
2025-06-14 09:00:00,35.75
2025-06-14 10:00:00,42.5
2025-06-14 11:00:00,70.5
2025-06-14 12:00:00,71.33
2025-06-14 13:00:00,57.75
2025-06-14 14:00:00,57.75
2025-06-14 15:00:00,65.5
2025-06-14 16:00:00,57.75
2025-06-14 17:00:00,60.75
2025-06-14 18:00:00,65.25
2025-06-14 19:00:00,74.25
2025-06-14 20:00:00,68.75
2025-06-14 21:00:00,59.25
2025-06-14 22:00:00,73.25
2025-06-14 23:00:00,87.25
2025-06-15 00:00:00,73.5
2025-06-15 01:00:00,68.0
2025-06-15 02:00:00,57.75
2025-06-15 03:00:00,55.0
2025-06-15 04:00:00,42.0
2025-06-15 05:00:00,16.5
2025-06-15 06:00:00,27.25
2025-06-15 07:00:00,54.5
2025-06-15 08:00:00,57.0
2025-06-15 09:00:00,56.75
2025-06-15 10:00:00,31.5
2025-06-15 11:00:00,36.0
2025-06-15 12:00:00,107.25
2025-06-15 13:00:00,94.25
2025-06-15 14:00:00,37.25
2025-06-15 15:00:00,18.5
2025-06-15 16:00:00,24.75
2025-06-15 17:00:00,39.0
2025-06-15 18:00:00,35.75
2025-06-15 19:00:00,25.5
2025-06-15 20:00:00,21.5
2025-06-15 21:00:00,26.75
2025-06-15 22:00:00,30.5
2025-06-15 23:00:00,44.5
2025-06-16 00:00:00,59.25
2025-06-16 01:00:00,57.0
2025-06-16 02:00:00,39.5
2025-06-16 03:00:00,36.75
2025-06-16 04:00:00,34.25
2025-06-16 05:00:00,43.75
2025-06-16 06:00:00,48.75
2025-06-16 07:00:00,49.0
2025-06-16 08:00:00,43.25
2025-06-16 09:00:00,31.25
2025-06-16 10:00:00,27.5
2025-06-16 11:00:00,42.75
2025-06-16 12:00:00,148.5
2025-06-16 13:00:00,102.5
2025-06-16 14:00:00,51.5
2025-06-16 15:00:00,29.25
2025-06-16 16:00:00,42.0
2025-06-16 17:00:00,29.5
2025-06-16 18:00:00,27.75
2025-06-16 19:00:00,29.25
2025-06-16 20:00:00,22.75
2025-06-16 21:00:00,27.0
2025-06-16 22:00:00,27.5
2025-06-16 23:00:00,28.0
2025-06-17 00:00:00,32.5
2025-06-17 01:00:00,35.25
2025-06-17 02:00:00,34.25
2025-06-17 03:00:00,36.0
2025-06-17 04:00:00,34.0
2025-06-17 05:00:00,27.0
2025-06-17 06:00:00,27.75
2025-06-17 07:00:00,22.25
2025-06-17 08:00:00,27.5
2025-06-17 09:00:00,34.5
2025-06-17 10:00:00,38.5
2025-06-17 11:00:00,42.75
2025-06-17 12:00:00,47.0
2025-06-17 13:00:00,51.25
2025-06-17 14:00:00,63.0
2025-06-17 15:00:00,37.25
2025-06-17 16:00:00,16.75
2025-06-17 17:00:00,11.75
2025-06-17 18:00:00,15.75
2025-06-17 19:00:00,15.75
2025-06-17 20:00:00,9.0
2025-06-17 21:00:00,12.5
2025-06-17 22:00:00,22.0
2025-06-17 23:00:00,20.75
2025-06-18 00:00:00,21.0
2025-06-18 01:00:00,25.75
2025-06-18 02:00:00,23.75
2025-06-18 03:00:00,15.0
2025-06-18 04:00:00,14.25
2025-06-18 05:00:00,28.0
2025-06-18 06:00:00,26.0
2025-06-18 07:00:00,7.33
2025-06-18 08:00:00,30.0
2025-06-18 09:00:00,35.75
2025-06-18 10:00:00,36.25
2025-06-18 11:00:00,37.5
2025-06-18 12:00:00,39.25
2025-06-18 13:00:00,33.5
2025-06-18 14:00:00,37.75
2025-06-18 18:00:00,6.0
2025-06-18 19:00:00,16.0
2025-06-19 18:00:00,48.67
2025-06-19 19:00:00,55.25
2025-06-19 20:00:00,43.5
2025-06-19 21:00:00,38.0
2025-06-19 22:00:00,41.0
2025-06-19 23:00:00,36.5
2025-06-20 00:00:00,30.0
2025-06-20 01:00:00,22.5
2025-06-20 02:00:00,22.25
2025-06-20 03:00:00,18.0
2025-06-20 04:00:00,18.25
2025-06-20 05:00:00,15.25
2025-06-20 06:00:00,7.0
2025-06-20 07:00:00,13.75
2025-06-20 08:00:00,16.5
2025-06-20 09:00:00,50.25
2025-06-20 10:00:00,45.0
2025-06-20 11:00:00,31.75
2025-06-20 12:00:00,21.75
2025-06-20 13:00:00,29.5
2025-06-20 14:00:00,28.0
2025-06-20 15:00:00,23.5
2025-06-20 16:00:00,24.75
2025-06-20 17:00:00,22.75
2025-06-20 18:00:00,18.5
2025-06-20 19:00:00,25.5
2025-06-20 20:00:00,30.25
2025-06-20 21:00:00,30.75
2025-06-20 22:00:00,31.75
2025-06-20 23:00:00,34.75
2025-06-21 00:00:00,30.25
2025-06-21 01:00:00,30.5
2025-06-21 02:00:00,39.0
2025-06-21 03:00:00,31.25
2025-06-21 04:00:00,36.0
2025-06-21 05:00:00,30.5
2025-06-21 06:00:00,26.75
2025-06-21 07:00:00,19.75
2025-06-21 08:00:00,17.25
2025-06-21 09:00:00,21.75
2025-06-21 10:00:00,23.5
2025-06-21 11:00:00,26.0
2025-06-21 12:00:00,32.25
2025-06-21 13:00:00,19.0
2025-06-21 14:00:00,36.5
2025-06-21 15:00:00,23.5
2025-06-21 16:00:00,32.25
2025-06-21 17:00:00,21.25
2025-06-21 18:00:00,17.25
2025-06-21 19:00:00,23.5
2025-06-21 20:00:00,38.5
2025-06-21 21:00:00,48.75
2025-06-21 22:00:00,51.5
2025-06-21 23:00:00,38.0
2025-06-22 00:00:00,38.75
2025-06-22 01:00:00,51.0
2025-06-22 02:00:00,34.75
2025-06-22 03:00:00,41.25
2025-06-22 04:00:00,37.25
2025-06-22 05:00:00,15.5
2025-06-22 06:00:00,4.0
2025-06-22 07:00:00,7.0
2025-06-22 08:00:00,19.0
2025-06-22 09:00:00,34.75
2025-06-22 10:00:00,33.25
2025-06-22 11:00:00,10.25
2025-06-22 12:00:00,10.0
2025-06-22 13:00:00,19.5
2025-06-22 14:00:00,41.5
2025-06-22 15:00:00,45.75
2025-06-22 16:00:00,46.25
2025-06-22 17:00:00,24.5
2025-06-22 18:00:00,21.5
2025-06-22 19:00:00,30.0
2025-06-22 20:00:00,47.75
2025-06-22 21:00:00,48.0
2025-06-22 22:00:00,28.5
2025-06-22 23:00:00,34.25
2025-06-23 00:00:00,30.25
2025-06-23 01:00:00,33.5
2025-06-23 02:00:00,45.0
2025-06-23 03:00:00,50.5
2025-06-23 04:00:00,34.0
2025-06-23 05:00:00,29.0
2025-06-23 06:00:00,27.25
2025-06-23 07:00:00,35.75
2025-06-23 08:00:00,46.75
2025-06-23 09:00:00,57.5
2025-06-23 10:00:00,43.25
2025-06-23 11:00:00,38.5
2025-06-23 12:00:00,30.25
2025-06-23 13:00:00,42.0
2025-06-23 14:00:00,53.0
2025-06-23 15:00:00,45.75
2025-06-23 16:00:00,48.0
2025-06-23 17:00:00,44.25
2025-06-23 18:00:00,37.5
2025-06-23 19:00:00,46.0
2025-06-23 20:00:00,23.75
2025-06-23 21:00:00,18.5
2025-06-23 22:00:00,14.5
2025-06-23 23:00:00,29.0
2025-06-24 00:00:00,17.0
2025-06-24 01:00:00,33.5
2025-06-24 02:00:00,45.75
2025-06-24 03:00:00,39.25
2025-06-24 04:00:00,29.0
2025-06-24 05:00:00,23.75
2025-06-24 06:00:00,19.5
2025-06-24 07:00:00,27.0
2025-06-24 08:00:00,35.0
2025-06-24 09:00:00,37.25
2025-06-24 10:00:00,26.0
2025-06-24 11:00:00,10.0
2025-06-24 12:00:00,25.5
2025-06-24 13:00:00,38.5
2025-06-24 14:00:00,65.25
2025-06-24 15:00:00,50.5
2025-06-24 16:00:00,31.5
2025-06-24 17:00:00,28.0
2025-06-24 18:00:00,28.25
2025-06-24 19:00:00,40.25
2025-06-24 20:00:00,46.75
2025-06-24 21:00:00,38.0
2025-06-24 22:00:00,27.25
2025-06-24 23:00:00,28.25
2025-06-25 00:00:00,35.75
2025-06-25 01:00:00,54.0
2025-06-25 02:00:00,64.5
2025-06-25 03:00:00,57.75
2025-06-25 04:00:00,45.25
2025-06-25 05:00:00,49.75
2025-06-25 06:00:00,54.0
2025-06-25 07:00:00,70.5
2025-06-25 08:00:00,65.25
2025-06-25 09:00:00,49.25
2025-06-25 10:00:00,43.0
2025-06-25 11:00:00,52.25
2025-06-25 12:00:00,59.25
2025-06-25 13:00:00,58.5
2025-06-25 14:00:00,59.0
2025-06-25 15:00:00,56.25
2025-06-25 16:00:00,30.0
2025-06-25 17:00:00,27.5
2025-06-25 18:00:00,39.0
2025-06-25 19:00:00,51.5
2025-06-25 20:00:00,45.75
2025-06-25 21:00:00,32.25
2025-06-25 22:00:00,30.75
2025-06-25 23:00:00,28.75
2025-06-26 00:00:00,27.5
2025-06-26 01:00:00,41.25
2025-06-26 02:00:00,39.75
2025-06-26 03:00:00,26.75
2025-06-26 04:00:00,26.5
2025-06-26 05:00:00,20.25
2025-06-26 06:00:00,23.75
2025-06-26 07:00:00,37.75
2025-06-26 08:00:00,30.0
2025-06-26 09:00:00,10.0
2025-06-26 10:00:00,9.0
2025-06-26 11:00:00,10.25
2025-06-26 12:00:00,30.5
2025-06-26 13:00:00,34.25
2025-06-26 14:00:00,20.25
2025-06-26 15:00:00,14.25
2025-06-26 16:00:00,12.75
2025-06-26 17:00:00,10.5
2025-06-26 18:00:00,24.75
2025-06-26 19:00:00,31.75
2025-06-26 20:00:00,16.0
2025-06-26 21:00:00,16.75
2025-06-26 22:00:00,24.75
2025-06-26 23:00:00,29.0
2025-06-27 00:00:00,42.75
2025-06-27 01:00:00,45.0
2025-06-27 02:00:00,27.5
2025-06-27 03:00:00,9.25
2025-06-27 04:00:00,4.33
2025-06-27 05:00:00,12.5
2025-06-27 06:00:00,28.0
2025-06-27 07:00:00,31.5
2025-06-27 08:00:00,17.5
2025-06-27 09:00:00,14.0
2025-06-27 10:00:00,10.0
2025-06-27 11:00:00,9.0
2025-06-27 12:00:00,35.0
2025-06-27 13:00:00,26.0
2025-06-27 14:00:00,22.25
2025-06-27 15:00:00,8.25
2025-06-27 16:00:00,14.75
2025-06-27 17:00:00,17.5
2025-06-27 18:00:00,31.0
2025-06-27 19:00:00,27.5
2025-06-27 20:00:00,22.25
2025-06-27 21:00:00,27.0
2025-06-27 22:00:00,16.5
2025-06-27 23:00:00,16.75
2025-06-28 00:00:00,30.25
2025-06-28 01:00:00,35.25
2025-06-28 02:00:00,27.75
2025-06-28 03:00:00,8.5
2025-06-28 04:00:00,11.75
2025-06-28 05:00:00,17.5
2025-06-28 06:00:00,45.25
2025-06-28 07:00:00,55.75
2025-06-28 08:00:00,24.75
2025-06-28 09:00:00,41.75
2025-06-28 10:00:00,35.0
2025-06-28 11:00:00,40.25
2025-06-28 12:00:00,37.5
2025-06-28 13:00:00,42.0
2025-06-28 14:00:00,36.75
2025-06-28 15:00:00,38.0
2025-06-28 16:00:00,6.5
2025-06-28 17:00:00,0.5
2025-06-28 18:00:00,4.75
2025-06-28 19:00:00,13.5
2025-06-28 20:00:00,20.0
2025-06-28 21:00:00,35.25
2025-06-28 22:00:00,52.5
2025-06-28 23:00:00,35.25
2025-06-29 00:00:00,39.25
2025-06-29 01:00:00,40.5
2025-06-29 02:00:00,31.75
2025-06-29 03:00:00,24.0
2025-06-29 04:00:00,9.0
2025-06-29 05:00:00,7.25
2025-06-29 06:00:00,17.75
2025-06-29 07:00:00,26.5
2025-06-29 08:00:00,30.0
2025-06-29 09:00:00,25.0
2025-06-29 10:00:00,29.5
2025-06-29 11:00:00,43.75
2025-06-29 12:00:00,49.75
2025-06-29 13:00:00,35.5
2025-06-29 14:00:00,27.25
2025-06-29 15:00:00,12.25
2025-06-29 16:00:00,14.5
2025-06-29 17:00:00,21.5
2025-06-29 18:00:00,21.0
2025-06-29 19:00:00,26.25
2025-06-29 20:00:00,17.0
2025-06-29 21:00:00,25.75
2025-06-29 22:00:00,32.25
2025-06-29 23:00:00,21.5
2025-06-30 00:00:00,8.25
2025-06-30 01:00:00,6.75
2025-06-30 02:00:00,20.5
2025-06-30 03:00:00,13.25
2025-06-30 04:00:00,1.0
2025-06-30 05:00:00,9.5
2025-06-30 06:00:00,13.25
2025-06-30 07:00:00,6.0
2025-06-30 08:00:00,2.5
2025-06-30 09:00:00,4.0
2025-06-30 10:00:00,17.25
2025-06-30 11:00:00,24.5
2025-06-30 12:00:00,23.25
2025-06-30 13:00:00,36.25
2025-06-30 14:00:00,28.25
2025-06-30 15:00:00,33.5
2025-06-30 16:00:00,26.0
2025-06-30 17:00:00,23.0
2025-06-30 18:00:00,29.25
2025-06-30 19:00:00,35.25
2025-06-30 20:00:00,42.0
2025-06-30 21:00:00,15.75
2025-06-30 22:00:00,7.25
2025-06-30 23:00:00,29.75
2025-07-01 00:00:00,32.0
2025-07-01 01:00:00,19.25
2025-07-01 02:00:00,19.25
2025-07-01 03:00:00,45.75
2025-07-01 04:00:00,25.75
2025-07-01 05:00:00,15.0
2025-07-01 06:00:00,2.0
2025-07-01 07:00:00,7.0
2025-07-01 08:00:00,22.0
2025-07-01 09:00:00,17.75
2025-07-01 10:00:00,2.25
2025-07-01 11:00:00,15.25
2025-07-01 12:00:00,38.0
2025-07-01 13:00:00,16.75
2025-07-01 14:00:00,12.25
2025-07-01 15:00:00,13.25
2025-07-01 16:00:00,26.75
2025-07-01 17:00:00,16.5
2025-07-01 18:00:00,7.75
2025-07-01 19:00:00,12.67
2025-07-01 20:00:00,31.25
2025-07-01 21:00:00,26.75
2025-07-01 22:00:00,16.75
2025-07-01 23:00:00,16.25
2025-07-02 00:00:00,26.75
2025-07-02 01:00:00,43.25
2025-07-02 02:00:00,42.0
2025-07-02 03:00:00,20.75
2025-07-02 04:00:00,22.0
2025-07-02 05:00:00,41.33
2025-07-02 06:00:00,21.5
2025-07-02 07:00:00,6.67
2025-07-02 08:00:00,26.0
2025-07-02 09:00:00,27.25
2025-07-02 10:00:00,14.25
2025-07-02 11:00:00,4.0
2025-07-02 12:00:00,17.75
2025-07-02 13:00:00,34.25
2025-07-02 14:00:00,18.0
2025-07-02 15:00:00,1.67
2025-07-02 16:00:00,19.75
2025-07-02 17:00:00,30.5
2025-07-02 18:00:00,27.0
2025-07-02 19:00:00,9.25
2025-07-02 20:00:00,21.5
2025-07-02 21:00:00,38.75
2025-07-02 22:00:00,34.5
2025-07-02 23:00:00,18.75
2025-07-03 00:00:00,18.0
2025-07-03 01:00:00,35.25
2025-07-03 02:00:00,38.67
2025-07-03 03:00:00,16.25
2025-07-03 04:00:00,18.0
2025-07-03 05:00:00,24.5
2025-07-03 06:00:00,27.25
2025-07-03 07:00:00,9.5
2025-07-03 08:00:00,8.5
2025-07-03 09:00:00,31.75
2025-07-03 10:00:00,25.25
2025-07-03 11:00:00,22.25
2025-07-03 17:00:00,0.0
2025-07-03 18:00:00,10.5
2025-07-03 19:00:00,13.5
2025-07-03 20:00:00,23.0
2025-07-03 21:00:00,20.0
2025-07-03 22:00:00,31.25
2025-07-03 23:00:00,36.75
2025-07-04 00:00:00,34.25
2025-07-04 01:00:00,32.75
2025-07-04 02:00:00,23.75
2025-07-04 03:00:00,20.5
2025-07-04 04:00:00,13.25
2025-07-04 05:00:00,15.5
2025-07-04 06:00:00,12.5
2025-07-04 07:00:00,6.0
2025-07-04 08:00:00,6.75
2025-07-04 09:00:00,10.5
2025-07-04 10:00:00,14.25
2025-07-04 11:00:00,19.75
2025-07-04 12:00:00,13.75
2025-07-04 13:00:00,17.0
2025-07-04 14:00:00,23.0
2025-07-04 15:00:00,29.75
2025-07-04 16:00:00,11.75
2025-07-04 17:00:00,19.75
2025-07-04 18:00:00,19.75
2025-07-04 19:00:00,23.0
2025-07-04 20:00:00,22.5
2025-07-04 21:00:00,33.5
2025-07-04 22:00:00,31.25
2025-07-04 23:00:00,28.25
2025-07-05 00:00:00,41.25
2025-07-05 01:00:00,42.25
2025-07-05 02:00:00,34.75
2025-07-05 03:00:00,26.75
2025-07-05 04:00:00,29.25
2025-07-05 05:00:00,31.25
2025-07-05 06:00:00,20.25
2025-07-05 07:00:00,19.75
2025-07-05 08:00:00,20.0
2025-07-05 09:00:00,23.5
2025-07-05 10:00:00,17.75
2025-07-05 11:00:00,10.5
2025-07-05 12:00:00,27.75
2025-07-05 13:00:00,19.0
2025-07-05 14:00:00,35.0
2025-07-05 15:00:00,39.25
2025-07-05 16:00:00,27.0
2025-07-05 17:00:00,25.75
2025-07-05 18:00:00,21.5
2025-07-05 19:00:00,29.0
2025-07-05 20:00:00,35.25
2025-07-05 21:00:00,35.0
2025-07-05 22:00:00,33.25
2025-07-05 23:00:00,37.25
2025-07-06 00:00:00,33.75
2025-07-06 01:00:00,26.75
2025-07-06 02:00:00,25.25
2025-07-06 03:00:00,23.25
2025-07-06 04:00:00,22.0
2025-07-06 05:00:00,30.5
2025-07-06 06:00:00,33.0
2025-07-06 07:00:00,20.0
2025-07-06 08:00:00,19.67
2025-07-06 09:00:00,20.5
2025-07-06 10:00:00,7.75
2025-07-06 11:00:00,2.67
2025-07-06 12:00:00,15.0
2025-07-06 13:00:00,26.0
2025-07-06 14:00:00,27.0
2025-07-06 15:00:00,29.0
2025-07-06 16:00:00,36.75
2025-07-06 17:00:00,33.0
2025-07-06 18:00:00,36.75
2025-07-06 19:00:00,56.25
2025-07-06 20:00:00,64.5
2025-07-06 21:00:00,54.5
2025-07-06 22:00:00,56.75
2025-07-06 23:00:00,44.5
2025-07-07 00:00:00,34.0
2025-07-07 01:00:00,25.75
2025-07-07 02:00:00,7.5
2025-07-07 03:00:00,8.5
2025-07-07 04:00:00,3.5
2025-07-07 05:00:00,2.0
2025-07-07 06:00:00,6.0
2025-07-07 07:00:00,4.0
2025-07-07 08:00:00,1.25
2025-07-07 09:00:00,4.25
2025-07-07 10:00:00,12.0
2025-07-07 11:00:00,24.75
2025-07-07 12:00:00,5.75
2025-07-07 13:00:00,16.75
2025-07-07 14:00:00,10.0
2025-07-07 15:00:00,21.0
2025-07-07 16:00:00,30.5
2025-07-07 17:00:00,22.75
2025-07-07 18:00:00,17.75
2025-07-07 19:00:00,29.5
2025-07-07 20:00:00,32.5
2025-07-07 21:00:00,31.25
2025-07-07 22:00:00,30.75
2025-07-07 23:00:00,36.25
2025-07-08 00:00:00,37.75
2025-07-08 01:00:00,50.0
2025-07-08 02:00:00,54.25
2025-07-08 03:00:00,62.5
2025-07-08 04:00:00,60.0
2025-07-08 05:00:00,45.25
2025-07-08 06:00:00,32.5
2025-07-08 07:00:00,25.25
2025-07-08 08:00:00,16.25
2025-07-08 09:00:00,12.0
2025-07-08 10:00:00,24.25
2025-07-08 11:00:00,26.75
2025-07-08 12:00:00,24.75
2025-07-08 13:00:00,23.25
2025-07-08 14:00:00,23.25
2025-07-08 15:00:00,28.25
2025-07-08 16:00:00,21.25
2025-07-08 17:00:00,26.75
2025-07-08 18:00:00,15.75
2025-07-08 19:00:00,32.0
2025-07-08 20:00:00,33.0
2025-07-08 21:00:00,33.5
2025-07-08 22:00:00,43.5
2025-07-08 23:00:00,32.33
2025-07-09 00:00:00,22.75
2025-07-09 01:00:00,5.75
2025-07-09 02:00:00,5.75
2025-07-09 03:00:00,4.0
2025-07-09 04:00:00,6.0
2025-07-09 05:00:00,4.25
2025-07-09 06:00:00,12.25
2025-07-09 07:00:00,16.5
2025-07-09 08:00:00,20.5
2025-07-09 09:00:00,13.5
2025-07-09 10:00:00,12.75
2025-07-09 11:00:00,18.0
2025-07-09 12:00:00,19.5
2025-07-09 13:00:00,16.75
2025-07-09 14:00:00,22.75
2025-07-09 15:00:00,24.0
2025-07-09 16:00:00,27.75
2025-07-09 17:00:00,30.75
2025-07-09 18:00:00,32.25
2025-07-09 19:00:00,46.33
2025-07-09 20:00:00,0.0
2025-07-09 21:00:00,0.67
2025-07-09 22:00:00,3.5
2025-07-09 23:00:00,9.0
2025-07-10 00:00:00,7.0
2025-07-10 01:00:00,6.67
2025-07-10 02:00:00,1.25
2025-07-10 03:00:00,1.5
2025-07-10 04:00:00,8.5
2025-07-10 05:00:00,5.0
2025-07-10 06:00:00,10.25
2025-07-10 07:00:00,3.75
2025-07-10 08:00:00,13.75
2025-07-10 09:00:00,16.5
2025-07-10 10:00:00,10.25
2025-07-10 11:00:00,8.25
2025-07-10 12:00:00,6.75
2025-07-10 13:00:00,11.0
2025-07-10 14:00:00,12.75
2025-07-10 15:00:00,29.0
2025-07-10 16:00:00,28.75
2025-07-10 17:00:00,23.25
2025-07-10 18:00:00,21.75
2025-07-10 19:00:00,45.25
2025-07-10 20:00:00,45.25
2025-07-10 21:00:00,42.75
2025-07-10 22:00:00,39.0
2025-07-10 23:00:00,33.25
2025-07-11 00:00:00,27.75
2025-07-11 01:00:00,23.75
2025-07-11 02:00:00,28.25
2025-07-11 03:00:00,38.0
2025-07-11 04:00:00,31.75
2025-07-11 05:00:00,34.0
2025-07-11 06:00:00,38.5
2025-07-11 07:00:00,29.5
2025-07-11 08:00:00,25.5
2025-07-11 09:00:00,14.25
2025-07-11 10:00:00,15.5
2025-07-11 11:00:00,32.0
2025-07-11 12:00:00,6.25
2025-07-11 13:00:00,11.0
2025-07-11 14:00:00,19.0
2025-07-11 15:00:00,23.0
2025-07-11 16:00:00,22.5
2025-07-11 17:00:00,24.75
2025-07-11 18:00:00,19.75
2025-07-11 19:00:00,34.25
2025-07-11 20:00:00,45.25
2025-07-11 21:00:00,54.75
2025-07-11 22:00:00,51.75
2025-07-11 23:00:00,57.75
2025-07-12 00:00:00,62.0
2025-07-12 01:00:00,61.25
2025-07-12 02:00:00,40.75
2025-07-12 03:00:00,21.0
2025-07-12 04:00:00,18.75
2025-07-12 05:00:00,22.25
2025-07-12 06:00:00,24.0
2025-07-12 07:00:00,50.25
2025-07-12 08:00:00,50.25
2025-07-12 09:00:00,48.5
2025-07-12 10:00:00,41.0
2025-07-12 11:00:00,33.5
2025-07-12 12:00:00,35.25
2025-07-12 13:00:00,29.0
2025-07-12 14:00:00,24.25
2025-07-12 15:00:00,48.25
2025-07-12 16:00:00,46.75
2025-07-12 17:00:00,19.0
2025-07-12 18:00:00,9.0
2025-07-12 19:00:00,19.75
2025-07-12 20:00:00,25.75
2025-07-12 21:00:00,17.5
2025-07-12 22:00:00,26.0
2025-07-12 23:00:00,40.25
2025-07-13 00:00:00,37.25
2025-07-13 01:00:00,39.25
2025-07-13 02:00:00,30.75
2025-07-13 03:00:00,30.0
2025-07-13 04:00:00,37.0
2025-07-13 05:00:00,46.25
2025-07-13 06:00:00,36.25
2025-07-13 07:00:00,20.25
2025-07-13 08:00:00,19.0
2025-07-13 09:00:00,17.75
2025-07-13 10:00:00,20.0
2025-07-13 11:00:00,24.75
2025-07-13 12:00:00,20.25
2025-07-13 13:00:00,23.25
2025-07-13 14:00:00,20.75
2025-07-13 15:00:00,23.25
2025-07-13 16:00:00,14.0
2025-07-13 17:00:00,14.5
2025-07-13 18:00:00,21.75
2025-07-13 19:00:00,30.25
2025-07-13 21:00:00,7.33
2025-07-13 22:00:00,12.25
2025-07-13 23:00:00,12.75
2025-07-14 00:00:00,23.5
2025-07-14 01:00:00,18.25
2025-07-14 02:00:00,17.5
2025-07-14 03:00:00,10.5
2025-07-14 04:00:00,11.67
2025-07-14 05:00:00,15.75
2025-07-14 06:00:00,17.25
2025-07-14 07:00:00,21.5
2025-07-14 08:00:00,24.75
2025-07-14 09:00:00,20.5
2025-07-14 10:00:00,11.5
2025-07-14 11:00:00,15.67
2025-07-14 12:00:00,17.25
2025-07-14 13:00:00,18.75
2025-07-14 14:00:00,13.75
2025-07-14 15:00:00,8.0
2025-07-14 16:00:00,16.5
2025-07-14 17:00:00,23.0
2025-07-14 18:00:00,24.5
2025-07-14 19:00:00,20.0
2025-07-14 20:00:00,3.0
2025-07-14 21:00:00,9.0
2025-07-14 22:00:00,6.0
2025-07-14 23:00:00,15.75
2025-07-15 00:00:00,21.75
2025-07-15 02:00:00,1.5
2025-07-15 03:00:00,7.25
2025-07-15 04:00:00,18.5
2025-07-15 05:00:00,20.75
2025-07-15 06:00:00,5.0
2025-07-15 07:00:00,6.33
2025-07-15 08:00:00,4.75
2025-07-15 09:00:00,24.0
2025-07-15 10:00:00,14.75
2025-07-15 11:00:00,12.25
2025-07-15 12:00:00,10.5
2025-07-15 13:00:00,13.75
2025-07-15 14:00:00,29.25
2025-07-15 15:00:00,16.25
2025-07-15 16:00:00,17.5
2025-07-15 17:00:00,13.5
2025-07-15 18:00:00,31.25
2025-07-15 19:00:00,24.5
2025-07-15 20:00:00,15.0
2025-07-15 21:00:00,5.5
2025-07-15 22:00:00,6.67
2025-07-15 23:00:00,24.0
2025-07-16 00:00:00,24.75
2025-07-16 01:00:00,18.25
2025-07-16 02:00:00,12.75
2025-07-16 03:00:00,20.5
2025-07-16 04:00:00,30.0
2025-07-16 05:00:00,27.0
2025-07-16 06:00:00,14.0
2025-07-16 07:00:00,13.0
2025-07-16 08:00:00,19.25
2025-07-16 09:00:00,39.0
2025-07-16 10:00:00,18.25
2025-07-16 11:00:00,19.75
2025-07-16 12:00:00,17.75
2025-07-16 13:00:00,36.75
2025-07-16 14:00:00,16.75
2025-07-16 15:00:00,13.75
2025-07-16 16:00:00,19.75
2025-07-16 17:00:00,23.75
2025-07-16 18:00:00,28.25
2025-07-16 19:00:00,34.25
2025-07-16 20:00:00,16.5
2025-07-16 21:00:00,12.0
2025-07-16 22:00:00,19.75
2025-07-16 23:00:00,31.5
2025-07-17 00:00:00,32.25
2025-07-17 01:00:00,16.0
2025-07-17 02:00:00,17.25
2025-07-17 03:00:00,20.75
2025-07-17 04:00:00,22.75
2025-07-17 05:00:00,18.0
2025-07-17 07:00:00,2.33
2025-07-17 08:00:00,12.25
2025-07-17 09:00:00,19.0
2025-07-17 10:00:00,13.25
2025-07-17 11:00:00,10.75
2025-07-17 12:00:00,11.75
2025-07-17 13:00:00,27.0
2025-07-17 14:00:00,29.25
2025-07-17 15:00:00,31.25
2025-07-17 16:00:00,33.75
2025-07-17 17:00:00,21.75
2025-07-17 18:00:00,10.75
2025-07-17 19:00:00,15.25
2025-07-17 20:00:00,24.0
2025-07-17 21:00:00,31.0
2025-07-17 22:00:00,15.5
2025-07-17 23:00:00,0.25
2025-07-18 00:00:00,1.0
2025-07-18 01:00:00,13.0
2025-07-18 02:00:00,36.5
2025-07-18 03:00:00,19.0
2025-07-18 04:00:00,4.5
2025-07-18 05:00:00,6.75
2025-07-18 06:00:00,20.5
2025-07-18 07:00:00,26.25
2025-07-18 08:00:00,12.25
2025-07-18 09:00:00,14.75
2025-07-18 10:00:00,20.5
2025-07-18 11:00:00,37.5
2025-07-18 12:00:00,34.75
2025-07-18 13:00:00,26.5
2025-07-18 14:00:00,33.0
2025-07-18 15:00:00,24.25
2025-07-18 16:00:00,31.5
2025-07-18 17:00:00,22.0
2025-07-18 18:00:00,4.5
2025-07-18 19:00:00,7.0
2025-07-18 20:00:00,13.75
2025-07-18 21:00:00,36.0
2025-07-18 22:00:00,21.75
2025-07-18 23:00:00,14.67
2025-07-19 00:00:00,13.75
2025-07-19 01:00:00,18.0
2025-07-19 02:00:00,24.0
2025-07-19 03:00:00,13.0
2025-07-19 04:00:00,5.0
2025-07-19 05:00:00,6.25
2025-07-19 06:00:00,15.5
2025-07-19 07:00:00,24.0
2025-07-19 08:00:00,9.0
2025-07-19 09:00:00,3.0
2025-07-19 10:00:00,10.5
2025-07-19 11:00:00,21.0
2025-07-19 12:00:00,25.0
2025-07-19 13:00:00,19.25
2025-07-19 14:00:00,19.25
2025-07-19 15:00:00,19.0
2025-07-19 16:00:00,33.5
2025-07-19 17:00:00,17.75
2025-07-19 18:00:00,13.0
2025-07-19 19:00:00,12.67
2025-07-19 20:00:00,22.5
2025-07-19 21:00:00,40.0
2025-07-19 22:00:00,36.75
2025-07-19 23:00:00,26.25
2025-07-20 00:00:00,25.25
2025-07-20 01:00:00,52.0
2025-07-20 02:00:00,46.75
2025-07-20 03:00:00,21.75
2025-07-20 04:00:00,11.0
2025-07-20 05:00:00,12.25
2025-07-20 06:00:00,19.5
2025-07-20 07:00:00,19.75
2025-07-20 08:00:00,4.0
2025-07-20 09:00:00,5.25
2025-07-20 10:00:00,23.0
2025-07-20 11:00:00,43.75
2025-07-20 12:00:00,27.75
2025-07-20 13:00:00,16.0
2025-07-20 14:00:00,9.75
2025-07-20 15:00:00,24.0
2025-07-20 16:00:00,35.0
2025-07-20 17:00:00,20.0
2025-07-20 18:00:00,10.0
2025-07-20 19:00:00,18.0
2025-07-20 20:00:00,38.25
2025-07-20 21:00:00,49.5
2025-07-20 22:00:00,27.25
2025-07-20 23:00:00,20.5
2025-07-21 00:00:00,24.0
2025-07-21 01:00:00,40.5
2025-07-21 02:00:00,37.5
2025-07-21 03:00:00,25.0
2025-07-21 04:00:00,21.5
2025-07-21 05:00:00,21.75
2025-07-21 06:00:00,40.25
2025-07-21 07:00:00,34.5
2025-07-21 08:00:00,32.0
2025-07-21 09:00:00,23.0
2025-07-21 10:00:00,42.75
2025-07-21 11:00:00,55.5
2025-07-21 12:00:00,41.0
2025-07-21 13:00:00,21.5
2025-07-21 14:00:00,15.0
2025-07-21 15:00:00,30.5
2025-07-21 16:00:00,38.0
2025-07-21 17:00:00,26.25
2025-07-21 18:00:00,19.5
2025-07-21 19:00:00,4.5
2025-07-21 20:00:00,28.75
2025-07-21 21:00:00,43.25
2025-07-21 22:00:00,34.75
2025-07-21 23:00:00,33.0
2025-07-22 00:00:00,42.0
2025-07-22 01:00:00,63.25
2025-07-22 02:00:00,75.25
2025-07-22 03:00:00,58.0
2025-07-22 04:00:00,38.0
2025-07-22 05:00:00,42.0
2025-07-22 06:00:00,40.5
2025-07-22 07:00:00,44.5
2025-07-22 08:00:00,20.75
2025-07-22 09:00:00,14.5
2025-07-22 10:00:00,42.5
2025-07-22 11:00:00,35.25
2025-07-22 12:00:00,3.33
2025-07-22 13:00:00,14.0
2025-07-22 14:00:00,33.0
2025-07-22 15:00:00,36.0
2025-07-22 16:00:00,33.0
2025-07-22 17:00:00,41.5
2025-07-22 18:00:00,40.0
2025-07-22 19:00:00,44.75
2025-07-22 20:00:00,34.75
2025-07-22 21:00:00,27.0
2025-07-22 22:00:00,20.75
2025-07-22 23:00:00,11.5
2025-07-23 00:00:00,7.75
2025-07-23 01:00:00,12.0
2025-07-23 02:00:00,14.25
2025-07-23 03:00:00,14.25
2025-07-23 04:00:00,17.75
2025-07-23 05:00:00,18.75
2025-07-23 06:00:00,27.0
2025-07-23 07:00:00,33.0
2025-07-23 08:00:00,43.0
2025-07-23 09:00:00,13.25
2025-07-23 10:00:00,6.25
2025-07-23 11:00:00,15.75
2025-07-23 12:00:00,16.25
2025-07-23 13:00:00,30.5
2025-07-23 14:00:00,34.67
2025-07-23 15:00:00,33.5
2025-07-23 16:00:00,28.0
2025-07-23 17:00:00,37.75
2025-07-23 18:00:00,44.0
2025-07-23 19:00:00,30.0
2025-07-23 20:00:00,28.5
2025-07-23 21:00:00,25.5
2025-07-23 22:00:00,24.75
2025-07-23 23:00:00,28.75
2025-07-24 00:00:00,30.0
2025-07-24 01:00:00,27.5
2025-07-24 02:00:00,29.5
2025-07-24 03:00:00,17.25
2025-07-24 04:00:00,12.25
2025-07-24 05:00:00,10.25
2025-07-24 06:00:00,8.0
2025-07-24 07:00:00,11.75
2025-07-24 08:00:00,26.25
2025-07-24 09:00:00,30.25
2025-07-24 10:00:00,26.75
2025-07-24 11:00:00,32.75
2025-07-24 12:00:00,35.25
2025-07-24 13:00:00,44.0
2025-07-24 14:00:00,39.25
2025-07-24 15:00:00,26.5
2025-07-24 16:00:00,32.33
2025-07-24 17:00:00,36.75
2025-07-24 18:00:00,43.25
2025-07-24 19:00:00,45.25
2025-07-24 20:00:00,41.5
2025-07-24 21:00:00,55.75
2025-07-24 22:00:00,47.5
2025-07-24 23:00:00,41.25
2025-07-25 00:00:00,49.25
2025-07-25 01:00:00,64.0
2025-07-25 02:00:00,57.5
2025-07-25 03:00:00,39.0
2025-07-25 04:00:00,34.75
2025-07-25 05:00:00,46.5
2025-07-25 06:00:00,38.5
2025-07-25 07:00:00,13.0
2025-07-25 08:00:00,21.25
2025-07-25 09:00:00,35.25
2025-07-25 10:00:00,38.5
2025-07-25 11:00:00,33.0
2025-07-25 12:00:00,33.75
2025-07-25 13:00:00,33.25
2025-07-25 14:00:00,31.5
2025-07-25 15:00:00,33.75
2025-07-25 16:00:00,31.25
2025-07-25 17:00:00,36.25
2025-07-25 18:00:00,29.33
2025-07-25 19:00:00,26.33
2025-07-25 20:00:00,26.67
2025-07-25 21:00:00,31.25
2025-07-25 22:00:00,33.5
2025-07-25 23:00:00,23.0
2025-07-26 00:00:00,27.75
2025-07-26 01:00:00,22.0
2025-07-26 02:00:00,13.67
2025-07-26 03:00:00,4.0
2025-07-26 04:00:00,2.75
2025-07-26 05:00:00,9.75
2025-07-26 06:00:00,21.0
2025-07-26 07:00:00,11.5
2025-07-26 08:00:00,13.25
2025-07-26 09:00:00,19.75
2025-07-26 10:00:00,36.75
2025-07-26 11:00:00,37.5
2025-07-26 12:00:00,33.0
2025-07-26 13:00:00,35.75
2025-07-26 14:00:00,26.25
2025-07-26 15:00:00,14.75
2025-07-26 16:00:00,6.75
2025-07-26 17:00:00,15.75
2025-07-26 18:00:00,16.25
2025-07-26 19:00:00,22.5
2025-07-26 20:00:00,25.75
2025-07-26 21:00:00,31.0
2025-07-26 22:00:00,37.25
2025-07-26 23:00:00,36.75
2025-07-27 00:00:00,26.75
2025-07-27 01:00:00,24.0
2025-07-27 02:00:00,47.75
2025-07-27 03:00:00,35.5
2025-07-27 04:00:00,34.0
2025-07-27 05:00:00,16.25
2025-07-27 06:00:00,15.25
2025-07-27 07:00:00,13.25
2025-07-27 08:00:00,7.75
2025-07-27 09:00:00,5.75
2025-07-27 10:00:00,11.0
2025-07-27 11:00:00,20.0
2025-07-27 12:00:00,11.75
2025-07-27 13:00:00,14.25
2025-07-27 14:00:00,27.0
2025-07-27 15:00:00,22.75
2025-07-27 16:00:00,17.5
2025-07-27 17:00:00,7.75
2025-07-27 18:00:00,20.5
2025-07-27 19:00:00,26.25
2025-07-27 20:00:00,21.25
2025-07-27 21:00:00,15.75
2025-07-27 22:00:00,19.25
2025-07-27 23:00:00,29.5
2025-07-28 00:00:00,13.25
2025-07-28 01:00:00,10.5
2025-07-28 02:00:00,14.0
2025-07-28 03:00:00,24.25
2025-07-28 04:00:00,19.25
2025-07-28 05:00:00,18.5
2025-07-28 06:00:00,20.0
2025-07-28 07:00:00,31.5
2025-07-28 08:00:00,25.25
2025-07-28 09:00:00,21.0
2025-07-28 10:00:00,16.0
2025-07-28 11:00:00,27.75
2025-07-28 12:00:00,38.75
2025-07-28 13:00:00,26.75
2025-07-28 14:00:00,37.0
2025-07-28 15:00:00,33.0
2025-07-28 16:00:00,37.5
2025-07-28 17:00:00,37.25
2025-07-28 18:00:00,38.33
2025-07-28 19:00:00,52.33
2025-07-28 20:00:00,51.0
2025-07-28 21:00:00,14.0
2025-07-28 22:00:00,18.5
2025-07-28 23:00:00,27.5
2025-07-29 00:00:00,36.75
2025-07-29 01:00:00,20.0
2025-07-29 02:00:00,21.25
2025-07-29 03:00:00,25.25
2025-07-29 04:00:00,10.25
2025-07-29 05:00:00,14.0
2025-07-29 06:00:00,7.0
2025-07-29 07:00:00,18.25
2025-07-29 08:00:00,18.75
2025-07-29 09:00:00,32.75
2025-07-29 10:00:00,16.0
2025-07-29 11:00:00,5.5
2025-07-29 12:00:00,14.0
2025-07-29 13:00:00,7.67
2025-07-29 14:00:00,7.0
2025-07-29 15:00:00,3.25
2025-07-29 16:00:00,7.0
2025-07-29 17:00:00,18.5
2025-07-29 18:00:00,24.25
2025-07-29 19:00:00,18.25
2025-07-29 20:00:00,11.75
2025-07-29 21:00:00,21.75
2025-07-29 22:00:00,14.25
2025-07-29 23:00:00,9.0
2025-07-30 00:00:00,12.33
2025-07-30 01:00:00,21.0
2025-07-30 02:00:00,15.5
2025-07-30 03:00:00,25.25
2025-07-30 04:00:00,16.0
2025-07-30 05:00:00,25.75
2025-07-30 06:00:00,19.0
2025-07-30 07:00:00,7.25
2025-07-30 08:00:00,15.0
2025-07-30 09:00:00,18.0
2025-07-30 10:00:00,20.25
2025-07-30 11:00:00,17.25
2025-07-30 12:00:00,28.5
2025-07-30 13:00:00,29.0
2025-07-30 14:00:00,34.5
2025-07-30 15:00:00,21.75
2025-07-30 16:00:00,18.5
2025-07-30 17:00:00,11.25
2025-07-30 18:00:00,7.0
2025-07-30 19:00:00,20.75
2025-07-30 20:00:00,16.25
2025-07-30 21:00:00,37.75
2025-07-30 22:00:00,12.33
2025-07-30 23:00:00,2.67
2025-07-31 00:00:00,1.67
2025-07-31 01:00:00,5.33
2025-07-31 02:00:00,6.0
2025-07-31 03:00:00,9.67
2025-07-31 04:00:00,8.0
2025-07-31 05:00:00,12.75
2025-07-31 06:00:00,2.33
2025-07-31 07:00:00,6.0
2025-07-31 08:00:00,11.5
2025-07-31 09:00:00,26.25
2025-07-31 10:00:00,29.75
2025-07-31 11:00:00,32.5
2025-07-31 12:00:00,31.0
2025-07-31 13:00:00,32.0
2025-07-31 14:00:00,31.25
2025-07-31 15:00:00,8.67
2025-07-31 16:00:00,2.0
2025-07-31 17:00:00,12.5
2025-07-31 18:00:00,22.33
2025-07-31 19:00:00,18.75
2025-07-31 20:00:00,22.25
2025-07-31 21:00:00,19.5
2025-07-31 22:00:00,19.75
2025-07-31 23:00:00,22.0
2025-08-01 00:00:00,30.0
2025-08-01 01:00:00,40.75
2025-08-01 02:00:00,64.75
2025-08-01 03:00:00,31.0
2025-08-01 04:00:00,7.25
2025-08-01 05:00:00,3.5
2025-08-01 06:00:00,8.25
2025-08-01 07:00:00,2.33
2025-08-01 08:00:00,19.75
2025-08-01 09:00:00,27.0
2025-08-01 10:00:00,32.25
2025-08-01 11:00:00,25.0
2025-08-01 12:00:00,23.75
2025-08-01 13:00:00,24.25
2025-08-01 14:00:00,29.25
2025-08-01 15:00:00,22.0
2025-08-01 16:00:00,26.75
2025-08-01 17:00:00,16.0
2025-08-01 18:00:00,28.75
2025-08-01 19:00:00,27.0
2025-08-01 20:00:00,23.75
2025-08-01 21:00:00,21.0
2025-08-01 22:00:00,26.75
2025-08-01 23:00:00,21.0
2025-08-02 00:00:00,22.75
2025-08-02 01:00:00,24.5
2025-08-02 02:00:00,21.0
2025-08-02 03:00:00,17.33
2025-08-02 04:00:00,19.5
2025-08-02 05:00:00,24.5
2025-08-02 06:00:00,32.5
2025-08-02 07:00:00,23.75
2025-08-02 08:00:00,27.5
2025-08-02 09:00:00,29.5
2025-08-02 10:00:00,33.0
2025-08-02 11:00:00,27.0
2025-08-02 12:00:00,42.5
2025-08-02 13:00:00,24.5
2025-08-02 14:00:00,41.5
2025-08-02 15:00:00,32.75
2025-08-02 16:00:00,26.0
2025-08-02 17:00:00,21.5
2025-08-02 18:00:00,28.0
2025-08-02 19:00:00,30.0
2025-08-02 20:00:00,18.75
2025-08-02 21:00:00,26.5
2025-08-02 22:00:00,16.25
2025-08-02 23:00:00,21.0
2025-08-03 00:00:00,21.75
2025-08-03 01:00:00,22.75
2025-08-03 02:00:00,19.33
2025-08-03 03:00:00,5.0
2025-08-03 04:00:00,6.33
2025-08-03 05:00:00,10.0
2025-08-03 06:00:00,15.33
2025-08-03 07:00:00,15.5
2025-08-03 08:00:00,16.5
2025-08-03 09:00:00,21.5
2025-08-03 10:00:00,28.0
2025-08-03 11:00:00,26.25
2025-08-03 12:00:00,24.5
2025-08-03 13:00:00,31.5
2025-08-03 14:00:00,40.0
2025-08-03 15:00:00,43.0
2025-08-03 16:00:00,35.25
2025-08-03 17:00:00,34.0
2025-08-03 18:00:00,35.5
2025-08-03 19:00:00,42.75
2025-08-03 20:00:00,34.75
2025-08-03 21:00:00,35.5
2025-08-03 22:00:00,38.5
2025-08-03 23:00:00,42.75
2025-08-04 00:00:00,35.5
2025-08-04 01:00:00,37.25
2025-08-04 02:00:00,43.75
2025-08-04 03:00:00,35.75
2025-08-04 04:00:00,22.0
2025-08-04 05:00:00,25.0
2025-08-04 06:00:00,28.25
2025-08-04 07:00:00,29.5
2025-08-04 08:00:00,25.0
2025-08-04 09:00:00,22.25
2025-08-04 10:00:00,30.25
2025-08-04 11:00:00,30.5
2025-08-04 12:00:00,27.25
2025-08-04 13:00:00,25.0
2025-08-04 14:00:00,33.0
2025-08-04 15:00:00,38.5
2025-08-04 16:00:00,29.75
2025-08-04 17:00:00,25.25
2025-08-04 18:00:00,26.5
2025-08-04 19:00:00,35.75
2025-08-04 20:00:00,22.75
2025-08-04 21:00:00,21.5
2025-08-04 22:00:00,29.25
2025-08-04 23:00:00,36.75
2025-08-05 00:00:00,33.25
2025-08-05 01:00:00,34.75
2025-08-05 02:00:00,38.0
2025-08-05 03:00:00,32.25
2025-08-05 04:00:00,21.0
2025-08-05 05:00:00,24.25
2025-08-05 06:00:00,23.25
2025-08-05 07:00:00,26.0
2025-08-05 08:00:00,23.5
2025-08-05 09:00:00,20.5
2025-08-05 10:00:00,24.5
2025-08-05 11:00:00,33.25
2025-08-05 12:00:00,220.5
2025-08-05 14:00:00,51.0
2025-08-05 15:00:00,50.75
2025-08-05 16:00:00,47.0
2025-08-05 17:00:00,41.0
2025-08-05 18:00:00,24.5
2025-08-05 19:00:00,23.5
2025-08-05 20:00:00,19.75
2025-08-05 21:00:00,23.25
2025-08-05 22:00:00,30.75
2025-08-05 23:00:00,37.25
2025-08-06 00:00:00,29.5
2025-08-06 01:00:00,19.75
2025-08-06 02:00:00,25.0
2025-08-06 03:00:00,17.5
2025-08-06 04:00:00,27.0
2025-08-06 05:00:00,24.25
2025-08-06 06:00:00,25.75
2025-08-06 07:00:00,23.25
2025-08-06 08:00:00,20.25
2025-08-06 09:00:00,19.75
2025-08-06 10:00:00,20.75
2025-08-06 11:00:00,22.0
2025-08-06 12:00:00,29.0
2025-08-06 13:00:00,31.25
2025-08-06 14:00:00,28.0
2025-08-06 15:00:00,31.5
2025-08-06 16:00:00,34.5
2025-08-06 17:00:00,33.0
2025-08-06 18:00:00,36.75
2025-08-06 19:00:00,35.0
2025-08-06 20:00:00,34.5
2025-08-06 21:00:00,38.25
2025-08-06 22:00:00,39.75
2025-08-06 23:00:00,42.25
2025-08-07 00:00:00,43.75
2025-08-07 01:00:00,42.0
2025-08-07 02:00:00,36.5
2025-08-07 03:00:00,27.0
2025-08-07 04:00:00,27.75
2025-08-07 05:00:00,19.25
2025-08-07 06:00:00,22.0
2025-08-07 07:00:00,10.25
2025-08-07 08:00:00,22.25
2025-08-07 09:00:00,21.75
2025-08-07 10:00:00,24.0
2025-08-07 11:00:00,28.75
2025-08-07 12:00:00,39.0
2025-08-07 13:00:00,38.5
2025-08-07 14:00:00,36.0
2025-08-07 15:00:00,30.0
2025-08-07 16:00:00,26.75
2025-08-07 17:00:00,34.5
2025-08-07 18:00:00,18.75
2025-08-07 19:00:00,21.75
2025-08-07 20:00:00,26.5
2025-08-07 21:00:00,37.25
2025-08-07 22:00:00,28.0
2025-08-07 23:00:00,28.0
2025-08-08 00:00:00,32.25
2025-08-08 01:00:00,23.75
2025-08-08 02:00:00,22.5
2025-08-08 03:00:00,31.25
2025-08-08 04:00:00,23.5
2025-08-08 05:00:00,14.0
2025-08-08 06:00:00,27.5
2025-08-08 07:00:00,18.5
2025-08-08 08:00:00,14.75
2025-08-08 09:00:00,29.75
2025-08-08 10:00:00,27.5
2025-08-08 11:00:00,26.25
2025-08-08 12:00:00,33.5
2025-08-08 13:00:00,40.25
2025-08-08 14:00:00,30.5
2025-08-08 15:00:00,34.25
2025-08-08 16:00:00,35.75
2025-08-08 17:00:00,29.25
2025-08-08 18:00:00,35.0
2025-08-08 19:00:00,38.5
2025-08-08 20:00:00,27.75
2025-08-08 21:00:00,32.25
2025-08-08 22:00:00,44.75
2025-08-08 23:00:00,24.75
2025-08-09 00:00:00,19.67
2025-08-09 01:00:00,21.75
2025-08-09 02:00:00,9.0
2025-08-09 03:00:00,14.67
2025-08-09 04:00:00,23.25
2025-08-09 05:00:00,21.0
2025-08-09 06:00:00,23.5
2025-08-09 07:00:00,17.25
2025-08-09 08:00:00,12.0
2025-08-09 09:00:00,11.0
2025-08-09 10:00:00,16.5
2025-08-09 11:00:00,18.5
2025-08-09 12:00:00,11.5
2025-08-09 13:00:00,26.75
2025-08-09 14:00:00,28.75
2025-08-09 15:00:00,21.5
2025-08-09 16:00:00,17.5
2025-08-09 17:00:00,10.0
2025-08-09 18:00:00,17.5
2025-08-09 19:00:00,23.0
2025-08-09 20:00:00,28.0
2025-08-09 21:00:00,30.25
2025-08-09 22:00:00,34.25
2025-08-09 23:00:00,35.5
2025-08-10 00:00:00,35.5
2025-08-10 01:00:00,34.5
2025-08-10 02:00:00,31.0
2025-08-10 03:00:00,34.0
2025-08-10 04:00:00,31.75
2025-08-10 05:00:00,24.0
2025-08-10 06:00:00,31.0
2025-08-10 07:00:00,28.75
2025-08-10 08:00:00,37.0
2025-08-10 09:00:00,28.5
2025-08-10 10:00:00,28.0
2025-08-10 11:00:00,35.5
2025-08-10 12:00:00,31.0
2025-08-10 13:00:00,30.0
2025-08-10 14:00:00,30.5
2025-08-10 15:00:00,28.75
2025-08-10 16:00:00,32.75
2025-08-10 17:00:00,21.5
2025-08-10 18:00:00,33.25
2025-08-10 19:00:00,34.75
2025-08-10 20:00:00,37.25
2025-08-10 21:00:00,41.0
2025-08-10 22:00:00,34.75
2025-08-10 23:00:00,36.25
2025-08-11 00:00:00,32.75
2025-08-11 01:00:00,29.75
2025-08-11 02:00:00,19.75
2025-08-11 03:00:00,26.25
2025-08-11 04:00:00,23.75
2025-08-11 05:00:00,27.25
2025-08-11 06:00:00,26.25
2025-08-11 07:00:00,21.5
2025-08-11 08:00:00,18.5
2025-08-11 09:00:00,22.0
2025-08-11 10:00:00,19.0
2025-08-11 11:00:00,31.25
2025-08-11 12:00:00,26.0
2025-08-11 13:00:00,25.0
2025-08-11 14:00:00,32.0
2025-08-11 15:00:00,39.75
2025-08-11 16:00:00,43.75
2025-08-11 17:00:00,30.25
2025-08-11 18:00:00,18.25
2025-08-11 19:00:00,24.5
2025-08-11 20:00:00,30.0
2025-08-11 21:00:00,45.0
2025-08-11 22:00:00,45.75
2025-08-11 23:00:00,45.5
2025-08-12 00:00:00,40.5
2025-08-12 01:00:00,31.5
2025-08-12 02:00:00,36.25
2025-08-12 03:00:00,29.25
2025-08-12 04:00:00,20.67
2025-08-12 05:00:00,5.0
2025-08-12 06:00:00,8.75
2025-08-12 07:00:00,14.25
2025-08-12 08:00:00,21.75
2025-08-12 09:00:00,25.0
2025-08-12 10:00:00,12.0
2025-08-12 11:00:00,18.25
2025-08-12 12:00:00,24.5
2025-08-12 13:00:00,28.25
2025-08-12 14:00:00,33.0
2025-08-12 15:00:00,32.0
2025-08-12 16:00:00,37.25
2025-08-12 17:00:00,31.25
2025-08-12 18:00:00,28.25
2025-08-12 19:00:00,34.5
2025-08-12 20:00:00,39.0
2025-08-12 21:00:00,44.25
2025-08-12 22:00:00,41.75
2025-08-12 23:00:00,46.5
2025-08-13 00:00:00,47.5
2025-08-13 01:00:00,46.0
2025-08-13 02:00:00,52.25
2025-08-13 03:00:00,42.75
2025-08-13 04:00:00,39.5
2025-08-13 05:00:00,30.0
2025-08-13 06:00:00,36.75
2025-08-13 07:00:00,42.5
2025-08-13 08:00:00,30.25
2025-08-13 09:00:00,16.75
2025-08-13 10:00:00,19.75
2025-08-13 11:00:00,24.5
2025-08-13 12:00:00,29.0
2025-08-13 13:00:00,25.75
2025-08-13 14:00:00,36.5
2025-08-13 15:00:00,29.0
2025-08-13 18:00:00,35.0
2025-08-13 19:00:00,43.75
2025-08-13 20:00:00,30.0
2025-08-13 21:00:00,37.25
2025-08-13 22:00:00,47.75
2025-08-13 23:00:00,56.67
2025-08-14 00:00:00,53.75
2025-08-14 01:00:00,33.75
2025-08-14 02:00:00,16.25
2025-08-14 03:00:00,24.5
2025-08-14 04:00:00,23.33
2025-08-14 05:00:00,17.5
2025-08-14 06:00:00,5.33
2025-08-14 07:00:00,8.0
2025-08-14 08:00:00,17.25
2025-08-14 09:00:00,11.75
2025-08-14 10:00:00,3.33
2025-08-14 12:00:00,7.25
2025-08-14 13:00:00,12.0
2025-08-14 14:00:00,22.25
2025-08-14 15:00:00,6.25
2025-08-14 16:00:00,11.75
2025-08-14 17:00:00,19.0
2025-08-14 18:00:00,21.75
2025-08-14 19:00:00,28.33
2025-08-14 20:00:00,38.75
2025-08-14 21:00:00,36.25
2025-08-14 22:00:00,39.25
2025-08-14 23:00:00,32.25
2025-08-15 00:00:00,23.5
2025-08-15 01:00:00,20.0
2025-08-15 02:00:00,17.75
2025-08-15 03:00:00,19.75
2025-08-15 04:00:00,27.25
2025-08-15 05:00:00,31.25
2025-08-15 06:00:00,34.25
2025-08-15 07:00:00,35.75
2025-08-15 08:00:00,30.75
2025-08-15 09:00:00,44.0
2025-08-15 10:00:00,46.75
2025-08-15 11:00:00,32.25
2025-08-15 12:00:00,21.25
2025-08-15 13:00:00,17.5
2025-08-15 14:00:00,25.25
2025-08-15 15:00:00,24.0
2025-08-15 16:00:00,25.0
2025-08-15 17:00:00,30.25
2025-08-15 18:00:00,28.5
2025-08-15 19:00:00,42.5
2025-08-15 20:00:00,63.25
2025-08-15 21:00:00,59.0
2025-08-15 22:00:00,52.25
2025-08-15 23:00:00,58.5
2025-08-16 00:00:00,48.0
2025-08-16 01:00:00,41.5
2025-08-16 02:00:00,37.25
2025-08-16 03:00:00,34.5
2025-08-16 04:00:00,36.75
2025-08-16 05:00:00,34.0
2025-08-16 06:00:00,31.0
2025-08-16 07:00:00,29.5
2025-08-16 08:00:00,32.5
2025-08-16 09:00:00,23.0
2025-08-16 10:00:00,19.5
2025-08-16 11:00:00,16.0
2025-08-16 12:00:00,24.5
2025-08-16 13:00:00,24.5
2025-08-16 14:00:00,35.25
2025-08-16 15:00:00,27.5
2025-08-16 16:00:00,41.25
2025-08-16 17:00:00,27.25
2025-08-16 18:00:00,33.75
2025-08-16 19:00:00,41.5
2025-08-16 20:00:00,43.5
2025-08-16 21:00:00,33.5
2025-08-16 22:00:00,32.0
2025-08-16 23:00:00,31.25
2025-08-17 00:00:00,33.0
2025-08-17 01:00:00,37.0
2025-08-17 02:00:00,42.25
2025-08-17 03:00:00,31.0
2025-08-17 04:00:00,25.0
2025-08-17 05:00:00,27.5
2025-08-17 06:00:00,16.25
2025-08-17 07:00:00,10.25
2025-08-17 08:00:00,22.0
2025-08-17 09:00:00,23.25
2025-08-17 10:00:00,16.0
2025-08-17 11:00:00,20.75
2025-08-17 12:00:00,30.33
2025-08-17 13:00:00,19.33
2025-08-17 14:00:00,31.0
2025-08-17 15:00:00,17.25
2025-08-17 16:00:00,18.5
2025-08-17 17:00:00,23.25
2025-08-17 18:00:00,14.25
2025-08-17 19:00:00,22.5
2025-08-17 20:00:00,30.5
2025-08-17 21:00:00,37.0
2025-08-17 22:00:00,36.0
2025-08-17 23:00:00,35.0
2025-08-18 00:00:00,31.25
2025-08-18 01:00:00,29.0
2025-08-18 02:00:00,23.25
2025-08-18 03:00:00,22.75
2025-08-18 04:00:00,20.75
2025-08-18 05:00:00,27.0
2025-08-18 06:00:00,23.25
2025-08-18 07:00:00,22.25
2025-08-18 08:00:00,17.75
2025-08-18 09:00:00,27.75
2025-08-18 10:00:00,31.75
2025-08-18 11:00:00,29.25
2025-08-18 12:00:00,33.5
2025-08-18 13:00:00,32.25
2025-08-18 14:00:00,20.5
2025-08-18 15:00:00,13.5
2025-08-18 16:00:00,9.75
2025-08-18 17:00:00,13.0
2025-08-18 18:00:00,22.0
2025-08-18 19:00:00,20.0
2025-08-18 20:00:00,23.25
2025-08-18 21:00:00,28.5
2025-08-18 22:00:00,34.25
2025-08-18 23:00:00,35.75
2025-08-19 00:00:00,31.75
2025-08-19 01:00:00,45.25
2025-08-19 02:00:00,49.0
2025-08-19 03:00:00,31.0
2025-08-19 04:00:00,21.0
2025-08-19 05:00:00,16.75
2025-08-19 06:00:00,19.75
2025-08-19 07:00:00,19.75
2025-08-19 08:00:00,27.0
2025-08-19 09:00:00,14.0
2025-08-19 10:00:00,12.25
2025-08-19 11:00:00,21.0
2025-08-19 12:00:00,14.25
2025-08-19 13:00:00,34.75
2025-08-19 14:00:00,18.5
2025-08-19 15:00:00,8.25
2025-08-19 16:00:00,10.5
2025-08-19 17:00:00,26.25
2025-08-19 18:00:00,34.75
2025-08-19 19:00:00,23.75
2025-08-19 20:00:00,22.75
2025-08-19 21:00:00,26.75
2025-08-19 22:00:00,27.75
2025-08-19 23:00:00,34.25
2025-08-20 00:00:00,31.0
2025-08-20 01:00:00,26.0
2025-08-20 02:00:00,27.5
2025-08-20 03:00:00,22.75
2025-08-20 04:00:00,16.5
2025-08-20 05:00:00,21.25
2025-08-20 06:00:00,16.75
2025-08-20 07:00:00,22.0
2025-08-20 08:00:00,12.0
2025-08-20 09:00:00,11.75
2025-08-20 10:00:00,9.67
2025-08-20 11:00:00,12.25
2025-08-20 12:00:00,17.0
2025-08-20 13:00:00,20.0
2025-08-20 14:00:00,12.5
2025-08-20 15:00:00,13.0
2025-08-20 16:00:00,16.0
2025-08-20 17:00:00,14.0
2025-08-20 18:00:00,4.5
2025-08-20 19:00:00,9.25
2025-08-20 20:00:00,28.0
2025-08-20 21:00:00,19.25
2025-08-20 22:00:00,21.75
2025-08-20 23:00:00,18.75
2025-08-21 00:00:00,15.25
2025-08-21 01:00:00,16.25
2025-08-21 02:00:00,15.5
2025-08-21 03:00:00,22.5
2025-08-21 04:00:00,27.25
2025-08-21 05:00:00,15.0
2025-08-21 06:00:00,15.75
2025-08-21 07:00:00,9.25
2025-08-21 08:00:00,19.25
2025-08-21 09:00:00,22.25
2025-08-21 10:00:00,21.5
2025-08-21 11:00:00,24.5
2025-08-21 12:00:00,20.0
2025-08-21 13:00:00,28.25
2025-08-21 14:00:00,34.5
2025-08-21 15:00:00,30.25
2025-08-21 16:00:00,9.25
2025-08-21 17:00:00,12.0
2025-08-21 18:00:00,22.5
2025-08-21 19:00:00,34.0
2025-08-21 20:00:00,53.25
2025-08-21 21:00:00,42.75
2025-08-21 22:00:00,33.5
2025-08-21 23:00:00,34.0
2025-08-22 00:00:00,23.25
2025-08-22 01:00:00,22.25
2025-08-22 02:00:00,34.75
2025-08-22 03:00:00,37.0
2025-08-22 04:00:00,46.75
2025-08-22 05:00:00,41.0
2025-08-22 06:00:00,30.5
2025-08-22 07:00:00,39.25
2025-08-22 08:00:00,73.75
2025-08-22 09:00:00,78.5
2025-08-22 10:00:00,37.25
2025-08-22 11:00:00,28.75
2025-08-22 12:00:00,21.0
2025-08-22 13:00:00,38.25
2025-08-22 14:00:00,21.25
2025-08-22 15:00:00,31.25
2025-08-22 16:00:00,21.5
2025-08-22 17:00:00,21.75
2025-08-22 18:00:00,39.25
2025-08-22 19:00:00,59.25
2025-08-22 20:00:00,41.0
2025-08-22 21:00:00,34.75
2025-08-22 22:00:00,31.25
2025-08-22 23:00:00,28.5
2025-08-23 00:00:00,45.25
2025-08-23 01:00:00,60.0
2025-08-23 02:00:00,44.0
2025-08-23 03:00:00,29.75
2025-08-23 04:00:00,17.0
2025-08-23 05:00:00,21.25
2025-08-23 06:00:00,25.0
2025-08-23 07:00:00,7.5
2025-08-23 08:00:00,11.5
2025-08-23 09:00:00,18.25
2025-08-23 10:00:00,43.75
2025-08-23 11:00:00,32.5
2025-08-23 12:00:00,15.25
2025-08-23 13:00:00,16.25
2025-08-23 14:00:00,14.75
2025-08-23 15:00:00,35.25
2025-08-23 16:00:00,27.75
2025-08-23 17:00:00,18.25
2025-08-23 18:00:00,3.5
2025-08-23 19:00:00,9.0
2025-08-23 20:00:00,20.0
2025-08-23 21:00:00,26.75
2025-08-23 22:00:00,23.0
2025-08-23 23:00:00,8.25
2025-08-24 00:00:00,8.25
2025-08-24 01:00:00,24.0
2025-08-24 02:00:00,37.25
2025-08-24 03:00:00,24.25
2025-08-24 04:00:00,13.25
2025-08-24 05:00:00,12.0
2025-08-24 06:00:00,22.75
2025-08-24 07:00:00,32.0
2025-08-24 08:00:00,32.25
2025-08-24 09:00:00,5.5
2025-08-24 10:00:00,7.33
2025-08-24 11:00:00,4.25
2025-08-24 12:00:00,25.25
2025-08-24 13:00:00,22.75
2025-08-24 14:00:00,0.67
2025-08-24 15:00:00,7.33
2025-08-24 16:00:00,14.25
2025-08-24 17:00:00,17.75
2025-08-24 18:00:00,17.0
2025-08-24 19:00:00,6.0
2025-08-24 20:00:00,6.75
2025-08-24 21:00:00,18.5
2025-08-24 22:00:00,23.75
2025-08-24 23:00:00,30.0
2025-08-25 00:00:00,14.25
2025-08-25 01:00:00,9.25
2025-08-25 02:00:00,7.5
2025-08-25 03:00:00,25.75
2025-08-25 04:00:00,22.25
2025-08-25 05:00:00,9.0
2025-08-25 06:00:00,8.5
2025-08-25 07:00:00,19.25
2025-08-25 08:00:00,20.25
2025-08-25 09:00:00,18.25
2025-08-25 10:00:00,15.0
2025-08-25 11:00:00,25.0
2025-08-25 12:00:00,33.75
2025-08-25 13:00:00,23.25
2025-08-25 14:00:00,22.75
2025-08-25 15:00:00,18.0
2025-08-25 16:00:00,27.0
2025-08-25 17:00:00,22.0
2025-08-25 18:00:00,28.0
2025-08-25 19:00:00,16.5
2025-08-25 20:00:00,15.5
2025-08-25 21:00:00,18.25
2025-08-25 22:00:00,23.25
2025-08-25 23:00:00,22.0
2025-08-26 00:00:00,8.5
2025-08-26 01:00:00,5.67
2025-08-26 02:00:00,13.0
2025-08-26 03:00:00,19.5
2025-08-26 04:00:00,14.5
2025-08-26 05:00:00,5.0
2025-08-26 06:00:00,9.75
2025-08-26 07:00:00,16.75
2025-08-26 08:00:00,19.5
2025-08-26 09:00:00,15.0
2025-08-26 10:00:00,9.0
2025-08-26 11:00:00,7.33
2025-08-26 12:00:00,18.75
2025-08-26 13:00:00,20.5
2025-08-26 14:00:00,30.75
2025-08-26 15:00:00,15.0
2025-08-26 16:00:00,17.0
2025-08-26 17:00:00,10.33
2025-08-26 18:00:00,19.0
2025-08-26 19:00:00,30.75
2025-08-26 20:00:00,25.5
2025-08-26 21:00:00,22.75
2025-08-26 22:00:00,24.75
2025-08-26 23:00:00,29.75
2025-08-27 00:00:00,35.0
2025-08-27 01:00:00,36.5
2025-08-27 02:00:00,27.25
2025-08-27 03:00:00,11.75
2025-08-27 04:00:00,27.25
2025-08-27 05:00:00,35.0
2025-08-27 06:00:00,30.5
2025-08-27 07:00:00,26.75
2025-08-27 08:00:00,41.75
2025-08-27 09:00:00,21.25
2025-08-27 10:00:00,34.0
2025-08-27 11:00:00,49.0
2025-08-27 12:00:00,29.5
2025-08-27 13:00:00,19.0
2025-08-27 14:00:00,27.5
2025-08-27 15:00:00,27.67
2025-08-27 16:00:00,16.75
2025-08-27 17:00:00,12.75
2025-08-27 18:00:00,17.0
2025-08-27 19:00:00,32.5
2025-08-27 20:00:00,34.5
2025-08-27 21:00:00,32.75
2025-08-27 22:00:00,29.75
2025-08-27 23:00:00,38.75
2025-08-28 00:00:00,49.25
2025-08-28 01:00:00,56.5
2025-08-28 02:00:00,53.0
2025-08-28 03:00:00,46.25
2025-08-28 04:00:00,55.5
2025-08-28 05:00:00,58.0
2025-08-28 06:00:00,49.25
2025-08-28 07:00:00,49.5
2025-08-28 08:00:00,35.0
2025-08-28 09:00:00,46.5
2025-08-28 10:00:00,45.5
2025-08-28 11:00:00,48.0
2025-08-28 12:00:00,44.25
2025-08-28 13:00:00,27.5
2025-08-28 14:00:00,13.75
2025-08-28 15:00:00,19.0
2025-08-28 16:00:00,32.75
2025-08-28 17:00:00,36.75
2025-08-28 18:00:00,45.25
2025-08-28 19:00:00,51.5
2025-08-28 20:00:00,40.25
2025-08-28 21:00:00,36.25
2025-08-28 22:00:00,36.5
2025-08-28 23:00:00,48.0
2025-08-29 00:00:00,48.5
2025-08-29 01:00:00,37.75
2025-08-29 02:00:00,29.0
2025-08-29 03:00:00,35.75
2025-08-29 04:00:00,48.25
2025-08-29 05:00:00,43.25
2025-08-29 06:00:00,33.25
2025-08-29 07:00:00,30.5
2025-08-29 08:00:00,29.5
2025-08-29 09:00:00,25.25
2025-08-29 10:00:00,19.5
2025-08-29 11:00:00,18.5
2025-08-29 12:00:00,32.25
2025-08-29 13:00:00,34.5
2025-08-29 14:00:00,31.0
2025-08-29 15:00:00,17.0
2025-08-29 16:00:00,16.5
2025-08-29 17:00:00,28.75
2025-08-29 18:00:00,30.75
2025-08-29 19:00:00,19.75
2025-08-29 20:00:00,29.33
2025-08-29 21:00:00,32.0
2025-08-29 22:00:00,32.25
2025-08-29 23:00:00,17.75
2025-08-30 00:00:00,16.0
2025-08-30 01:00:00,16.0
2025-08-30 02:00:00,24.75
2025-08-30 03:00:00,27.0
2025-08-30 04:00:00,17.5
2025-08-30 05:00:00,11.5
2025-08-30 06:00:00,23.25
2025-08-30 07:00:00,25.25
2025-08-30 08:00:00,31.25
2025-08-30 09:00:00,18.0
2025-08-30 10:00:00,6.0
2025-08-30 11:00:00,21.0
2025-08-30 12:00:00,33.25
2025-08-30 13:00:00,34.5
2025-08-30 14:00:00,36.75
2025-08-30 15:00:00,28.5
2025-08-30 16:00:00,14.75
2025-08-30 17:00:00,4.5
2025-08-30 18:00:00,3.5
2025-08-30 19:00:00,11.25
2025-08-30 20:00:00,31.5
2025-08-30 21:00:00,33.0
2025-08-30 22:00:00,39.25
2025-08-30 23:00:00,36.25
2025-08-31 00:00:00,32.75
2025-08-31 01:00:00,31.75
2025-08-31 02:00:00,30.0
2025-08-31 03:00:00,20.25
2025-08-31 04:00:00,30.5
2025-08-31 05:00:00,25.25
2025-08-31 06:00:00,29.0
2025-08-31 07:00:00,12.25
2025-08-31 08:00:00,7.5
2025-08-31 09:00:00,20.25
2025-08-31 10:00:00,21.75
2025-08-31 11:00:00,9.0
2025-08-31 12:00:00,6.0
2025-08-31 13:00:00,9.0
2025-08-31 14:00:00,11.75
2025-08-31 15:00:00,22.25
2025-08-31 16:00:00,26.25
2025-08-31 17:00:00,19.0
2025-08-31 18:00:00,32.75
2025-08-31 19:00:00,24.75
2025-08-31 20:00:00,23.5
2025-08-31 21:00:00,26.25
2025-08-31 22:00:00,22.75
2025-08-31 23:00:00,20.25
2025-09-01 00:00:00,20.75
2025-09-01 01:00:00,17.0
2025-09-01 02:00:00,11.0
2025-09-01 03:00:00,12.0
2025-09-01 04:00:00,8.25
2025-09-01 05:00:00,14.0
2025-09-01 06:00:00,8.5
2025-09-01 07:00:00,11.25
2025-09-01 08:00:00,11.25
2025-09-01 09:00:00,3.0
2025-09-01 10:00:00,5.75
2025-09-01 11:00:00,2.67
2025-09-01 12:00:00,7.75
2025-09-01 13:00:00,19.5
2025-09-01 14:00:00,16.75
2025-09-01 15:00:00,16.25
2025-09-01 16:00:00,10.0
2025-09-01 17:00:00,4.25
2025-09-01 18:00:00,0.0
2025-09-01 19:00:00,8.25
2025-09-01 20:00:00,10.0
2025-09-01 21:00:00,7.0
2025-09-01 22:00:00,2.0
2025-09-01 23:00:00,11.67
2025-09-02 00:00:00,10.75
2025-09-02 01:00:00,13.0
2025-09-02 02:00:00,8.0
2025-09-02 03:00:00,7.75
2025-09-02 04:00:00,9.25
2025-09-02 05:00:00,6.5
2025-09-02 06:00:00,9.25
2025-09-02 07:00:00,13.0
2025-09-02 08:00:00,5.0
2025-09-02 09:00:00,13.0
2025-09-02 10:00:00,18.25
2025-09-02 11:00:00,18.0
2025-09-02 12:00:00,23.75
2025-09-02 13:00:00,20.0
2025-09-02 14:00:00,16.33
2025-09-02 15:00:00,26.25
2025-09-02 16:00:00,23.25
2025-09-02 17:00:00,13.0
2025-09-02 18:00:00,3.33
2025-09-02 19:00:00,1.75
2025-09-02 20:00:00,2.5
2025-09-02 21:00:00,5.25
2025-09-02 22:00:00,6.75
2025-09-02 23:00:00,9.75
2025-09-03 00:00:00,16.5
2025-09-03 01:00:00,25.67
2025-09-03 02:00:00,18.33
2025-09-03 03:00:00,21.67
2025-09-03 04:00:00,17.0
2025-09-03 05:00:00,10.5
2025-09-03 06:00:00,4.33
2025-09-03 07:00:00,7.33
2025-09-03 08:00:00,1.5
2025-09-03 09:00:00,11.0
2025-09-03 10:00:00,12.67
2025-09-03 11:00:00,33.75
2025-09-03 12:00:00,22.75
2025-09-03 13:00:00,24.0
2025-09-03 14:00:00,37.5
2025-09-03 15:00:00,9.75
2025-09-03 17:00:00,7.0
2025-09-03 18:00:00,24.5
2025-09-03 19:00:00,17.5
2025-09-03 20:00:00,8.5
2025-09-03 22:00:00,14.0
2025-09-03 23:00:00,8.33
2025-09-04 00:00:00,15.75
2025-09-04 01:00:00,24.75
2025-09-04 02:00:00,28.0
2025-09-04 03:00:00,18.75
2025-09-04 04:00:00,23.75
2025-09-04 05:00:00,47.0
2025-09-04 06:00:00,32.0
2025-09-04 07:00:00,22.5
2025-09-04 08:00:00,30.25
2025-09-04 09:00:00,17.0
2025-09-04 10:00:00,21.75
2025-09-04 11:00:00,11.75
2025-09-04 12:00:00,21.33
2025-09-04 13:00:00,25.25
2025-09-04 14:00:00,28.75
2025-09-04 15:00:00,21.33
2025-09-04 16:00:00,18.0
2025-09-04 17:00:00,28.5
2025-09-04 18:00:00,9.0
2025-09-04 19:00:00,1.33
2025-09-04 20:00:00,20.0
2025-09-04 21:00:00,29.25
2025-09-04 22:00:00,34.0
2025-09-04 23:00:00,26.67
2025-09-05 00:00:00,43.0
2025-09-05 01:00:00,25.0
2025-09-05 02:00:00,31.33
2025-09-05 03:00:00,17.33
2025-09-05 04:00:00,7.0
2025-09-05 05:00:00,4.5
2025-09-05 06:00:00,8.0
2025-09-05 07:00:00,11.33
2025-09-05 08:00:00,3.75
2025-09-05 09:00:00,10.0
2025-09-05 10:00:00,18.5
2025-09-05 11:00:00,15.75
2025-09-05 12:00:00,27.0
2025-09-05 13:00:00,27.75
2025-09-05 14:00:00,23.5
2025-09-05 15:00:00,25.25
2025-09-05 16:00:00,19.25
2025-09-05 17:00:00,13.25
2025-09-05 18:00:00,6.5
2025-09-05 19:00:00,16.5
2025-09-05 20:00:00,15.25
2025-09-05 21:00:00,23.0
2025-09-05 22:00:00,20.0
2025-09-05 23:00:00,25.25
2025-09-06 00:00:00,19.75
2025-09-06 01:00:00,19.5
2025-09-06 02:00:00,23.75
2025-09-06 03:00:00,20.25
2025-09-06 04:00:00,20.5
2025-09-06 05:00:00,27.0
2025-09-06 06:00:00,23.5
2025-09-06 07:00:00,28.5
2025-09-06 08:00:00,25.5
2025-09-06 09:00:00,24.25
2025-09-06 10:00:00,24.5
2025-09-06 11:00:00,22.25
2025-09-06 12:00:00,27.25
2025-09-06 13:00:00,24.75
2025-09-06 14:00:00,26.5
2025-09-06 15:00:00,15.25
2025-09-06 16:00:00,19.5
2025-09-06 17:00:00,16.75
2025-09-06 18:00:00,24.0
2025-09-06 19:00:00,20.0
2025-09-06 20:00:00,25.75
2025-09-06 21:00:00,30.25
2025-09-06 22:00:00,39.75
2025-09-06 23:00:00,34.25
2025-09-07 00:00:00,35.75
2025-09-07 01:00:00,33.0
2025-09-07 02:00:00,32.5
2025-09-07 03:00:00,28.5
2025-09-07 04:00:00,31.25
2025-09-07 05:00:00,34.33
2025-09-07 06:00:00,28.75
2025-09-07 07:00:00,25.0
2025-09-07 08:00:00,20.25
2025-09-07 09:00:00,18.0
2025-09-07 10:00:00,22.75
2025-09-07 11:00:00,28.25
2025-09-07 12:00:00,17.25
2025-09-07 13:00:00,23.0
2025-09-07 14:00:00,22.75
2025-09-07 15:00:00,11.75
2025-09-07 16:00:00,17.0
2025-09-07 17:00:00,17.0
2025-09-07 18:00:00,13.75
2025-09-07 19:00:00,18.0
2025-09-07 20:00:00,20.5
2025-09-07 21:00:00,24.0
2025-09-07 22:00:00,23.75
2025-09-07 23:00:00,26.75
2025-09-08 00:00:00,37.0
2025-09-08 01:00:00,26.25
2025-09-08 02:00:00,25.75
2025-09-08 03:00:00,26.0
2025-09-08 04:00:00,21.5
2025-09-08 05:00:00,26.25
2025-09-08 06:00:00,20.25
2025-09-08 07:00:00,20.5
2025-09-08 08:00:00,30.0
2025-09-08 09:00:00,28.75
2025-09-08 10:00:00,26.0
2025-09-08 11:00:00,19.5
2025-09-08 12:00:00,36.5
2025-09-08 13:00:00,29.5
2025-09-08 14:00:00,18.75
2025-09-08 15:00:00,19.25
2025-09-08 16:00:00,19.25
2025-09-08 17:00:00,16.5
2025-09-08 18:00:00,12.5
2025-09-08 19:00:00,13.5
2025-09-08 20:00:00,26.5
2025-09-08 21:00:00,28.75
2025-09-08 22:00:00,30.25
2025-09-08 23:00:00,35.25
2025-09-09 00:00:00,31.25
2025-09-09 01:00:00,31.25
2025-09-09 02:00:00,31.0
2025-09-09 03:00:00,28.25
2025-09-09 04:00:00,24.75
2025-09-09 05:00:00,14.5
2025-09-09 06:00:00,21.0
2025-09-09 07:00:00,10.25
2025-09-09 08:00:00,19.0
2025-09-09 09:00:00,23.5
2025-09-09 10:00:00,24.5
2025-09-09 11:00:00,20.75
2025-09-09 12:00:00,28.0
2025-09-09 13:00:00,29.5
2025-09-09 14:00:00,19.0
2025-09-09 15:00:00,18.25
2025-09-09 16:00:00,20.33
2025-09-09 17:00:00,23.0
2025-09-09 18:00:00,13.0
2025-09-09 19:00:00,23.25
2025-09-09 20:00:00,27.5
2025-09-09 21:00:00,32.0
2025-09-09 22:00:00,38.25
2025-09-09 23:00:00,28.75
2025-09-10 00:00:00,23.0
2025-09-10 01:00:00,22.67
2025-09-10 02:00:00,19.25
2025-09-10 03:00:00,16.5
2025-09-10 04:00:00,23.0
2025-09-10 05:00:00,20.75
2025-09-10 06:00:00,20.67
2025-09-10 07:00:00,19.75
2025-09-10 08:00:00,14.0
2025-09-10 09:00:00,20.75
2025-09-10 10:00:00,27.25
2025-09-10 11:00:00,34.5
2025-09-10 12:00:00,46.25
2025-09-10 13:00:00,30.25
2025-09-10 14:00:00,28.25
2025-09-10 15:00:00,22.25
2025-09-10 16:00:00,21.0
2025-09-10 17:00:00,21.75
2025-09-10 18:00:00,17.5
2025-09-10 19:00:00,16.75
2025-09-10 20:00:00,13.75
2025-09-10 21:00:00,24.5
2025-09-10 22:00:00,25.25
2025-09-10 23:00:00,25.0
2025-09-11 00:00:00,25.0
2025-09-11 01:00:00,26.5
2025-09-11 02:00:00,19.75
2025-09-11 03:00:00,26.0
2025-09-11 04:00:00,21.75
2025-09-11 05:00:00,23.5
2025-09-11 06:00:00,23.33
2025-09-11 07:00:00,13.67
2025-09-11 08:00:00,19.25
2025-09-11 09:00:00,26.5
2025-09-11 10:00:00,31.5
2025-09-11 11:00:00,28.75
2025-09-11 12:00:00,33.75
2025-09-11 13:00:00,28.5
2025-09-11 14:00:00,23.25
2025-09-11 15:00:00,24.25
2025-09-11 16:00:00,25.25
2025-09-11 17:00:00,28.25
2025-09-11 18:00:00,22.25
2025-09-11 19:00:00,31.25
2025-09-11 20:00:00,32.0
2025-09-11 21:00:00,38.25
2025-09-11 22:00:00,34.5
2025-09-11 23:00:00,34.0
2025-09-12 00:00:00,33.0
2025-09-12 01:00:00,34.75
2025-09-12 02:00:00,33.0
2025-09-12 03:00:00,29.25
2025-09-12 04:00:00,22.75
2025-09-12 05:00:00,23.25
2025-09-12 06:00:00,21.0
2025-09-12 07:00:00,14.5
2025-09-12 08:00:00,22.5
2025-09-12 09:00:00,19.25
2025-09-12 10:00:00,29.25
2025-09-12 11:00:00,25.25
2025-09-12 12:00:00,36.0
2025-09-12 13:00:00,35.5
2025-09-12 14:00:00,28.0
2025-09-12 15:00:00,29.0
2025-09-12 16:00:00,24.0
2025-09-12 17:00:00,24.75
2025-09-12 18:00:00,33.75
2025-09-12 19:00:00,22.25
2025-09-12 20:00:00,32.0
2025-09-12 21:00:00,44.0
2025-09-12 22:00:00,52.5
2025-09-12 23:00:00,41.25
2025-09-13 00:00:00,29.25
2025-09-13 01:00:00,38.75
2025-09-13 02:00:00,32.5
2025-09-13 03:00:00,30.75
2025-09-13 04:00:00,35.5
2025-09-13 05:00:00,39.0
2025-09-13 06:00:00,40.0
2025-09-13 07:00:00,7.25
2025-09-13 08:00:00,2.5
2025-09-13 09:00:00,12.25
2025-09-13 10:00:00,23.25
2025-09-13 11:00:00,25.25
2025-09-13 12:00:00,37.0
2025-09-13 13:00:00,36.0
2025-09-13 14:00:00,20.5
2025-09-13 15:00:00,27.5
2025-09-13 16:00:00,31.0
2025-09-13 17:00:00,39.25
2025-09-13 18:00:00,33.5
2025-09-13 19:00:00,21.75
2025-09-13 20:00:00,15.25
2025-09-13 21:00:00,9.75
2025-09-13 22:00:00,41.5
2025-09-13 23:00:00,46.25
2025-09-14 00:00:00,43.25
2025-09-14 01:00:00,56.0
2025-09-14 02:00:00,45.25
2025-09-14 03:00:00,34.25
2025-09-14 04:00:00,44.0
2025-09-14 05:00:00,52.25
2025-09-14 06:00:00,36.5
2025-09-14 07:00:00,20.25
2025-09-14 08:00:00,37.25
2025-09-14 09:00:00,53.0
2025-09-14 10:00:00,53.75
2025-09-14 11:00:00,32.5
2025-09-14 12:00:00,8.0
2025-09-14 13:00:00,12.5
2025-09-14 14:00:00,21.75
2025-09-14 15:00:00,35.0
2025-09-14 16:00:00,33.25
2025-09-14 17:00:00,21.0
2025-09-14 18:00:00,19.25
2025-09-14 19:00:00,34.75
2025-09-14 20:00:00,46.5
2025-09-14 21:00:00,62.25
2025-09-14 22:00:00,50.0
2025-09-14 23:00:00,38.25
2025-09-15 00:00:00,40.75
2025-09-15 01:00:00,55.0
2025-09-15 02:00:00,50.5
2025-09-15 03:00:00,44.25
2025-09-15 04:00:00,26.75
2025-09-15 05:00:00,29.5
2025-09-15 06:00:00,42.5
2025-09-15 07:00:00,38.75
2025-09-15 08:00:00,35.0
2025-09-15 09:00:00,21.75
2025-09-15 10:00:00,13.5
2025-09-15 11:00:00,21.5
2025-09-15 12:00:00,37.25
2025-09-15 13:00:00,37.5
2025-09-15 14:00:00,9.0
2025-09-15 15:00:00,4.75
2025-09-15 16:00:00,8.0
2025-09-15 17:00:00,24.75
2025-09-15 18:00:00,31.5
2025-09-15 19:00:00,35.75
2025-09-15 20:00:00,17.0
2025-09-15 21:00:00,27.0
2025-09-15 22:00:00,51.5
2025-09-15 23:00:00,53.75
2025-09-16 00:00:00,58.75
2025-09-16 01:00:00,51.75
2025-09-16 02:00:00,48.0
2025-09-16 03:00:00,55.0
2025-09-16 04:00:00,64.5
2025-09-16 05:00:00,65.5
2025-09-16 06:00:00,37.5
2025-09-16 07:00:00,17.75
2025-09-16 08:00:00,6.25
2025-09-16 09:00:00,19.75
2025-09-16 10:00:00,36.5
2025-09-16 11:00:00,33.25
2025-09-16 12:00:00,28.75
2025-09-16 13:00:00,29.25
2025-09-16 14:00:00,18.5
2025-09-16 15:00:00,24.75
2025-09-16 16:00:00,19.75
2025-09-16 17:00:00,31.5
2025-09-16 18:00:00,43.0
2025-09-16 19:00:00,27.5
2025-09-16 20:00:00,22.75
2025-09-16 21:00:00,45.0
2025-09-16 22:00:00,57.5
2025-09-16 23:00:00,57.25
2025-09-17 00:00:00,53.0
2025-09-17 01:00:00,31.75
2025-09-17 02:00:00,28.25
2025-09-17 03:00:00,25.0
2025-09-17 04:00:00,37.75
2025-09-17 05:00:00,44.25
2025-09-17 06:00:00,35.5
2025-09-17 07:00:00,24.5
2025-09-17 08:00:00,25.0
2025-09-17 09:00:00,39.25
2025-09-17 10:00:00,49.5
2025-09-17 11:00:00,50.75
2025-09-17 12:00:00,52.0
2025-09-17 13:00:00,38.75
2025-09-17 14:00:00,40.0
2025-09-17 15:00:00,36.0
2025-09-17 16:00:00,48.75
2025-09-17 17:00:00,42.0
2025-09-17 18:00:00,39.25
2025-09-17 19:00:00,33.25
2025-09-17 20:00:00,40.5
2025-09-17 21:00:00,51.75
2025-09-17 22:00:00,60.25
2025-09-17 23:00:00,62.5
2025-09-18 00:00:00,57.75
2025-09-18 01:00:00,38.25
2025-09-18 02:00:00,36.25
2025-09-18 03:00:00,41.75
2025-09-18 04:00:00,54.0
2025-09-18 05:00:00,52.0
2025-09-18 06:00:00,15.5
2025-09-18 07:00:00,13.0
2025-09-18 08:00:00,12.67
2025-09-18 09:00:00,21.75
2025-09-18 10:00:00,24.0
2025-09-18 11:00:00,30.75
2025-09-18 12:00:00,34.75
2025-09-18 13:00:00,36.75
2025-09-18 14:00:00,42.25
2025-09-18 15:00:00,54.0
2025-09-18 16:00:00,46.25
2025-09-18 17:00:00,34.5
2025-09-18 18:00:00,36.5
2025-09-18 19:00:00,46.5
2025-09-18 20:00:00,54.75
2025-09-18 21:00:00,68.5
2025-09-18 22:00:00,74.25
2025-09-18 23:00:00,84.25
2025-09-19 00:00:00,88.25
2025-09-19 01:00:00,78.25
2025-09-19 02:00:00,58.25
2025-09-19 03:00:00,59.25
2025-09-19 04:00:00,62.75
2025-09-19 05:00:00,74.25
2025-09-19 06:00:00,65.5
2025-09-19 07:00:00,53.75
2025-09-19 08:00:00,37.5
2025-09-19 09:00:00,20.0
2025-09-19 10:00:00,33.5
2025-09-19 11:00:00,64.5
2025-09-19 12:00:00,50.25
2025-09-19 13:00:00,27.25
2025-09-19 14:00:00,22.75
2025-09-19 15:00:00,25.5
2025-09-19 16:00:00,41.75
2025-09-19 17:00:00,38.0
2025-09-19 18:00:00,25.5
2025-09-19 19:00:00,19.25
2025-09-19 20:00:00,22.5
2025-09-19 21:00:00,25.75
2025-09-19 22:00:00,34.0
2025-09-19 23:00:00,39.5
2025-09-20 00:00:00,48.5
2025-09-20 01:00:00,56.25
2025-09-20 02:00:00,64.5
2025-09-20 03:00:00,73.5
2025-09-20 04:00:00,63.5
2025-09-20 05:00:00,45.0
2025-09-20 06:00:00,36.5
2025-09-20 07:00:00,42.0
2025-09-20 08:00:00,35.75
2025-09-20 09:00:00,44.25
2025-09-20 10:00:00,43.0
2025-09-20 11:00:00,29.75
2025-09-20 12:00:00,28.75
2025-09-20 13:00:00,17.5
2025-09-20 14:00:00,27.5
2025-09-20 15:00:00,42.25
2025-09-20 16:00:00,27.0
2025-09-20 17:00:00,23.25
2025-09-20 18:00:00,21.25
2025-09-20 19:00:00,21.75
2025-09-20 20:00:00,39.75
2025-09-20 21:00:00,50.25
2025-09-20 22:00:00,59.75
2025-09-20 23:00:00,51.25
2025-09-21 00:00:00,35.0
2025-09-21 01:00:00,33.25
2025-09-21 02:00:00,35.75
2025-09-21 03:00:00,39.25
2025-09-21 04:00:00,45.5
2025-09-21 05:00:00,51.25
2025-09-21 06:00:00,45.75
2025-09-21 07:00:00,18.0
2025-09-21 08:00:00,21.25
2025-09-21 09:00:00,27.75
2025-09-21 10:00:00,53.25
2025-09-21 11:00:00,53.25
2025-09-21 12:00:00,40.75
2025-09-21 13:00:00,22.5
2025-09-21 14:00:00,23.5
2025-09-21 15:00:00,16.75
2025-09-21 16:00:00,27.25
2025-09-21 17:00:00,47.25
2025-09-21 18:00:00,48.75
2025-09-21 19:00:00,26.75
2025-09-21 20:00:00,31.0
2025-09-21 21:00:00,25.0
2025-09-21 22:00:00,35.0
2025-09-21 23:00:00,54.75
2025-09-22 00:00:00,64.5
2025-09-22 01:00:00,48.0
2025-09-22 02:00:00,37.5
2025-09-22 03:00:00,38.0
2025-09-22 04:00:00,32.5
2025-09-22 05:00:00,43.75
2025-09-22 06:00:00,53.0
2025-09-22 07:00:00,46.5
2025-09-22 08:00:00,26.75
2025-09-22 09:00:00,16.0
2025-09-22 10:00:00,29.75
2025-09-22 11:00:00,34.0
2025-09-22 12:00:00,53.75
2025-09-22 13:00:00,33.5
2025-09-22 14:00:00,15.5
2025-09-22 15:00:00,12.5
2025-09-22 16:00:00,10.75
2025-09-22 17:00:00,19.25
2025-09-22 18:00:00,29.75
2025-09-22 19:00:00,51.25
2025-09-22 20:00:00,41.5
2025-09-22 21:00:00,30.25
2025-09-22 22:00:00,25.0
2025-09-22 23:00:00,27.0
2025-09-23 00:00:00,34.0
2025-09-23 01:00:00,32.75
2025-09-23 02:00:00,30.25
2025-09-23 03:00:00,39.0
2025-09-23 04:00:00,49.5
2025-09-23 05:00:00,51.75
2025-09-23 06:00:00,39.5
2025-09-23 07:00:00,10.25
2025-09-23 08:00:00,14.75
2025-09-23 09:00:00,32.0
2025-09-23 10:00:00,37.75
2025-09-23 11:00:00,43.25
2025-09-23 12:00:00,26.5
2025-09-23 13:00:00,12.0
2025-09-23 14:00:00,29.0
2025-09-23 15:00:00,25.5
2025-09-23 16:00:00,25.75
2025-09-23 17:00:00,14.75
2025-09-23 18:00:00,18.25
2025-09-23 19:00:00,22.25
2025-09-23 20:00:00,21.25
2025-09-23 21:00:00,22.75
2025-09-23 22:00:00,37.0
2025-09-23 23:00:00,39.75
2025-09-24 00:00:00,45.75
2025-09-24 01:00:00,50.75
2025-09-24 02:00:00,56.5
2025-09-24 03:00:00,33.25
2025-09-24 04:00:00,24.0
2025-09-24 05:00:00,26.25
2025-09-24 06:00:00,36.0
2025-09-24 07:00:00,35.25
2025-09-24 08:00:00,18.25
2025-09-24 09:00:00,15.25
2025-09-24 10:00:00,18.25
2025-09-24 11:00:00,41.5
2025-09-24 12:00:00,46.0
2025-09-24 13:00:00,18.75
2025-09-24 14:00:00,8.5
2025-09-24 15:00:00,11.75
2025-09-24 16:00:00,21.5
2025-09-24 17:00:00,36.25
2025-09-24 18:00:00,34.5
2025-09-24 19:00:00,24.0
2025-09-24 20:00:00,34.5
2025-09-24 21:00:00,38.75
2025-09-24 22:00:00,53.5
2025-09-24 23:00:00,57.75
2025-09-25 00:00:00,38.5
2025-09-25 01:00:00,27.5
2025-09-25 02:00:00,37.25
2025-09-25 03:00:00,51.75
2025-09-25 04:00:00,48.25
2025-09-25 05:00:00,27.5
2025-09-25 06:00:00,21.75
2025-09-25 07:00:00,20.25
2025-09-25 08:00:00,35.0
2025-09-25 09:00:00,39.75
2025-09-25 10:00:00,19.75
2025-09-25 11:00:00,15.0
2025-09-25 12:00:00,21.0
2025-09-25 13:00:00,37.25
2025-09-25 14:00:00,28.0
2025-09-25 15:00:00,13.25
2025-09-25 16:00:00,9.5
2025-09-25 17:00:00,18.5
2025-09-25 18:00:00,36.25
2025-09-25 19:00:00,52.5
2025-09-25 20:00:00,43.25
2025-09-25 21:00:00,41.5
2025-09-25 22:00:00,25.25
2025-09-25 23:00:00,36.5
2025-09-26 00:00:00,45.25
2025-09-26 01:00:00,46.75
2025-09-26 02:00:00,31.5
2025-09-26 03:00:00,39.25
2025-09-26 04:00:00,49.25
2025-09-26 05:00:00,51.25
2025-09-26 06:00:00,49.75
2025-09-26 07:00:00,30.0
2025-09-26 08:00:00,19.25
2025-09-26 09:00:00,35.5
2025-09-26 10:00:00,49.5
2025-09-26 11:00:00,43.5
2025-09-26 12:00:00,32.75
2025-09-26 13:00:00,29.75
2025-09-26 14:00:00,23.0
2025-09-26 15:00:00,24.75
2025-09-26 16:00:00,32.0
2025-09-26 17:00:00,24.5
2025-09-26 18:00:00,24.0
2025-09-26 19:00:00,30.0
2025-09-26 20:00:00,32.75
2025-09-26 21:00:00,46.75
2025-09-26 22:00:00,54.5
2025-09-26 23:00:00,43.25
2025-09-27 00:00:00,23.0
2025-09-27 01:00:00,31.0
2025-09-27 02:00:00,49.0
2025-09-27 03:00:00,44.25
2025-09-27 04:00:00,27.75
2025-09-27 05:00:00,29.25
2025-09-27 06:00:00,47.0
2025-09-27 07:00:00,41.25
2025-09-27 08:00:00,32.75
2025-09-27 09:00:00,55.5
2025-09-27 10:00:00,61.75
2025-09-27 11:00:00,66.75
2025-09-27 12:00:00,61.75
2025-09-27 13:00:00,49.5
2025-09-27 14:00:00,46.75
2025-09-27 15:00:00,64.25
2025-09-27 16:00:00,63.5
2025-09-27 17:00:00,49.75
2025-09-27 18:00:00,44.5
2025-09-27 19:00:00,74.25
2025-09-27 20:00:00,87.0
2025-09-27 21:00:00,80.0
2025-09-27 22:00:00,74.5
2025-09-27 23:00:00,69.25
2025-09-28 00:00:00,66.0
2025-09-28 01:00:00,55.75
2025-09-28 02:00:00,22.25
2025-09-28 03:00:00,23.5
2025-09-28 04:00:00,32.25
2025-09-28 05:00:00,40.5
2025-09-28 06:00:00,19.75
2025-09-28 07:00:00,3.75
2025-09-28 08:00:00,15.25
2025-09-28 09:00:00,40.0
2025-09-28 10:00:00,26.5
2025-09-28 11:00:00,12.75
2025-09-28 12:00:00,16.25
2025-09-28 13:00:00,25.5
2025-09-28 14:00:00,19.5
2025-09-28 15:00:00,10.5
2025-09-28 16:00:00,4.25
2025-09-28 17:00:00,22.0
2025-09-28 18:00:00,34.5
2025-09-28 19:00:00,36.5
2025-09-28 20:00:00,33.0
2025-09-28 21:00:00,49.75
2025-09-28 22:00:00,62.5
2025-09-28 23:00:00,66.75
2025-09-29 00:00:00,52.25
2025-09-29 01:00:00,41.0
2025-09-29 02:00:00,45.25
2025-09-29 03:00:00,48.75
2025-09-29 04:00:00,39.25
2025-09-29 05:00:00,28.25
2025-09-29 06:00:00,39.0
2025-09-29 07:00:00,41.5
2025-09-29 08:00:00,38.75
2025-09-29 09:00:00,16.25
2025-09-29 10:00:00,22.5
2025-09-29 11:00:00,31.25
2025-09-29 12:00:00,22.75
2025-09-29 13:00:00,11.5
2025-09-29 14:00:00,16.5
2025-09-29 15:00:00,19.0
2025-09-29 16:00:00,23.75
2025-09-29 17:00:00,28.25
2025-09-29 18:00:00,31.5
2025-09-29 19:00:00,40.75
2025-09-29 20:00:00,33.25
2025-09-29 21:00:00,52.25
2025-09-29 22:00:00,89.25
2025-09-29 23:00:00,57.0
2025-09-30 00:00:00,58.25
2025-09-30 01:00:00,48.75
2025-09-30 02:00:00,51.25
2025-09-30 03:00:00,45.75
2025-09-30 04:00:00,54.75
2025-09-30 05:00:00,55.5
2025-09-30 06:00:00,45.25
2025-09-30 07:00:00,34.75
2025-09-30 08:00:00,25.75
2025-09-30 09:00:00,40.25
2025-09-30 10:00:00,29.5
2025-09-30 11:00:00,45.75
2025-09-30 12:00:00,26.25
2025-09-30 13:00:00,14.5
2025-09-30 14:00:00,6.25
2025-09-30 15:00:00,16.75
2025-09-30 16:00:00,10.75
2025-09-30 17:00:00,26.25
2025-09-30 18:00:00,30.5
2025-09-30 19:00:00,54.5
2025-09-30 20:00:00,49.5
2025-09-30 21:00:00,56.5
2025-09-30 22:00:00,39.5
2025-09-30 23:00:00,32.25
2025-10-01 00:00:00,17.75
2025-10-01 01:00:00,10.0
2025-10-01 02:00:00,14.0
2025-10-02 18:00:00,26.0
2025-10-02 19:00:00,86.5
2025-10-02 20:00:00,67.75
2025-10-02 21:00:00,54.0
2025-10-02 22:00:00,40.25
2025-10-02 23:00:00,30.5
2025-10-03 00:00:00,19.25
2025-10-03 01:00:00,23.25
2025-10-03 02:00:00,28.75
2025-10-03 03:00:00,27.75
2025-10-03 04:00:00,22.25
2025-10-03 05:00:00,19.25
2025-10-03 06:00:00,19.25
2025-10-03 07:00:00,10.25
2025-10-03 08:00:00,13.0
2025-10-03 09:00:00,13.25
2025-10-03 10:00:00,15.5
2025-10-03 11:00:00,16.75
2025-10-03 12:00:00,19.0
2025-10-03 13:00:00,16.0
2025-10-03 14:00:00,13.75
2025-10-03 15:00:00,20.0
2025-10-03 16:00:00,24.5
2025-10-03 17:00:00,24.25
2025-10-03 18:00:00,17.25
2025-10-03 19:00:00,23.75
2025-10-03 20:00:00,24.75
2025-10-03 21:00:00,32.0
2025-10-03 22:00:00,55.0
2025-10-03 23:00:00,68.5
2025-10-04 00:00:00,57.25
2025-10-04 01:00:00,68.0
2025-10-04 02:00:00,74.75
2025-10-04 03:00:00,70.5
2025-10-04 04:00:00,67.25
2025-10-04 05:00:00,69.0
2025-10-04 06:00:00,68.0
2025-10-04 07:00:00,47.0
2025-10-04 08:00:00,45.5
2025-10-04 09:00:00,53.75
2025-10-04 10:00:00,21.5
2025-10-04 11:00:00,25.25
2025-10-04 12:00:00,35.75
2025-10-04 13:00:00,42.5
2025-10-04 14:00:00,47.0
2025-10-04 15:00:00,38.5
2025-10-04 16:00:00,42.25
2025-10-04 17:00:00,39.25
2025-10-04 18:00:00,44.25
2025-10-04 19:00:00,54.5
2025-10-04 20:00:00,60.0
2025-10-04 21:00:00,65.75
2025-10-04 22:00:00,69.5
2025-10-04 23:00:00,69.0
2025-10-05 00:00:00,71.25
2025-10-05 01:00:00,75.25
2025-10-05 02:00:00,63.75
2025-10-05 03:00:00,65.25
2025-10-05 04:00:00,60.5
2025-10-05 05:00:00,64.75
2025-10-05 06:00:00,53.25
2025-10-05 07:00:00,43.75
2025-10-05 08:00:00,26.75
2025-10-05 09:00:00,20.5
2025-10-05 10:00:00,25.5
2025-10-05 11:00:00,22.0
2025-10-05 12:00:00,41.5
2025-10-05 13:00:00,51.0
2025-10-05 14:00:00,46.0
2025-10-05 15:00:00,45.75
2025-10-05 16:00:00,47.25
2025-10-05 17:00:00,49.5
2025-10-05 18:00:00,54.25
2025-10-05 19:00:00,60.0
2025-10-05 20:00:00,60.5
2025-10-05 21:00:00,73.25
2025-10-05 22:00:00,72.75
2025-10-05 23:00:00,95.5
2025-10-06 00:00:00,57.0
2025-10-06 01:00:00,19.25
2025-10-06 02:00:00,8.75
2025-10-06 03:00:00,8.75
2025-10-06 04:00:00,16.25
2025-10-06 05:00:00,22.25
2025-10-06 06:00:00,21.75
2025-10-06 07:00:00,25.25
2025-10-06 08:00:00,16.25
2025-10-06 09:00:00,18.25
2025-10-06 10:00:00,26.25
2025-10-06 11:00:00,32.25
2025-10-06 12:00:00,38.0
2025-10-06 13:00:00,36.25
2025-10-06 14:00:00,27.0
2025-10-06 15:00:00,19.25
2025-10-06 16:00:00,20.75
2025-10-06 17:00:00,12.75
2025-10-06 18:00:00,22.25
2025-10-06 19:00:00,26.5
2025-10-06 20:00:00,32.75
2025-10-06 21:00:00,25.75
2025-10-06 22:00:00,21.25
2025-10-06 23:00:00,25.75
2025-10-07 00:00:00,17.5
2025-10-07 01:00:00,19.75
2025-10-07 02:00:00,13.25
2025-10-07 03:00:00,19.25
2025-10-07 04:00:00,20.25
2025-10-07 05:00:00,14.5
2025-10-07 06:00:00,5.25
2025-10-07 07:00:00,13.5
2025-10-07 08:00:00,14.5
2025-10-07 09:00:00,2.0
2025-10-07 10:00:00,11.75
2025-10-07 11:00:00,13.0
2025-10-07 12:00:00,15.25
2025-10-07 13:00:00,17.75
2025-10-07 14:00:00,18.5
2025-10-07 15:00:00,15.0
2025-10-07 16:00:00,12.0
2025-10-07 17:00:00,20.0
2025-10-07 18:00:00,4.0
2025-10-07 19:00:00,7.67
2025-10-07 20:00:00,13.25
2025-10-07 21:00:00,19.0
2025-10-07 22:00:00,31.0
2025-10-07 23:00:00,28.5
2025-10-08 00:00:00,22.5
2025-10-08 01:00:00,23.0
2025-10-08 02:00:00,17.25
2025-10-08 03:00:00,19.25
2025-10-08 04:00:00,25.5
2025-10-08 05:00:00,26.0
2025-10-08 06:00:00,42.5
2025-10-08 07:00:00,34.0
2025-10-08 08:00:00,27.5
2025-10-08 09:00:00,28.0
2025-10-08 10:00:00,32.5
2025-10-08 11:00:00,26.5
2025-10-08 12:00:00,32.0
2025-10-08 13:00:00,34.5
2025-10-08 14:00:00,38.25
2025-10-08 15:00:00,33.5
2025-10-08 16:00:00,29.25
2025-10-08 17:00:00,28.75
2025-10-08 18:00:00,30.25
2025-10-08 19:00:00,39.0
2025-10-08 20:00:00,37.5
2025-10-08 21:00:00,39.0
2025-10-08 22:00:00,43.25
2025-10-08 23:00:00,41.25
2025-10-09 00:00:00,39.75
2025-10-09 01:00:00,42.5
2025-10-09 02:00:00,37.5
2025-10-09 03:00:00,31.75
2025-10-09 04:00:00,31.5
2025-10-09 05:00:00,34.5
2025-10-09 06:00:00,31.5
2025-10-09 07:00:00,33.0
2025-10-09 08:00:00,22.0
2025-10-09 09:00:00,31.5
2025-10-09 10:00:00,36.0
2025-10-09 11:00:00,21.25
2025-10-09 12:00:00,33.5
2025-10-09 13:00:00,26.5
2025-10-09 14:00:00,26.25
2025-10-09 15:00:00,36.75
2025-10-09 16:00:00,40.0
2025-10-09 17:00:00,32.0
2025-10-09 18:00:00,41.25
2025-10-09 19:00:00,41.0
2025-10-09 20:00:00,47.75
2025-10-09 21:00:00,66.75
2025-10-09 22:00:00,70.5
2025-10-09 23:00:00,68.25
2025-10-10 00:00:00,73.5
2025-10-10 01:00:00,71.25
2025-10-10 02:00:00,61.25
2025-10-10 03:00:00,61.0
2025-10-10 04:00:00,54.0
2025-10-10 05:00:00,54.75
2025-10-10 06:00:00,60.5
2025-10-10 07:00:00,54.5
2025-10-10 08:00:00,57.5
2025-10-10 09:00:00,49.75
2025-10-10 10:00:00,48.5
2025-10-10 11:00:00,55.25
2025-10-10 12:00:00,52.25
2025-10-10 13:00:00,57.25
2025-10-10 14:00:00,48.25
2025-10-10 15:00:00,51.5
2025-10-10 16:00:00,52.5
2025-10-10 17:00:00,61.5
2025-10-10 18:00:00,59.75
2025-10-10 19:00:00,62.75
2025-10-10 20:00:00,82.25
2025-10-10 21:00:00,89.75
2025-10-10 22:00:00,95.75
2025-10-10 23:00:00,96.75
2025-10-11 00:00:00,94.75
2025-10-11 01:00:00,90.75
2025-10-11 02:00:00,89.0
2025-10-11 03:00:00,83.0
2025-10-11 04:00:00,81.25
2025-10-11 05:00:00,76.5
2025-10-11 06:00:00,80.75
2025-10-11 07:00:00,83.5
2025-10-11 08:00:00,67.5
2025-10-11 09:00:00,57.25
2025-10-11 10:00:00,57.0
2025-10-11 11:00:00,50.75
2025-10-11 16:00:00,55.0
2025-10-11 17:00:00,58.25
2025-10-11 18:00:00,63.75
2025-10-11 19:00:00,72.25
2025-10-11 20:00:00,80.0
2025-10-11 21:00:00,82.25
2025-10-11 22:00:00,82.5
2025-10-11 23:00:00,79.5
2025-10-12 00:00:00,83.5
2025-10-12 01:00:00,73.75
2025-10-12 02:00:00,70.75
2025-10-12 03:00:00,70.0
2025-10-12 04:00:00,65.75
2025-10-12 05:00:00,65.0
2025-10-12 06:00:00,75.5
2025-10-12 07:00:00,62.25
2025-10-12 08:00:00,77.0
2025-10-12 09:00:00,78.5
2025-10-12 10:00:00,76.75
2025-10-12 11:00:00,69.25
2025-10-12 12:00:00,67.5
2025-10-12 13:00:00,51.0
2025-10-12 14:00:00,42.25
2025-10-12 15:00:00,43.25
2025-10-12 16:00:00,42.5
2025-10-12 17:00:00,42.75
2025-10-12 18:00:00,52.25
2025-10-12 19:00:00,61.75
2025-10-12 20:00:00,74.75
2025-10-12 21:00:00,79.25
2025-10-12 22:00:00,74.75
2025-10-12 23:00:00,82.0
2025-10-13 00:00:00,100.75
2025-10-13 01:00:00,93.75
2025-10-13 02:00:00,96.0
2025-10-13 03:00:00,85.75
2025-10-13 04:00:00,80.75
2025-10-13 05:00:00,73.5
2025-10-13 06:00:00,87.0
2025-10-13 07:00:00,100.25
2025-10-13 08:00:00,101.5
2025-10-13 09:00:00,92.5
2025-10-13 10:00:00,91.5
2025-10-13 11:00:00,63.5
2025-10-13 12:00:00,53.5
2025-10-13 13:00:00,51.0
2025-10-13 14:00:00,47.75
2025-10-13 15:00:00,44.0
2025-10-13 16:00:00,47.5
2025-10-13 17:00:00,56.25
2025-10-13 18:00:00,74.0
2025-10-13 19:00:00,71.5
2025-10-13 20:00:00,82.5
2025-10-13 21:00:00,85.25
2025-10-13 22:00:00,96.0
2025-10-13 23:00:00,97.75
2025-10-14 00:00:00,103.25
2025-10-14 01:00:00,97.25
2025-10-14 02:00:00,95.75
2025-10-14 03:00:00,98.0
2025-10-14 04:00:00,86.25
2025-10-14 05:00:00,96.25
2025-10-14 06:00:00,101.0
2025-10-14 07:00:00,90.25
2025-10-14 08:00:00,86.0
2025-10-14 09:00:00,80.25
2025-10-14 10:00:00,71.5
2025-10-14 11:00:00,47.0
2025-10-14 12:00:00,54.75
2025-10-14 13:00:00,53.25
2025-10-14 14:00:00,44.75
2025-10-14 15:00:00,51.75
2025-10-14 16:00:00,49.0
2025-10-14 17:00:00,56.5
2025-10-14 18:00:00,60.5
2025-10-14 19:00:00,77.5
2025-10-14 20:00:00,88.0
2025-10-14 21:00:00,96.0
2025-10-14 22:00:00,126.25
2025-10-14 23:00:00,118.0
2025-10-15 00:00:00,147.75
2025-10-15 01:00:00,158.25
2025-10-15 02:00:00,144.25
2025-10-15 03:00:00,136.75
2025-10-15 04:00:00,128.25
2025-10-15 05:00:00,110.25
2025-10-15 06:00:00,112.5
2025-10-15 07:00:00,110.0
2025-10-15 08:00:00,120.25
2025-10-15 09:00:00,115.75
2025-10-15 10:00:00,123.5
2025-10-15 11:00:00,64.25
2025-10-15 12:00:00,47.75
2025-10-15 13:00:00,58.0
2025-10-15 15:00:00,74.33
2025-10-15 16:00:00,58.75
2025-10-15 17:00:00,66.25
2025-10-15 18:00:00,81.5
2025-10-15 19:00:00,99.75
2025-10-15 20:00:00,129.0
2025-10-15 21:00:00,115.25
2025-10-15 22:00:00,116.5
2025-10-15 23:00:00,139.0
2025-10-16 00:00:00,136.0
2025-10-16 01:00:00,133.75
2025-10-16 02:00:00,135.75
2025-10-16 03:00:00,129.0
2025-10-16 04:00:00,118.5
2025-10-16 05:00:00,116.75
2025-10-16 06:00:00,116.25
2025-10-16 07:00:00,115.25
2025-10-16 08:00:00,103.5
2025-10-16 09:00:00,98.75
2025-10-16 10:00:00,86.75
2025-10-16 11:00:00,83.5
2025-10-16 12:00:00,59.75
2025-10-16 13:00:00,66.25
2025-10-16 14:00:00,68.25
2025-10-16 15:00:00,61.25
2025-10-16 16:00:00,65.0
2025-10-16 17:00:00,71.75
2025-10-16 18:00:00,74.5
2025-10-16 19:00:00,104.75
2025-10-16 20:00:00,116.0
2025-10-16 21:00:00,118.75
2025-10-16 22:00:00,128.5
2025-10-16 23:00:00,149.0
2025-10-17 00:00:00,149.75
2025-10-17 01:00:00,155.75
2025-10-17 02:00:00,163.0
2025-10-17 03:00:00,155.5
2025-10-17 04:00:00,116.5
2025-10-17 05:00:00,139.0
2025-10-17 06:00:00,140.75
2025-10-17 07:00:00,134.75
2025-10-17 08:00:00,110.0
2025-10-17 09:00:00,97.25
2025-10-17 10:00:00,101.0
2025-10-17 11:00:00,96.25
2025-10-17 12:00:00,86.0
2025-10-17 13:00:00,68.25
2025-10-17 14:00:00,61.0
2025-10-17 15:00:00,65.25
2025-10-17 16:00:00,74.25
2025-10-17 17:00:00,88.5
2025-10-17 18:00:00,104.0
2025-10-17 19:00:00,98.5
2025-10-17 20:00:00,106.0
2025-10-17 21:00:00,95.5
2025-10-17 22:00:00,101.75
2025-10-17 23:00:00,105.75
2025-10-18 00:00:00,113.25
2025-10-18 01:00:00,120.0
2025-10-18 02:00:00,128.5
2025-10-18 03:00:00,121.5
2025-10-18 04:00:00,112.25
2025-10-18 05:00:00,113.25
2025-10-18 06:00:00,113.25
2025-10-18 07:00:00,106.5
2025-10-18 08:00:00,108.5
2025-10-18 09:00:00,136.0
2025-10-18 10:00:00,126.0
2025-10-18 11:00:00,113.5
2025-10-18 12:00:00,92.75
2025-10-18 13:00:00,95.5
2025-10-18 14:00:00,79.0
2025-10-18 15:00:00,71.0
2025-10-18 16:00:00,84.5
2025-10-18 17:00:00,103.25
2025-10-18 18:00:00,146.75
2025-10-18 19:00:00,158.0
2025-10-18 20:00:00,153.25
2025-10-18 21:00:00,161.25
2025-10-18 22:00:00,169.25
2025-10-18 23:00:00,177.5
2025-10-19 00:00:00,164.25
2025-10-19 01:00:00,178.5
2025-10-19 02:00:00,184.0
2025-10-19 03:00:00,182.75
2025-10-19 04:00:00,150.0
2025-10-19 05:00:00,151.0
2025-10-19 06:00:00,152.5
2025-10-19 07:00:00,180.25
2025-10-19 08:00:00,156.0
2025-10-19 09:00:00,157.0
2025-10-19 10:00:00,152.25
2025-10-19 11:00:00,143.75
2025-10-19 12:00:00,124.75
2025-10-19 13:00:00,163.25
2025-10-19 14:00:00,130.5
2025-10-19 15:00:00,117.25
2025-10-19 16:00:00,111.25
2025-10-19 17:00:00,109.5
2025-10-19 18:00:00,135.5
2025-10-19 19:00:00,184.25
2025-10-19 20:00:00,217.25
2025-10-19 21:00:00,243.25
2025-10-19 22:00:00,226.25
2025-10-19 23:00:00,224.25
2025-10-20 00:00:00,270.75
2025-10-20 01:00:00,295.25
2025-10-20 02:00:00,296.5
2025-10-20 03:00:00,310.5
2025-10-20 04:00:00,319.25
2025-10-20 05:00:00,296.25
2025-10-20 06:00:00,263.5
2025-10-20 07:00:00,255.75
2025-10-20 08:00:00,242.5
2025-10-20 09:00:00,251.75
2025-10-20 10:00:00,190.75
2025-10-20 11:00:00,127.0
2025-10-20 12:00:00,81.5
2025-10-20 13:00:00,94.75
2025-10-20 14:00:00,106.25
2025-10-20 15:00:00,74.5
2025-10-20 16:00:00,68.75
2025-10-20 17:00:00,80.0
2025-10-20 18:00:00,132.75
2025-10-20 19:00:00,227.75
2025-10-20 20:00:00,311.25
2025-10-20 21:00:00,464.0
2025-10-20 22:00:00,799.0
2025-10-20 23:00:00,911.0
2025-10-21 04:00:00,937.0
2025-10-21 05:00:00,628.75
2025-10-21 06:00:00,372.5
2025-10-21 07:00:00,292.25
2025-10-21 08:00:00,244.5
2025-10-21 09:00:00,201.75
2025-10-21 10:00:00,159.75
2025-10-21 11:00:00,131.0
2025-10-21 12:00:00,112.25
2025-10-21 13:00:00,116.5
2025-10-21 14:00:00,95.0
2025-10-21 15:00:00,77.75
2025-10-21 16:00:00,62.75
2025-10-21 17:00:00,88.5
2025-10-21 18:00:00,127.25
2025-10-21 19:00:00,141.5
2025-10-21 20:00:00,182.75
2025-10-21 21:00:00,214.25
2025-10-21 22:00:00,241.0
2025-10-21 23:00:00,267.5
2025-10-22 00:00:00,299.25
2025-10-22 01:00:00,343.25
2025-10-22 02:00:00,378.5
2025-10-22 03:00:00,379.5
2025-10-22 04:00:00,325.25
2025-10-22 05:00:00,289.75
2025-10-22 06:00:00,288.75
2025-10-22 07:00:00,288.0
2025-10-22 08:00:00,279.5
2025-10-22 09:00:00,263.0
2025-10-22 10:00:00,247.0
2025-10-22 11:00:00,219.5
2025-10-22 12:00:00,193.75
2025-10-22 13:00:00,160.75
2025-10-22 14:00:00,124.0
2025-10-22 15:00:00,109.0
2025-10-22 16:00:00,108.25
2025-10-22 17:00:00,125.0
2025-10-22 18:00:00,123.75
2025-10-22 19:00:00,134.0
2025-10-22 20:00:00,134.25
2025-10-22 21:00:00,159.0
2025-10-22 22:00:00,175.5
2025-10-22 23:00:00,188.75
2025-10-23 00:00:00,195.0
2025-10-23 01:00:00,187.0
2025-10-23 02:00:00,178.5
2025-10-23 03:00:00,162.75
2025-10-23 04:00:00,149.75
2025-10-23 05:00:00,142.25
2025-10-23 06:00:00,145.75
2025-10-23 07:00:00,147.25
2025-10-23 08:00:00,130.25
2025-10-23 09:00:00,123.75
2025-10-23 10:00:00,126.0
2025-10-23 11:00:00,96.75
2025-10-23 12:00:00,54.5
2025-10-23 13:00:00,103.25
2025-10-23 14:00:00,95.25
2025-10-23 15:00:00,81.0
2025-10-23 16:00:00,63.0
2025-10-23 17:00:00,68.25
2025-10-23 18:00:00,73.5
2025-10-23 19:00:00,97.25
2025-10-23 20:00:00,132.0
2025-10-23 21:00:00,136.0
2025-10-23 22:00:00,129.5
2025-10-23 23:00:00,163.25
2025-10-24 00:00:00,189.75
2025-10-24 01:00:00,174.75
2025-10-24 02:00:00,156.0
2025-10-24 03:00:00,149.75
2025-10-24 04:00:00,149.25
2025-10-24 05:00:00,156.0
2025-10-24 06:00:00,146.0
2025-10-24 07:00:00,125.75
2025-10-24 08:00:00,110.0
2025-10-24 09:00:00,97.75
2025-10-24 10:00:00,113.5
2025-10-24 11:00:00,88.0
2025-10-24 12:00:00,86.25
2025-10-24 13:00:00,79.25
2025-10-24 14:00:00,66.75
2025-10-24 15:00:00,67.25
2025-10-24 16:00:00,60.75
2025-10-24 17:00:00,59.75
2025-10-24 18:00:00,105.5
2025-10-24 19:00:00,131.0
2025-10-24 20:00:00,118.5
2025-10-24 21:00:00,137.75
2025-10-24 22:00:00,169.5
2025-10-24 23:00:00,171.75
2025-10-25 00:00:00,152.5
2025-10-25 01:00:00,135.75
2025-10-25 02:00:00,127.0
2025-10-25 03:00:00,133.75
2025-10-25 04:00:00,134.5
2025-10-25 05:00:00,128.25
2025-10-25 06:00:00,119.0
2025-10-25 07:00:00,119.0
2025-10-25 08:00:00,125.75
2025-10-25 09:00:00,189.75
2025-10-25 10:00:00,238.0
2025-10-25 11:00:00,154.75
2025-10-25 12:00:00,113.0
2025-10-25 13:00:00,121.5
2025-10-25 14:00:00,95.0
2025-10-25 15:00:00,79.25
2025-10-25 16:00:00,68.5
2025-10-25 17:00:00,93.5
2025-10-25 18:00:00,147.75
2025-10-25 19:00:00,195.75
2025-10-25 20:00:00,213.5
2025-10-25 21:00:00,219.5
2025-10-25 22:00:00,237.25
2025-10-25 23:00:00,237.5
2025-10-26 00:00:00,214.75
2025-10-26 01:00:00,217.0
2025-10-26 02:00:00,203.25
2025-10-26 03:00:00,209.75
2025-10-26 04:00:00,222.0
2025-10-26 05:00:00,198.25
2025-10-26 06:00:00,193.25
2025-10-26 07:00:00,216.75
2025-10-26 08:00:00,226.0
2025-10-26 09:00:00,197.5
2025-10-26 10:00:00,123.0
2025-10-26 11:00:00,66.5
2025-10-26 12:00:00,74.25
2025-10-26 13:00:00,66.0
2025-10-26 14:00:00,47.0
2025-10-26 15:00:00,53.25
2025-10-26 16:00:00,67.25
2025-10-26 17:00:00,109.0
2025-10-26 18:00:00,158.75
2025-10-26 19:00:00,158.0
2025-10-26 20:00:00,153.75
2025-10-26 21:00:00,165.25
2025-10-26 22:00:00,165.5
2025-10-26 23:00:00,171.75
2025-10-27 00:00:00,176.0
2025-10-27 01:00:00,191.75
2025-10-27 02:00:00,200.25
2025-10-27 03:00:00,194.25
2025-10-27 04:00:00,167.25
2025-10-27 05:00:00,149.75
2025-10-27 06:00:00,161.0
2025-10-27 07:00:00,187.75
2025-10-27 08:00:00,199.25
2025-10-27 09:00:00,170.5
2025-10-27 10:00:00,153.0
2025-10-27 11:00:00,133.0
2025-10-27 12:00:00,125.75
2025-10-27 13:00:00,114.25
2025-10-27 14:00:00,101.5
2025-10-27 15:00:00,99.0
2025-10-27 16:00:00,87.0
2025-10-27 17:00:00,100.5
2025-10-27 18:00:00,134.75
2025-10-27 19:00:00,126.0
2025-10-27 20:00:00,138.5
2025-10-27 21:00:00,141.5
2025-10-27 22:00:00,132.25
2025-10-27 23:00:00,126.0
2025-10-28 00:00:00,135.75
2025-10-28 01:00:00,127.75
2025-10-28 02:00:00,110.5
2025-10-28 03:00:00,101.25
2025-10-28 04:00:00,86.25
2025-10-28 05:00:00,91.75
2025-10-28 06:00:00,111.0
2025-10-28 07:00:00,137.5
2025-10-28 08:00:00,146.5
2025-10-28 09:00:00,148.75
2025-10-28 10:00:00,159.75
2025-10-28 11:00:00,126.25
2025-10-28 12:00:00,103.25
2025-10-28 13:00:00,105.25
2025-10-28 14:00:00,115.75
2025-10-28 15:00:00,114.75
2025-10-28 16:00:00,107.25
2025-10-28 17:00:00,116.75
2025-10-28 18:00:00,117.25
2025-10-28 19:00:00,127.0
2025-10-28 20:00:00,129.75
2025-10-28 21:00:00,138.25
2025-10-28 22:00:00,101.75
2025-10-28 23:00:00,76.75
2025-10-29 00:00:00,63.5
2025-10-29 01:00:00,65.5
2025-10-29 02:00:00,70.5
2025-10-29 03:00:00,70.5
2025-10-29 04:00:00,77.25
2025-10-29 05:00:00,98.5
2025-10-29 06:00:00,123.75
2025-10-29 07:00:00,141.5
2025-10-29 08:00:00,129.0
2025-10-29 09:00:00,100.25
2025-10-29 10:00:00,94.0
2025-10-29 11:00:00,77.0
2025-10-29 12:00:00,89.0
2025-10-29 13:00:00,111.25
2025-10-29 14:00:00,161.0
2025-10-29 15:00:00,160.75
2025-10-29 16:00:00,159.5
2025-10-29 17:00:00,174.75
2025-10-29 18:00:00,193.75
2025-10-29 19:00:00,209.5
2025-10-29 20:00:00,207.75
2025-10-29 21:00:00,197.75
2025-10-29 22:00:00,199.25
2025-10-29 23:00:00,219.5
2025-10-30 00:00:00,226.5
2025-10-30 01:00:00,221.0
2025-10-30 02:00:00,216.25
2025-10-30 03:00:00,220.25
2025-10-30 04:00:00,262.25
2025-10-30 05:00:00,273.25
2025-10-30 06:00:00,268.25
2025-10-30 07:00:00,287.25
2025-10-30 08:00:00,286.25
2025-10-30 09:00:00,250.25
2025-10-30 10:00:00,190.0
2025-10-30 11:00:00,116.75
2025-10-30 12:00:00,76.75
2025-10-30 13:00:00,94.5
2025-10-30 14:00:00,89.5
2025-10-30 15:00:00,85.0
2025-10-30 16:00:00,86.0
2025-10-30 17:00:00,113.0
2025-10-30 18:00:00,94.75
2025-10-30 19:00:00,76.5
2025-10-30 20:00:00,70.0
2025-10-30 21:00:00,79.5
2025-10-30 22:00:00,84.5
2025-10-30 23:00:00,67.75
2025-10-31 00:00:00,68.25
2025-10-31 01:00:00,65.25
2025-10-31 02:00:00,69.5
2025-10-31 03:00:00,70.0
2025-10-31 04:00:00,67.25
2025-10-31 05:00:00,56.0
2025-10-31 06:00:00,31.0
2025-10-31 16:00:00,123.5
2025-10-31 17:00:00,115.25
2025-10-31 18:00:00,116.0
2025-10-31 19:00:00,121.75
2025-10-31 20:00:00,141.0
2025-10-31 21:00:00,149.5
2025-10-31 22:00:00,147.5
2025-10-31 23:00:00,127.5
2025-11-01 00:00:00,121.0
2025-11-01 01:00:00,111.25
2025-11-01 02:00:00,126.75
2025-11-01 03:00:00,132.0
2025-11-01 04:00:00,123.75
2025-11-01 05:00:00,110.25
2025-11-01 06:00:00,113.25
2025-11-01 07:00:00,125.0
2025-11-01 08:00:00,164.5
2025-11-01 09:00:00,230.5
2025-11-01 10:00:00,328.25
2025-11-01 11:00:00,255.75
2025-11-01 12:00:00,194.25
2025-11-01 13:00:00,244.0
2025-11-01 14:00:00,253.5
2025-11-01 15:00:00,253.0
2025-11-01 16:00:00,270.25
2025-11-01 17:00:00,300.0
2025-11-01 18:00:00,330.0
2025-11-01 19:00:00,370.0
2025-11-01 20:00:00,344.75
2025-11-01 21:00:00,338.75
2025-11-01 22:00:00,274.75
2025-11-01 23:00:00,226.75
2025-11-02 00:00:00,182.25
2025-11-02 01:00:00,205.0
2025-11-02 02:00:00,189.25
2025-11-02 03:00:00,194.0
2025-11-02 04:00:00,220.5
2025-11-02 05:00:00,271.5
2025-11-02 06:00:00,275.5
2025-11-02 07:00:00,273.25
2025-11-02 08:00:00,321.0
2025-11-02 09:00:00,297.25
2025-11-02 10:00:00,301.75
2025-11-02 11:00:00,296.0
2025-11-02 12:00:00,213.5
2025-11-02 13:00:00,139.0
2025-11-02 14:00:00,111.0
2025-11-02 15:00:00,103.75
2025-11-02 16:00:00,111.0
2025-11-02 17:00:00,127.5
2025-11-02 18:00:00,137.25
2025-11-02 19:00:00,162.5
2025-11-02 20:00:00,156.5
2025-11-02 21:00:00,158.75
2025-11-02 22:00:00,145.75
2025-11-02 23:00:00,141.75
2025-11-03 00:00:00,145.5
2025-11-03 01:00:00,147.25
2025-11-03 02:00:00,159.25
2025-11-03 03:00:00,142.5
2025-11-03 04:00:00,159.25
2025-11-03 05:00:00,160.75
2025-11-03 06:00:00,158.5
2025-11-03 07:00:00,162.0
2025-11-03 08:00:00,158.25
2025-11-03 09:00:00,162.75
2025-11-03 10:00:00,169.75
2025-11-03 11:00:00,215.0
2025-11-03 12:00:00,244.5
2025-11-03 13:00:00,214.75
2025-11-03 14:00:00,117.75
2025-11-03 15:00:00,86.0
2025-11-03 16:00:00,84.0
2025-11-03 17:00:00,89.5
2025-11-03 18:00:00,111.25
2025-11-03 19:00:00,141.25
2025-11-03 20:00:00,142.75
2025-11-03 21:00:00,164.5
2025-11-03 22:00:00,180.0
2025-11-03 23:00:00,202.25
2025-11-04 00:00:00,205.5
2025-11-04 01:00:00,199.25
2025-11-04 02:00:00,174.25
2025-11-04 03:00:00,170.5
2025-11-04 04:00:00,158.0
2025-11-04 05:00:00,181.75
2025-11-04 06:00:00,231.5
2025-11-04 07:00:00,251.25
2025-11-04 08:00:00,240.25
2025-11-04 09:00:00,236.75
2025-11-04 10:00:00,186.25
2025-11-04 11:00:00,140.0
2025-11-04 12:00:00,101.5
2025-11-04 13:00:00,66.75
2025-11-04 14:00:00,94.75
2025-11-04 15:00:00,83.75
2025-11-04 16:00:00,63.33
2025-11-04 17:00:00,57.75
2025-11-04 18:00:00,60.5
2025-11-04 19:00:00,81.25
2025-11-04 20:00:00,110.25
2025-11-04 21:00:00,146.75
2025-11-04 22:00:00,165.0
2025-11-04 23:00:00,126.75
2025-11-05 00:00:00,95.5
2025-11-05 01:00:00,91.5
2025-11-05 02:00:00,101.25
2025-11-05 03:00:00,120.0
2025-11-05 04:00:00,117.5
2025-11-05 05:00:00,140.75
2025-11-05 06:00:00,121.25
2025-11-05 07:00:00,121.5
2025-11-05 08:00:00,118.5
2025-11-05 09:00:00,103.5
2025-11-05 10:00:00,73.25
2025-11-05 11:00:00,62.75
2025-11-05 12:00:00,57.0
2025-11-05 13:00:00,54.0
2025-11-05 14:00:00,49.75
2025-11-05 15:00:00,51.75
2025-11-05 16:00:00,46.25
2025-11-05 17:00:00,55.25
2025-11-05 18:00:00,78.25
2025-11-05 19:00:00,95.0
2025-11-05 20:00:00,116.25
2025-11-05 21:00:00,180.0
2025-11-05 22:00:00,214.5
2025-11-05 23:00:00,254.5
2025-11-06 00:00:00,351.25
2025-11-06 01:00:00,286.75
2025-11-06 02:00:00,245.75
2025-11-06 03:00:00,215.75
2025-11-06 04:00:00,222.75
2025-11-06 05:00:00,255.75
2025-11-06 06:00:00,301.25
2025-11-06 07:00:00,419.75
2025-11-06 08:00:00,426.5
2025-11-06 09:00:00,396.75
2025-11-06 10:00:00,250.5
2025-11-06 11:00:00,118.25
2025-11-06 12:00:00,97.0
2025-11-06 13:00:00,78.75
2025-11-06 14:00:00,67.5
2025-11-06 15:00:00,83.25
2025-11-06 16:00:00,71.75
2025-11-06 17:00:00,72.5
2025-11-06 18:00:00,84.75
2025-11-06 19:00:00,94.75
2025-11-06 20:00:00,107.5
2025-11-06 21:00:00,124.5
2025-11-06 22:00:00,132.25
2025-11-06 23:00:00,121.25
2025-11-07 00:00:00,219.5
2025-11-07 01:00:00,326.0
2025-11-07 02:00:00,360.75
2025-11-07 03:00:00,385.5
2025-11-07 04:00:00,450.25
2025-11-07 05:00:00,485.0
2025-11-07 06:00:00,417.75
2025-11-07 07:00:00,299.5
2025-11-07 08:00:00,263.25
2025-11-07 09:00:00,212.75
2025-11-07 10:00:00,196.25
2025-11-07 11:00:00,194.25
2025-11-07 12:00:00,162.0
2025-11-07 13:00:00,137.5
2025-11-07 14:00:00,137.25
2025-11-07 15:00:00,102.25
2025-11-07 16:00:00,99.75
2025-11-07 17:00:00,102.5
2025-11-07 18:00:00,130.25
2025-11-07 19:00:00,164.25
2025-11-07 20:00:00,158.75
2025-11-07 21:00:00,176.5
2025-11-07 22:00:00,192.5
2025-11-07 23:00:00,193.25
2025-11-08 00:00:00,181.5
2025-11-08 01:00:00,186.0
2025-11-08 02:00:00,248.5
2025-11-08 03:00:00,310.5
2025-11-08 04:00:00,390.75
2025-11-08 05:00:00,362.75
2025-11-08 06:00:00,359.5
2025-11-08 07:00:00,362.25
2025-11-08 08:00:00,358.75
2025-11-08 09:00:00,390.5
2025-11-08 10:00:00,465.0
2025-11-08 11:00:00,276.5
2025-11-08 12:00:00,207.75
2025-11-08 13:00:00,217.0
2025-11-08 14:00:00,235.0
2025-11-08 15:00:00,186.0
2025-11-08 16:00:00,167.5
2025-11-08 17:00:00,193.5
2025-11-08 18:00:00,265.75
2025-11-08 19:00:00,293.0
2025-11-08 20:00:00,265.25
2025-11-08 21:00:00,258.5
2025-11-08 22:00:00,248.75
2025-11-08 23:00:00,252.5
2025-11-09 00:00:00,254.25
2025-11-09 01:00:00,248.25
2025-11-09 02:00:00,286.75
2025-11-09 03:00:00,319.0
2025-11-09 04:00:00,367.0
2025-11-09 05:00:00,363.25
2025-11-09 06:00:00,388.25
2025-11-09 07:00:00,326.5
2025-11-09 08:00:00,328.75
2025-11-09 09:00:00,312.75
2025-11-09 10:00:00,273.25
2025-11-09 11:00:00,165.5
2025-11-09 12:00:00,134.0
2025-11-09 13:00:00,133.75
2025-11-09 14:00:00,138.5
2025-11-09 15:00:00,101.75
2025-11-09 16:00:00,83.75
2025-11-09 17:00:00,130.25
2025-11-09 18:00:00,163.0
2025-11-09 19:00:00,163.0
2025-11-09 20:00:00,171.75
2025-11-09 21:00:00,184.5
2025-11-09 22:00:00,214.5
2025-11-09 23:00:00,213.25
2025-11-10 00:00:00,196.0
2025-11-10 01:00:00,226.5
2025-11-10 02:00:00,233.0
2025-11-10 03:00:00,272.0
2025-11-10 04:00:00,326.75
2025-11-10 05:00:00,349.75
2025-11-10 06:00:00,371.0
2025-11-10 07:00:00,323.5
2025-11-10 08:00:00,281.75
2025-11-10 09:00:00,292.5
2025-11-10 10:00:00,307.75
2025-11-10 11:00:00,231.5
2025-11-10 12:00:00,202.5
2025-11-10 13:00:00,206.25
2025-11-10 14:00:00,220.75
2025-11-10 15:00:00,241.0
2025-11-10 16:00:00,257.5
2025-11-10 17:00:00,286.0
2025-11-10 18:00:00,283.0
2025-11-10 19:00:00,317.0
2025-11-10 20:00:00,351.0
2025-11-10 21:00:00,361.25
2025-11-10 22:00:00,369.25
2025-11-10 23:00:00,393.0
2025-11-11 00:00:00,427.25
2025-11-11 01:00:00,424.25
2025-11-11 02:00:00,429.0
2025-11-11 03:00:00,453.25
2025-11-11 04:00:00,456.25
2025-11-11 05:00:00,476.0
2025-11-11 06:00:00,454.0
2025-11-11 07:00:00,434.75
2025-11-11 08:00:00,422.75
2025-11-11 09:00:00,401.75
2025-11-11 10:00:00,371.0
2025-11-11 11:00:00,299.5
2025-11-11 12:00:00,209.0
2025-11-11 13:00:00,188.0
2025-11-11 14:00:00,205.5
2025-11-11 15:00:00,214.0
2025-11-11 16:00:00,214.0
2025-11-11 17:00:00,214.0
2025-11-11 18:00:00,68.5
2025-11-11 19:00:00,178.25
2025-11-11 20:00:00,211.5
2025-11-11 21:00:00,237.75
2025-11-11 22:00:00,305.25
2025-11-11 23:00:00,389.5
2025-11-12 00:00:00,437.25
2025-11-12 01:00:00,492.25
2025-11-12 02:00:00,523.75
2025-11-12 03:00:00,559.0
2025-11-12 04:00:00,539.25
2025-11-12 05:00:00,537.0
2025-11-12 06:00:00,511.5
2025-11-12 07:00:00,495.75
2025-11-12 08:00:00,478.75
2025-11-12 09:00:00,502.75
2025-11-12 10:00:00,455.25
2025-11-12 11:00:00,353.5
2025-11-12 12:00:00,273.0
2025-11-12 13:00:00,230.75
2025-11-12 14:00:00,210.25
2025-11-12 15:00:00,162.25
2025-11-12 16:00:00,172.75
2025-11-12 17:00:00,185.0
2025-11-12 18:00:00,187.25
2025-11-12 19:00:00,222.25
2025-11-12 20:00:00,261.5
2025-11-12 21:00:00,277.5
2025-11-12 22:00:00,288.5
2025-11-12 23:00:00,309.25
2025-11-13 00:00:00,321.75
2025-11-13 01:00:00,348.5
2025-11-13 02:00:00,368.0
2025-11-13 03:00:00,416.75
2025-11-13 04:00:00,398.75
2025-11-13 05:00:00,378.25
2025-11-13 06:00:00,368.0
2025-11-13 07:00:00,358.75
2025-11-13 08:00:00,359.75
2025-11-13 09:00:00,369.5
2025-11-13 10:00:00,384.5
2025-11-13 13:00:00,168.0
2025-11-13 14:00:00,324.0
2025-11-13 15:00:00,279.25
2025-11-13 16:00:00,232.75
2025-11-13 17:00:00,234.25
2025-11-13 18:00:00,267.5
2025-11-13 19:00:00,246.25
2025-11-13 20:00:00,229.0
2025-11-13 21:00:00,221.0
2025-11-13 22:00:00,227.75
2025-11-13 23:00:00,210.5
2025-11-14 00:00:00,235.0
2025-11-14 01:00:00,230.0
2025-11-14 02:00:00,220.75
2025-11-14 03:00:00,245.75
2025-11-14 04:00:00,235.5
2025-11-14 05:00:00,230.75
2025-11-14 06:00:00,234.75
2025-11-14 07:00:00,203.75
2025-11-14 08:00:00,196.25
2025-11-14 09:00:00,210.75
2025-11-14 10:00:00,209.75
2025-11-14 11:00:00,169.5
2025-11-14 12:00:00,167.75
2025-11-14 13:00:00,167.5
2025-11-14 14:00:00,173.75
2025-11-14 15:00:00,174.25
2025-11-14 16:00:00,179.0
2025-11-14 17:00:00,177.5
2025-11-14 18:00:00,181.25
2025-11-14 19:00:00,194.5
2025-11-14 20:00:00,226.0
2025-11-14 21:00:00,244.5
2025-11-14 22:00:00,248.0
2025-11-14 23:00:00,241.0
2025-11-15 00:00:00,254.75
2025-11-15 01:00:00,263.5
2025-11-15 02:00:00,278.5
2025-11-15 03:00:00,302.25
2025-11-15 04:00:00,279.5
2025-11-15 05:00:00,294.0
2025-11-15 06:00:00,286.25
2025-11-15 07:00:00,306.25
2025-11-15 08:00:00,287.5
2025-11-15 09:00:00,267.5
2025-11-15 10:00:00,243.0
2025-11-15 12:00:00,22.0
2025-11-15 13:00:00,46.25
2025-11-15 14:00:00,75.5
2025-11-15 15:00:00,118.75
2025-11-15 16:00:00,132.25
2025-11-15 17:00:00,144.25
2025-11-15 18:00:00,166.0
2025-11-15 19:00:00,188.5
2025-11-15 20:00:00,190.0
2025-11-15 21:00:00,199.0
2025-11-15 22:00:00,204.0
2025-11-15 23:00:00,236.0
2025-11-16 00:00:00,296.25
2025-11-16 01:00:00,304.75
2025-11-16 02:00:00,290.25
2025-11-16 03:00:00,311.0
2025-11-16 04:00:00,267.5
2025-11-16 05:00:00,244.75
2025-11-16 06:00:00,243.0
2025-11-16 07:00:00,253.75
2025-11-16 08:00:00,223.5
2025-11-16 09:00:00,212.5
2025-11-16 10:00:00,172.25
2025-11-16 11:00:00,192.0
2025-11-16 12:00:00,164.5
2025-11-16 13:00:00,110.75
2025-11-16 14:00:00,77.25
2025-11-16 15:00:00,86.5
2025-11-16 16:00:00,118.75
2025-11-16 17:00:00,124.75
2025-11-16 18:00:00,145.25
2025-11-16 19:00:00,155.0
2025-11-16 20:00:00,170.0
2025-11-16 21:00:00,196.0
2025-11-16 22:00:00,216.0
2025-11-16 23:00:00,206.5
2025-11-17 00:00:00,258.75
2025-11-17 01:00:00,249.25
2025-11-17 02:00:00,243.25
2025-11-17 03:00:00,237.25
2025-11-17 04:00:00,282.75
2025-11-17 05:00:00,235.0
2025-11-17 06:00:00,205.25
2025-11-17 07:00:00,194.0
2025-11-17 08:00:00,176.5
2025-11-17 09:00:00,180.25
2025-11-17 10:00:00,346.67
2025-11-17 11:00:00,232.75
2025-11-17 12:00:00,153.75
2025-11-17 13:00:00,114.5
2025-11-17 14:00:00,103.25
2025-11-17 15:00:00,106.5
2025-11-17 16:00:00,103.5
2025-11-17 17:00:00,101.75
2025-11-17 18:00:00,145.0
2025-11-17 19:00:00,194.25
2025-11-17 20:00:00,215.25
2025-11-17 21:00:00,222.5
2025-11-17 22:00:00,210.75
2025-11-17 23:00:00,256.0
2025-11-18 00:00:00,261.25
2025-11-18 01:00:00,240.75
2025-11-18 02:00:00,216.75
2025-11-18 03:00:00,222.25
2025-11-18 04:00:00,223.5
2025-11-18 05:00:00,219.25
2025-11-18 06:00:00,229.25
2025-11-18 07:00:00,214.5
2025-11-18 08:00:00,247.25
2025-11-18 09:00:00,273.0
2025-11-18 10:00:00,252.75
2025-11-18 11:00:00,222.0
2025-11-18 12:00:00,210.75
2025-11-18 13:00:00,143.0
2025-11-18 14:00:00,167.25
2025-11-18 15:00:00,149.25
2025-11-18 16:00:00,128.0
2025-11-18 17:00:00,143.5
2025-11-18 18:00:00,194.75
2025-11-18 19:00:00,208.75
2025-11-18 20:00:00,203.5
2025-11-18 21:00:00,214.0
2025-11-18 22:00:00,225.0
2025-11-18 23:00:00,256.75
2025-11-19 00:00:00,257.5
2025-11-19 01:00:00,265.25
2025-11-19 02:00:00,274.25
2025-11-19 03:00:00,339.0
2025-11-19 04:00:00,308.5
2025-11-19 05:00:00,295.25
2025-11-19 06:00:00,333.5
2025-11-19 07:00:00,306.25
2025-11-19 08:00:00,288.0
2025-11-19 09:00:00,330.25
2025-11-19 10:00:00,324.75
2025-11-19 11:00:00,228.75
2025-11-19 12:00:00,178.25
2025-11-19 13:00:00,199.5
2025-11-19 14:00:00,138.25
2025-11-19 15:00:00,134.25
2025-11-19 16:00:00,125.75
2025-11-19 17:00:00,143.75
2025-11-19 18:00:00,203.5
2025-11-19 19:00:00,237.0
2025-11-19 20:00:00,239.75
2025-11-19 21:00:00,236.0
2025-11-19 22:00:00,286.5
2025-11-19 23:00:00,302.25
2025-11-20 00:00:00,292.0
2025-11-20 01:00:00,275.25
2025-11-20 02:00:00,298.75
2025-11-20 03:00:00,272.25
2025-11-20 04:00:00,242.0
2025-11-20 05:00:00,271.0
2025-11-20 06:00:00,297.25
2025-11-20 07:00:00,275.0
2025-11-20 08:00:00,270.25
2025-11-20 09:00:00,286.5
2025-11-20 10:00:00,248.5
2025-11-20 11:00:00,219.5
2025-11-20 12:00:00,140.25
2025-11-20 13:00:00,122.75
2025-11-20 14:00:00,161.0
2025-11-20 15:00:00,130.0
2025-11-20 16:00:00,119.5
2025-11-20 17:00:00,147.25
2025-11-20 18:00:00,172.0
2025-11-20 19:00:00,209.0
2025-11-20 20:00:00,229.0
2025-11-20 21:00:00,231.0
2025-11-20 22:00:00,242.5
2025-11-20 23:00:00,298.5
2025-11-21 00:00:00,280.0
2025-11-21 01:00:00,239.5
2025-11-21 02:00:00,210.5
2025-11-21 03:00:00,252.25
2025-11-21 04:00:00,230.0
2025-11-21 05:00:00,209.25
2025-11-21 06:00:00,195.0
2025-11-21 07:00:00,259.75
2025-11-21 08:00:00,293.75
2025-11-21 09:00:00,304.0
2025-11-21 10:00:00,352.0
2025-11-21 11:00:00,313.67
2025-11-21 12:00:00,195.0
2025-11-21 13:00:00,155.75
2025-11-21 14:00:00,136.75
2025-11-21 15:00:00,120.25
2025-11-21 16:00:00,120.5
2025-11-21 17:00:00,141.75
2025-11-21 18:00:00,160.0
2025-11-21 19:00:00,208.75
2025-11-21 20:00:00,227.25
2025-11-21 21:00:00,240.25
2025-11-21 22:00:00,225.75
2025-11-21 23:00:00,259.0
2025-11-22 00:00:00,249.25
2025-11-22 01:00:00,241.5
2025-11-22 02:00:00,222.5
2025-11-22 03:00:00,248.0
2025-11-22 04:00:00,232.75
2025-11-22 05:00:00,202.5
2025-11-22 06:00:00,203.25
2025-11-22 07:00:00,222.5
2025-11-22 08:00:00,242.25
2025-11-22 09:00:00,241.5
2025-11-22 10:00:00,253.0
2025-11-22 11:00:00,233.25
2025-11-22 12:00:00,171.25
2025-11-22 13:00:00,140.75
2025-11-22 14:00:00,105.75
2025-11-22 15:00:00,101.5
2025-11-22 16:00:00,102.5
2025-11-22 17:00:00,126.25
2025-11-22 18:00:00,180.0
2025-11-22 19:00:00,228.0
2025-11-22 20:00:00,221.25
2025-11-22 21:00:00,211.75
2025-11-22 22:00:00,222.25
2025-11-22 23:00:00,257.75
2025-11-23 00:00:00,263.25
2025-11-23 01:00:00,252.0
2025-11-23 02:00:00,256.5
2025-11-23 03:00:00,279.25
2025-11-23 04:00:00,257.0
2025-11-23 05:00:00,258.25
2025-11-23 06:00:00,277.25
2025-11-23 07:00:00,286.25
2025-11-23 08:00:00,274.5
2025-11-23 09:00:00,267.25
2025-11-23 10:00:00,305.25
2025-11-23 11:00:00,248.0
2025-11-23 12:00:00,184.0
2025-11-23 13:00:00,149.25
2025-11-23 14:00:00,115.75
2025-11-23 15:00:00,120.75
2025-11-23 16:00:00,147.75
2025-11-23 17:00:00,132.5
2025-11-23 18:00:00,156.0
2025-11-23 19:00:00,202.25
2025-11-23 20:00:00,215.25
2025-11-23 21:00:00,204.25
2025-11-23 22:00:00,226.5
2025-11-23 23:00:00,266.75
2025-11-24 00:00:00,259.75
2025-11-24 01:00:00,236.25
2025-11-24 02:00:00,239.5
2025-11-24 03:00:00,269.25
2025-11-24 04:00:00,231.75
2025-11-24 05:00:00,220.25
2025-11-24 06:00:00,235.5
2025-11-24 07:00:00,281.25
2025-11-24 08:00:00,260.25
2025-11-24 09:00:00,225.25
2025-11-24 10:00:00,174.0
2025-11-24 11:00:00,154.25
2025-11-24 12:00:00,149.25
2025-11-24 13:00:00,138.75
2025-11-24 14:00:00,141.5
2025-11-24 15:00:00,110.5
2025-11-24 16:00:00,97.5
2025-11-24 17:00:00,112.0
2025-11-24 18:00:00,143.25
2025-11-24 19:00:00,204.5
2025-11-24 20:00:00,202.25
2025-11-24 21:00:00,203.5
2025-11-24 22:00:00,192.0
2025-11-24 23:00:00,211.75
2025-11-25 00:00:00,245.0
2025-11-25 01:00:00,219.25
2025-11-25 02:00:00,213.25
2025-11-25 03:00:00,212.75
2025-11-25 04:00:00,243.5
2025-11-25 05:00:00,226.25
2025-11-25 06:00:00,218.75
2025-11-25 07:00:00,217.25
2025-11-25 08:00:00,243.0
2025-11-25 09:00:00,230.5
2025-11-25 10:00:00,178.75
2025-11-25 11:00:00,113.5
2025-11-25 12:00:00,113.75
2025-11-25 13:00:00,86.5
2025-11-25 14:00:00,80.5
2025-11-25 15:00:00,99.5
2025-11-25 16:00:00,100.75
2025-11-25 17:00:00,104.5
2025-11-25 18:00:00,129.0
2025-11-25 19:00:00,173.75
2025-11-25 20:00:00,167.0
2025-11-25 21:00:00,156.75
2025-11-25 22:00:00,167.5
2025-11-25 23:00:00,173.75
2025-11-26 00:00:00,209.75
2025-11-26 01:00:00,231.75
2025-11-26 02:00:00,206.25
2025-11-26 03:00:00,183.5
2025-11-26 04:00:00,159.75
2025-11-26 05:00:00,162.67
2025-11-26 06:00:00,135.5
2025-11-26 07:00:00,192.5
2025-11-26 08:00:00,166.75
2025-11-26 09:00:00,148.75
2025-11-26 10:00:00,148.75
2025-11-26 11:00:00,94.75
2025-11-26 12:00:00,91.5
2025-11-26 13:00:00,101.75
2025-11-26 14:00:00,123.5
2025-11-26 15:00:00,120.0
2025-11-26 16:00:00,97.5
2025-11-26 17:00:00,124.0
2025-11-26 18:00:00,171.25
2025-11-26 19:00:00,199.0
2025-11-26 20:00:00,222.0
2025-11-26 21:00:00,233.0
2025-11-26 22:00:00,254.25
2025-11-26 23:00:00,274.75
2025-11-27 00:00:00,245.0
2025-11-27 01:00:00,262.0
2025-11-27 02:00:00,275.0
2025-11-27 03:00:00,247.25
2025-11-27 04:00:00,229.25
2025-11-27 05:00:00,255.5
2025-11-27 06:00:00,265.0
2025-11-27 07:00:00,264.25
2025-11-27 08:00:00,345.0
2025-11-27 09:00:00,400.75
2025-11-27 10:00:00,352.5
2025-11-27 11:00:00,257.25
2025-11-27 12:00:00,133.5
2025-11-27 13:00:00,116.25
2025-11-27 14:00:00,127.75
2025-11-27 15:00:00,148.25
2025-11-27 16:00:00,138.0
2025-11-27 17:00:00,142.25
2025-11-27 18:00:00,191.25
2025-11-27 19:00:00,222.0
2025-11-27 20:00:00,226.5
2025-11-27 21:00:00,241.75
2025-11-27 22:00:00,289.25
2025-11-27 23:00:00,281.75
2025-11-28 00:00:00,237.5
2025-11-28 01:00:00,245.5
2025-11-28 02:00:00,268.25
2025-11-28 03:00:00,257.25
2025-11-28 04:00:00,264.0
2025-11-28 05:00:00,273.0
2025-11-28 06:00:00,256.5
2025-11-28 07:00:00,278.25
2025-11-28 08:00:00,311.25
2025-11-28 09:00:00,223.5
2025-11-28 10:00:00,184.25
2025-11-28 11:00:00,190.25
2025-11-28 12:00:00,157.5
2025-11-28 13:00:00,102.75
2025-11-28 14:00:00,106.75
2025-11-28 15:00:00,89.5
2025-11-28 16:00:00,82.5
2025-11-28 17:00:00,90.5
2025-11-28 18:00:00,113.0
2025-11-28 19:00:00,162.0
2025-11-28 20:00:00,189.5
2025-11-28 21:00:00,177.5
2025-11-28 22:00:00,153.75
2025-11-28 23:00:00,171.75
2025-11-29 00:00:00,189.5
2025-11-29 01:00:00,190.25
2025-11-29 02:00:00,167.0
2025-11-29 03:00:00,156.75
2025-11-29 04:00:00,163.5
2025-11-29 05:00:00,167.75
2025-11-29 06:00:00,161.5
2025-11-29 07:00:00,161.75
2025-11-29 08:00:00,136.75
2025-11-29 09:00:00,126.25
2025-11-29 10:00:00,134.5
2025-11-29 11:00:00,94.25
2025-11-29 12:00:00,78.25
2025-11-29 13:00:00,67.75
2025-11-29 14:00:00,66.0
2025-11-29 15:00:00,54.25
2025-11-29 16:00:00,51.0
2025-11-29 17:00:00,67.5
2025-11-29 18:00:00,98.25
2025-11-29 19:00:00,126.0
2025-11-29 20:00:00,131.75
2025-11-29 21:00:00,135.0
2025-11-29 22:00:00,144.0
2025-11-29 23:00:00,149.75
2025-11-30 00:00:00,178.75
2025-11-30 01:00:00,182.25
2025-11-30 02:00:00,164.5
2025-11-30 03:00:00,147.25
2025-11-30 04:00:00,140.75
2025-11-30 05:00:00,133.25
2025-11-30 06:00:00,156.0
2025-11-30 07:00:00,147.5
2025-11-30 08:00:00,136.0
2025-11-30 09:00:00,118.0
2025-11-30 10:00:00,120.25
2025-11-30 11:00:00,102.25
2025-11-30 12:00:00,115.25
2025-11-30 13:00:00,107.25
2025-11-30 14:00:00,87.5
2025-11-30 15:00:00,77.75
2025-11-30 16:00:00,73.75
2025-11-30 17:00:00,75.75
2025-11-30 18:00:00,107.5
2025-11-30 19:00:00,128.75
2025-11-30 20:00:00,134.0
2025-11-30 21:00:00,145.75
2025-11-30 22:00:00,150.5
2025-11-30 23:00:00,164.75
2025-12-01 00:00:00,195.0
2025-12-01 01:00:00,190.25
2025-12-01 02:00:00,182.25
2025-12-01 03:00:00,159.75
2025-12-01 04:00:00,169.25
2025-12-01 05:00:00,184.75
2025-12-01 06:00:00,175.5
2025-12-01 07:00:00,177.5
2025-12-01 08:00:00,162.5
2025-12-01 09:00:00,138.75
2025-12-01 10:00:00,145.5
2025-12-01 11:00:00,104.5
2025-12-01 12:00:00,85.0
2025-12-01 13:00:00,61.75
2025-12-01 14:00:00,47.0
2025-12-01 15:00:00,49.75
2025-12-01 16:00:00,63.25
2025-12-01 17:00:00,98.75
2025-12-01 18:00:00,132.75
2025-12-01 19:00:00,203.0
2025-12-01 20:00:00,211.0
2025-12-01 21:00:00,223.5
2025-12-01 22:00:00,277.0
2025-12-01 23:00:00,302.25
2025-12-02 00:00:00,292.5
2025-12-02 01:00:00,322.5
2025-12-02 02:00:00,306.0
2025-12-02 03:00:00,267.75
2025-12-02 04:00:00,308.0
2025-12-02 05:00:00,274.75
2025-12-02 06:00:00,242.0
2025-12-02 07:00:00,295.5
2025-12-02 08:00:00,302.25
2025-12-02 09:00:00,304.25
2025-12-02 10:00:00,250.75
2025-12-02 11:00:00,172.75
2025-12-02 12:00:00,163.0
2025-12-02 13:00:00,185.25
2025-12-02 14:00:00,230.5
2025-12-02 15:00:00,200.75
2025-12-02 16:00:00,197.75
2025-12-02 17:00:00,162.75
2025-12-02 18:00:00,221.25
2025-12-02 19:00:00,258.75
2025-12-02 20:00:00,245.5
2025-12-02 21:00:00,251.0
2025-12-02 22:00:00,272.0
2025-12-02 23:00:00,262.25
2025-12-03 00:00:00,277.75
2025-12-03 01:00:00,286.0
2025-12-03 02:00:00,228.5
2025-12-03 03:00:00,178.75
2025-12-03 04:00:00,159.5
2025-12-03 05:00:00,187.75
2025-12-03 06:00:00,181.25
2025-12-03 07:00:00,193.75
2025-12-03 08:00:00,219.25
2025-12-03 09:00:00,214.25
2025-12-03 10:00:00,175.0
2025-12-03 11:00:00,119.25
2025-12-03 12:00:00,80.75
2025-12-03 13:00:00,81.0
2025-12-03 14:00:00,75.5
2025-12-03 15:00:00,58.0
2025-12-03 16:00:00,63.25
2025-12-03 17:00:00,94.5
2025-12-03 18:00:00,108.75
2025-12-03 19:00:00,152.0
2025-12-03 20:00:00,166.5
2025-12-03 21:00:00,176.5
2025-12-03 22:00:00,218.0
2025-12-03 23:00:00,242.25
2025-12-04 00:00:00,221.75
2025-12-04 01:00:00,193.5
2025-12-04 02:00:00,163.0
2025-12-04 03:00:00,162.0
2025-12-04 04:00:00,170.5
2025-12-04 05:00:00,166.5
2025-12-04 06:00:00,163.75
2025-12-04 07:00:00,153.5
2025-12-04 08:00:00,156.5
2025-12-04 09:00:00,185.25
2025-12-04 10:00:00,175.25
2025-12-04 11:00:00,109.75
2025-12-04 12:00:00,95.5
2025-12-04 13:00:00,91.25
2025-12-04 14:00:00,102.5
2025-12-04 15:00:00,103.25
2025-12-04 16:00:00,111.5
2025-12-04 17:00:00,108.75
2025-12-04 18:00:00,116.25
2025-12-04 19:00:00,152.75
2025-12-04 20:00:00,169.5
2025-12-04 21:00:00,170.25
2025-12-04 22:00:00,184.5
2025-12-04 23:00:00,194.0
2025-12-05 00:00:00,220.0
2025-12-05 01:00:00,210.75
2025-12-05 02:00:00,195.5
2025-12-05 03:00:00,186.25
2025-12-05 04:00:00,186.25
2025-12-05 05:00:00,154.75
2025-12-05 06:00:00,129.25
2025-12-05 07:00:00,132.75
2025-12-05 08:00:00,118.25
2025-12-05 09:00:00,120.75
2025-12-05 10:00:00,160.25
2025-12-05 11:00:00,119.5
2025-12-05 12:00:00,101.5
2025-12-05 13:00:00,92.75
2025-12-05 14:00:00,100.0
2025-12-05 15:00:00,106.75
2025-12-05 16:00:00,101.25
2025-12-05 17:00:00,132.25
2025-12-05 18:00:00,144.5
2025-12-05 19:00:00,198.25
2025-12-05 20:00:00,195.25
2025-12-05 21:00:00,177.0
2025-12-05 22:00:00,186.25
2025-12-05 23:00:00,212.75
2025-12-06 00:00:00,201.25
2025-12-06 01:00:00,179.5
2025-12-06 02:00:00,165.25
2025-12-06 03:00:00,154.5
2025-12-06 04:00:00,175.25
2025-12-06 05:00:00,170.25
2025-12-06 06:00:00,169.75
2025-12-06 07:00:00,168.5
2025-12-06 08:00:00,182.25
2025-12-06 09:00:00,176.25
2025-12-06 10:00:00,149.75
2025-12-06 11:00:00,128.75
2025-12-06 12:00:00,96.0
2025-12-06 13:00:00,82.25
2025-12-06 14:00:00,75.75
2025-12-06 15:00:00,100.0
2025-12-06 16:00:00,93.5
2025-12-06 17:00:00,91.5
2025-12-06 18:00:00,101.25
2025-12-06 19:00:00,124.75
2025-12-06 20:00:00,148.5
2025-12-06 21:00:00,150.0
2025-12-06 22:00:00,143.5
2025-12-06 23:00:00,162.75
2025-12-07 00:00:00,183.25
2025-12-07 01:00:00,173.5
2025-12-07 02:00:00,151.25
2025-12-07 03:00:00,136.25
2025-12-07 04:00:00,137.5
2025-12-07 05:00:00,141.75
2025-12-07 06:00:00,167.0
2025-12-07 07:00:00,174.75
2025-12-07 08:00:00,125.5
2025-12-07 09:00:00,116.25
2025-12-07 10:00:00,127.0
2025-12-07 11:00:00,135.25
2025-12-07 12:00:00,138.0
2025-12-07 13:00:00,118.75
2025-12-07 14:00:00,104.25
2025-12-07 15:00:00,98.5
2025-12-07 16:00:00,97.25
2025-12-07 17:00:00,113.75
2025-12-07 18:00:00,132.0
2025-12-07 19:00:00,152.75
2025-12-07 20:00:00,141.75
2025-12-07 21:00:00,148.75
2025-12-07 22:00:00,147.25
2025-12-07 23:00:00,134.5
2025-12-08 00:00:00,145.75
2025-12-08 01:00:00,146.75
2025-12-08 02:00:00,134.0
2025-12-08 03:00:00,133.75
2025-12-08 04:00:00,133.5
2025-12-08 05:00:00,127.5
2025-12-08 06:00:00,140.0
2025-12-08 07:00:00,145.75
2025-12-08 08:00:00,144.5
2025-12-08 09:00:00,143.5
2025-12-08 10:00:00,152.75
2025-12-08 11:00:00,155.5
2025-12-08 12:00:00,135.25
2025-12-08 13:00:00,103.75
2025-12-08 14:00:00,86.25
2025-12-08 15:00:00,71.0
2025-12-08 16:00:00,68.75
2025-12-08 17:00:00,64.0
2025-12-08 18:00:00,88.25
2025-12-08 19:00:00,127.5
2025-12-08 20:00:00,136.5
2025-12-08 21:00:00,132.75
2025-12-08 22:00:00,125.25
2025-12-08 23:00:00,126.5
2025-12-09 00:00:00,121.0
2025-12-09 01:00:00,121.75
2025-12-09 02:00:00,132.75
2025-12-09 03:00:00,112.75
2025-12-09 04:00:00,106.25
2025-12-09 05:00:00,104.25
2025-12-09 06:00:00,108.75
2025-12-09 07:00:00,106.25
2025-12-09 08:00:00,115.25
2025-12-09 09:00:00,126.25
2025-12-09 10:00:00,126.5
2025-12-09 11:00:00,114.0
2025-12-09 12:00:00,105.0
2025-12-09 13:00:00,89.5
2025-12-09 14:00:00,67.5
2025-12-09 15:00:00,50.75
2025-12-09 16:00:00,47.0
2025-12-09 17:00:00,64.75
2025-12-09 18:00:00,97.0
2025-12-09 19:00:00,112.75
2025-12-09 20:00:00,128.0
2025-12-09 21:00:00,134.5
2025-12-09 22:00:00,127.5
2025-12-09 23:00:00,125.75
2025-12-10 00:00:00,112.5
2025-12-10 01:00:00,111.0
2025-12-10 02:00:00,118.5
2025-12-10 03:00:00,112.25
2025-12-10 04:00:00,113.0
2025-12-10 05:00:00,107.25
2025-12-10 06:00:00,95.0
2025-12-10 07:00:00,82.25
2025-12-10 08:00:00,63.0
2025-12-10 09:00:00,82.0
2025-12-10 10:00:00,115.25
2025-12-10 11:00:00,98.75
2025-12-10 12:00:00,68.5
2025-12-10 13:00:00,55.5
2025-12-10 14:00:00,69.5
2025-12-10 15:00:00,74.0
2025-12-10 16:00:00,77.25
2025-12-10 17:00:00,78.25
2025-12-10 18:00:00,89.0
2025-12-10 19:00:00,142.75
2025-12-10 20:00:00,172.75
2025-12-10 21:00:00,186.0
2025-12-10 22:00:00,219.0
2025-12-10 23:00:00,256.75
2025-12-11 00:00:00,231.25
2025-12-11 01:00:00,192.5
2025-12-11 02:00:00,156.5
2025-12-11 03:00:00,159.25
2025-12-11 04:00:00,134.75
2025-12-11 05:00:00,118.0
2025-12-11 06:00:00,116.0
2025-12-11 07:00:00,120.0
2025-12-11 08:00:00,101.0
2025-12-11 09:00:00,89.75
2025-12-11 10:00:00,111.5
2025-12-11 11:00:00,120.5
2025-12-11 12:00:00,103.5
2025-12-11 13:00:00,86.25
2025-12-11 14:00:00,72.0
2025-12-11 15:00:00,72.0
2025-12-11 16:00:00,75.25
2025-12-11 17:00:00,81.75
2025-12-11 18:00:00,136.25
2025-12-11 19:00:00,198.5
2025-12-11 20:00:00,205.25
2025-12-11 21:00:00,231.25
2025-12-11 22:00:00,307.0
2025-12-11 23:00:00,312.5
2025-12-12 00:00:00,258.5
2025-12-12 01:00:00,254.75
2025-12-12 02:00:00,260.5
2025-12-12 03:00:00,240.75
2025-12-12 04:00:00,247.75
2025-12-12 05:00:00,227.0
2025-12-12 06:00:00,189.5
2025-12-12 07:00:00,177.5
2025-12-12 08:00:00,194.0
2025-12-12 09:00:00,226.0
2025-12-12 10:00:00,198.0
2025-12-12 11:00:00,148.0
2025-12-12 12:00:00,113.75
2025-12-12 13:00:00,91.5
2025-12-12 14:00:00,112.75
2025-12-12 15:00:00,119.25
2025-12-12 16:00:00,167.25
2025-12-12 17:00:00,191.25
2025-12-12 18:00:00,205.5
2025-12-12 19:00:00,252.25
2025-12-12 20:00:00,252.25
2025-12-12 21:00:00,256.75
2025-12-12 22:00:00,304.75
2025-12-12 23:00:00,307.75
2025-12-13 00:00:00,337.75
2025-12-13 01:00:00,379.75
2025-12-13 02:00:00,343.75
2025-12-13 03:00:00,373.5
2025-12-13 04:00:00,335.0
2025-12-13 05:00:00,331.75
2025-12-13 06:00:00,325.75
2025-12-13 07:00:00,334.75
2025-12-13 08:00:00,382.5
2025-12-13 09:00:00,392.0
2025-12-13 10:00:00,426.25
2025-12-13 11:00:00,284.5
2025-12-13 12:00:00,268.5
2025-12-13 13:00:00,272.5
2025-12-13 14:00:00,192.25
2025-12-13 15:00:00,187.5
2025-12-13 16:00:00,243.0
2025-12-13 17:00:00,235.75
2025-12-13 18:00:00,249.25
2025-12-13 19:00:00,359.75
2025-12-13 20:00:00,394.0
2025-12-13 21:00:00,436.75
2025-12-13 22:00:00,419.0
2025-12-13 23:00:00,431.5
2025-12-14 00:00:00,375.0
2025-12-14 01:00:00,387.0
2025-12-14 02:00:00,344.75
2025-12-14 03:00:00,373.75
2025-12-14 04:00:00,334.75
2025-12-14 05:00:00,330.5
2025-12-14 06:00:00,388.0
2025-12-14 07:00:00,324.0
2025-12-14 08:00:00,317.5
2025-12-14 09:00:00,263.0
2025-12-14 10:00:00,319.25
2025-12-14 11:00:00,332.25
2025-12-14 12:00:00,299.5
2025-12-14 13:00:00,369.25
2025-12-14 14:00:00,361.75
2025-12-14 15:00:00,296.75
2025-12-14 16:00:00,289.75
2025-12-14 17:00:00,267.5
2025-12-14 18:00:00,278.5
2025-12-14 19:00:00,285.25
2025-12-14 20:00:00,288.5
2025-12-14 21:00:00,348.5
2025-12-14 22:00:00,370.0
2025-12-14 23:00:00,377.5
2025-12-15 00:00:00,362.5
2025-12-15 01:00:00,303.0
2025-12-15 02:00:00,330.75
2025-12-15 03:00:00,305.0
2025-12-15 04:00:00,269.5
2025-12-15 05:00:00,289.0
2025-12-15 06:00:00,235.0
2025-12-15 07:00:00,192.75
2025-12-15 08:00:00,214.75
2025-12-15 09:00:00,216.5
2025-12-15 10:00:00,226.75
2025-12-15 11:00:00,228.75
2025-12-15 12:00:00,268.5
2025-12-15 13:00:00,186.75
2025-12-15 14:00:00,141.25
2025-12-15 15:00:00,126.25
2025-12-15 16:00:00,136.5
2025-12-15 17:00:00,180.0
2025-12-15 18:00:00,192.75
2025-12-15 19:00:00,218.0
2025-12-15 20:00:00,226.5
2025-12-15 21:00:00,186.5
2025-12-15 22:00:00,174.75
2025-12-15 23:00:00,217.75
2025-12-16 00:00:00,201.25
2025-12-16 01:00:00,197.25
2025-12-16 02:00:00,180.5
2025-12-16 03:00:00,207.0
2025-12-16 04:00:00,177.0
2025-12-16 05:00:00,166.75
2025-12-16 06:00:00,159.75
2025-12-16 07:00:00,176.75
2025-12-16 08:00:00,190.5
2025-12-16 09:00:00,174.75
2025-12-16 10:00:00,162.75
2025-12-16 11:00:00,118.75
2025-12-16 12:00:00,81.0
2025-12-16 13:00:00,104.0
2025-12-16 14:00:00,99.0
2025-12-16 15:00:00,93.75
2025-12-16 16:00:00,81.75
2025-12-16 17:00:00,90.0
2025-12-16 18:00:00,114.0
2025-12-16 19:00:00,138.25
2025-12-16 20:00:00,153.0
2025-12-16 21:00:00,159.0
2025-12-16 22:00:00,158.0
2025-12-16 23:00:00,158.75
2025-12-17 00:00:00,181.5
2025-12-17 01:00:00,156.25
2025-12-17 02:00:00,142.25
2025-12-17 03:00:00,145.75
2025-12-17 04:00:00,144.25
2025-12-17 05:00:00,161.75
2025-12-17 06:00:00,183.25
2025-12-17 07:00:00,153.5
2025-12-17 08:00:00,138.0
2025-12-17 09:00:00,133.75
2025-12-17 10:00:00,130.5
2025-12-17 11:00:00,150.0
2025-12-17 12:00:00,149.67
2025-12-17 13:00:00,118.5
2025-12-17 14:00:00,102.5
2025-12-17 15:00:00,87.0
2025-12-17 16:00:00,79.0
2025-12-17 17:00:00,90.0
2025-12-17 18:00:00,92.25
2025-12-17 19:00:00,141.75
2025-12-17 20:00:00,137.75
2025-12-17 21:00:00,182.25
2025-12-17 22:00:00,295.75
2025-12-17 23:00:00,307.5
2025-12-18 00:00:00,254.75
2025-12-18 01:00:00,226.0
2025-12-18 02:00:00,268.0
2025-12-18 03:00:00,242.5
2025-12-18 04:00:00,195.25
2025-12-18 05:00:00,192.75
2025-12-18 06:00:00,251.75
2025-12-18 07:00:00,184.25
2025-12-18 08:00:00,153.25
2025-12-18 09:00:00,158.25
2025-12-18 10:00:00,168.75
2025-12-18 11:00:00,204.5
2025-12-18 12:00:00,205.5
2025-12-18 13:00:00,210.5
2025-12-18 14:00:00,209.5
2025-12-18 15:00:00,248.25
2025-12-18 16:00:00,214.75
2025-12-18 17:00:00,200.75
2025-12-18 18:00:00,202.5
2025-12-18 19:00:00,219.5
2025-12-18 20:00:00,191.75
2025-12-18 21:00:00,205.0
2025-12-18 22:00:00,236.0
2025-12-18 23:00:00,275.25
2025-12-19 00:00:00,240.5
2025-12-19 01:00:00,231.0
2025-12-19 02:00:00,270.5
2025-12-19 03:00:00,251.5
2025-12-19 04:00:00,189.0
2025-12-19 05:00:00,135.75
2025-12-19 06:00:00,162.0
2025-12-19 07:00:00,140.5
2025-12-19 08:00:00,135.5
2025-12-19 09:00:00,135.0
2025-12-19 10:00:00,170.75
2025-12-19 11:00:00,200.75
2025-12-19 12:00:00,229.5
2025-12-19 13:00:00,198.5
2025-12-19 14:00:00,167.5
2025-12-19 15:00:00,135.75
2025-12-19 16:00:00,174.0
2025-12-19 17:00:00,167.5
2025-12-19 18:00:00,163.5
2025-12-19 19:00:00,202.0
2025-12-19 20:00:00,200.0
2025-12-19 21:00:00,209.0
2025-12-19 22:00:00,126.0
2025-12-19 23:00:00,10.0
2025-12-20 16:00:00,88.67
2025-12-20 17:00:00,111.25
2025-12-20 18:00:00,133.25
2025-12-20 19:00:00,217.25
2025-12-20 20:00:00,255.25
2025-12-20 21:00:00,219.5
2025-12-20 22:00:00,210.75
2025-12-20 23:00:00,228.33
2025-12-21 05:00:00,215.0
2025-12-21 06:00:00,184.25
2025-12-21 07:00:00,150.75
2025-12-21 08:00:00,136.25
2025-12-21 09:00:00,131.25
2025-12-21 10:00:00,117.0
2025-12-21 11:00:00,112.0
2025-12-21 12:00:00,140.5
2025-12-21 13:00:00,151.0
2025-12-21 14:00:00,139.0
2025-12-21 15:00:00,146.75
2025-12-21 16:00:00,142.5
2025-12-21 17:00:00,130.25
2025-12-21 18:00:00,162.0
2025-12-21 19:00:00,180.75
2025-12-21 20:00:00,176.0
2025-12-21 21:00:00,158.5
2025-12-21 22:00:00,154.25
2025-12-21 23:00:00,153.0
2025-12-22 00:00:00,159.5
2025-12-22 01:00:00,164.25
2025-12-22 02:00:00,172.25
2025-12-22 03:00:00,169.0
2025-12-22 04:00:00,166.75
2025-12-22 05:00:00,183.0
2025-12-22 06:00:00,142.75
2025-12-22 07:00:00,123.0
2025-12-22 08:00:00,103.5
2025-12-22 09:00:00,113.75
2025-12-22 10:00:00,153.0
2025-12-22 11:00:00,214.25
2025-12-22 12:00:00,220.75
2025-12-22 13:00:00,213.75
2025-12-22 14:00:00,189.75
2025-12-22 15:00:00,220.75
2025-12-22 16:00:00,215.25
2025-12-22 17:00:00,226.0
2025-12-22 18:00:00,218.75
2025-12-22 19:00:00,310.25
2025-12-22 20:00:00,324.5
2025-12-22 21:00:00,323.75
2025-12-22 22:00:00,325.25
2025-12-22 23:00:00,305.0
2025-12-23 00:00:00,350.25
2025-12-23 01:00:00,343.5
2025-12-23 02:00:00,330.5
2025-12-23 03:00:00,331.0
2025-12-23 04:00:00,308.25
2025-12-23 05:00:00,274.75
2025-12-23 06:00:00,241.0
2025-12-23 07:00:00,207.0
2025-12-23 08:00:00,191.75
2025-12-23 09:00:00,208.25
2025-12-23 10:00:00,181.25
2025-12-23 11:00:00,190.5
2025-12-23 12:00:00,243.0
2025-12-23 13:00:00,186.25
2025-12-23 14:00:00,155.75
2025-12-23 15:00:00,177.75
2025-12-23 16:00:00,158.75
2025-12-23 17:00:00,171.25
2025-12-23 18:00:00,167.75
2025-12-23 19:00:00,199.0
2025-12-23 20:00:00,192.25
2025-12-23 21:00:00,186.0
2025-12-23 22:00:00,161.0
2025-12-23 23:00:00,161.5
2025-12-24 00:00:00,150.25
2025-12-24 01:00:00,117.0
2025-12-24 02:00:00,109.25
2025-12-24 03:00:00,101.75
2025-12-24 04:00:00,96.5
2025-12-24 05:00:00,76.0
2025-12-24 06:00:00,63.5
2025-12-24 07:00:00,64.0
2025-12-24 08:00:00,71.75
2025-12-24 09:00:00,77.5
2025-12-24 10:00:00,72.5
2025-12-24 11:00:00,60.0
2025-12-24 12:00:00,25.75
2025-12-24 13:00:00,21.5
2025-12-24 14:00:00,27.5
2025-12-24 15:00:00,31.5
2025-12-24 16:00:00,32.0
2025-12-24 17:00:00,44.0
2025-12-24 18:00:00,68.75
2025-12-24 19:00:00,85.75
2025-12-24 20:00:00,127.25
2025-12-24 21:00:00,133.5
2025-12-24 22:00:00,121.5
2025-12-24 23:00:00,124.75
2025-12-25 00:00:00,114.0
2025-12-25 01:00:00,96.25
2025-12-25 02:00:00,97.5
2025-12-25 03:00:00,83.25
2025-12-25 04:00:00,79.0
2025-12-25 05:00:00,77.25
2025-12-25 06:00:00,66.25
2025-12-25 07:00:00,63.0
2025-12-25 08:00:00,53.0
2025-12-25 09:00:00,45.0
2025-12-25 10:00:00,53.0
2025-12-25 11:00:00,50.25
2025-12-25 12:00:00,48.0
2025-12-25 13:00:00,45.75
2025-12-25 14:00:00,36.75
2025-12-25 15:00:00,43.75
2025-12-25 16:00:00,57.75
2025-12-25 17:00:00,74.25
2025-12-25 18:00:00,92.75
2025-12-25 19:00:00,136.25
2025-12-25 20:00:00,195.25
2025-12-25 21:00:00,266.25
2025-12-25 22:00:00,325.5
2025-12-25 23:00:00,381.75
2025-12-26 00:00:00,370.5
2025-12-26 01:00:00,391.5
2025-12-26 02:00:00,366.0
2025-12-26 03:00:00,391.75
2025-12-26 04:00:00,333.0
2025-12-26 05:00:00,289.5
2025-12-26 06:00:00,232.0
2025-12-26 07:00:00,173.0
2025-12-26 08:00:00,155.0
2025-12-26 09:00:00,118.25
2025-12-26 10:00:00,99.75
2025-12-26 11:00:00,88.25
2025-12-26 12:00:00,62.5
2025-12-26 13:00:00,62.25
2025-12-26 14:00:00,56.0
2025-12-26 15:00:00,28.0
2025-12-26 16:00:00,39.5
2025-12-26 17:00:00,71.25
2025-12-26 18:00:00,92.5
2025-12-26 19:00:00,164.75
2025-12-26 20:00:00,238.25
2025-12-26 21:00:00,246.75
2025-12-26 22:00:00,249.5
2025-12-26 23:00:00,293.75
2025-12-27 00:00:00,264.5
2025-12-27 01:00:00,265.75
2025-12-27 02:00:00,307.5
2025-12-27 03:00:00,279.5
2025-12-27 04:00:00,253.25
2025-12-27 05:00:00,256.25
2025-12-27 06:00:00,233.75
2025-12-27 07:00:00,202.5
2025-12-27 08:00:00,226.75
2025-12-27 09:00:00,237.75
2025-12-27 10:00:00,222.75
2025-12-27 11:00:00,192.75
2025-12-27 12:00:00,190.25
2025-12-27 13:00:00,158.25
2025-12-27 14:00:00,115.25
2025-12-27 15:00:00,105.5
2025-12-27 16:00:00,115.5
2025-12-27 17:00:00,111.25
2025-12-27 18:00:00,159.5
2025-12-27 19:00:00,246.5
2025-12-27 20:00:00,244.5
2025-12-27 21:00:00,237.0
2025-12-27 22:00:00,281.75
2025-12-27 23:00:00,280.75
2025-12-28 00:00:00,259.25
2025-12-28 01:00:00,267.5
2025-12-28 02:00:00,280.25
2025-12-28 03:00:00,248.0
2025-12-28 04:00:00,230.25
2025-12-28 05:00:00,255.75
2025-12-28 06:00:00,219.0
2025-12-28 07:00:00,193.75
2025-12-28 08:00:00,212.25
2025-12-28 09:00:00,211.5
2025-12-28 10:00:00,191.0
2025-12-28 11:00:00,156.5
2025-12-28 12:00:00,128.0
2025-12-28 13:00:00,140.5
2025-12-28 14:00:00,122.5
2025-12-28 15:00:00,103.5
2025-12-28 16:00:00,114.75
2025-12-28 17:00:00,291.5
2025-12-28 18:00:00,432.75
2025-12-28 19:00:00,441.25
2025-12-28 20:00:00,401.0
2025-12-28 21:00:00,436.25
2025-12-28 22:00:00,378.25
2025-12-28 23:00:00,401.5
2025-12-29 00:00:00,305.25
2025-12-29 01:00:00,294.75
2025-12-29 02:00:00,270.25
2025-12-29 03:00:00,172.75
2025-12-29 04:00:00,240.0
2025-12-29 05:00:00,219.75
2025-12-29 06:00:00,165.75
2025-12-29 07:00:00,157.5
2025-12-29 08:00:00,146.75
2025-12-29 09:00:00,153.0
2025-12-29 10:00:00,168.25
2025-12-29 11:00:00,177.5
2025-12-29 12:00:00,175.0
2025-12-29 13:00:00,129.75
2025-12-29 14:00:00,148.5
2025-12-29 15:00:00,227.5
2025-12-29 16:00:00,143.0
2025-12-29 17:00:00,185.25
2025-12-29 18:00:00,214.25
2025-12-29 19:00:00,248.0
2025-12-29 20:00:00,224.75
2025-12-29 21:00:00,238.75
2025-12-29 22:00:00,211.0
2025-12-29 23:00:00,151.75
2025-12-30 00:00:00,132.75
2025-12-30 01:00:00,129.5
2025-12-30 02:00:00,137.75
2025-12-30 03:00:00,122.75
2025-12-30 04:00:00,35.0
2025-12-30 10:00:00,222.5
2025-12-30 11:00:00,279.33
2025-12-30 12:00:00,238.5
2025-12-30 13:00:00,212.0
2025-12-30 14:00:00,58.75
2025-12-30 15:00:00,101.75
2025-12-30 16:00:00,88.5
2025-12-30 17:00:00,60.0
2025-12-30 18:00:00,93.75
2025-12-30 19:00:00,136.25
2025-12-30 20:00:00,259.25
2025-12-30 21:00:00,281.75
2025-12-30 22:00:00,358.25
2025-12-30 23:00:00,322.5
2025-12-31 00:00:00,336.25
2025-12-31 01:00:00,390.0
2025-12-31 02:00:00,368.25
2025-12-31 03:00:00,353.0
2025-12-31 04:00:00,326.0
2025-12-31 05:00:00,246.5
2025-12-31 06:00:00,147.0
2025-12-31 07:00:00,125.5
2025-12-31 08:00:00,96.75
2025-12-31 09:00:00,92.25
2025-12-31 10:00:00,98.5
2025-12-31 11:00:00,79.25
2025-12-31 12:00:00,94.5
2025-12-31 13:00:00,116.5
2025-12-31 14:00:00,163.5
2025-12-31 15:00:00,176.25
2025-12-31 16:00:00,148.25
2025-12-31 17:00:00,172.5
2025-12-31 18:00:00,172.75
2025-12-31 19:00:00,214.75
2025-12-31 20:00:00,204.0
2025-12-31 21:00:00,195.75
2025-12-31 22:00:00,207.5
2025-12-31 23:00:00,213.5
2026-01-01 00:00:00,193.25
2026-01-01 01:00:00,158.25
2026-01-01 02:00:00,151.75
2026-01-01 03:00:00,162.5
2026-01-01 04:00:00,165.5
2026-01-01 05:00:00,150.75
2026-01-01 06:00:00,142.0
2026-01-01 07:00:00,122.5
2026-01-01 08:00:00,128.5
2026-01-01 09:00:00,173.5
2026-01-01 10:00:00,169.0
2026-01-01 11:00:00,148.25
2026-01-01 12:00:00,138.25
2026-01-01 13:00:00,143.75
2026-01-01 14:00:00,172.0
2026-01-01 15:00:00,177.0
2026-01-01 16:00:00,164.75
2026-01-01 17:00:00,173.33
2026-01-01 18:00:00,176.5
2026-01-01 19:00:00,248.25
2026-01-01 20:00:00,195.75
2026-01-01 21:00:00,163.25
2026-01-01 22:00:00,148.75
2026-01-01 23:00:00,179.25
2026-01-02 00:00:00,138.25
2026-01-02 01:00:00,52.0
2026-01-02 02:00:00,42.0
2026-01-02 03:00:00,46.5
2026-01-02 04:00:00,50.0
2026-01-02 05:00:00,45.75
2026-01-02 06:00:00,50.75
2026-01-02 07:00:00,54.0
2026-01-02 08:00:00,58.5
2026-01-02 09:00:00,63.0
2026-01-02 10:00:00,43.75
2026-01-02 11:00:00,58.75
2026-01-02 12:00:00,46.0
2026-01-02 13:00:00,61.0
2026-01-02 14:00:00,63.5
2026-01-02 15:00:00,60.0
2026-01-02 16:00:00,62.0
2026-01-02 17:00:00,76.0
2026-01-02 18:00:00,85.25
2026-01-02 19:00:00,114.75
2026-01-02 20:00:00,118.75
2026-01-02 21:00:00,114.25
2026-01-02 22:00:00,114.25
2026-01-02 23:00:00,84.25
2026-01-03 00:00:00,91.0
2026-01-03 01:00:00,92.0
2026-01-03 02:00:00,85.0
2026-01-03 03:00:00,107.0
2026-01-03 04:00:00,105.0
2026-01-03 05:00:00,111.0
2026-01-03 06:00:00,116.0
2026-01-03 07:00:00,127.25
2026-01-03 08:00:00,123.0
2026-01-03 09:00:00,104.25
2026-01-03 10:00:00,108.25
2026-01-03 11:00:00,112.5
2026-01-03 14:00:00,94.67
2026-01-03 16:00:00,72.67
2026-01-03 17:00:00,120.5
2026-01-03 18:00:00,84.75
2026-01-03 19:00:00,137.5
2026-01-03 20:00:00,143.25
2026-01-03 21:00:00,131.5
2026-01-03 22:00:00,116.5
2026-01-03 23:00:00,120.25
2026-01-04 00:00:00,123.5
2026-01-04 01:00:00,137.25
2026-01-04 02:00:00,143.75
2026-01-04 03:00:00,119.75
2026-01-04 04:00:00,113.5
2026-01-04 05:00:00,97.25
2026-01-04 06:00:00,99.75
2026-01-04 07:00:00,110.0
2026-01-04 08:00:00,142.25
2026-01-04 09:00:00,121.5
2026-01-04 10:00:00,101.0
2026-01-04 11:00:00,87.75
2026-01-04 12:00:00,75.75
2026-01-04 13:00:00,88.0
2026-01-04 14:00:00,79.5
2026-01-04 15:00:00,85.0
2026-01-04 16:00:00,102.75
2026-01-04 17:00:00,122.5
2026-01-04 18:00:00,63.33
2026-01-04 20:00:00,115.0
2026-01-04 21:00:00,109.25
2026-01-04 22:00:00,91.25
2026-01-04 23:00:00,85.5
2026-01-05 00:00:00,69.25
2026-01-05 01:00:00,65.0
2026-01-05 02:00:00,89.0
2026-01-05 03:00:00,105.0
2026-01-05 04:00:00,110.75
2026-01-05 05:00:00,106.25
2026-01-05 06:00:00,121.0
2026-01-05 07:00:00,94.75
2026-01-05 08:00:00,73.25
2026-01-05 09:00:00,73.0
2026-01-05 10:00:00,107.75
2026-01-05 11:00:00,114.5
2026-01-05 12:00:00,104.33
2026-01-05 19:00:00,160.0
2026-01-05 20:00:00,165.25
2026-01-05 21:00:00,155.75
2026-01-05 22:00:00,182.0
2026-01-05 23:00:00,214.0
2026-01-06 00:00:00,205.75
2026-01-06 01:00:00,196.75
2026-01-06 02:00:00,155.5
2026-01-06 03:00:00,135.75
2026-01-06 04:00:00,130.25
2026-01-06 05:00:00,142.25
2026-01-06 06:00:00,145.0
2026-01-06 07:00:00,140.5
2026-01-06 08:00:00,138.75
2026-01-06 09:00:00,156.25
2026-01-06 10:00:00,142.25
2026-01-06 11:00:00,124.5
2026-01-06 12:00:00,130.75
2026-01-06 13:00:00,128.0
2026-01-06 14:00:00,131.75
2026-01-06 15:00:00,135.67
2026-01-06 16:00:00,11.0
2026-01-06 17:00:00,5.0
2026-01-06 18:00:00,43.75
2026-01-06 19:00:00,92.75
2026-01-06 20:00:00,120.75
2026-01-06 21:00:00,115.0
2026-01-06 22:00:00,110.0
2026-01-06 23:00:00,98.5
2026-01-07 00:00:00,95.25
2026-01-07 01:00:00,85.75
2026-01-07 02:00:00,72.25
2026-01-07 03:00:00,88.5
2026-01-07 04:00:00,94.5
2026-01-07 05:00:00,83.0
2026-01-07 06:00:00,78.5
2026-01-07 07:00:00,73.5
2026-01-07 08:00:00,73.5
2026-01-07 09:00:00,72.25
2026-01-07 10:00:00,75.0
2026-01-07 11:00:00,87.25
2026-01-07 12:00:00,92.25
2026-01-07 13:00:00,118.25
2026-01-07 14:00:00,126.25
2026-01-07 15:00:00,120.0
2026-01-07 16:00:00,124.75
2026-01-07 17:00:00,121.25
2026-01-07 18:00:00,133.5
2026-01-07 19:00:00,150.5
2026-01-07 20:00:00,180.75
2026-01-07 21:00:00,181.75
2026-01-07 22:00:00,129.75
2026-01-07 23:00:00,105.25
2026-01-08 00:00:00,126.0
2026-01-08 01:00:00,115.75
2026-01-08 02:00:00,77.0
2026-01-08 03:00:00,69.0
2026-01-08 04:00:00,70.75
2026-01-08 05:00:00,70.75
2026-01-08 06:00:00,68.0
2026-01-08 07:00:00,70.25
2026-01-08 08:00:00,71.5
2026-01-08 09:00:00,69.75
2026-01-08 10:00:00,76.5
2026-01-08 11:00:00,107.25
2026-01-08 12:00:00,131.25
2026-01-08 13:00:00,121.5
2026-01-08 14:00:00,120.75
2026-01-08 15:00:00,122.0
2026-01-08 16:00:00,115.0
2026-01-08 17:00:00,119.0
2026-01-08 18:00:00,180.5
2026-01-08 19:00:00,275.0
2026-01-08 20:00:00,290.25
2026-01-08 21:00:00,276.25
2026-01-08 22:00:00,236.5
2026-01-08 23:00:00,233.25
2026-01-09 00:00:00,221.75
2026-01-09 01:00:00,180.0
2026-01-09 02:00:00,180.0
2026-01-09 03:00:00,154.25
2026-01-09 04:00:00,142.25
2026-01-09 05:00:00,109.25
2026-01-09 06:00:00,98.25
2026-01-09 07:00:00,168.5
2026-01-09 08:00:00,167.0
2026-01-09 09:00:00,168.0
2026-01-09 10:00:00,190.0
2026-01-09 11:00:00,186.25
2026-01-09 12:00:00,158.0
2026-01-09 13:00:00,152.5
2026-01-09 14:00:00,139.25
2026-01-09 15:00:00,139.75
2026-01-09 16:00:00,255.0
2026-01-09 17:00:00,278.25
2026-01-09 18:00:00,154.25
2026-01-09 19:00:00,152.75
2026-01-09 20:00:00,169.75
2026-01-09 21:00:00,188.0
2026-01-09 22:00:00,167.5
2026-01-09 23:00:00,151.0
2026-01-10 00:00:00,173.75
2026-01-10 01:00:00,190.5
2026-01-10 02:00:00,184.75
2026-01-10 03:00:00,171.75
2026-01-10 04:00:00,160.0
2026-01-10 05:00:00,178.5
2026-01-10 06:00:00,152.25
2026-01-10 07:00:00,158.75
2026-01-10 08:00:00,161.25
2026-01-10 09:00:00,189.0
2026-01-10 10:00:00,189.5
2026-01-10 11:00:00,142.5
2026-01-10 12:00:00,125.75
2026-01-10 13:00:00,85.5
2026-01-10 14:00:00,60.0
2026-01-10 15:00:00,65.75
2026-01-10 16:00:00,71.0
2026-01-10 17:00:00,91.75
2026-01-10 18:00:00,88.75
2026-01-10 19:00:00,95.5
2026-01-10 20:00:00,150.5
2026-01-10 21:00:00,160.25
2026-01-10 22:00:00,152.25
2026-01-10 23:00:00,134.0
2026-01-11 00:00:00,127.0
2026-01-11 01:00:00,143.5
2026-01-11 02:00:00,127.25
2026-01-11 03:00:00,123.75
2026-01-11 04:00:00,119.5
2026-01-11 05:00:00,121.75
2026-01-11 06:00:00,105.75
2026-01-11 07:00:00,105.75
2026-01-11 08:00:00,123.75
2026-01-11 09:00:00,108.0
2026-01-11 10:00:00,126.75
2026-01-11 11:00:00,121.75
2026-01-11 12:00:00,125.0
2026-01-11 13:00:00,83.25
2026-01-11 14:00:00,64.75
2026-01-11 15:00:00,52.0
2026-01-11 16:00:00,44.5
2026-01-11 17:00:00,76.75
2026-01-11 18:00:00,109.25
2026-01-11 19:00:00,138.25
2026-01-11 20:00:00,157.25
2026-01-11 21:00:00,155.5
2026-01-11 22:00:00,156.25
2026-01-11 23:00:00,150.0
2026-01-12 00:00:00,142.5
2026-01-12 01:00:00,150.75
2026-01-12 02:00:00,133.75
2026-01-12 03:00:00,124.0
2026-01-12 04:00:00,116.0
2026-01-12 05:00:00,127.5
2026-01-12 06:00:00,113.25
2026-01-12 07:00:00,139.5
2026-01-12 08:00:00,137.0
2026-01-12 09:00:00,146.75
2026-01-12 10:00:00,141.25
2026-01-12 11:00:00,99.25
2026-01-12 12:00:00,54.5
2026-01-12 13:00:00,53.75
2026-01-12 14:00:00,71.5
2026-01-12 15:00:00,55.75
2026-01-12 16:00:00,55.75
2026-01-12 17:00:00,52.25
2026-01-12 18:00:00,80.25
2026-01-12 19:00:00,178.25
2026-01-12 20:00:00,249.5
2026-01-12 21:00:00,301.0
2026-01-12 22:00:00,360.5
2026-01-12 23:00:00,277.5
2026-01-13 00:00:00,255.25
2026-01-13 01:00:00,308.5
2026-01-13 02:00:00,304.25
2026-01-13 03:00:00,296.0
2026-01-13 04:00:00,311.25
2026-01-13 05:00:00,307.75
2026-01-13 06:00:00,304.75
2026-01-13 07:00:00,318.0
2026-01-13 08:00:00,298.5
2026-01-13 09:00:00,325.5
2026-01-13 10:00:00,229.5
2026-01-13 11:00:00,177.0
2026-01-13 12:00:00,90.25
2026-01-13 13:00:00,66.0
2026-01-13 14:00:00,72.75
2026-01-13 15:00:00,84.0
2026-01-13 16:00:00,70.25
2026-01-13 17:00:00,81.5
2026-01-13 18:00:00,34.67
2026-01-13 19:00:00,10.5
2026-01-13 20:00:00,56.75
2026-01-13 21:00:00,17.75
2026-01-13 22:00:00,9.25
2026-01-14 01:00:00,1.0
2026-01-14 02:00:00,1.0
2026-01-14 10:00:00,79.0
2026-01-14 13:00:00,14.5
2026-01-14 14:00:00,18.5
2026-01-14 15:00:00,58.25
2026-01-14 16:00:00,82.75
2026-01-14 17:00:00,72.75
2026-01-14 18:00:00,100.0
2026-01-14 19:00:00,149.5
2026-01-14 20:00:00,188.25
2026-01-14 21:00:00,194.5
2026-01-14 22:00:00,177.75
2026-01-14 23:00:00,177.25
2026-01-15 00:00:00,199.25
2026-01-15 01:00:00,181.5
2026-01-15 02:00:00,186.75
2026-01-15 03:00:00,186.5
2026-01-15 04:00:00,174.75
2026-01-15 05:00:00,180.25
2026-01-15 06:00:00,108.5
2026-01-15 07:00:00,108.5
2026-01-15 08:00:00,116.75
2026-01-15 09:00:00,119.0
2026-01-15 10:00:00,187.0
2026-01-15 11:00:00,162.5
2026-01-15 12:00:00,143.25
2026-01-15 13:00:00,140.25
2026-01-15 14:00:00,147.25
2026-01-15 15:00:00,119.5
2026-01-15 16:00:00,86.0
2026-01-15 17:00:00,51.0
2026-01-16 15:00:00,16.0
2026-01-16 16:00:00,62.25
2026-01-16 17:00:00,39.75
2026-01-16 18:00:00,83.75
2026-01-16 19:00:00,139.0
2026-01-16 20:00:00,166.5
2026-01-16 21:00:00,219.75
2026-01-16 22:00:00,242.25
2026-01-16 23:00:00,366.25
2026-01-17 00:00:00,399.25
2026-01-17 01:00:00,293.25
2026-01-17 02:00:00,213.25
2026-01-17 03:00:00,185.25
2026-01-17 04:00:00,182.25
2026-01-17 05:00:00,168.75
2026-01-17 06:00:00,184.25
2026-01-17 07:00:00,130.0
2026-01-17 08:00:00,107.25
2026-01-17 09:00:00,117.25
2026-01-17 10:00:00,153.0
2026-01-17 11:00:00,199.25
2026-01-17 12:00:00,207.5
2026-01-17 13:00:00,184.5
2026-01-17 14:00:00,199.0
2026-01-17 15:00:00,261.5
2026-01-17 16:00:00,229.75
2026-01-17 17:00:00,197.75
2026-01-17 18:00:00,188.25
2026-01-17 19:00:00,176.5
2026-01-17 20:00:00,212.5
2026-01-17 21:00:00,359.25
2026-01-17 22:00:00,444.0
2026-01-17 23:00:00,418.0
2026-01-18 00:00:00,518.75
2026-01-18 01:00:00,454.0
2026-01-18 02:00:00,372.75
2026-01-18 03:00:00,388.5
2026-01-18 04:00:00,380.25
2026-01-18 05:00:00,352.75
2026-01-18 06:00:00,319.0
2026-01-18 07:00:00,365.75
2026-01-18 08:00:00,337.25
2026-01-18 09:00:00,223.25
2026-01-18 10:00:00,217.75
2026-01-18 11:00:00,141.25
2026-01-18 12:00:00,116.5
2026-01-18 13:00:00,171.25
2026-01-18 14:00:00,139.5
2026-01-18 15:00:00,107.75
2026-01-18 16:00:00,100.5
2026-01-18 17:00:00,129.0
2026-01-18 18:00:00,139.5
2026-01-18 19:00:00,177.0
2026-01-18 20:00:00,205.5
2026-01-18 21:00:00,223.5
2026-01-18 22:00:00,301.5
2026-01-18 23:00:00,319.5
2026-01-19 00:00:00,353.0
2026-01-19 01:00:00,336.25
2026-01-19 02:00:00,283.25
2026-01-19 03:00:00,214.25
2026-01-19 04:00:00,150.75
2026-01-19 05:00:00,187.0
2026-01-19 06:00:00,223.25
2026-01-19 07:00:00,211.25
2026-01-19 08:00:00,254.25
2026-01-19 09:00:00,272.0
2026-01-19 10:00:00,219.25
2026-01-19 11:00:00,143.75
2026-01-19 12:00:00,172.75
2026-01-19 13:00:00,172.0
2026-01-19 14:00:00,115.75
2026-01-19 15:00:00,59.25
2026-01-19 16:00:00,144.25
2026-01-19 17:00:00,160.25
2026-01-19 18:00:00,174.5
2026-01-19 19:00:00,186.5
2026-01-19 20:00:00,241.5
2026-01-19 21:00:00,240.25
2026-01-19 22:00:00,280.75
2026-01-19 23:00:00,272.0
2026-01-20 00:00:00,295.75
2026-01-20 01:00:00,276.75
2026-01-20 02:00:00,253.5
2026-01-20 03:00:00,223.75
2026-01-20 04:00:00,193.25
2026-01-20 05:00:00,183.0
2026-01-20 06:00:00,225.0
2026-01-20 07:00:00,227.75
2026-01-20 08:00:00,221.0
2026-01-20 09:00:00,200.0
2026-01-20 10:00:00,186.75
2026-01-20 11:00:00,118.0
2026-01-20 12:00:00,75.5
2026-01-20 13:00:00,59.25
2026-01-20 14:00:00,53.5
2026-01-20 15:00:00,49.5
2026-01-20 16:00:00,55.5
2026-01-20 17:00:00,77.25
2026-01-20 18:00:00,116.75
2026-01-20 19:00:00,192.25
2026-01-20 20:00:00,225.0
2026-01-20 21:00:00,225.5
2026-01-20 22:00:00,190.75
2026-01-20 23:00:00,191.25
2026-01-21 00:00:00,233.5
2026-01-21 01:00:00,219.0
2026-01-21 02:00:00,188.5
2026-01-21 03:00:00,183.0
2026-01-21 04:00:00,158.5
2026-01-21 05:00:00,140.25
2026-01-21 06:00:00,141.25
2026-01-21 07:00:00,141.0
2026-01-21 08:00:00,162.75
2026-01-21 09:00:00,171.25
2026-01-21 10:00:00,159.0
2026-01-21 11:00:00,138.75
2026-01-21 12:00:00,93.0
2026-01-21 13:00:00,71.25
2026-01-21 14:00:00,62.5
2026-01-21 15:00:00,52.75
2026-01-21 16:00:00,63.0
2026-01-21 17:00:00,148.0
2026-01-21 18:00:00,106.5
2026-01-21 19:00:00,139.75
2026-01-21 20:00:00,187.75
2026-01-21 21:00:00,210.0
2026-01-21 22:00:00,206.0
2026-01-21 23:00:00,176.0
2026-01-22 00:00:00,200.75
2026-01-22 01:00:00,200.5
2026-01-22 02:00:00,192.75
2026-01-22 03:00:00,187.75
2026-01-22 04:00:00,168.75
2026-01-22 05:00:00,150.0
2026-01-22 06:00:00,158.5
2026-01-22 07:00:00,186.5
2026-01-22 08:00:00,208.5
2026-01-22 09:00:00,180.75
2026-01-22 10:00:00,168.0
2026-01-22 11:00:00,96.25
2026-01-22 12:00:00,79.25
2026-01-22 13:00:00,74.75
2026-01-22 14:00:00,69.25
2026-01-22 15:00:00,75.5
2026-01-22 16:00:00,69.25
2026-01-22 17:00:00,62.0
2026-01-22 18:00:00,89.0
2026-01-22 19:00:00,135.75
2026-01-22 20:00:00,181.5
2026-01-22 21:00:00,145.75
2026-01-22 22:00:00,113.5
2026-01-22 23:00:00,105.75
2026-01-23 00:00:00,115.5
2026-01-23 01:00:00,104.5
2026-01-23 02:00:00,96.0
2026-01-23 03:00:00,86.75
2026-01-23 04:00:00,77.5
2026-01-23 05:00:00,77.0
2026-01-23 06:00:00,77.25
2026-01-23 07:00:00,86.25
2026-01-23 08:00:00,101.0
2026-01-23 09:00:00,87.0
2026-01-23 10:00:00,91.5
2026-01-23 11:00:00,90.25
2026-01-23 12:00:00,95.75
2026-01-23 13:00:00,95.75
2026-01-23 14:00:00,89.0
2026-01-23 15:00:00,83.25
2026-01-23 16:00:00,120.75
2026-01-23 17:00:00,117.5
2026-01-23 18:00:00,119.5
2026-01-23 19:00:00,112.25
2026-01-23 20:00:00,108.0
2026-01-23 21:00:00,100.0
2026-01-23 22:00:00,107.75
2026-01-23 23:00:00,100.5
2026-01-24 00:00:00,117.75
2026-01-24 01:00:00,130.5
2026-01-24 02:00:00,138.0
2026-01-24 03:00:00,100.5
2026-01-24 04:00:00,56.5
2026-01-24 05:00:00,49.5
2026-01-24 06:00:00,38.25
2026-01-24 07:00:00,32.5
2026-01-24 08:00:00,31.5
2026-01-24 09:00:00,36.0
2026-01-24 10:00:00,39.0
2026-01-24 11:00:00,37.25
2026-01-24 12:00:00,36.75
2026-01-24 13:00:00,35.0
2026-01-24 14:00:00,35.0
2026-01-24 15:00:00,48.5
2026-01-24 16:00:00,42.5
2026-01-24 17:00:00,49.0
2026-01-24 18:00:00,61.0
2026-01-24 19:00:00,58.0
2026-01-24 20:00:00,68.25
2026-01-24 21:00:00,69.25
2026-01-24 22:00:00,57.0
2026-01-24 23:00:00,45.25
2026-01-25 00:00:00,61.25
2026-01-25 01:00:00,59.25
2026-01-25 02:00:00,51.25
2026-01-25 03:00:00,72.75
2026-01-25 04:00:00,61.0
2026-01-25 05:00:00,55.5
2026-01-25 06:00:00,56.5
2026-01-25 07:00:00,56.75
2026-01-25 08:00:00,57.0
2026-01-25 09:00:00,56.25
2026-01-25 10:00:00,65.75
2026-01-25 11:00:00,54.5
2026-01-25 12:00:00,39.0
2026-01-25 13:00:00,47.25
2026-01-25 14:00:00,54.5
2026-01-25 15:00:00,44.75
2026-01-25 16:00:00,38.75
2026-01-25 17:00:00,36.75
2026-01-25 18:00:00,58.0
2026-01-25 19:00:00,78.0
2026-01-25 20:00:00,120.25
2026-01-25 21:00:00,163.5
2026-01-25 22:00:00,133.25
2026-01-25 23:00:00,129.25
2026-01-26 00:00:00,139.0
2026-01-26 01:00:00,113.25
2026-01-26 02:00:00,94.5
2026-01-26 03:00:00,77.5
2026-01-26 04:00:00,76.0
2026-01-26 05:00:00,68.0
2026-01-26 06:00:00,75.0
2026-01-26 07:00:00,81.25
2026-01-26 08:00:00,66.5
2026-01-26 09:00:00,61.25
2026-01-26 10:00:00,61.5
2026-01-26 11:00:00,66.5
2026-01-26 12:00:00,56.5
2026-01-26 13:00:00,41.25
2026-01-26 14:00:00,53.0
2026-01-26 15:00:00,74.25
2026-01-26 16:00:00,80.5
2026-01-26 17:00:00,75.75
2026-01-26 18:00:00,81.0
2026-01-26 19:00:00,132.75
2026-01-26 20:00:00,176.75
2026-01-26 21:00:00,199.0
2026-01-26 22:00:00,233.25
2026-01-26 23:00:00,219.75
2026-01-27 00:00:00,266.0
2026-01-27 01:00:00,259.5
2026-01-27 02:00:00,234.5
2026-01-27 03:00:00,198.75
2026-01-27 04:00:00,160.25
2026-01-27 05:00:00,138.5
2026-01-27 06:00:00,122.0
2026-01-27 07:00:00,154.75
2026-01-27 08:00:00,154.5
2026-01-27 09:00:00,137.5
2026-01-27 10:00:00,113.25
2026-01-27 11:00:00,116.0
2026-01-27 12:00:00,121.25
2026-01-27 13:00:00,109.5
2026-01-27 14:00:00,83.5
2026-01-27 15:00:00,94.75
2026-01-27 16:00:00,88.0
2026-01-27 17:00:00,69.75
2026-01-27 18:00:00,54.5
2026-01-27 19:00:00,74.0
2026-01-27 20:00:00,92.25
2026-01-27 21:00:00,92.25
2026-01-27 22:00:00,86.5
2026-01-27 23:00:00,78.25
2026-01-28 00:00:00,83.0
2026-01-28 01:00:00,79.0
2026-01-28 02:00:00,61.5
2026-01-28 03:00:00,58.5
2026-01-28 04:00:00,51.0
2026-01-28 05:00:00,49.75
2026-01-28 06:00:00,57.25
2026-01-28 07:00:00,64.75
2026-01-28 08:00:00,88.25
2026-01-28 09:00:00,93.25
2026-01-28 10:00:00,98.25
2026-01-28 11:00:00,110.5
2026-01-28 12:00:00,108.0
2026-01-28 13:00:00,117.25
2026-01-28 14:00:00,84.75
2026-01-28 15:00:00,82.5
2026-01-28 16:00:00,87.25
2026-01-28 17:00:00,92.75
2026-01-28 18:00:00,123.25
2026-01-28 19:00:00,143.75
2026-01-28 20:00:00,136.25
2026-01-28 21:00:00,113.0
2026-01-28 22:00:00,100.75
2026-01-28 23:00:00,89.0
2026-01-29 00:00:00,101.75
2026-01-29 01:00:00,101.5
2026-01-29 02:00:00,88.0
2026-01-29 03:00:00,89.25
2026-01-29 04:00:00,71.25
2026-01-29 05:00:00,55.5
2026-01-29 06:00:00,62.25
2026-01-29 07:00:00,68.0
2026-01-29 08:00:00,63.25
2026-01-29 09:00:00,70.25
2026-01-29 10:00:00,67.0
2026-01-29 11:00:00,55.5
2026-01-29 12:00:00,65.5
2026-01-29 13:00:00,74.25
2026-01-29 14:00:00,61.25
2026-01-29 15:00:00,67.0
2026-01-29 16:00:00,70.0
2026-01-29 17:00:00,76.75
2026-01-29 18:00:00,80.25
2026-01-29 19:00:00,89.5
2026-01-29 20:00:00,106.5
2026-01-29 21:00:00,108.25
2026-01-29 22:00:00,102.0
2026-01-29 23:00:00,96.25
2026-01-30 00:00:00,128.75
2026-01-30 01:00:00,120.25
2026-01-30 02:00:00,124.5
2026-01-30 03:00:00,97.5
2026-01-30 04:00:00,99.25
2026-01-30 05:00:00,85.5
2026-01-30 06:00:00,84.5
2026-01-30 07:00:00,83.0
2026-01-30 08:00:00,85.75
2026-01-30 09:00:00,66.25
2026-01-30 10:00:00,53.75
2026-01-30 11:00:00,52.75
2026-01-30 12:00:00,42.25
2026-01-30 13:00:00,30.75
2026-01-30 14:00:00,52.75
2026-01-30 15:00:00,62.75
2026-01-30 16:00:00,66.25
2026-01-30 17:00:00,80.75
2026-01-30 18:00:00,89.25
2026-01-30 19:00:00,108.75
2026-01-30 20:00:00,142.5
2026-01-30 21:00:00,197.5
2026-01-30 22:00:00,249.25
2026-01-30 23:00:00,271.75
2026-01-31 00:00:00,296.5
2026-01-31 01:00:00,277.5
2026-01-31 02:00:00,262.5
2026-01-31 03:00:00,250.25
2026-01-31 04:00:00,243.75
2026-01-31 05:00:00,282.75
2026-01-31 06:00:00,233.0
2026-01-31 07:00:00,177.25
2026-01-31 08:00:00,159.75
2026-01-31 09:00:00,157.5
2026-01-31 10:00:00,169.0
2026-01-31 11:00:00,160.5
2026-01-31 12:00:00,154.25
2026-01-31 13:00:00,180.0
2026-01-31 14:00:00,170.25
2026-01-31 15:00:00,127.5
2026-01-31 16:00:00,109.0
2026-01-31 17:00:00,113.5
2026-01-31 18:00:00,113.25
2026-01-31 19:00:00,115.5
2026-01-31 20:00:00,116.25
2026-01-31 21:00:00,99.75
2026-01-31 22:00:00,91.5
2026-01-31 23:00:00,95.0
2026-02-01 00:00:00,121.0
2026-02-01 01:00:00,103.75
2026-02-01 02:00:00,77.5
2026-02-01 03:00:00,64.5
2026-02-01 04:00:00,60.0
2026-02-01 05:00:00,72.0
2026-02-01 06:00:00,68.0
2026-02-01 07:00:00,84.25
2026-02-01 08:00:00,83.0
2026-02-01 09:00:00,57.0
2026-02-01 10:00:00,52.5
2026-02-01 11:00:00,45.5
2026-02-01 12:00:00,47.25
2026-02-01 13:00:00,28.75
2026-02-01 14:00:00,40.0
2026-02-01 15:00:00,26.5
2026-02-01 16:00:00,36.0
2026-02-01 17:00:00,39.0
2026-02-01 18:00:00,52.5
2026-02-01 19:00:00,69.0
2026-02-01 20:00:00,83.25
2026-02-01 21:00:00,101.0
2026-02-01 22:00:00,152.0
2026-02-01 23:00:00,144.5
2026-02-02 00:00:00,146.75
2026-02-02 01:00:00,131.5
2026-02-02 02:00:00,138.75
2026-02-02 03:00:00,84.5
2026-02-02 04:00:00,58.25
2026-02-02 05:00:00,56.5
2026-02-02 06:00:00,57.75
2026-02-02 07:00:00,55.75
2026-02-02 08:00:00,50.5
2026-02-02 09:00:00,68.0
2026-02-02 10:00:00,70.25
2026-02-02 11:00:00,73.75
2026-02-02 12:00:00,83.25
2026-02-02 13:00:00,85.25
2026-02-02 14:00:00,86.25
2026-02-02 15:00:00,82.5
2026-02-02 16:00:00,82.25
2026-02-02 17:00:00,95.75
2026-02-02 18:00:00,119.5
2026-02-02 19:00:00,116.75
2026-02-02 20:00:00,112.5
2026-02-02 21:00:00,103.25
2026-02-02 22:00:00,106.75
2026-02-02 23:00:00,101.0
2026-02-03 00:00:00,122.25
2026-02-03 01:00:00,114.25
2026-02-03 02:00:00,89.75
2026-02-03 03:00:00,68.0
2026-02-03 04:00:00,72.25
2026-02-03 05:00:00,69.75
2026-02-03 06:00:00,61.25
2026-02-03 07:00:00,61.5
2026-02-03 08:00:00,62.5
2026-02-03 09:00:00,72.5
2026-02-03 10:00:00,77.5
2026-02-03 11:00:00,96.25
2026-02-03 12:00:00,95.0
2026-02-03 13:00:00,77.75
2026-02-03 14:00:00,91.75
2026-02-03 15:00:00,119.75
2026-02-03 16:00:00,76.0
2026-02-03 17:00:00,122.75
2026-02-03 18:00:00,120.0
2026-02-03 19:00:00,110.0
2026-02-03 20:00:00,159.5
2026-02-03 21:00:00,168.25
2026-02-03 22:00:00,174.75
2026-02-03 23:00:00,204.5
2026-02-04 00:00:00,257.0
2026-02-04 01:00:00,240.5
2026-02-04 02:00:00,207.5
2026-02-04 03:00:00,187.75
2026-02-04 04:00:00,193.75
2026-02-04 05:00:00,189.0
2026-02-04 06:00:00,189.5
2026-02-04 07:00:00,224.5
2026-02-04 08:00:00,206.25
2026-02-04 09:00:00,149.5
2026-02-04 10:00:00,133.0
2026-02-04 11:00:00,137.25
2026-02-04 12:00:00,100.5
2026-02-04 13:00:00,75.25
2026-02-04 14:00:00,72.25
2026-02-04 15:00:00,61.25
2026-02-04 16:00:00,57.0
2026-02-04 17:00:00,52.75
2026-02-04 18:00:00,50.0
2026-02-04 19:00:00,63.5
2026-02-04 20:00:00,90.75
2026-02-04 21:00:00,113.75
2026-02-04 22:00:00,109.25
2026-02-04 23:00:00,109.25
2026-02-05 00:00:00,118.75
2026-02-05 01:00:00,109.5
2026-02-05 02:00:00,98.0
2026-02-05 03:00:00,99.75
2026-02-05 04:00:00,101.75
2026-02-05 05:00:00,93.25
2026-02-05 06:00:00,92.0
2026-02-05 07:00:00,94.25
2026-02-05 08:00:00,83.5
2026-02-05 09:00:00,74.0
2026-02-05 10:00:00,86.0
2026-02-05 11:00:00,61.0
2026-02-05 12:00:00,43.75
2026-02-05 13:00:00,48.5
2026-02-05 14:00:00,56.0
2026-02-05 15:00:00,41.75
2026-02-05 16:00:00,33.0
2026-02-05 17:00:00,53.75
2026-02-05 18:00:00,61.75
2026-02-05 19:00:00,81.25
2026-02-05 20:00:00,110.0
2026-02-05 21:00:00,138.75
2026-02-05 22:00:00,141.25
2026-02-05 23:00:00,134.5
2026-02-06 00:00:00,138.5
2026-02-06 01:00:00,115.75
2026-02-06 02:00:00,110.5
2026-02-06 03:00:00,95.25
2026-02-06 04:00:00,74.0
2026-02-06 05:00:00,79.75
2026-02-06 06:00:00,88.75
2026-02-06 07:00:00,76.75
2026-02-06 08:00:00,62.75
2026-02-06 09:00:00,56.75
2026-02-06 10:00:00,61.0
2026-02-06 11:00:00,58.75
2026-02-06 12:00:00,45.5
2026-02-06 13:00:00,45.5
2026-02-06 14:00:00,39.75
2026-02-06 15:00:00,53.25
2026-02-06 16:00:00,53.25
2026-02-06 17:00:00,54.5
2026-02-06 18:00:00,67.0
2026-02-06 19:00:00,95.5
2026-02-06 20:00:00,96.0
2026-02-06 21:00:00,99.5
2026-02-06 22:00:00,119.5
2026-02-06 23:00:00,113.0
2026-02-07 00:00:00,128.5
2026-02-07 01:00:00,116.0
2026-02-07 02:00:00,99.5
2026-02-07 03:00:00,76.0
2026-02-07 04:00:00,70.25
2026-02-07 05:00:00,66.75
2026-02-07 06:00:00,64.75
2026-02-07 07:00:00,65.25
2026-02-07 08:00:00,53.25
2026-02-07 09:00:00,60.25
2026-02-07 10:00:00,61.5
2026-02-07 11:00:00,63.75
2026-02-07 12:00:00,60.75
2026-02-07 13:00:00,53.75
2026-02-07 14:00:00,55.25
2026-02-07 15:00:00,49.25
2026-02-07 16:00:00,46.5
2026-02-07 17:00:00,53.0
2026-02-07 18:00:00,57.75
2026-02-07 19:00:00,99.5
2026-02-07 20:00:00,113.75
2026-02-07 21:00:00,119.5
2026-02-07 22:00:00,105.75
2026-02-07 23:00:00,92.25
2026-02-08 00:00:00,86.5
2026-02-08 01:00:00,78.5
2026-02-08 02:00:00,70.5
2026-02-08 03:00:00,64.5
2026-02-08 04:00:00,74.0
2026-02-08 05:00:00,79.25
2026-02-08 06:00:00,74.25
2026-02-08 07:00:00,67.25
2026-02-08 08:00:00,63.25
2026-02-08 09:00:00,46.0
2026-02-08 10:00:00,61.75
2026-02-08 11:00:00,43.5
2026-02-08 12:00:00,38.25
2026-02-08 13:00:00,30.25
2026-02-08 14:00:00,32.25
2026-02-08 15:00:00,23.75
2026-02-08 16:00:00,38.25
2026-02-08 17:00:00,44.0
2026-02-08 18:00:00,47.5
2026-02-08 19:00:00,55.25
2026-02-08 20:00:00,94.0
2026-02-08 21:00:00,124.5
2026-02-08 22:00:00,131.25
2026-02-08 23:00:00,135.25
2026-02-09 00:00:00,157.75
2026-02-09 01:00:00,158.25
2026-02-09 02:00:00,145.25
2026-02-09 03:00:00,141.0
2026-02-09 04:00:00,134.75
2026-02-09 05:00:00,132.75
2026-02-09 06:00:00,110.75
2026-02-09 07:00:00,101.25
2026-02-09 08:00:00,103.75
2026-02-09 09:00:00,136.75
2026-02-09 10:00:00,123.5
2026-02-09 11:00:00,93.75
2026-02-09 12:00:00,65.0
2026-02-09 13:00:00,61.0
2026-02-09 14:00:00,57.5
2026-02-09 15:00:00,50.75
2026-02-09 16:00:00,49.0
2026-02-09 17:00:00,38.0
2026-02-09 18:00:00,42.75
2026-02-09 19:00:00,56.75
2026-02-09 20:00:00,80.75
2026-02-09 21:00:00,137.25
2026-02-09 22:00:00,162.5
2026-02-09 23:00:00,210.75
2026-02-10 00:00:00,181.5
2026-02-10 01:00:00,138.25
2026-02-10 02:00:00,146.0
2026-02-10 03:00:00,158.0
2026-02-10 04:00:00,135.75
2026-02-10 05:00:00,118.0
2026-02-10 06:00:00,121.5
2026-02-10 07:00:00,120.0
2026-02-10 08:00:00,151.0
2026-02-10 09:00:00,219.75
2026-02-10 10:00:00,171.25
2026-02-10 11:00:00,160.75
2026-02-10 12:00:00,87.0
2026-02-10 13:00:00,65.25
2026-02-10 14:00:00,48.0
2026-02-10 15:00:00,49.0
2026-02-10 16:00:00,47.5
2026-02-10 17:00:00,50.0
2026-02-10 18:00:00,61.0
2026-02-10 19:00:00,75.0
2026-02-10 20:00:00,96.0
2026-02-10 21:00:00,143.25
2026-02-10 22:00:00,168.25
2026-02-10 23:00:00,190.25
2026-02-11 00:00:00,183.5
2026-02-11 01:00:00,195.75
2026-02-11 02:00:00,176.25
2026-02-11 03:00:00,152.5
2026-02-11 04:00:00,147.75
2026-02-11 05:00:00,196.5
2026-02-11 06:00:00,163.5
2026-02-11 07:00:00,165.0
2026-02-11 08:00:00,207.0
2026-02-11 09:00:00,157.0
2026-02-11 10:00:00,136.25
2026-02-11 11:00:00,97.75
2026-02-11 12:00:00,68.75
2026-02-11 13:00:00,65.25
2026-02-11 14:00:00,48.0
2026-02-11 15:00:00,47.5
2026-02-11 16:00:00,47.75
2026-02-11 17:00:00,56.25
2026-02-11 18:00:00,63.5
2026-02-11 19:00:00,68.25
2026-02-11 20:00:00,72.0
2026-02-11 21:00:00,73.25
2026-02-11 22:00:00,84.0
2026-02-11 23:00:00,95.75
2026-02-12 00:00:00,82.0
2026-02-12 01:00:00,66.0
2026-02-12 02:00:00,74.0
2026-02-12 03:00:00,63.75
2026-02-12 04:00:00,53.0
2026-02-12 05:00:00,57.5
2026-02-12 06:00:00,69.75
2026-02-12 07:00:00,61.75
2026-02-12 08:00:00,55.25
2026-02-12 09:00:00,56.75
2026-02-12 10:00:00,63.75
2026-02-12 11:00:00,51.75
2026-02-12 12:00:00,39.5
2026-02-12 13:00:00,30.0
2026-02-12 14:00:00,30.5
2026-02-12 15:00:00,38.5
2026-02-12 16:00:00,35.25
2026-02-12 17:00:00,33.5
2026-02-12 18:00:00,35.0
2026-02-12 19:00:00,51.0
2026-02-12 20:00:00,69.5
2026-02-12 21:00:00,92.75
2026-02-12 22:00:00,101.0
2026-02-12 23:00:00,110.75
2026-02-13 00:00:00,113.25
2026-02-13 01:00:00,117.25
2026-02-13 02:00:00,102.75
2026-02-13 03:00:00,97.25
2026-02-13 04:00:00,80.75
2026-02-13 05:00:00,79.75
2026-02-13 06:00:00,81.25
2026-02-13 07:00:00,75.0
2026-02-13 08:00:00,67.5
2026-02-13 09:00:00,56.5
2026-02-13 10:00:00,47.75
2026-02-13 11:00:00,31.75
2026-02-13 12:00:00,24.75
2026-02-13 13:00:00,21.5
2026-02-13 14:00:00,28.25
2026-02-13 15:00:00,28.25
2026-02-13 16:00:00,22.0
2026-02-13 17:00:00,51.75
2026-02-13 18:00:00,53.5
2026-02-13 19:00:00,77.5
2026-02-13 20:00:00,70.5
2026-02-13 21:00:00,95.25
2026-02-13 22:00:00,139.75
2026-02-13 23:00:00,135.5
2026-02-14 00:00:00,146.0
2026-02-14 01:00:00,148.0
2026-02-14 02:00:00,146.5
2026-02-14 03:00:00,132.0
2026-02-14 04:00:00,130.5
2026-02-14 05:00:00,115.5
2026-02-14 06:00:00,106.5
2026-02-14 07:00:00,111.5
2026-02-14 08:00:00,85.25
2026-02-14 09:00:00,45.0
2026-02-14 10:00:00,51.25
2026-02-14 11:00:00,54.25
2026-02-14 12:00:00,46.25
2026-02-14 13:00:00,64.5
2026-02-14 14:00:00,50.75
2026-02-14 15:00:00,42.0
2026-02-14 16:00:00,40.5
2026-02-14 17:00:00,62.0
2026-02-14 18:00:00,65.25
2026-02-14 19:00:00,68.0
2026-02-14 20:00:00,88.5
2026-02-14 21:00:00,116.5
2026-02-14 22:00:00,131.25
2026-02-14 23:00:00,141.5
2026-02-15 00:00:00,156.25
2026-02-15 01:00:00,145.5
2026-02-15 02:00:00,126.0
2026-02-15 03:00:00,108.75
2026-02-15 04:00:00,87.5
2026-02-15 05:00:00,77.25
2026-02-15 06:00:00,76.75
2026-02-15 07:00:00,53.0
2026-02-15 08:00:00,53.0
2026-02-15 09:00:00,53.25
2026-02-15 10:00:00,57.0
2026-02-15 11:00:00,71.25
2026-02-15 12:00:00,58.5
2026-02-15 13:00:00,37.25
2026-02-15 14:00:00,37.75
2026-02-15 15:00:00,34.25
2026-02-15 16:00:00,49.75
2026-02-15 17:00:00,48.5
2026-02-15 18:00:00,66.5
2026-02-15 19:00:00,85.75
2026-02-15 20:00:00,123.0
2026-02-15 21:00:00,159.0
2026-02-15 22:00:00,162.25
2026-02-15 23:00:00,154.25
2026-02-16 00:00:00,172.75
2026-02-16 01:00:00,174.75
2026-02-16 02:00:00,163.5
2026-02-16 03:00:00,141.5
2026-02-16 04:00:00,126.25
2026-02-16 05:00:00,106.25
2026-02-16 06:00:00,95.25
2026-02-16 07:00:00,102.5
2026-02-16 08:00:00,103.5
2026-02-16 09:00:00,114.5
2026-02-16 10:00:00,70.75
2026-02-16 11:00:00,100.75
2026-02-16 12:00:00,69.0
2026-02-16 13:00:00,52.0
2026-02-16 14:00:00,60.5
2026-02-16 15:00:00,51.5
2026-02-16 16:00:00,44.0
2026-02-16 17:00:00,51.0
2026-02-16 18:00:00,54.75
2026-02-16 19:00:00,72.5
2026-02-16 20:00:00,100.0
2026-02-16 21:00:00,113.75
2026-02-16 22:00:00,97.0
2026-02-16 23:00:00,99.75
2026-02-17 00:00:00,126.75
2026-02-17 01:00:00,113.0
2026-02-17 02:00:00,98.75
2026-02-17 03:00:00,92.5
2026-02-17 04:00:00,100.25
2026-02-17 05:00:00,88.75
2026-02-17 06:00:00,90.75
2026-02-17 07:00:00,82.5
2026-02-17 08:00:00,66.75
2026-02-17 09:00:00,60.0
2026-02-17 10:00:00,56.25
2026-02-17 11:00:00,45.0
2026-02-17 12:00:00,33.75
2026-02-17 13:00:00,28.0
2026-02-17 14:00:00,30.0
2026-02-17 15:00:00,24.75
2026-02-17 16:00:00,27.5
2026-02-17 17:00:00,44.0
2026-02-17 18:00:00,49.5
2026-02-17 19:00:00,61.25
2026-02-17 20:00:00,69.5
2026-02-17 21:00:00,86.5
2026-02-17 22:00:00,104.0
2026-02-17 23:00:00,126.75
2026-02-18 00:00:00,155.0
2026-02-18 01:00:00,158.75
2026-02-18 02:00:00,141.75
2026-02-18 03:00:00,147.75
2026-02-18 04:00:00,137.75
2026-02-18 05:00:00,121.75
2026-02-18 06:00:00,79.0
2026-02-18 07:00:00,110.5
2026-02-18 08:00:00,119.75
2026-02-18 09:00:00,87.0
2026-02-18 10:00:00,101.0
2026-02-18 11:00:00,70.0
2026-02-18 12:00:00,62.5
2026-02-18 13:00:00,52.75
2026-02-18 14:00:00,40.75
2026-02-18 15:00:00,36.75
2026-02-18 16:00:00,32.5
2026-02-18 17:00:00,52.75
2026-02-18 18:00:00,77.75
2026-02-18 19:00:00,75.25
2026-02-18 20:00:00,61.5
2026-02-18 21:00:00,72.25
2026-02-18 22:00:00,74.25
2026-02-18 23:00:00,84.75
2026-02-19 00:00:00,31.5
2026-02-19 10:00:00,62.0
2026-02-19 11:00:00,85.75
2026-02-19 12:00:00,72.25
2026-02-19 13:00:00,54.25
2026-02-19 14:00:00,69.0
2026-02-19 15:00:00,77.5
2026-02-19 16:00:00,79.25
2026-02-19 17:00:00,68.75
2026-02-19 18:00:00,52.0
2026-02-19 19:00:00,60.75
2026-02-19 20:00:00,75.25
2026-02-19 21:00:00,83.0
2026-02-19 22:00:00,84.5
2026-02-19 23:00:00,96.75
2026-02-20 00:00:00,117.25
2026-02-20 01:00:00,117.25
2026-02-20 02:00:00,104.75
2026-02-20 03:00:00,98.75
2026-02-20 04:00:00,100.5
2026-02-20 05:00:00,90.25
2026-02-20 06:00:00,98.25
2026-02-20 07:00:00,97.5
2026-02-20 08:00:00,95.5
2026-02-20 09:00:00,103.75
2026-02-20 10:00:00,68.25
2026-02-20 11:00:00,70.25
2026-02-20 12:00:00,55.0
2026-02-20 13:00:00,60.75
2026-02-20 14:00:00,67.25
2026-02-20 15:00:00,71.5
2026-02-20 16:00:00,66.25
2026-02-20 17:00:00,44.75
2026-02-20 18:00:00,58.5
2026-02-20 19:00:00,54.5
2026-02-20 20:00:00,72.5
2026-02-20 21:00:00,83.0
2026-02-20 22:00:00,76.25
2026-02-20 23:00:00,95.0
2026-02-21 00:00:00,106.5
2026-02-21 01:00:00,100.25
2026-02-21 02:00:00,93.0
2026-02-21 03:00:00,88.75
2026-02-21 04:00:00,80.25
2026-02-21 05:00:00,80.75
2026-02-21 06:00:00,75.0
2026-02-21 07:00:00,81.0
2026-02-21 08:00:00,72.5
2026-02-21 09:00:00,78.0
2026-02-21 10:00:00,88.75
2026-02-21 11:00:00,95.25
2026-02-21 12:00:00,75.0
2026-02-21 13:00:00,68.25
2026-02-21 14:00:00,54.5
2026-02-21 15:00:00,50.0
2026-02-21 16:00:00,54.25
2026-02-21 17:00:00,73.5
2026-02-21 18:00:00,81.75
2026-02-21 19:00:00,88.5
2026-02-21 20:00:00,103.25
2026-02-21 21:00:00,123.0
2026-02-21 22:00:00,153.75
2026-02-21 23:00:00,148.0
2026-02-22 00:00:00,151.25
2026-02-22 01:00:00,148.75
2026-02-22 02:00:00,121.75
2026-02-22 03:00:00,116.25
2026-02-22 04:00:00,118.5
2026-02-22 05:00:00,103.25
2026-02-22 06:00:00,101.0
2026-02-22 07:00:00,105.75
2026-02-22 08:00:00,100.25
2026-02-22 09:00:00,77.0
2026-02-22 10:00:00,46.5
2026-02-22 11:00:00,69.0
2026-02-22 12:00:00,72.25
2026-02-22 13:00:00,56.25
2026-02-22 14:00:00,40.25
2026-02-22 15:00:00,24.0
2026-02-22 16:00:00,39.0
2026-02-22 17:00:00,42.5
2026-02-22 18:00:00,61.0
2026-02-22 19:00:00,85.0
2026-02-22 20:00:00,108.25
2026-02-22 21:00:00,125.0
2026-02-22 22:00:00,142.0
2026-02-22 23:00:00,163.75
2026-02-23 00:00:00,181.25
2026-02-23 01:00:00,218.75
2026-02-23 02:00:00,184.75
2026-02-23 03:00:00,143.0
2026-02-23 04:00:00,130.5
2026-02-23 05:00:00,106.0
2026-02-23 06:00:00,111.5
2026-02-23 07:00:00,105.0
2026-02-23 08:00:00,144.5
2026-02-23 09:00:00,132.25
2026-02-23 10:00:00,90.5
2026-02-23 11:00:00,70.75
2026-02-23 12:00:00,52.5
2026-02-23 13:00:00,49.5
2026-02-23 14:00:00,44.75
2026-02-23 15:00:00,51.5
2026-02-23 16:00:00,28.5
2026-02-23 17:00:00,24.25
2026-02-23 18:00:00,42.0
2026-02-23 19:00:00,61.75
2026-02-23 20:00:00,102.25
2026-02-23 21:00:00,109.25
2026-02-23 22:00:00,145.25
2026-02-23 23:00:00,153.0
2026-02-24 00:00:00,163.0
2026-02-24 01:00:00,154.0
2026-02-24 02:00:00,138.0
2026-02-24 03:00:00,132.5
2026-02-24 04:00:00,122.5
2026-02-24 05:00:00,120.25
2026-02-24 06:00:00,98.75
2026-02-24 07:00:00,106.5
2026-02-24 08:00:00,109.0
2026-02-24 09:00:00,94.75
2026-02-24 10:00:00,105.5
2026-02-24 11:00:00,84.25
2026-02-24 12:00:00,80.0
2026-02-24 13:00:00,84.5
2026-02-24 14:00:00,61.0
2026-02-24 15:00:00,49.0
2026-02-24 16:00:00,39.5
2026-02-24 17:00:00,38.25
2026-02-24 18:00:00,65.0
2026-02-24 19:00:00,65.75
2026-02-24 20:00:00,80.75
2026-02-24 21:00:00,110.0
2026-02-24 22:00:00,154.5
2026-02-24 23:00:00,166.75
2026-02-25 00:00:00,169.0
2026-02-25 01:00:00,143.5
2026-02-25 02:00:00,125.5
2026-02-25 03:00:00,124.0
2026-02-25 04:00:00,112.0
2026-02-25 05:00:00,109.0
2026-02-25 06:00:00,110.75
2026-02-25 07:00:00,105.0
2026-02-25 08:00:00,90.75
2026-02-25 09:00:00,92.75
2026-02-25 10:00:00,78.5
2026-02-25 11:00:00,74.5
2026-02-25 12:00:00,46.5
2026-02-25 13:00:00,40.75
2026-02-25 14:00:00,32.0
2026-02-25 15:00:00,43.0
2026-02-25 16:00:00,37.25
2026-02-25 17:00:00,40.5
2026-02-25 18:00:00,33.0
2026-02-25 19:00:00,44.75
2026-02-25 20:00:00,89.5
2026-02-25 21:00:00,141.25
2026-02-25 22:00:00,127.25
2026-02-25 23:00:00,121.25
2026-02-26 00:00:00,101.0
2026-02-26 01:00:00,97.25
2026-02-26 02:00:00,99.75
2026-02-26 03:00:00,85.5
2026-02-26 04:00:00,85.5
2026-02-26 05:00:00,78.25
2026-02-26 06:00:00,81.25
2026-02-26 07:00:00,75.25
2026-02-26 08:00:00,69.0
2026-02-26 09:00:00,71.5
2026-02-26 10:00:00,59.0
2026-02-26 11:00:00,60.5
2026-02-26 12:00:00,40.75
2026-02-26 13:00:00,46.0
2026-02-26 14:00:00,39.0
2026-02-26 15:00:00,36.75
2026-02-26 16:00:00,30.0
2026-02-26 17:00:00,24.25
2026-02-26 18:00:00,34.5
2026-02-26 19:00:00,59.5
2026-02-26 20:00:00,84.0
2026-02-26 21:00:00,105.75
2026-02-26 22:00:00,103.5
2026-02-26 23:00:00,98.75
2026-02-27 00:00:00,109.25
2026-02-27 01:00:00,113.5
2026-02-27 02:00:00,104.75
2026-02-27 03:00:00,90.75
2026-02-27 04:00:00,80.0
2026-02-27 05:00:00,79.5
2026-02-27 06:00:00,83.5
2026-02-27 07:00:00,90.75
2026-02-27 08:00:00,86.5
2026-02-27 09:00:00,73.25
2026-02-27 10:00:00,83.75
2026-02-27 11:00:00,75.5
2026-02-27 12:00:00,54.75
2026-02-27 13:00:00,21.25
2026-02-27 14:00:00,27.25
2026-02-27 15:00:00,38.75
2026-02-27 16:00:00,29.25
2026-02-27 17:00:00,37.0
2026-02-27 18:00:00,50.0
2026-02-27 19:00:00,67.0
2026-02-27 20:00:00,96.0
2026-02-27 21:00:00,122.0
2026-02-27 22:00:00,119.0
2026-02-27 23:00:00,134.25
2026-02-28 00:00:00,137.25
2026-02-28 01:00:00,116.5
2026-02-28 02:00:00,121.75
2026-02-28 03:00:00,118.25
2026-02-28 04:00:00,113.75
2026-02-28 05:00:00,112.5
2026-02-28 06:00:00,104.25
2026-02-28 07:00:00,98.5
2026-02-28 08:00:00,112.75
2026-02-28 09:00:00,73.5
2026-02-28 10:00:00,62.5
2026-02-28 11:00:00,52.25
2026-02-28 12:00:00,44.5
2026-02-28 13:00:00,44.0
2026-02-28 14:00:00,48.0
2026-02-28 15:00:00,43.25
2026-02-28 16:00:00,42.0
2026-02-28 17:00:00,42.75
2026-02-28 18:00:00,60.25
2026-02-28 19:00:00,72.5
2026-02-28 20:00:00,82.5
2026-02-28 21:00:00,140.0
2026-02-28 22:00:00,114.25
2026-02-28 23:00:00,95.0
2026-03-01 00:00:00,99.25
2026-03-01 01:00:00,97.75
2026-03-01 02:00:00,90.0
2026-03-01 03:00:00,86.0
2026-03-01 04:00:00,96.75
2026-03-01 05:00:00,76.5
2026-03-01 06:00:00,66.25
2026-03-01 07:00:00,67.5
2026-03-01 08:00:00,58.0
2026-03-01 09:00:00,58.75
2026-03-01 10:00:00,50.5
2026-03-01 11:00:00,60.25
2026-03-01 12:00:00,52.5
2026-03-01 13:00:00,47.0
2026-03-01 14:00:00,42.0
2026-03-01 15:00:00,42.0
2026-03-01 16:00:00,32.75
2026-03-01 17:00:00,33.5
2026-03-01 18:00:00,60.5
2026-03-01 19:00:00,77.0
2026-03-01 20:00:00,87.0
2026-03-01 21:00:00,93.0
2026-03-01 22:00:00,89.25
2026-03-01 23:00:00,83.75
2026-03-02 00:00:00,88.0
2026-03-02 01:00:00,82.25
2026-03-02 02:00:00,84.25
2026-03-02 03:00:00,96.5
2026-03-02 04:00:00,85.5
2026-03-02 05:00:00,84.0
2026-03-02 06:00:00,70.75
2026-03-02 07:00:00,68.25
2026-03-02 08:00:00,63.5
2026-03-02 09:00:00,69.25
2026-03-02 10:00:00,78.75
2026-03-02 11:00:00,75.25
2026-03-02 12:00:00,76.0
2026-03-02 13:00:00,64.25
2026-03-02 14:00:00,54.5
2026-03-02 15:00:00,58.5
2026-03-02 16:00:00,61.5
2026-03-02 17:00:00,57.5
2026-03-02 18:00:00,68.0
2026-03-02 19:00:00,85.0
2026-03-02 20:00:00,99.5
2026-03-02 21:00:00,136.75
2026-03-02 22:00:00,138.25
2026-03-02 23:00:00,122.5
2026-03-03 00:00:00,111.0
2026-03-03 01:00:00,101.5
2026-03-03 02:00:00,89.25
2026-03-03 03:00:00,97.75
2026-03-03 04:00:00,106.0
2026-03-03 05:00:00,95.75
2026-03-03 06:00:00,84.0
2026-03-03 07:00:00,75.25
2026-03-03 08:00:00,66.0
2026-03-03 09:00:00,61.5
2026-03-03 10:00:00,55.5
2026-03-03 11:00:00,61.25
2026-03-03 12:00:00,60.75
2026-03-03 13:00:00,45.0
2026-03-03 14:00:00,55.25
2026-03-03 15:00:00,56.25
2026-03-03 16:00:00,44.0
2026-03-03 17:00:00,40.75
2026-03-03 18:00:00,48.25
2026-03-03 19:00:00,55.75
2026-03-03 20:00:00,62.0
2026-03-03 21:00:00,68.0
2026-03-03 22:00:00,78.25
2026-03-03 23:00:00,78.0
2026-03-04 00:00:00,88.25
2026-03-04 01:00:00,88.25
2026-03-04 02:00:00,81.75
2026-03-04 03:00:00,70.25
2026-03-04 04:00:00,67.75
2026-03-04 05:00:00,68.25
2026-03-04 06:00:00,60.5
2026-03-04 07:00:00,49.5
2026-03-04 08:00:00,46.5
2026-03-04 09:00:00,57.5
2026-03-04 10:00:00,52.5
2026-03-04 11:00:00,49.25
2026-03-04 12:00:00,45.75
2026-03-04 13:00:00,46.5
2026-03-04 14:00:00,39.75
2026-03-04 15:00:00,38.0
2026-03-04 16:00:00,35.0
2026-03-04 17:00:00,30.75
2026-03-04 18:00:00,42.5
2026-03-04 19:00:00,55.75
2026-03-04 20:00:00,64.75
2026-03-04 21:00:00,60.25
2026-03-04 22:00:00,48.0
2026-03-04 23:00:00,52.75
2026-03-05 00:00:00,51.0
2026-03-05 01:00:00,48.0
2026-03-05 02:00:00,49.75
2026-03-05 03:00:00,66.25
2026-03-05 04:00:00,56.75
2026-03-05 05:00:00,53.75
2026-03-05 06:00:00,61.0
2026-03-05 07:00:00,53.75
2026-03-05 08:00:00,46.25
2026-03-05 09:00:00,56.0
2026-03-05 10:00:00,66.75
2026-03-05 11:00:00,69.25
2026-03-05 12:00:00,60.75
2026-03-05 13:00:00,40.5
2026-03-05 14:00:00,35.25
2026-03-05 15:00:00,48.5
2026-03-05 16:00:00,40.75
2026-03-05 17:00:00,53.5
2026-03-05 18:00:00,48.5
2026-03-05 19:00:00,51.5
2026-03-05 20:00:00,59.0
2026-03-05 21:00:00,61.5
2026-03-05 22:00:00,70.25
2026-03-05 23:00:00,57.25
2026-03-06 00:00:00,57.75
2026-03-06 01:00:00,67.0
2026-03-06 02:00:00,68.0
2026-03-06 03:00:00,72.0
2026-03-06 04:00:00,68.5
2026-03-06 05:00:00,66.0
2026-03-06 06:00:00,62.25
2026-03-06 07:00:00,60.5
2026-03-06 08:00:00,49.5
2026-03-06 09:00:00,55.5
2026-03-06 10:00:00,62.25
2026-03-06 11:00:00,68.0
2026-03-06 12:00:00,80.5
2026-03-06 13:00:00,78.75
2026-03-06 14:00:00,63.0
2026-03-06 15:00:00,57.5
2026-03-06 16:00:00,59.25
2026-03-06 17:00:00,54.0
2026-03-06 18:00:00,51.25
2026-03-06 19:00:00,59.5
2026-03-06 20:00:00,70.5
2026-03-06 21:00:00,115.25
2026-03-06 22:00:00,138.75
2026-03-06 23:00:00,153.75
2026-03-07 00:00:00,169.75
2026-03-07 01:00:00,150.0
2026-03-07 02:00:00,146.0
2026-03-07 03:00:00,137.75
2026-03-07 04:00:00,127.25
2026-03-07 05:00:00,116.25
2026-03-07 06:00:00,121.5
2026-03-07 07:00:00,116.0
2026-03-07 08:00:00,119.75
2026-03-07 09:00:00,126.75
2026-03-07 10:00:00,129.75
2026-03-07 11:00:00,146.5
2026-03-07 12:00:00,133.5
2026-03-07 13:00:00,89.25
2026-03-07 14:00:00,69.75
2026-03-07 15:00:00,34.0
2026-03-07 16:00:00,27.5
2026-03-07 17:00:00,32.0
2026-03-07 18:00:00,48.5
2026-03-07 19:00:00,69.0
2026-03-07 20:00:00,104.5
2026-03-07 21:00:00,173.75
2026-03-07 22:00:00,220.0
2026-03-07 23:00:00,192.5
2026-03-08 00:00:00,203.75
2026-03-08 01:00:00,167.0
2026-03-08 02:00:00,153.0
2026-03-08 03:00:00,151.75
2026-03-08 04:00:00,149.0
2026-03-08 05:00:00,134.5
2026-03-08 06:00:00,140.0
2026-03-08 07:00:00,144.75
2026-03-08 08:00:00,156.25
2026-03-08 09:00:00,181.5
2026-03-08 10:00:00,113.5
2026-03-08 11:00:00,77.75
2026-03-08 12:00:00,77.5
2026-03-08 13:00:00,61.75
2026-03-08 14:00:00,44.5
2026-03-08 15:00:00,47.25
2026-03-08 16:00:00,23.25
2026-03-08 17:00:00,36.75
2026-03-08 18:00:00,42.25
2026-03-08 19:00:00,52.0
2026-03-08 20:00:00,79.0
2026-03-08 21:00:00,107.0
2026-03-08 22:00:00,111.5
2026-03-08 23:00:00,101.0
2026-03-09 00:00:00,111.0
2026-03-09 01:00:00,92.75
2026-03-09 02:00:00,90.25
2026-03-09 03:00:00,89.5
2026-03-09 04:00:00,95.75
2026-03-09 05:00:00,94.0
2026-03-09 06:00:00,84.0
2026-03-09 07:00:00,88.5
2026-03-09 08:00:00,70.25
2026-03-09 09:00:00,57.0
2026-03-09 10:00:00,79.75
2026-03-09 11:00:00,89.0
2026-03-09 12:00:00,88.5
2026-03-09 13:00:00,60.25
2026-03-09 14:00:00,61.75
2026-03-09 15:00:00,63.75
2026-03-09 16:00:00,44.5
2026-03-09 17:00:00,57.5
2026-03-09 18:00:00,70.5
2026-03-09 19:00:00,80.0
2026-03-09 20:00:00,82.0
2026-03-09 21:00:00,77.75
2026-03-09 22:00:00,102.0
2026-03-09 23:00:00,161.25
2026-03-10 00:00:00,174.75
2026-03-10 01:00:00,173.75
2026-03-10 02:00:00,176.0
2026-03-10 03:00:00,149.5
2026-03-10 04:00:00,124.75
2026-03-10 05:00:00,114.25
2026-03-10 06:00:00,101.25
2026-03-10 07:00:00,106.5
2026-03-10 08:00:00,119.25
2026-03-10 09:00:00,124.25
2026-03-10 10:00:00,127.5
2026-03-10 11:00:00,151.0
2026-03-10 12:00:00,115.25
2026-03-10 13:00:00,100.75
2026-03-10 14:00:00,115.75
2026-03-10 15:00:00,58.75
2026-03-10 16:00:00,46.5
2026-03-10 17:00:00,43.75
2026-03-10 18:00:00,56.5
2026-03-10 19:00:00,71.0
2026-03-10 20:00:00,108.75
2026-03-10 21:00:00,131.75
2026-03-10 22:00:00,122.75
2026-03-10 23:00:00,234.5
2026-03-11 00:00:00,159.5
2026-03-11 01:00:00,131.75
2026-03-11 02:00:00,134.5
2026-03-11 03:00:00,127.75
2026-03-11 04:00:00,117.75
2026-03-11 05:00:00,114.75
2026-03-11 06:00:00,120.5
2026-03-11 07:00:00,123.75
2026-03-11 08:00:00,106.25
2026-03-11 09:00:00,89.5
2026-03-11 10:00:00,71.75
2026-03-11 11:00:00,67.0
2026-03-11 12:00:00,72.5
2026-03-11 13:00:00,53.75
2026-03-11 14:00:00,34.5
2026-03-11 15:00:00,28.0
2026-03-11 16:00:00,36.0
2026-03-11 17:00:00,38.5
2026-03-11 18:00:00,56.25
2026-03-11 19:00:00,75.75
2026-03-11 20:00:00,85.5
2026-03-11 21:00:00,97.75
2026-03-11 22:00:00,101.0
2026-03-11 23:00:00,106.25
2026-03-12 00:00:00,134.0
2026-03-12 01:00:00,118.5
2026-03-12 02:00:00,131.5
2026-03-12 03:00:00,128.75
2026-03-12 04:00:00,106.75
2026-03-12 05:00:00,77.0
2026-03-12 06:00:00,65.0
2026-03-12 07:00:00,72.5
2026-03-12 08:00:00,63.75
2026-03-12 09:00:00,61.5
2026-03-12 10:00:00,63.5
2026-03-12 11:00:00,48.0
2026-03-12 12:00:00,40.75
2026-03-12 13:00:00,20.5
2026-03-12 14:00:00,21.25
2026-03-12 15:00:00,41.0
2026-03-12 16:00:00,53.0
2026-03-12 17:00:00,40.25
2026-03-12 18:00:00,40.25
2026-03-12 19:00:00,61.0
2026-03-12 20:00:00,84.0
2026-03-12 21:00:00,90.25
2026-03-12 22:00:00,130.0
2026-03-12 23:00:00,111.25
2026-03-13 00:00:00,111.0
2026-03-13 01:00:00,104.75
2026-03-13 02:00:00,101.25
2026-03-13 03:00:00,86.0
2026-03-13 04:00:00,67.5
2026-03-13 05:00:00,65.75
2026-03-13 06:00:00,72.0
2026-03-13 07:00:00,83.75
2026-03-13 08:00:00,82.0
2026-03-13 09:00:00,58.5
2026-03-13 10:00:00,42.0
2026-03-13 11:00:00,32.75
2026-03-13 12:00:00,21.75
2026-03-13 13:00:00,29.25
2026-03-13 14:00:00,26.5
2026-03-13 15:00:00,25.75
2026-03-13 16:00:00,25.0
2026-03-13 17:00:00,26.0
2026-03-13 18:00:00,30.5
2026-03-13 19:00:00,38.25
2026-03-13 20:00:00,46.75
2026-03-13 21:00:00,38.25
2026-03-13 22:00:00,55.75
2026-03-13 23:00:00,46.75
2026-03-14 00:00:00,55.75
2026-03-14 01:00:00,58.0
2026-03-14 02:00:00,59.0
2026-03-14 03:00:00,68.75
2026-03-14 04:00:00,68.25
2026-03-14 05:00:00,66.75
2026-03-14 06:00:00,81.75
2026-03-14 07:00:00,94.5
2026-03-14 08:00:00,46.25
2026-03-14 09:00:00,28.5
2026-03-14 10:00:00,42.0
2026-03-14 11:00:00,31.25
2026-03-14 12:00:00,45.5
2026-03-14 13:00:00,32.0
2026-03-14 14:00:00,29.25
2026-03-14 15:00:00,26.25
2026-03-14 16:00:00,25.0
2026-03-14 17:00:00,25.75
2026-03-14 18:00:00,42.5
2026-03-14 19:00:00,46.0
2026-03-14 20:00:00,53.5
2026-03-14 21:00:00,60.0
2026-03-14 22:00:00,85.75
2026-03-14 23:00:00,145.25
2026-03-15 00:00:00,191.0
2026-03-15 01:00:00,157.25
2026-03-15 02:00:00,114.5
2026-03-15 03:00:00,111.5
2026-03-15 04:00:00,103.25
2026-03-15 05:00:00,108.75
2026-03-15 06:00:00,56.0
2026-03-15 07:00:00,37.5
2026-03-15 08:00:00,28.75
2026-03-15 09:00:00,10.5
2026-03-15 10:00:00,9.5
2026-03-15 11:00:00,11.5
2026-03-15 12:00:00,16.5
2026-03-15 13:00:00,20.0
2026-03-15 14:00:00,18.5
2026-03-15 15:00:00,14.75
2026-03-15 16:00:00,13.75
2026-03-15 17:00:00,20.75
2026-03-15 18:00:00,22.5
2026-03-15 19:00:00,25.5
2026-03-15 20:00:00,28.0
2026-03-15 21:00:00,27.5
2026-03-15 22:00:00,28.5
2026-03-15 23:00:00,34.25
2026-03-16 00:00:00,36.75
2026-03-16 01:00:00,50.75
2026-03-16 02:00:00,39.75
2026-03-16 03:00:00,38.0
2026-03-16 04:00:00,21.75
2026-03-16 05:00:00,20.0
2026-03-16 06:00:00,15.25
2026-03-16 07:00:00,20.75
2026-03-16 08:00:00,17.75
2026-03-16 09:00:00,25.5
2026-03-16 10:00:00,31.75
2026-03-16 11:00:00,30.25
2026-03-16 12:00:00,39.25
2026-03-16 13:00:00,39.0
2026-03-16 14:00:00,28.5
2026-03-16 15:00:00,34.0
2026-03-16 16:00:00,34.0
2026-03-16 17:00:00,28.75
2026-03-16 18:00:00,37.5
2026-03-16 19:00:00,49.0
2026-03-16 20:00:00,58.75
2026-03-16 21:00:00,69.75
2026-03-16 22:00:00,54.5
2026-03-16 23:00:00,27.0
2026-03-17 00:00:00,33.25
2026-03-17 01:00:00,34.5
2026-03-17 02:00:00,34.25
2026-03-17 03:00:00,42.0
2026-03-17 04:00:00,44.25
2026-03-17 05:00:00,48.5
2026-03-17 06:00:00,79.25
2026-03-17 07:00:00,80.25
2026-03-17 08:00:00,76.75
2026-03-17 09:00:00,94.5
2026-03-17 10:00:00,91.0
2026-03-17 11:00:00,271.0
2026-03-17 13:00:00,145.5
2026-03-17 14:00:00,96.25
2026-03-17 15:00:00,77.25
2026-03-17 16:00:00,75.25
2026-03-17 17:00:00,71.5
2026-03-17 18:00:00,48.25
2026-03-17 19:00:00,54.5
2026-03-17 20:00:00,64.75
2026-03-17 21:00:00,66.5
2026-03-17 22:00:00,80.75
2026-03-17 23:00:00,76.25
2026-03-18 00:00:00,85.0
2026-03-18 01:00:00,90.75
2026-03-18 02:00:00,85.75
2026-03-18 03:00:00,93.25
2026-03-18 04:00:00,87.5
2026-03-18 05:00:00,75.0
2026-03-18 06:00:00,84.5
2026-03-18 07:00:00,92.75
2026-03-18 08:00:00,88.5
2026-03-18 09:00:00,86.25
2026-03-18 10:00:00,73.75
2026-03-18 11:00:00,55.5
2026-03-18 12:00:00,73.75
2026-03-18 13:00:00,89.75
2026-03-18 14:00:00,80.25
2026-03-18 15:00:00,91.25
2026-03-18 16:00:00,80.5
2026-03-18 17:00:00,70.25
2026-03-18 18:00:00,65.75
2026-03-18 19:00:00,84.0
2026-03-18 20:00:00,31.75
2026-03-18 21:00:00,31.75
2026-03-18 22:00:00,33.25
2026-03-18 23:00:00,30.75
2026-03-19 00:00:00,33.25
2026-03-19 01:00:00,41.25
2026-03-19 02:00:00,41.25
2026-03-19 03:00:00,40.75
2026-03-19 04:00:00,36.0
2026-03-19 05:00:00,41.25
2026-03-19 06:00:00,44.5
2026-03-19 07:00:00,33.25
2026-03-19 08:00:00,35.75
2026-03-19 09:00:00,41.75
2026-03-19 10:00:00,54.5
2026-03-19 11:00:00,74.0
2026-03-19 12:00:00,89.75
2026-03-19 13:00:00,95.75
2026-03-19 14:00:00,52.25
2026-03-19 15:00:00,31.5
2026-03-19 16:00:00,28.5
2026-03-19 17:00:00,40.25
2026-03-19 18:00:00,42.25
2026-03-19 19:00:00,46.25
2026-03-19 20:00:00,35.25
2026-03-19 21:00:00,25.5
2026-03-19 22:00:00,16.5
2026-03-19 23:00:00,20.75
2026-03-20 00:00:00,28.25
2026-03-20 01:00:00,30.75
2026-03-20 02:00:00,27.75
2026-03-20 03:00:00,23.75
2026-03-20 04:00:00,32.5
2026-03-20 05:00:00,31.75
2026-03-20 06:00:00,92.75
2026-03-20 07:00:00,32.0
2026-03-20 08:00:00,11.75
2026-03-20 09:00:00,17.25
2026-03-20 10:00:00,22.67
2026-03-20 11:00:00,12.5
2026-03-20 12:00:00,23.0
2026-03-20 13:00:00,23.75
2026-03-20 14:00:00,18.5
2026-03-20 15:00:00,6.75
2026-03-20 16:00:00,20.5
2026-03-20 17:00:00,25.0
2026-03-20 18:00:00,35.75
2026-03-20 19:00:00,31.5
2026-03-20 20:00:00,39.5
2026-03-20 21:00:00,31.75
2026-03-20 22:00:00,33.0
2026-03-20 23:00:00,44.75
2026-03-21 00:00:00,58.25
2026-03-21 01:00:00,52.75
2026-03-21 02:00:00,43.0
2026-03-21 03:00:00,43.25
2026-03-21 04:00:00,49.75
2026-03-21 05:00:00,51.25
2026-03-21 06:00:00,45.25
2026-03-21 07:00:00,48.75
2026-03-21 08:00:00,54.0
2026-03-21 09:00:00,46.5
2026-03-21 10:00:00,19.33
2026-03-21 11:00:00,35.25
2026-03-21 12:00:00,65.5
2026-03-21 13:00:00,52.5
2026-03-21 14:00:00,37.5
2026-03-21 15:00:00,28.5
2026-03-21 16:00:00,27.0
2026-03-21 17:00:00,29.5
2026-03-21 18:00:00,36.75
2026-03-21 19:00:00,40.25
2026-03-21 20:00:00,56.0
2026-03-21 21:00:00,70.25
2026-03-21 22:00:00,88.0
2026-03-21 23:00:00,88.0
2026-03-22 00:00:00,77.5
2026-03-22 01:00:00,73.5
2026-03-22 02:00:00,64.5
2026-03-22 03:00:00,53.5
2026-03-22 04:00:00,61.25
2026-03-22 05:00:00,62.75
2026-03-22 06:00:00,77.0
2026-03-22 07:00:00,57.25
2026-03-22 08:00:00,59.5
2026-03-22 09:00:00,37.5
2026-03-22 10:00:00,22.75
2026-03-22 11:00:00,15.25
2026-03-22 12:00:00,13.5
2026-03-22 13:00:00,22.25
2026-03-22 14:00:00,23.25
2026-03-22 15:00:00,28.75
2026-03-22 16:00:00,20.0
2026-03-22 17:00:00,20.5
2026-03-22 18:00:00,26.25
2026-03-22 19:00:00,37.25
2026-03-22 20:00:00,59.0
2026-03-22 21:00:00,70.5
2026-03-22 22:00:00,89.5
2026-03-22 23:00:00,101.75
2026-03-23 00:00:00,71.25
2026-03-23 01:00:00,64.25
2026-03-23 02:00:00,68.0
2026-03-23 03:00:00,55.5
2026-03-23 04:00:00,60.5
2026-03-23 05:00:00,52.25
2026-03-23 06:00:00,29.0
2026-03-23 07:00:00,18.75
2026-03-23 08:00:00,25.25
2026-03-23 09:00:00,20.25
2026-03-23 10:00:00,19.5
2026-03-23 11:00:00,23.75
2026-03-23 12:00:00,27.25
2026-03-23 13:00:00,39.0
2026-03-23 14:00:00,36.75
2026-03-23 15:00:00,44.25
2026-03-23 16:00:00,41.5
2026-03-23 17:00:00,26.5
2026-03-23 18:00:00,37.75
2026-03-23 19:00:00,37.0
2026-03-23 20:00:00,48.75
2026-03-23 21:00:00,47.25
2026-03-23 22:00:00,61.0
2026-03-23 23:00:00,101.0
2026-03-24 00:00:00,97.25
2026-03-24 01:00:00,101.0
2026-03-24 02:00:00,88.75
2026-03-24 03:00:00,94.75
2026-03-24 04:00:00,97.0
2026-03-24 05:00:00,85.25
2026-03-24 06:00:00,72.0
2026-03-24 07:00:00,61.75
2026-03-24 08:00:00,70.0
2026-03-24 09:00:00,69.0
2026-03-24 10:00:00,46.5
2026-03-24 11:00:00,37.0
2026-03-24 12:00:00,36.75
2026-03-24 13:00:00,41.75
2026-03-24 14:00:00,39.0
2026-03-24 15:00:00,35.0
2026-03-24 16:00:00,32.75
2026-03-24 17:00:00,35.0
2026-03-24 18:00:00,40.75
2026-03-24 19:00:00,47.25
2026-03-24 20:00:00,63.75
2026-03-24 21:00:00,76.5
2026-03-24 22:00:00,79.0
2026-03-24 23:00:00,84.75
2026-03-25 00:00:00,108.25
2026-03-25 01:00:00,96.0
2026-03-25 02:00:00,76.75
2026-03-25 03:00:00,74.0
2026-03-25 04:00:00,82.25
2026-03-25 05:00:00,67.75
2026-03-25 06:00:00,89.0
2026-03-25 07:00:00,97.5
2026-03-25 08:00:00,66.5
2026-03-25 09:00:00,19.75
2026-03-25 10:00:00,16.75
2026-03-25 11:00:00,18.75
2026-03-25 12:00:00,23.5
2026-03-25 13:00:00,29.5
2026-03-25 14:00:00,16.0
2026-03-25 15:00:00,24.0
2026-03-25 16:00:00,21.5
2026-03-25 17:00:00,20.25
2026-03-25 18:00:00,25.5
2026-03-25 19:00:00,30.75
2026-03-25 20:00:00,51.75
2026-03-25 21:00:00,59.0
2026-03-25 22:00:00,98.0
2026-03-25 23:00:00,111.5
2026-03-26 00:00:00,107.5
2026-03-26 01:00:00,86.0
2026-03-26 02:00:00,71.25
2026-03-26 03:00:00,63.25
2026-03-26 04:00:00,67.0
2026-03-26 05:00:00,80.5
2026-03-26 06:00:00,78.0
2026-03-26 07:00:00,76.25
2026-03-26 08:00:00,75.5
2026-03-26 09:00:00,75.75
2026-03-26 10:00:00,40.75
2026-03-26 11:00:00,33.75
2026-03-26 12:00:00,34.0
2026-03-26 13:00:00,40.75
2026-03-26 14:00:00,37.5
2026-03-26 15:00:00,19.75
2026-03-26 16:00:00,36.75
2026-03-26 17:00:00,38.75
2026-03-26 18:00:00,40.75
2026-03-26 19:00:00,53.75
2026-03-26 20:00:00,82.25
2026-03-26 21:00:00,70.0
2026-03-26 22:00:00,45.75
2026-03-26 23:00:00,20.0
2026-03-27 00:00:00,14.5
2026-03-27 01:00:00,34.75
2026-03-27 02:00:00,47.5
2026-03-27 03:00:00,52.25
2026-03-27 04:00:00,50.0
2026-03-27 05:00:00,55.25
2026-03-27 06:00:00,86.0
2026-03-27 07:00:00,65.25
2026-03-27 08:00:00,30.75
2026-03-27 09:00:00,24.0
2026-03-27 10:00:00,33.0
2026-03-27 11:00:00,42.75
2026-03-27 12:00:00,45.0
2026-03-27 13:00:00,35.75
2026-03-27 14:00:00,26.75
2026-03-27 15:00:00,23.0
2026-03-27 16:00:00,22.75
2026-03-27 17:00:00,26.0
2026-03-27 18:00:00,26.75
2026-03-27 19:00:00,37.75
2026-03-27 20:00:00,48.0
2026-03-27 21:00:00,62.75
2026-03-27 22:00:00,60.25
2026-03-27 23:00:00,62.5
2026-03-28 00:00:00,75.5
2026-03-28 01:00:00,66.5
2026-03-28 02:00:00,69.0
2026-03-28 03:00:00,59.5
2026-03-28 04:00:00,63.75
2026-03-28 05:00:00,107.25
2026-03-28 06:00:00,129.75
2026-03-28 07:00:00,88.75
2026-03-28 08:00:00,56.5
2026-03-28 09:00:00,9.0
2026-03-28 11:00:00,2.5
2026-03-28 12:00:00,9.75
2026-03-28 13:00:00,11.0
2026-03-28 14:00:00,12.25
2026-03-28 15:00:00,21.0
2026-03-28 16:00:00,19.75
2026-03-28 17:00:00,27.0
2026-03-28 18:00:00,22.25
2026-03-28 19:00:00,32.5
2026-03-28 20:00:00,36.75
2026-03-28 21:00:00,57.75
2026-03-28 22:00:00,95.0
2026-03-28 23:00:00,106.0
2026-03-29 00:00:00,112.25
2026-03-29 01:00:00,113.75
2026-03-29 02:00:00,128.5
2026-03-29 03:00:00,133.0
2026-03-29 04:00:00,104.5
2026-03-29 05:00:00,90.75
2026-03-29 06:00:00,80.5
2026-03-29 07:00:00,69.25
2026-03-29 08:00:00,67.5
2026-03-29 09:00:00,48.75
2026-03-29 10:00:00,42.75
2026-03-29 11:00:00,54.25
2026-03-29 12:00:00,43.0
2026-03-29 13:00:00,41.75
2026-03-29 14:00:00,27.5
2026-03-29 15:00:00,31.25
2026-03-29 16:00:00,30.0
2026-03-29 17:00:00,28.5
2026-03-29 18:00:00,42.5
2026-03-29 19:00:00,57.25
2026-03-29 20:00:00,66.5
2026-03-29 21:00:00,59.0
2026-03-29 22:00:00,51.75
2026-03-29 23:00:00,61.0
2026-03-30 00:00:00,71.25
2026-03-30 01:00:00,69.25
2026-03-30 02:00:00,80.25
2026-03-30 03:00:00,85.25
2026-03-30 04:00:00,80.0
2026-03-30 05:00:00,76.5
2026-03-30 06:00:00,72.0
2026-03-30 07:00:00,81.25
2026-03-30 08:00:00,80.75
2026-03-30 09:00:00,60.0
2026-03-30 10:00:00,44.0
2026-03-30 11:00:00,31.25
2026-03-30 12:00:00,30.5
2026-03-30 13:00:00,35.75
2026-03-30 14:00:00,43.0
2026-03-30 15:00:00,43.25
2026-03-30 16:00:00,33.0
2026-03-30 17:00:00,42.75
2026-03-30 18:00:00,22.25
2026-03-30 19:00:00,31.0
2026-03-30 20:00:00,64.5
2026-03-30 21:00:00,74.0
2026-03-30 22:00:00,66.0
2026-03-30 23:00:00,55.25
2026-03-31 00:00:00,55.75
2026-03-31 01:00:00,57.0
2026-03-31 02:00:00,41.5
2026-03-31 03:00:00,51.5
2026-03-31 04:00:00,50.25
2026-03-31 05:00:00,69.5
2026-03-31 06:00:00,87.5
2026-03-31 07:00:00,119.5
2026-03-31 08:00:00,48.0
2026-03-31 09:00:00,16.25
2026-03-31 10:00:00,17.0
2026-03-31 11:00:00,8.0
2026-03-31 12:00:00,16.25
2026-03-31 13:00:00,29.5
2026-03-31 14:00:00,21.25
2026-03-31 15:00:00,32.75
2026-03-31 16:00:00,28.0
2026-03-31 17:00:00,20.25
2026-03-31 18:00:00,10.0
2026-03-31 19:00:00,13.25
2026-03-31 20:00:00,34.25
2026-03-31 21:00:00,21.0
2026-03-31 22:00:00,32.5
2026-03-31 23:00:00,15.5
2026-04-01 00:00:00,27.0
2026-04-01 01:00:00,34.25
2026-04-01 02:00:00,42.75
2026-04-01 03:00:00,49.5
2026-04-01 04:00:00,44.25
2026-04-01 05:00:00,50.75
2026-04-01 06:00:00,47.5
2026-04-01 07:00:00,49.25
2026-04-01 08:00:00,62.75
2026-04-01 09:00:00,65.5
2026-04-01 10:00:00,75.75
2026-04-01 11:00:00,52.25
2026-04-01 12:00:00,30.75
2026-04-01 13:00:00,31.0
2026-04-01 14:00:00,20.0
2026-04-01 15:00:00,16.5
2026-04-01 16:00:00,21.25
2026-04-01 17:00:00,24.5
2026-04-01 18:00:00,29.5
2026-04-01 19:00:00,36.75
2026-04-01 20:00:00,59.0
2026-04-01 21:00:00,91.25
2026-04-01 22:00:00,88.0
2026-04-01 23:00:00,114.25
2026-04-02 00:00:00,116.5
2026-04-02 01:00:00,94.75
2026-04-02 02:00:00,84.75
2026-04-02 03:00:00,84.5
2026-04-02 04:00:00,65.75
2026-04-02 05:00:00,70.5
2026-04-02 06:00:00,84.25
2026-04-02 07:00:00,99.0
2026-04-02 08:00:00,81.75
2026-04-02 09:00:00,75.0
2026-04-02 10:00:00,51.0
2026-04-02 11:00:00,42.0
2026-04-02 12:00:00,32.75
2026-04-02 13:00:00,42.75
2026-04-02 14:00:00,38.0
2026-04-02 15:00:00,46.75
2026-04-02 16:00:00,42.0
2026-04-02 17:00:00,36.0
2026-04-02 18:00:00,40.0
2026-04-02 19:00:00,52.25
2026-04-02 20:00:00,57.5
2026-04-02 21:00:00,94.75
2026-04-02 22:00:00,114.75
2026-04-02 23:00:00,125.75
2026-04-03 00:00:00,119.25
2026-04-03 01:00:00,120.75
2026-04-03 02:00:00,113.25
2026-04-03 03:00:00,91.75
2026-04-03 04:00:00,89.25
2026-04-03 05:00:00,89.25
2026-04-03 06:00:00,177.25
2026-04-03 07:00:00,237.75
2026-04-03 08:00:00,182.0
2026-04-03 09:00:00,126.5
2026-04-03 10:00:00,84.0
2026-04-03 11:00:00,59.5
2026-04-03 12:00:00,43.75
2026-04-03 13:00:00,43.0
2026-04-03 14:00:00,35.75
2026-04-03 15:00:00,39.75
2026-04-03 16:00:00,37.25
2026-04-03 17:00:00,41.25
2026-04-03 18:00:00,48.0
2026-04-03 19:00:00,49.75
2026-04-03 20:00:00,43.0
2026-04-03 21:00:00,23.25
2026-04-03 22:00:00,28.0
2026-04-03 23:00:00,12.0
2026-04-04 00:00:00,32.5
2026-04-04 01:00:00,23.25
2026-04-04 02:00:00,33.75
2026-04-04 03:00:00,37.0
2026-04-04 04:00:00,52.25
2026-04-04 05:00:00,36.75
2026-04-04 06:00:00,38.75
2026-04-04 07:00:00,34.75
2026-04-04 08:00:00,48.5
2026-04-04 09:00:00,78.0
2026-04-04 10:00:00,49.25
2026-04-04 11:00:00,22.5
2026-04-04 12:00:00,30.0
2026-04-04 13:00:00,21.5
2026-04-04 14:00:00,24.25
2026-04-04 15:00:00,21.25
2026-04-04 16:00:00,25.5
2026-04-04 17:00:00,24.75
2026-04-04 18:00:00,21.5
2026-04-04 19:00:00,33.25
2026-04-04 20:00:00,44.5
2026-04-04 21:00:00,81.0
2026-04-04 22:00:00,70.25
2026-04-04 23:00:00,50.5
2026-04-05 00:00:00,47.5
2026-04-05 01:00:00,34.75
2026-04-05 02:00:00,72.5
2026-04-05 03:00:00,54.25
2026-04-05 04:00:00,41.75
2026-04-05 05:00:00,47.75
2026-04-05 06:00:00,52.75
2026-04-05 07:00:00,50.0
2026-04-05 08:00:00,45.25
2026-04-05 09:00:00,45.5
2026-04-05 10:00:00,44.5
2026-04-05 11:00:00,43.75
2026-04-05 12:00:00,29.0
2026-04-05 13:00:00,36.75
2026-04-05 14:00:00,25.25
2026-04-05 15:00:00,38.75
2026-04-05 16:00:00,20.0
2026-04-05 17:00:00,8.0
2026-04-05 18:00:00,23.25
2026-04-05 19:00:00,37.25
2026-04-05 20:00:00,37.5
2026-04-05 21:00:00,58.0
2026-04-05 22:00:00,63.0
2026-04-05 23:00:00,65.25
2026-04-06 00:00:00,71.25
2026-04-06 01:00:00,51.75
2026-04-06 02:00:00,52.25
2026-04-06 03:00:00,52.25
2026-04-06 04:00:00,51.75
2026-04-06 05:00:00,57.0
2026-04-06 06:00:00,68.5
2026-04-06 07:00:00,60.75
2026-04-06 08:00:00,61.5
2026-04-06 09:00:00,55.0
2026-04-06 10:00:00,30.75
2026-04-06 11:00:00,24.75
2026-04-06 12:00:00,11.75
2026-04-06 13:00:00,13.0
2026-04-06 14:00:00,2.75
2026-04-06 15:00:00,17.25
2026-04-06 16:00:00,15.75
2026-04-06 17:00:00,12.75
2026-04-06 18:00:00,25.5
2026-04-06 19:00:00,34.5
2026-04-06 20:00:00,46.25
2026-04-06 21:00:00,30.0
2026-04-06 22:00:00,20.75
2026-04-06 23:00:00,18.5
2026-04-07 00:00:00,34.0
2026-04-07 01:00:00,35.25
2026-04-07 02:00:00,26.5
2026-04-07 03:00:00,39.5
2026-04-07 04:00:00,27.5
2026-04-07 05:00:00,33.0
2026-04-07 06:00:00,45.25
2026-04-07 07:00:00,40.75
2026-04-07 08:00:00,43.75
2026-04-07 09:00:00,59.0
2026-04-07 10:00:00,47.75
2026-04-07 11:00:00,41.25
2026-04-07 12:00:00,32.75
2026-04-07 13:00:00,34.75
2026-04-07 14:00:00,23.5
2026-04-07 15:00:00,6.75
2026-04-07 16:00:00,11.25
2026-04-07 17:00:00,16.5
2026-04-07 18:00:00,29.0
2026-04-07 19:00:00,30.0
2026-04-07 20:00:00,41.5
2026-04-07 21:00:00,30.75
2026-04-07 22:00:00,36.0
2026-04-07 23:00:00,12.5
2026-04-08 00:00:00,28.5
2026-04-08 01:00:00,22.5
2026-04-08 02:00:00,32.25
2026-04-08 03:00:00,28.25
2026-04-08 04:00:00,16.5
2026-04-08 05:00:00,14.25
2026-04-08 06:00:00,13.0
2026-04-08 07:00:00,19.5
2026-04-08 08:00:00,9.5
2026-04-08 09:00:00,20.0
2026-04-08 10:00:00,20.5
2026-04-08 11:00:00,38.25
2026-04-08 12:00:00,20.75
2026-04-08 13:00:00,21.5
2026-04-08 14:00:00,23.5
2026-04-08 15:00:00,36.75
2026-04-08 16:00:00,43.25
2026-04-08 17:00:00,46.75
2026-04-08 18:00:00,32.5
2026-04-08 19:00:00,10.25
2026-04-08 20:00:00,7.5
2026-04-08 21:00:00,23.0
2026-04-08 22:00:00,34.5
2026-04-08 23:00:00,38.0
2026-04-09 00:00:00,49.5
2026-04-09 01:00:00,54.25
2026-04-09 02:00:00,36.25
2026-04-09 03:00:00,22.5
2026-04-09 04:00:00,34.0
2026-04-09 05:00:00,31.0
2026-04-09 06:00:00,36.25
2026-04-09 07:00:00,32.0
2026-04-09 08:00:00,38.75
2026-04-09 09:00:00,35.0
2026-04-09 10:00:00,18.0
2026-04-09 11:00:00,19.0
2026-04-09 12:00:00,27.75
2026-04-09 13:00:00,37.5
2026-04-09 14:00:00,39.75
2026-04-09 15:00:00,52.5
2026-04-09 16:00:00,25.0
2026-04-09 17:00:00,3.33
2026-04-09 18:00:00,11.0
2026-04-09 19:00:00,35.75
2026-04-09 20:00:00,57.5
2026-04-09 21:00:00,122.25
2026-04-09 22:00:00,110.25
2026-04-09 23:00:00,94.25
2026-04-10 00:00:00,80.25
2026-04-10 01:00:00,46.5
2026-04-10 02:00:00,46.5
2026-04-10 03:00:00,60.0
2026-04-10 04:00:00,58.25
2026-04-10 05:00:00,67.25
2026-04-10 06:00:00,87.5
2026-04-10 07:00:00,71.0
2026-04-10 08:00:00,30.0
2026-04-10 09:00:00,21.75
2026-04-10 10:00:00,16.5
2026-04-10 11:00:00,23.0
2026-04-10 12:00:00,31.5
2026-04-10 13:00:00,32.0
2026-04-10 14:00:00,6.67
2026-04-10 15:00:00,1.33
2026-04-10 17:00:00,14.25
2026-04-10 18:00:00,33.0
2026-04-10 19:00:00,43.75
2026-04-10 20:00:00,47.5
2026-04-10 21:00:00,30.25
2026-04-10 22:00:00,20.25
2026-04-10 23:00:00,24.25
2026-04-11 00:00:00,43.5
2026-04-11 01:00:00,49.5
2026-04-11 02:00:00,47.75
2026-04-11 03:00:00,46.0
2026-04-11 04:00:00,25.75
2026-04-11 05:00:00,14.75
2026-04-11 06:00:00,36.5
2026-04-11 07:00:00,32.75
2026-04-11 08:00:00,56.75
2026-04-11 09:00:00,47.0
2026-04-11 10:00:00,35.5
2026-04-11 11:00:00,24.0
2026-04-11 12:00:00,21.0
2026-04-11 13:00:00,27.0
2026-04-11 14:00:00,23.5
2026-04-11 15:00:00,22.0
2026-04-11 16:00:00,16.5
2026-04-11 17:00:00,13.0
2026-04-11 18:00:00,15.0
2026-04-11 19:00:00,28.5
2026-04-11 20:00:00,41.25
2026-04-11 21:00:00,76.0
2026-04-11 22:00:00,87.0
2026-04-11 23:00:00,85.5
2026-04-12 00:00:00,83.0
2026-04-12 01:00:00,83.75
2026-04-12 02:00:00,66.0
2026-04-12 03:00:00,60.75
2026-04-12 04:00:00,61.75
2026-04-12 05:00:00,70.75
2026-04-12 06:00:00,61.25
2026-04-12 07:00:00,71.25
2026-04-12 08:00:00,137.0
2026-04-12 09:00:00,66.5
2026-04-12 10:00:00,17.75
2026-04-12 11:00:00,20.25
2026-04-12 12:00:00,16.75
2026-04-12 13:00:00,19.25
2026-04-12 14:00:00,17.5
2026-04-12 15:00:00,19.0
2026-04-12 16:00:00,13.5
2026-04-12 17:00:00,14.25
2026-04-12 18:00:00,18.5
2026-04-12 19:00:00,36.75
2026-04-12 20:00:00,31.25
2026-04-12 21:00:00,38.75
2026-04-12 22:00:00,37.25
2026-04-12 23:00:00,56.25
2026-04-13 00:00:00,73.5
2026-04-13 01:00:00,66.5
2026-04-13 02:00:00,53.75
2026-04-13 03:00:00,49.25
2026-04-13 04:00:00,48.5
2026-04-13 05:00:00,49.75
2026-04-13 06:00:00,48.5
2026-04-13 07:00:00,86.25
2026-04-13 08:00:00,128.0
2026-04-13 09:00:00,87.25
2026-04-13 10:00:00,44.5
2026-04-13 11:00:00,27.75
2026-04-13 12:00:00,16.25
2026-04-13 13:00:00,27.25
2026-04-13 14:00:00,27.5
2026-04-13 15:00:00,11.25
2026-04-13 16:00:00,6.5
2026-04-13 18:00:00,4.75
2026-04-13 19:00:00,23.75
2026-04-13 20:00:00,27.5
2026-04-13 21:00:00,34.5
2026-04-13 22:00:00,69.0
2026-04-13 23:00:00,89.25
2026-04-14 00:00:00,70.25
2026-04-14 01:00:00,72.0
2026-04-14 02:00:00,76.0
2026-04-14 03:00:00,66.0
2026-04-14 04:00:00,63.25
2026-04-14 05:00:00,58.5
2026-04-14 06:00:00,61.0
2026-04-14 07:00:00,57.25
2026-04-14 08:00:00,56.0
2026-04-14 09:00:00,54.0
2026-04-14 10:00:00,44.5
2026-04-14 11:00:00,32.25
2026-04-14 12:00:00,25.0
2026-04-14 13:00:00,30.25
2026-04-14 14:00:00,29.25
2026-04-14 15:00:00,28.5
2026-04-14 16:00:00,21.0
2026-04-14 17:00:00,23.0
2026-04-14 18:00:00,44.5
2026-04-14 19:00:00,54.0
2026-04-14 20:00:00,109.0
2026-04-14 21:00:00,132.25
2026-04-14 22:00:00,135.75
2026-04-14 23:00:00,134.75
2026-04-15 00:00:00,141.75
2026-04-15 01:00:00,149.75
2026-04-15 02:00:00,129.25
2026-04-15 03:00:00,126.0
2026-04-15 04:00:00,95.5
2026-04-15 05:00:00,71.5
2026-04-15 06:00:00,91.0
2026-04-15 07:00:00,111.75
2026-04-15 08:00:00,170.75
2026-04-15 09:00:00,130.25
2026-04-15 10:00:00,82.5
2026-04-15 11:00:00,41.5
2026-04-15 12:00:00,25.75
2026-04-15 13:00:00,8.25
2026-04-15 14:00:00,5.25
2026-04-15 15:00:00,12.0
2026-04-15 16:00:00,9.0
2026-04-15 17:00:00,12.25
2026-04-15 18:00:00,28.5
2026-04-15 19:00:00,44.0
2026-04-15 20:00:00,45.0
2026-04-15 21:00:00,72.0
2026-04-15 22:00:00,107.75
2026-04-15 23:00:00,142.0
2026-04-16 00:00:00,151.75
2026-04-16 01:00:00,134.75
2026-04-16 02:00:00,132.0
2026-04-16 03:00:00,122.5
2026-04-16 04:00:00,118.5
2026-04-16 05:00:00,127.75
2026-04-16 06:00:00,133.25
2026-04-16 07:00:00,131.75
2026-04-16 08:00:00,132.5
2026-04-16 09:00:00,106.0
2026-04-16 10:00:00,78.0
2026-04-16 11:00:00,45.0
2026-04-16 12:00:00,36.25
2026-04-16 13:00:00,31.75
2026-04-16 14:00:00,30.25
2026-04-16 15:00:00,19.0
2026-04-16 16:00:00,17.75
2026-04-16 17:00:00,19.75
2026-04-16 18:00:00,33.0
2026-04-16 19:00:00,28.5
2026-04-16 20:00:00,78.25
2026-04-16 21:00:00,108.0
2026-04-16 22:00:00,143.0
2026-04-16 23:00:00,175.5
2026-04-17 00:00:00,177.5
2026-04-17 01:00:00,181.25
2026-04-17 02:00:00,167.5
2026-04-17 03:00:00,160.25
2026-04-17 04:00:00,142.0
2026-04-17 05:00:00,132.75
2026-04-17 06:00:00,147.75
2026-04-17 07:00:00,176.25
2026-04-17 08:00:00,183.75
2026-04-17 09:00:00,152.75
2026-04-17 10:00:00,111.5
2026-04-17 11:00:00,94.25
2026-04-17 12:00:00,97.25
2026-04-17 13:00:00,64.5
2026-04-17 14:00:00,51.25
2026-04-17 15:00:00,65.75
2026-04-17 16:00:00,46.75
2026-04-17 17:00:00,31.5
2026-04-17 18:00:00,64.5
2026-04-17 19:00:00,20.75
2026-04-17 20:00:00,30.5
2026-04-17 21:00:00,11.75
2026-04-17 22:00:00,11.0
2026-04-17 23:00:00,2.25
2026-04-18 00:00:00,49.25
2026-04-18 01:00:00,50.0
2026-04-18 02:00:00,46.75
2026-04-18 03:00:00,60.5
2026-04-18 04:00:00,46.0
2026-04-18 05:00:00,91.0
2026-04-18 06:00:00,112.5
2026-04-18 07:00:00,88.0
2026-04-18 08:00:00,61.5
2026-04-18 09:00:00,36.0
2026-04-18 10:00:00,30.0
2026-04-18 11:00:00,21.25
2026-04-18 12:00:00,27.5
2026-04-18 13:00:00,38.5
2026-04-18 14:00:00,37.75
2026-04-18 15:00:00,22.75
2026-04-18 16:00:00,13.0
2026-04-18 17:00:00,22.75
2026-04-18 18:00:00,55.75
2026-04-18 19:00:00,68.75
2026-04-18 20:00:00,76.0
2026-04-18 21:00:00,116.0
2026-04-18 22:00:00,127.75
2026-04-18 23:00:00,132.25
2026-04-19 00:00:00,126.5
2026-04-19 01:00:00,120.0
2026-04-19 02:00:00,114.75
2026-04-19 03:00:00,123.25
2026-04-19 04:00:00,173.0
2026-04-19 05:00:00,215.25
2026-04-19 06:00:00,212.0
2026-04-19 07:00:00,200.25
2026-04-19 08:00:00,178.75
2026-04-19 09:00:00,110.25
2026-04-19 10:00:00,95.0
2026-04-19 11:00:00,56.25
2026-04-19 12:00:00,43.75
2026-04-19 13:00:00,30.75
2026-04-19 14:00:00,10.5
2026-04-19 15:00:00,8.0
2026-04-19 16:00:00,23.75
2026-04-19 17:00:00,33.0
2026-04-19 18:00:00,27.0
2026-04-19 19:00:00,27.5
2026-04-19 20:00:00,67.75
2026-04-19 21:00:00,74.5
2026-04-19 22:00:00,78.5
2026-04-19 23:00:00,53.25
2026-04-20 00:00:00,59.25
2026-04-20 01:00:00,59.25
2026-04-20 02:00:00,71.0
2026-04-20 03:00:00,61.25
2026-04-20 04:00:00,48.0
2026-04-20 05:00:00,52.75
2026-04-20 06:00:00,62.75
2026-04-20 07:00:00,83.0
2026-04-20 08:00:00,101.75
2026-04-20 09:00:00,79.75
2026-04-20 10:00:00,72.75
2026-04-20 11:00:00,55.0
2026-04-20 12:00:00,43.25
2026-04-20 13:00:00,16.0
2026-04-20 14:00:00,10.75
2026-04-20 15:00:00,29.5
2026-04-20 16:00:00,41.75
2026-04-20 17:00:00,23.75
2026-04-20 18:00:00,19.5
2026-04-20 19:00:00,44.0
2026-04-20 20:00:00,66.75
2026-04-20 21:00:00,75.25
2026-04-20 22:00:00,57.75
2026-04-20 23:00:00,64.25
2026-04-21 00:00:00,71.25
2026-04-21 01:00:00,73.25
2026-04-21 02:00:00,71.25
2026-04-21 03:00:00,50.0
2026-04-21 04:00:00,55.25
2026-04-21 05:00:00,55.0
2026-04-21 06:00:00,66.75
2026-04-21 07:00:00,83.5
2026-04-21 08:00:00,91.75
2026-04-21 09:00:00,63.25
2026-04-21 10:00:00,53.5
2026-04-21 11:00:00,55.0
2026-04-21 12:00:00,23.0
2026-04-21 13:00:00,32.5
2026-04-21 14:00:00,57.25
2026-04-21 15:00:00,72.75
2026-04-21 16:00:00,51.5
2026-04-21 17:00:00,26.5
2026-04-21 18:00:00,24.25
2026-04-21 19:00:00,29.75
2026-04-21 20:00:00,57.5
2026-04-21 21:00:00,64.75
2026-04-21 22:00:00,65.5
2026-04-21 23:00:00,88.5
2026-04-22 00:00:00,111.25
2026-04-22 01:00:00,109.25
2026-04-22 02:00:00,89.25
2026-04-22 03:00:00,89.5
2026-04-22 04:00:00,102.25
2026-04-22 05:00:00,106.0
2026-04-22 06:00:00,119.75
2026-04-22 07:00:00,107.75
2026-04-22 08:00:00,99.75
2026-04-22 09:00:00,87.0
2026-04-22 10:00:00,72.5
2026-04-22 11:00:00,62.0
2026-04-22 12:00:00,35.5
2026-04-22 13:00:00,39.0
2026-04-22 14:00:00,39.75
2026-04-22 15:00:00,34.75
2026-04-22 16:00:00,33.5
2026-04-22 17:00:00,49.75
2026-04-22 18:00:00,26.0
2026-04-22 19:00:00,29.75
2026-04-22 20:00:00,49.5
2026-04-22 21:00:00,73.75
2026-04-22 22:00:00,101.75
2026-04-22 23:00:00,105.0
2026-04-23 00:00:00,102.75
2026-04-23 01:00:00,97.5
2026-04-23 02:00:00,92.0
2026-04-23 03:00:00,75.75
2026-04-23 04:00:00,53.25
2026-04-23 05:00:00,30.0
2026-04-23 06:00:00,26.5
2026-04-23 07:00:00,26.75
2026-04-23 08:00:00,25.5
2026-04-23 09:00:00,20.0
2026-04-23 10:00:00,17.0
2026-04-23 11:00:00,27.0
2026-04-23 12:00:00,47.75
2026-04-23 13:00:00,54.5
2026-04-23 14:00:00,32.0
2026-04-23 15:00:00,24.0
2026-04-23 16:00:00,25.25
2026-04-23 17:00:00,39.5
2026-04-23 18:00:00,43.75
2026-04-23 19:00:00,35.5
2026-04-23 20:00:00,60.0
2026-04-23 21:00:00,76.75
2026-04-23 22:00:00,89.75
2026-04-23 23:00:00,114.0
2026-04-24 00:00:00,96.75
2026-04-24 01:00:00,113.75
2026-04-24 02:00:00,132.75
2026-04-24 03:00:00,140.75
2026-04-24 04:00:00,141.0
2026-04-24 05:00:00,91.75
2026-04-24 06:00:00,73.0
2026-04-24 07:00:00,48.0
2026-04-24 08:00:00,27.5
2026-04-24 09:00:00,51.25
2026-04-24 10:00:00,56.5
2026-04-24 11:00:00,47.5
2026-04-24 12:00:00,65.5
2026-04-24 13:00:00,67.0
2026-04-24 14:00:00,56.25
2026-04-24 15:00:00,47.75
2026-04-24 16:00:00,41.25
2026-04-24 17:00:00,48.25
2026-04-24 18:00:00,65.75
2026-04-24 19:00:00,60.75
2026-04-24 20:00:00,71.75
2026-04-24 21:00:00,73.0
2026-04-24 22:00:00,106.0
2026-04-24 23:00:00,135.75
2026-04-25 00:00:00,152.25
2026-04-25 01:00:00,132.5
2026-04-25 02:00:00,131.25
2026-04-25 03:00:00,124.75
2026-04-25 04:00:00,108.5
2026-04-25 05:00:00,92.0
2026-04-25 06:00:00,69.25
2026-04-25 07:00:00,114.25
2026-04-25 08:00:00,138.25
2026-04-25 09:00:00,99.5
2026-04-25 10:00:00,61.75
2026-04-25 11:00:00,35.5
2026-04-25 12:00:00,42.25
2026-04-25 13:00:00,45.5
2026-04-25 14:00:00,39.0
2026-04-25 15:00:00,37.0
2026-04-25 16:00:00,36.0
2026-04-25 17:00:00,29.5
2026-04-25 18:00:00,31.5
2026-04-25 19:00:00,49.0
2026-04-25 20:00:00,51.0
2026-04-25 21:00:00,62.0
2026-04-25 22:00:00,96.5
2026-04-25 23:00:00,97.0
2026-04-26 00:00:00,103.75
2026-04-26 01:00:00,100.25
2026-04-26 02:00:00,88.0
2026-04-26 03:00:00,73.0
2026-04-26 04:00:00,83.0
2026-04-26 05:00:00,114.25
2026-04-26 06:00:00,125.75
2026-04-26 07:00:00,89.0
2026-04-26 08:00:00,83.25
2026-04-26 09:00:00,74.25
2026-04-26 10:00:00,74.0
2026-04-26 11:00:00,54.0
2026-04-26 12:00:00,46.0
2026-04-26 13:00:00,40.75
2026-04-26 14:00:00,47.5
2026-04-26 15:00:00,42.0
2026-04-26 16:00:00,47.0
2026-04-26 17:00:00,44.75
2026-04-26 18:00:00,43.5
2026-04-26 19:00:00,50.75
2026-04-26 20:00:00,59.25
2026-04-26 21:00:00,79.5
2026-04-26 22:00:00,86.25
2026-04-26 23:00:00,99.25
2026-04-27 00:00:00,106.0
2026-04-27 01:00:00,94.5
2026-04-27 02:00:00,84.5
2026-04-27 03:00:00,73.25
2026-04-27 04:00:00,65.25
2026-04-27 05:00:00,75.75
2026-04-27 06:00:00,116.75
2026-04-27 07:00:00,140.25
2026-04-27 08:00:00,149.75
2026-04-27 09:00:00,81.25
2026-04-27 10:00:00,53.5
2026-04-27 11:00:00,23.75
2026-04-27 12:00:00,28.75
2026-04-27 13:00:00,26.0
2026-04-27 14:00:00,32.75
2026-04-27 15:00:00,53.0
2026-04-27 16:00:00,49.5
2026-04-27 17:00:00,48.0
2026-04-27 18:00:00,59.25
2026-04-27 19:00:00,66.0
2026-04-27 20:00:00,91.5
2026-04-27 21:00:00,109.75
2026-04-27 22:00:00,72.75
2026-04-27 23:00:00,26.25
2026-04-28 00:00:00,21.25
2026-04-28 01:00:00,26.5
2026-04-28 02:00:00,34.75
2026-04-28 03:00:00,49.5
2026-04-28 04:00:00,44.75
2026-04-28 05:00:00,41.75
2026-04-28 06:00:00,47.5
2026-04-28 07:00:00,51.0
2026-04-28 08:00:00,57.25
2026-04-28 09:00:00,88.75
2026-04-28 10:00:00,88.25
2026-04-28 11:00:00,49.0
2026-04-28 12:00:00,42.75
2026-04-28 13:00:00,39.75
2026-04-28 14:00:00,39.25
2026-04-28 15:00:00,39.75
2026-04-28 16:00:00,32.75
2026-04-28 17:00:00,47.0
2026-04-28 18:00:00,48.0
2026-04-28 19:00:00,57.75
2026-04-28 20:00:00,65.5
2026-04-28 21:00:00,68.5
2026-04-28 22:00:00,117.0
2026-04-28 23:00:00,169.0
2026-04-29 00:00:00,91.0
2026-04-29 01:00:00,92.0
2026-04-29 02:00:00,81.5
2026-04-29 03:00:00,54.25
2026-04-29 04:00:00,33.75
2026-04-29 05:00:00,39.0
2026-04-29 06:00:00,38.75
2026-04-29 07:00:00,17.25
2026-04-29 08:00:00,17.5
2026-04-29 09:00:00,13.0
2026-04-29 10:00:00,37.75
2026-04-29 11:00:00,13.0
2026-04-29 12:00:00,17.25
2026-04-29 13:00:00,24.5
2026-04-29 14:00:00,21.75
2026-04-29 15:00:00,32.0
2026-04-29 16:00:00,22.0
2026-04-29 17:00:00,26.0
2026-04-29 18:00:00,26.25
2026-04-29 19:00:00,32.5
2026-04-29 20:00:00,41.5
2026-04-29 21:00:00,44.0
2026-04-29 22:00:00,53.75
2026-04-29 23:00:00,69.75
2026-04-30 00:00:00,69.0
2026-04-30 01:00:00,74.5
2026-04-30 02:00:00,69.5
2026-04-30 03:00:00,75.5
2026-04-30 04:00:00,86.5
2026-04-30 05:00:00,91.5
2026-04-30 06:00:00,80.75
2026-04-30 07:00:00,45.25
2026-04-30 08:00:00,24.25
2026-04-30 09:00:00,34.5
2026-04-30 10:00:00,22.75
2026-04-30 11:00:00,26.0
2026-04-30 12:00:00,24.5
2026-04-30 13:00:00,25.0
2026-04-30 14:00:00,39.25
2026-04-30 15:00:00,70.75
2026-04-30 16:00:00,51.0
2026-04-30 17:00:00,11.0
2026-04-30 18:00:00,15.25
2026-04-30 19:00:00,29.25
2026-04-30 20:00:00,34.0
2026-04-30 21:00:00,17.5
2026-04-30 22:00:00,19.25
2026-04-30 23:00:00,19.5
2026-05-01 00:00:00,29.5
2026-05-01 01:00:00,32.5
2026-05-01 02:00:00,34.75
2026-05-01 03:00:00,39.0
2026-05-01 04:00:00,52.75
2026-05-01 05:00:00,54.0
2026-05-01 06:00:00,37.75
2026-05-01 07:00:00,27.25
2026-05-01 08:00:00,22.25
2026-05-01 09:00:00,26.0
2026-05-01 10:00:00,22.5
2026-05-01 11:00:00,19.5
2026-05-01 12:00:00,23.0
2026-05-01 13:00:00,28.25
2026-05-01 14:00:00,30.75
2026-05-01 15:00:00,30.75
2026-05-01 16:00:00,32.0
2026-05-01 17:00:00,34.5
2026-05-01 18:00:00,31.75
2026-05-01 19:00:00,37.0
2026-05-01 20:00:00,50.75
2026-05-01 21:00:00,64.75
2026-05-01 22:00:00,54.0
2026-05-01 23:00:00,44.5
2026-05-02 00:00:00,56.5
2026-05-02 01:00:00,57.0
2026-05-02 02:00:00,48.0
2026-05-02 03:00:00,45.0
2026-05-02 04:00:00,40.75
2026-05-02 05:00:00,40.0
2026-05-02 06:00:00,43.5
2026-05-02 07:00:00,33.75
2026-05-02 08:00:00,40.5
2026-05-02 09:00:00,35.5
2026-05-02 10:00:00,42.5
2026-05-02 11:00:00,46.75
2026-05-02 12:00:00,45.25
2026-05-02 13:00:00,47.25
2026-05-02 14:00:00,46.5
2026-05-02 15:00:00,52.5
2026-05-02 16:00:00,46.5
2026-05-02 17:00:00,46.75
2026-05-02 18:00:00,51.0
2026-05-02 19:00:00,49.25
2026-05-02 20:00:00,50.75
2026-05-02 21:00:00,50.75
2026-05-02 22:00:00,56.25
2026-05-02 23:00:00,63.0
2026-05-03 00:00:00,57.5
2026-05-03 01:00:00,44.0
2026-05-03 02:00:00,37.75
2026-05-03 03:00:00,37.25
2026-05-03 04:00:00,34.25
2026-05-03 05:00:00,33.25
2026-05-03 06:00:00,20.5
2026-05-03 07:00:00,31.75
2026-05-03 08:00:00,37.0
2026-05-03 09:00:00,31.0
2026-05-03 10:00:00,23.5
2026-05-03 11:00:00,31.75
2026-05-03 12:00:00,35.25
2026-05-03 13:00:00,32.25
2026-05-03 14:00:00,30.5
2026-05-03 15:00:00,29.75
2026-05-03 16:00:00,30.5
2026-05-03 17:00:00,29.75
2026-05-03 18:00:00,32.75
2026-05-03 19:00:00,34.75
2026-05-03 20:00:00,33.0
2026-05-03 21:00:00,31.75
2026-05-03 22:00:00,31.0
2026-05-03 23:00:00,36.5
2026-05-04 00:00:00,40.0
2026-05-04 01:00:00,12.5
2026-05-04 02:00:00,14.75
2026-05-04 03:00:00,4.75
2026-05-04 04:00:00,8.75
2026-05-04 05:00:00,6.25
2026-05-04 06:00:00,10.75
2026-05-04 07:00:00,10.0
2026-05-04 08:00:00,7.0
2026-05-04 09:00:00,7.5
2026-05-04 10:00:00,15.5
2026-05-04 11:00:00,15.5
2026-05-04 12:00:00,6.5
2026-05-04 13:00:00,12.75
2026-05-04 14:00:00,20.5
2026-05-04 15:00:00,17.5
2026-05-04 16:00:00,16.0
2026-05-04 17:00:00,7.0
2026-05-04 18:00:00,14.5
2026-05-04 19:00:00,14.0
2026-05-04 20:00:00,12.25
2026-05-04 21:00:00,16.25
2026-05-04 22:00:00,19.25
2026-05-04 23:00:00,21.5
2026-05-05 00:00:00,20.5
2026-05-05 01:00:00,14.75
2026-05-05 02:00:00,30.5
2026-05-05 03:00:00,33.25
2026-05-05 04:00:00,22.75
2026-05-05 05:00:00,28.75
2026-05-05 06:00:00,29.25
2026-05-05 07:00:00,25.0
2026-05-05 08:00:00,19.0
2026-05-05 09:00:00,23.25
2026-05-05 10:00:00,18.25
2026-05-05 11:00:00,26.5
2026-05-05 12:00:00,17.0
2026-05-05 13:00:00,28.75
2026-05-05 14:00:00,30.0
2026-05-05 15:00:00,31.25
2026-05-05 16:00:00,25.75
2026-05-05 17:00:00,26.25
2026-05-05 18:00:00,28.5
2026-05-05 19:00:00,33.5
2026-05-05 20:00:00,39.25
2026-05-05 21:00:00,18.5
2026-05-05 22:00:00,22.75
2026-05-05 23:00:00,34.0
2026-05-06 00:00:00,35.0
2026-05-06 01:00:00,33.0
2026-05-06 02:00:00,41.25
2026-05-06 03:00:00,47.5
2026-05-06 04:00:00,51.75
2026-05-06 05:00:00,53.75
2026-05-06 06:00:00,82.0
2026-05-06 07:00:00,77.25
2026-05-06 08:00:00,58.0
2026-05-06 09:00:00,49.25
2026-05-06 10:00:00,37.0
2026-05-06 11:00:00,34.25
2026-05-06 12:00:00,46.25
2026-05-06 13:00:00,41.0
2026-05-06 14:00:00,48.0
2026-05-06 15:00:00,45.5
2026-05-06 16:00:00,40.5
2026-05-06 17:00:00,36.25
2026-05-06 18:00:00,38.75
2026-05-06 19:00:00,47.0
2026-05-06 20:00:00,63.25
2026-05-06 21:00:00,82.25
2026-05-06 22:00:00,70.0
2026-05-06 23:00:00,79.75
2026-05-07 00:00:00,63.25
2026-05-07 01:00:00,45.5
2026-05-07 02:00:00,37.25
2026-05-07 03:00:00,28.5
2026-05-07 04:00:00,30.25
2026-05-07 05:00:00,25.25
2026-05-07 06:00:00,18.75
2026-05-07 07:00:00,18.5
2026-05-07 08:00:00,24.0
2026-05-07 09:00:00,24.0
2026-05-07 10:00:00,19.25
2026-05-07 11:00:00,20.5
2026-05-07 12:00:00,25.5
2026-05-07 13:00:00,26.75
2026-05-07 14:00:00,21.25
2026-05-07 15:00:00,17.25
2026-05-07 16:00:00,27.75
2026-05-07 17:00:00,20.75
2026-05-07 18:00:00,20.25
2026-05-07 19:00:00,21.25
2026-05-07 20:00:00,28.75
2026-05-07 21:00:00,26.0
2026-05-07 22:00:00,25.5
2026-05-07 23:00:00,29.75
2026-05-08 00:00:00,41.25
2026-05-08 01:00:00,36.0
2026-05-08 02:00:00,36.75
2026-05-08 03:00:00,33.0
2026-05-08 04:00:00,45.0
2026-05-08 05:00:00,42.25
2026-05-08 06:00:00,41.25
2026-05-08 07:00:00,31.25
2026-05-08 08:00:00,31.5
2026-05-08 09:00:00,27.0
2026-05-08 10:00:00,24.5
2026-05-08 11:00:00,22.75
2026-05-08 12:00:00,18.0
2026-05-08 13:00:00,22.25
2026-05-08 14:00:00,24.75
2026-05-08 15:00:00,29.0
2026-05-08 16:00:00,28.5
2026-05-08 17:00:00,23.75
2026-05-08 18:00:00,24.75
2026-05-08 19:00:00,20.75
2026-05-08 20:00:00,18.0
2026-05-08 21:00:00,29.0
2026-05-08 22:00:00,32.75
2026-05-08 23:00:00,39.5
2026-05-09 00:00:00,61.5
2026-05-09 01:00:00,58.75
2026-05-09 02:00:00,70.75
2026-05-09 03:00:00,69.5
2026-05-09 04:00:00,42.5
2026-05-09 05:00:00,33.25
2026-05-09 06:00:00,35.5
2026-05-09 07:00:00,47.0
2026-05-09 08:00:00,42.5
2026-05-09 09:00:00,35.25
2026-05-09 10:00:00,32.5
2026-05-09 11:00:00,22.75
2026-05-09 12:00:00,32.75
2026-05-09 13:00:00,24.5
2026-05-09 14:00:00,24.5
2026-05-09 15:00:00,28.25
2026-05-09 16:00:00,27.0
2026-05-09 17:00:00,26.5
2026-05-09 18:00:00,31.75
2026-05-09 19:00:00,40.75
2026-05-09 20:00:00,43.0
2026-05-09 21:00:00,46.75
2026-05-09 22:00:00,59.75
2026-05-09 23:00:00,59.25
2026-05-10 00:00:00,78.75
2026-05-10 01:00:00,67.0
2026-05-10 02:00:00,56.25
2026-05-10 03:00:00,48.5
2026-05-10 04:00:00,52.75
2026-05-10 05:00:00,49.75
2026-05-10 06:00:00,43.5
2026-05-10 07:00:00,46.25
2026-05-10 08:00:00,37.25
2026-05-10 09:00:00,32.25
2026-05-10 10:00:00,30.25
2026-05-10 11:00:00,34.25
2026-05-10 12:00:00,36.25
2026-05-10 13:00:00,58.75
2026-05-10 14:00:00,53.0
2026-05-10 15:00:00,33.5
2026-05-10 16:00:00,33.5
2026-05-10 17:00:00,30.0
2026-05-10 18:00:00,39.5
2026-05-10 19:00:00,45.25
2026-05-10 20:00:00,54.0
2026-05-10 21:00:00,46.5
2026-05-10 22:00:00,63.25
2026-05-10 23:00:00,59.5
2026-05-11 00:00:00,58.5
2026-05-11 01:00:00,51.25
2026-05-11 02:00:00,58.75
2026-05-11 03:00:00,53.75
2026-05-11 04:00:00,52.5
2026-05-11 05:00:00,53.25
2026-05-11 06:00:00,41.0
2026-05-11 07:00:00,46.5
2026-05-11 08:00:00,45.5
2026-05-11 09:00:00,44.5
2026-05-11 10:00:00,48.75
2026-05-11 11:00:00,48.75
2026-05-11 12:00:00,50.5
2026-05-11 13:00:00,51.75
2026-05-11 14:00:00,42.5
2026-05-11 15:00:00,39.5
2026-05-11 16:00:00,30.25
2026-05-11 17:00:00,34.75
2026-05-11 18:00:00,40.25
2026-05-11 19:00:00,45.75
2026-05-11 20:00:00,62.75
2026-05-11 21:00:00,82.25
2026-05-11 22:00:00,100.5
2026-05-11 23:00:00,89.5
2026-05-12 00:00:00,81.5
2026-05-12 01:00:00,63.0
2026-05-12 02:00:00,70.25
2026-05-12 03:00:00,69.75
2026-05-12 04:00:00,64.75
2026-05-12 05:00:00,60.25
2026-05-12 06:00:00,64.75
2026-05-12 07:00:00,56.0
2026-05-12 08:00:00,58.75
2026-05-12 09:00:00,51.75
2026-05-12 10:00:00,51.75
2026-05-12 11:00:00,44.25
2026-05-12 12:00:00,45.0
2026-05-12 13:00:00,56.75
2026-05-12 14:00:00,52.5
2026-05-12 15:00:00,54.0
2026-05-12 16:00:00,52.5
2026-05-12 17:00:00,46.0
2026-05-12 18:00:00,48.5
2026-05-12 19:00:00,54.75
2026-05-12 20:00:00,39.75
2026-05-12 21:00:00,39.25
2026-05-12 22:00:00,45.5
2026-05-12 23:00:00,57.5
2026-05-13 00:00:00,49.0
2026-05-13 01:00:00,57.0
2026-05-13 02:00:00,67.0
2026-05-13 03:00:00,57.5
2026-05-13 04:00:00,56.75
2026-05-13 05:00:00,47.5
2026-05-13 06:00:00,61.75
2026-05-13 07:00:00,63.75
2026-05-13 08:00:00,58.0
2026-05-13 09:00:00,73.0
2026-05-13 10:00:00,52.25
2026-05-13 11:00:00,34.75
2026-05-13 12:00:00,36.25
2026-05-13 13:00:00,43.5
2026-05-13 14:00:00,43.25
2026-05-13 15:00:00,49.25
2026-05-13 16:00:00,47.0
2026-05-13 17:00:00,42.75
2026-05-13 18:00:00,47.5
2026-05-13 19:00:00,57.5
2026-05-13 20:00:00,79.5
2026-05-13 21:00:00,33.75
2026-05-13 22:00:00,29.5
2026-05-13 23:00:00,32.25
2026-05-14 00:00:00,18.25
2026-05-14 01:00:00,26.25
2026-05-14 02:00:00,28.0
2026-05-14 03:00:00,30.75
2026-05-14 04:00:00,32.0
2026-05-14 05:00:00,19.5
2026-05-14 06:00:00,20.75
2026-05-14 07:00:00,14.5
2026-05-14 08:00:00,12.5
2026-05-14 09:00:00,19.25
2026-05-14 10:00:00,44.25
2026-05-14 11:00:00,50.25
2026-05-14 12:00:00,59.75
2026-05-14 13:00:00,49.75
2026-05-14 14:00:00,50.0
2026-05-14 15:00:00,49.0
2026-05-14 16:00:00,54.5
2026-05-14 17:00:00,49.25
2026-05-14 18:00:00,45.75
2026-05-14 19:00:00,30.0
2026-05-14 20:00:00,28.25
2026-05-14 21:00:00,39.0
2026-05-14 22:00:00,45.5
2026-05-14 23:00:00,51.5
2026-05-15 00:00:00,45.75
2026-05-15 01:00:00,43.0
2026-05-15 02:00:00,26.0
2026-05-15 03:00:00,31.0
2026-05-15 04:00:00,30.25
2026-05-15 05:00:00,20.75
2026-05-15 06:00:00,23.75
2026-05-15 07:00:00,31.0
2026-05-15 08:00:00,33.5
2026-05-15 09:00:00,53.75
2026-05-15 10:00:00,45.75
2026-05-15 11:00:00,38.5
2026-05-15 12:00:00,33.25
2026-05-15 13:00:00,37.25
2026-05-15 14:00:00,32.9
2026-05-15 15:00:00,45.07
2026-05-15 16:00:00,28.51
2026-05-15 17:00:00,34.25
2026-05-15 18:00:00,41.09
2026-05-15 19:00:00,51.34
2026-05-15 20:00:00,57.28
2026-05-15 21:00:00,72.23
2026-05-15 22:00:00,106.31
2026-05-15 23:00:00,107.27
2026-05-16 00:00:00,89.97
2026-05-16 01:00:00,78.78
2026-05-16 02:00:00,78.94
2026-05-16 03:00:00,80.42
2026-05-16 04:00:00,114.07
2026-05-16 05:00:00,169.52
2026-05-16 06:00:00,164.91
2026-05-16 07:00:00,105.75
2026-05-16 08:00:00,83.49
2026-05-16 09:00:00,69.54
2026-05-16 10:00:00,63.2
2026-05-16 11:00:00,56.27
2026-05-16 13:00:00,120.35
2026-05-16 14:00:00,80.98
2026-05-16 15:00:00,62.36
2026-05-16 16:00:00,45.18
2026-05-16 17:00:00,41.06
2026-05-16 18:00:00,39.6
2026-05-16 19:00:00,41.51
2026-05-16 20:00:00,65.09
2026-05-16 21:00:00,79.7
2026-05-16 22:00:00,83.11
2026-05-16 23:00:00,113.7
2026-05-17 00:00:00,113.4
2026-05-17 01:00:00,105.18
2026-05-17 02:00:00,104.01
2026-05-17 03:00:00,123.7
2026-05-17 04:00:00,99.45
2026-05-17 05:00:00,116.67
2026-05-17 06:00:00,116.39
2026-05-17 07:00:00,101.67
2026-05-17 08:00:00,93.59
2026-05-17 09:00:00,87.34
2026-05-17 10:00:00,68.33
2026-05-17 11:00:00,65.13
2026-05-17 12:00:00,50.11
2026-05-17 13:00:00,54.04
2026-05-17 14:00:00,50.65
2026-05-17 15:00:00,47.5
2026-05-17 16:00:00,47.12
2026-05-17 17:00:00,45.32
2026-05-17 18:00:00,40.49
2026-05-17 19:00:00,56.45
2026-05-17 20:00:00,81.91
2026-05-17 21:00:00,92.12
2026-05-17 22:00:00,78.63
2026-05-17 23:00:00,97.51
2026-05-18 00:00:00,105.55
2026-05-18 01:00:00,75.94
2026-05-18 02:00:00,83.18
2026-05-18 03:00:00,68.49
2026-05-18 04:00:00,67.42
2026-05-18 05:00:00,86.87
2026-05-18 06:00:00,58.33
2026-05-18 07:00:00,51.5
2026-05-18 08:00:00,52.61
2026-05-18 09:00:00,62.51
2026-05-18 10:00:00,54.14
2026-05-18 11:00:00,46.47
2026-05-18 12:00:00,39.26
2026-05-18 13:00:00,40.14
2026-05-18 14:00:00,36.59
2026-05-18 15:00:00,46.49
2026-05-18 16:00:00,45.81
2026-05-18 17:00:00,49.1
2026-05-18 18:00:00,49.5
2026-05-18 19:00:00,58.25
2026-05-18 20:00:00,66.52
2026-05-18 21:00:00,66.46
2026-05-18 22:00:00,82.3
2026-05-18 23:00:00,86.54
2026-05-19 00:00:00,91.42
2026-05-19 01:00:00,59.68
2026-05-19 02:00:00,81.39
2026-05-19 03:00:00,77.95
2026-05-19 04:00:00,73.33
2026-05-19 05:00:00,73.21
2026-05-19 06:00:00,67.06
2026-05-19 07:00:00,68.35
2026-05-19 08:00:00,56.55
2026-05-19 09:00:00,61.8
2026-05-19 10:00:00,57.24
2026-05-19 11:00:00,64.52
2026-05-19 12:00:00,88.15
2026-05-19 13:00:00,74.23
2026-05-19 14:00:00,51.64
2026-05-19 15:00:00,40.86
2026-05-19 16:00:00,34.04
2026-05-19 17:00:00,24.87
2026-05-19 18:00:00,28.59
2026-05-19 19:00:00,41.97
2026-05-19 20:00:00,42.44
2026-05-19 21:00:00,56.85
2026-05-19 22:00:00,82.44
2026-05-19 23:00:00,81.5
2026-05-20 00:00:00,78.11
2026-05-20 01:00:00,54.49
2026-05-20 02:00:00,51.02
2026-05-20 03:00:00,47.39
2026-05-20 04:00:00,46.52
2026-05-20 05:00:00,35.16
2026-05-20 06:00:00,39.59
2026-05-20 07:00:00,33.78
2026-05-20 08:00:00,38.8
2026-05-20 09:00:00,45.33
2026-05-20 10:00:00,61.28
2026-05-20 11:00:00,44.35
2026-05-20 12:00:00,44.45
2026-05-20 13:00:00,35.93
2026-05-20 14:00:00,33.7
2026-05-20 15:00:00,39.95
2026-05-20 16:00:00,33.52
2026-05-20 17:00:00,30.87
2026-05-20 18:00:00,43.21
2026-05-20 19:00:00,51.52
2026-05-20 20:00:00,57.96
2026-05-20 21:00:00,64.74
2026-05-20 22:00:00,64.76
2026-05-20 23:00:00,66.13
2026-05-21 00:00:00,62.42
2026-05-21 01:00:00,54.78
2026-05-21 02:00:00,54.55
2026-05-21 03:00:00,35.24
2026-05-21 04:00:00,35.31
2026-05-21 05:00:00,42.04
2026-05-21 06:00:00,39.8
2026-05-21 07:00:00,48.67
2026-05-21 08:00:00,56.03
2026-05-21 09:00:00,80.09
2026-05-21 10:00:00,85.61
2026-05-21 11:00:00,78.07
2026-05-21 12:00:00,80.17
2026-05-21 13:00:00,73.81
2026-05-21 14:00:00,67.83
2026-05-21 15:00:00,66.89
2026-05-21 16:00:00,60.69
2026-05-21 17:00:00,54.23
2026-05-21 18:00:00,53.17
2026-05-21 19:00:00,63.48
2026-05-21 20:00:00,68.19
2026-05-21 21:00:00,69.8
2026-05-21 22:00:00,65.87
2026-05-21 23:00:00,52.1
2026-05-22 00:00:00,51.41
2026-05-22 01:00:00,39.52
2026-05-22 02:00:00,33.31
2026-05-22 03:00:00,43.39
2026-05-22 04:00:00,45.14
2026-05-22 05:00:00,36.24
2026-05-22 06:00:00,41.42
2026-05-22 07:00:00,40.69
2026-05-22 08:00:00,49.32
2026-05-22 09:00:00,57.86
2026-05-22 10:00:00,67.61
2026-05-22 11:00:00,71.86
2026-05-22 12:00:00,66.33
2026-05-22 13:00:00,62.75
2026-05-22 14:00:00,42.54
2026-05-22 15:00:00,49.27
2026-05-22 16:00:00,50.85
2026-05-22 17:00:00,45.3
2026-05-22 18:00:00,66.98
2026-05-22 19:00:00,58.68
2026-05-22 20:00:00,67.12
2026-05-22 21:00:00,55.81
2026-05-22 22:00:00,49.29
2026-05-22 23:00:00,60.16
2026-05-23 00:00:00,53.7
2026-05-23 01:00:00,49.08
2026-05-23 02:00:00,63.77
2026-05-23 03:00:00,65.47
2026-05-23 04:00:00,71.42
2026-05-23 05:00:00,96.54
2026-05-23 06:00:00,83.65
2026-05-23 07:00:00,50.1
2026-05-23 08:00:00,70.13
2026-05-23 09:00:00,56.98
2026-05-23 10:00:00,13.03
2026-05-23 11:00:00,36.33
2026-05-23 12:00:00,43.61
2026-05-23 13:00:00,57.61
2026-05-23 14:00:00,52.15
2026-05-23 15:00:00,65.12
2026-05-23 16:00:00,67.3
2026-05-23 17:00:00,55.7
2026-05-23 18:00:00,59.65
2026-05-23 19:00:00,88.21
2026-05-23 20:00:00,76.28
2026-05-23 21:00:00,70.04
2026-05-23 22:00:00,64.92
2026-05-23 23:00:00,66.03
2026-05-24 00:00:00,68.67
2026-05-24 01:00:00,68.3
2026-05-24 02:00:00,66.49
2026-05-24 03:00:00,59.51
2026-05-24 04:00:00,67.31
2026-05-24 05:00:00,62.14
2026-05-24 06:00:00,54.89
2026-05-24 07:00:00,51.24
2026-05-24 08:00:00,59.8
2026-05-24 09:00:00,62.5
2026-05-24 10:00:00,57.65
2026-05-24 11:00:00,50.33
2026-05-24 12:00:00,47.67
2026-05-24 13:00:00,37.49
2026-05-24 14:00:00,35.2
2026-05-24 15:00:00,45.14
2026-05-24 16:00:00,38.81
2026-05-24 17:00:00,38.41
2026-05-24 18:00:00,40.93
2026-05-24 19:00:00,64.03
2026-05-24 20:00:00,97.09
2026-05-24 21:00:00,88.05
2026-05-24 22:00:00,90.41
2026-05-24 23:00:00,77.8
2026-05-25 00:00:00,72.1
2026-05-25 01:00:00,66.96
2026-05-25 02:00:00,51.6
2026-05-25 03:00:00,56.1
2026-05-25 04:00:00,48.05
2026-05-25 05:00:00,53.67
2026-05-25 06:00:00,55.27
2026-05-25 07:00:00,64.5
2026-05-25 08:00:00,63.87
2026-05-25 09:00:00,68.89
2026-05-25 10:00:00,79.84
2026-05-25 11:00:00,86.97
2026-05-25 12:00:00,89.62
2026-05-25 13:00:00,90.96
2026-05-25 14:00:00,93.44
2026-05-25 15:00:00,85.74
2026-05-25 16:00:00,81.18
2026-05-25 17:00:00,74.09
2026-05-25 18:00:00,88.28
2026-05-25 19:00:00,90.68
2026-05-25 20:00:00,103.12
2026-05-25 21:00:00,97.21
2026-05-25 22:00:00,102.28
2026-05-25 23:00:00,113.77
2026-05-26 00:00:00,137.4
2026-05-26 01:00:00,148.93
2026-05-26 02:00:00,125.13
2026-05-26 03:00:00,102.67
2026-05-26 04:00:00,101.72
2026-05-26 05:00:00,85.51
2026-05-26 06:00:00,85.95
2026-05-26 07:00:00,82.63
2026-05-26 08:00:00,99.41
2026-05-26 09:00:00,79.69
2026-05-26 10:00:00,55.16
2026-05-26 11:00:00,49.67
2026-05-26 12:00:00,35.4
2026-05-26 13:00:00,35.18
2026-05-26 14:00:00,33.56
2026-05-26 15:00:00,36.86
2026-05-26 16:00:00,37.0
2026-05-26 17:00:00,31.25
2026-05-26 18:00:00,32.75
2026-05-26 19:00:00,40.66
2026-05-26 20:00:00,60.02
2026-05-26 21:00:00,107.21
2026-05-26 22:00:00,102.27
2026-05-26 23:00:00,91.5
2026-05-27 00:00:00,104.98
2026-05-27 01:00:00,108.37
2026-05-27 02:00:00,86.44
2026-05-27 03:00:00,94.3
2026-05-27 04:00:00,81.26
2026-05-27 05:00:00,100.06
2026-05-27 06:00:00,125.91
2026-05-27 07:00:00,111.83
2026-05-27 08:00:00,90.19
2026-05-27 09:00:00,82.85
2026-05-27 10:00:00,54.41
2026-05-27 11:00:00,56.61
2026-05-27 12:00:00,58.02
2026-05-27 13:00:00,51.68
2026-05-27 14:00:00,52.13
2026-05-27 15:00:00,46.23
2026-05-27 16:00:00,43.28
2026-05-27 17:00:00,35.48
2026-05-27 18:00:00,36.92
2026-05-27 19:00:00,49.38
2026-05-27 20:00:00,66.61
2026-05-27 21:00:00,75.29
2026-05-27 22:00:00,93.52
2026-05-27 23:00:00,117.05
2026-05-28 00:00:00,129.14
2026-05-28 01:00:00,110.74
2026-05-28 02:00:00,85.09
2026-05-28 03:00:00,75.75
2026-05-28 04:00:00,79.14
2026-05-28 05:00:00,74.15
2026-05-28 06:00:00,80.2
2026-05-28 07:00:00,79.29
2026-05-28 08:00:00,56.26
2026-05-28 09:00:00,54.44
2026-05-28 10:00:00,72.28
2026-05-28 11:00:00,62.4
2026-05-28 12:00:00,64.5
2026-05-28 13:00:00,60.56
2026-05-28 14:00:00,55.27
2026-05-28 15:00:00,60.53
2026-05-28 16:00:00,56.49
2026-05-28 17:00:00,54.89
2026-05-28 18:00:00,53.51
2026-05-28 19:00:00,64.6
2026-05-28 20:00:00,13.7
2026-05-28 21:00:00,17.01
2026-05-28 22:00:00,20.4
2026-05-28 23:00:00,21.49
2026-05-29 00:00:00,26.23
2026-05-29 01:00:00,28.82
2026-05-29 02:00:00,19.26
2026-05-29 03:00:00,37.13
2026-05-29 04:00:00,27.36
2026-05-29 05:00:00,15.61
2026-05-30 08:00:00,297.2
2026-05-30 09:00:00,146.21
2026-05-30 10:00:00,47.32
2026-05-30 11:00:00,38.94
2026-05-30 12:00:00,44.1
2026-05-30 13:00:00,35.21
2026-05-30 14:00:00,27.63
2026-05-30 15:00:00,35.42
2026-05-30 16:00:00,63.86
2026-05-30 17:00:00,47.72
2026-05-30 18:00:00,12.34
2026-05-30 19:00:00,32.66
2026-05-30 20:00:00,38.4
2026-05-30 21:00:00,45.26
2026-05-30 22:00:00,36.82
2026-05-30 23:00:00,24.62
2026-05-31 00:00:00,23.61
2026-05-31 01:00:00,15.77
2026-05-31 02:00:00,16.5
2026-05-31 03:00:00,16.22
2026-05-31 04:00:00,18.94
2026-05-31 05:00:00,19.58
2026-05-31 06:00:00,11.64
2026-05-31 07:00:00,13.07
2026-05-31 08:00:00,20.12
2026-05-31 09:00:00,27.33
2026-05-31 10:00:00,26.33
2026-05-31 11:00:00,22.14
2026-05-31 12:00:00,28.58
2026-05-31 13:00:00,39.12
2026-05-31 14:00:00,36.5
2026-05-31 15:00:00,148.83
2026-05-31 16:00:00,52.57
2026-05-31 17:00:00,10.34
2026-06-01 07:00:00,74.24
2026-06-01 08:00:00,79.54
2026-06-01 09:00:00,49.57
2026-06-01 10:00:00,33.6
2026-06-01 11:00:00,33.41
2026-06-01 12:00:00,29.66
2026-06-01 13:00:00,34.08
2026-06-01 14:00:00,27.15
2026-06-01 15:00:00,34.75
2026-06-01 16:00:00,27.08
2026-06-01 17:00:00,28.47
2026-06-01 18:00:00,31.79
2026-06-01 19:00:00,33.65
2026-06-01 20:00:00,40.33
2026-06-01 21:00:00,46.0
2026-06-01 22:00:00,49.24
2026-06-01 23:00:00,61.64
2026-06-02 00:00:00,55.15
2026-06-02 01:00:00,43.2
2026-06-02 02:00:00,43.93
2026-06-02 03:00:00,54.63
2026-06-02 04:00:00,43.88
2026-06-02 05:00:00,41.96
2026-06-02 06:00:00,37.72
2026-06-02 07:00:00,49.57
2026-06-02 08:00:00,39.24
2026-06-02 09:00:00,31.64
2026-06-02 10:00:00,28.72
2026-06-02 11:00:00,34.36
2026-06-02 12:00:00,34.42
2026-06-02 13:00:00,34.34
2026-06-02 14:00:00,34.64
2026-06-02 15:00:00,33.02
2026-06-02 16:00:00,29.56
2026-06-02 17:00:00,28.49
2026-06-02 18:00:00,30.32
2026-06-02 19:00:00,24.17
2026-06-02 20:00:00,31.23
2026-06-02 21:00:00,44.77
2026-06-02 22:00:00,55.99
2026-06-02 23:00:00,38.63
2026-06-03 00:00:00,46.62
2026-06-03 01:00:00,60.56
2026-06-03 02:00:00,62.19
2026-06-03 03:00:00,75.05
2026-06-03 04:00:00,90.01
2026-06-03 05:00:00,97.46
2026-06-03 06:00:00,90.34
2026-06-03 07:00:00,53.92
2026-06-03 08:00:00,58.77
2026-06-03 09:00:00,71.29
2026-06-03 10:00:00,47.26
2026-06-03 11:00:00,45.15
2026-06-03 12:00:00,49.22
2026-06-03 13:00:00,50.78
2026-06-03 14:00:00,52.76
2026-06-03 15:00:00,65.86
2026-06-03 16:00:00,64.91
2026-06-03 17:00:00,58.42
2026-06-03 18:00:00,44.56
2026-06-03 19:00:00,58.07
2026-06-03 20:00:00,69.26
2026-06-03 21:00:00,54.32
2026-06-03 22:00:00,58.38
2026-06-03 23:00:00,51.78
2026-06-04 00:00:00,54.2
2026-06-04 01:00:00,64.61
2026-06-04 02:00:00,77.88
2026-06-04 03:00:00,77.44
2026-06-04 04:00:00,81.07
2026-06-04 05:00:00,91.23
2026-06-04 06:00:00,89.84
2026-06-04 07:00:00,64.56
2026-06-04 08:00:00,46.99
2026-06-04 09:00:00,66.76
2026-06-04 10:00:00,61.94
2026-06-04 11:00:00,72.28
2026-06-04 12:00:00,68.67
2026-06-04 13:00:00,61.75
2026-06-04 14:00:00,63.31
2026-06-04 15:00:00,79.13
2026-06-04 16:00:00,15.34
2026-06-04 17:00:00,22.23
2026-06-04 18:00:00,40.19
2026-06-04 19:00:00,51.4
2026-06-04 20:00:00,42.07
2026-06-04 21:00:00,43.21
2026-06-04 22:00:00,42.75
2026-06-04 23:00:00,46.45
2026-06-05 00:00:00,70.59
2026-06-05 01:00:00,49.91
2026-06-05 02:00:00,41.77
2026-06-05 03:00:00,51.87
2026-06-05 04:00:00,50.46
2026-06-05 05:00:00,38.11
2026-06-05 06:00:00,27.41
2026-06-05 07:00:00,16.51
2026-06-05 08:00:00,21.74
2026-06-05 09:00:00,35.42
2026-06-05 10:00:00,31.59
2026-06-05 11:00:00,42.39
2026-06-05 12:00:00,45.91
2026-06-05 13:00:00,43.05
2026-06-05 14:00:00,47.98
2026-06-05 15:00:00,52.07
2026-06-05 16:00:00,47.16
2026-06-05 17:00:00,50.1
2026-06-05 18:00:00,50.35
2026-06-05 19:00:00,57.31
2026-06-05 20:00:00,69.48
2026-06-05 21:00:00,75.53
2026-06-05 22:00:00,88.32
2026-06-05 23:00:00,107.4
2026-06-06 00:00:00,98.85
2026-06-06 01:00:00,100.61
2026-06-06 02:00:00,95.24
2026-06-06 03:00:00,94.91
2026-06-06 04:00:00,94.5
2026-06-06 05:00:00,98.58
2026-06-06 06:00:00,106.89
2026-06-06 07:00:00,90.66
2026-06-06 08:00:00,46.06
2026-06-06 09:00:00,51.76
2026-06-06 10:00:00,40.01
2026-06-06 11:00:00,47.19
2026-06-06 12:00:00,45.12
2026-06-06 13:00:00,47.84
2026-06-06 14:00:00,49.35
2026-06-06 15:00:00,51.98
2026-06-06 16:00:00,48.67
2026-06-06 17:00:00,50.56
2026-06-06 18:00:00,66.46
2026-06-06 19:00:00,51.4
2026-06-06 20:00:00,44.6
2026-06-06 21:00:00,42.46
2026-06-06 22:00:00,41.63
2026-06-06 23:00:00,33.9
2026-06-07 00:00:00,40.11
2026-06-07 01:00:00,39.83
2026-06-07 02:00:00,38.62
2026-06-07 03:00:00,44.64
2026-06-07 04:00:00,32.09
2026-06-07 05:00:00,27.25
2026-06-07 06:00:00,15.75
2026-06-07 07:00:00,15.88
2026-06-07 08:00:00,24.26
2026-06-07 09:00:00,25.9
2026-06-07 10:00:00,42.07
2026-06-07 11:00:00,48.42
2026-06-07 12:00:00,47.44
2026-06-07 13:00:00,52.09
2026-06-07 14:00:00,53.64
2026-06-07 15:00:00,10.09
2026-06-08 10:00:00,82.32
2026-06-08 11:00:00,80.66
2026-06-08 12:00:00,78.76
2026-06-08 13:00:00,74.32
2026-06-08 14:00:00,76.21
2026-06-08 15:00:00,70.29
2026-06-08 16:00:00,57.73
2026-06-08 17:00:00,47.28
2026-06-08 18:00:00,36.66
2026-06-08 19:00:00,38.65
2026-06-08 20:00:00,43.93
2026-06-08 21:00:00,55.96
2026-06-08 22:00:00,80.39
2026-06-08 23:00:00,115.13
2026-06-09 00:00:00,73.99
2026-06-09 01:00:00,62.13
2026-06-09 02:00:00,54.18
2026-06-09 03:00:00,60.89
2026-06-09 04:00:00,55.69
2026-06-09 05:00:00,49.5
2026-06-09 06:00:00,53.82
2026-06-09 07:00:00,36.72
2026-06-09 08:00:00,38.08
2026-06-09 09:00:00,42.5
2026-06-09 10:00:00,48.19
2026-06-09 11:00:00,41.43
2026-06-09 12:00:00,54.36
2026-06-09 13:00:00,47.83
2026-06-09 14:00:00,41.4
2026-06-09 15:00:00,47.84
2026-06-09 16:00:00,65.89
2026-06-09 17:00:00,53.17
2026-06-09 18:00:00,68.35
2026-06-09 19:00:00,72.75
2026-06-09 20:00:00,23.88
2026-06-09 21:00:00,19.1
2026-06-09 22:00:00,14.88
2026-06-09 23:00:00,28.58
2026-06-10 00:00:00,57.23
2026-06-10 01:00:00,17.27
2026-06-10 02:00:00,35.15
2026-06-10 03:00:00,44.65
2026-06-10 04:00:00,39.27
2026-06-10 05:00:00,43.89
2026-06-10 06:00:00,36.29
2026-06-10 07:00:00,36.49
2026-06-10 08:00:00,55.82
2026-06-10 09:00:00,45.58
2026-06-10 10:00:00,56.9
2026-06-10 11:00:00,62.76
2026-06-10 12:00:00,57.65
2026-06-10 13:00:00,48.3
2026-06-10 14:00:00,59.98
2026-06-10 15:00:00,60.63
2026-06-10 16:00:00,53.56
2026-06-10 17:00:00,45.59
2026-06-10 18:00:00,49.36
2026-06-10 19:00:00,62.41
2026-06-10 20:00:00,72.18
2026-06-10 21:00:00,64.28
2026-06-10 22:00:00,62.31
2026-06-10 23:00:00,67.4
2026-06-11 00:00:00,48.76
2026-06-11 01:00:00,40.74
2026-06-11 02:00:00,30.73
2026-06-11 03:00:00,29.24
2026-06-11 04:00:00,31.55
2026-06-11 05:00:00,27.67
2026-06-11 06:00:00,31.76
2026-06-11 07:00:00,30.1
2026-06-11 08:00:00,31.49
2026-06-11 09:00:00,51.33
2026-06-11 10:00:00,33.52
2026-06-11 11:00:00,36.0
2026-06-11 12:00:00,35.31
2026-06-11 13:00:00,36.35
2026-06-11 14:00:00,40.73
2026-06-11 15:00:00,37.71
2026-06-11 16:00:00,37.08
2026-06-11 17:00:00,36.77
2026-06-11 18:00:00,30.34
2026-06-11 19:00:00,28.62
2026-06-11 20:00:00,35.25
2026-06-11 21:00:00,26.75
2026-06-11 22:00:00,31.25
2026-06-11 23:00:00,31.89
2026-06-12 00:00:00,30.53
2026-06-12 01:00:00,3.67
2026-06-12 02:00:00,6.0
2026-06-12 03:00:00,14.19
2026-06-12 04:00:00,11.47
2026-06-12 05:00:00,12.52
2026-06-12 06:00:00,10.73
2026-06-12 07:00:00,14.34
2026-06-12 08:00:00,12.76
2026-06-12 09:00:00,17.56
2026-06-12 10:00:00,16.6
2026-06-12 11:00:00,13.68
2026-06-12 12:00:00,17.11
2026-06-12 13:00:00,23.96
2026-06-12 14:00:00,20.12
2026-06-12 15:00:00,26.14
2026-06-12 16:00:00,35.17
2026-06-12 17:00:00,27.95
2026-06-12 18:00:00,37.4
2026-06-12 19:00:00,34.03
2026-06-12 20:00:00,39.55
2026-06-12 21:00:00,50.15
2026-06-12 22:00:00,41.41
2026-06-12 23:00:00,39.33
2026-06-13 00:00:00,39.04
2026-06-13 01:00:00,9.81
2026-06-13 02:00:00,13.91
2026-06-13 03:00:00,8.67
2026-06-13 04:00:00,14.3
2026-06-13 05:00:00,25.98
2026-06-13 06:00:00,18.25
2026-06-13 07:00:00,20.62
2026-06-13 08:00:00,24.14
2026-06-13 09:00:00,22.92
2026-06-13 10:00:00,37.61
2026-06-13 11:00:00,35.55
2026-06-13 12:00:00,27.87
2026-06-13 13:00:00,39.22
2026-06-13 14:00:00,43.89
2026-06-13 15:00:00,39.36
2026-06-13 16:00:00,40.56
2026-06-13 17:00:00,45.69
2026-06-13 18:00:00,49.43
2026-06-13 19:00:00,50.09
2026-06-13 20:00:00,50.57
2026-06-13 21:00:00,52.69
2026-06-13 22:00:00,51.77
2026-06-13 23:00:00,68.6
2026-06-14 00:00:00,90.72
2026-06-14 01:00:00,86.91
2026-06-14 02:00:00,68.27
2026-06-14 03:00:00,55.65
2026-06-14 04:00:00,48.36
2026-06-14 05:00:00,64.92
2026-06-14 06:00:00,63.42
2026-06-14 07:00:00,48.86
2026-06-14 08:00:00,35.87
2026-06-14 09:00:00,35.32
2026-06-14 10:00:00,39.64
2026-06-14 11:00:00,41.15
2026-06-14 12:00:00,41.23
2026-06-14 13:00:00,48.22
2026-06-14 14:00:00,40.0
2026-06-14 15:00:00,54.3
2026-06-14 16:00:00,48.54
2026-06-14 17:00:00,42.44
2026-06-14 18:00:00,55.26
2026-06-14 19:00:00,54.61
2026-06-14 20:00:00,58.41
2026-06-14 21:00:00,66.74
2026-06-14 22:00:00,78.17
2026-06-14 23:00:00,71.34
2026-06-15 00:00:00,48.68
2026-06-15 01:00:00,36.36
2026-06-15 02:00:00,28.15
2026-06-15 03:00:00,27.79
2026-06-15 04:00:00,26.91
2026-06-15 05:00:00,30.6
2026-06-15 06:00:00,28.46
2026-06-15 07:00:00,41.83
2026-06-15 08:00:00,44.38
2026-06-15 09:00:00,43.18
2026-06-15 10:00:00,41.77
2026-06-15 11:00:00,22.91
2026-06-15 12:00:00,39.48
2026-06-15 13:00:00,48.2
2026-06-15 14:00:00,49.55
2026-06-15 15:00:00,64.35
2026-06-15 16:00:00,13.31
2026-06-15 17:00:00,9.19
2026-06-15 18:00:00,9.33
2026-06-15 19:00:00,24.32
2026-06-15 20:00:00,40.17
2026-06-15 21:00:00,58.46
2026-06-15 22:00:00,73.38
2026-06-15 23:00:00,69.09
2026-06-16 00:00:00,55.48
2026-06-16 01:00:00,65.82
2026-06-16 02:00:00,52.01
2026-06-16 03:00:00,50.58
2026-06-16 04:00:00,57.66
2026-06-16 05:00:00,58.9
2026-06-16 06:00:00,57.54
2026-06-16 07:00:00,47.9
2026-06-16 08:00:00,73.09
2026-06-16 09:00:00,65.0
2026-06-16 10:00:00,18.29
2026-06-16 11:00:00,12.28
2026-06-16 12:00:00,27.8
2026-06-16 13:00:00,23.9
2026-06-16 14:00:00,33.57
2026-06-16 15:00:00,24.94
2026-06-16 16:00:00,26.72
2026-06-16 17:00:00,21.38
2026-06-16 18:00:00,26.05
2026-06-16 19:00:00,22.51
2026-06-16 20:00:00,29.91
2026-06-16 21:00:00,24.52
2026-06-16 22:00:00,26.22
2026-06-16 23:00:00,36.07
2026-06-17 00:00:00,32.45
2026-06-17 01:00:00,26.29
2026-06-17 02:00:00,25.63
2026-06-17 03:00:00,27.34
2026-06-17 04:00:00,26.84
2026-06-17 05:00:00,27.86
2026-06-17 06:00:00,30.38
2026-06-17 07:00:00,21.31
2026-06-17 08:00:00,26.35
2026-06-17 09:00:00,29.15
2026-06-17 10:00:00,30.81
2026-06-17 11:00:00,28.67
2026-06-17 12:00:00,25.45
2026-06-17 13:00:00,30.08
2026-06-17 14:00:00,46.43
2026-06-17 15:00:00,42.77
2026-06-17 16:00:00,45.5
2026-06-17 17:00:00,42.1
2026-06-17 18:00:00,43.04
2026-06-17 19:00:00,45.97
2026-06-17 20:00:00,51.43
2026-06-17 21:00:00,52.56
2026-06-17 22:00:00,44.32
2026-06-17 23:00:00,57.21
2026-06-18 00:00:00,59.16
2026-06-18 01:00:00,61.22
2026-06-18 02:00:00,57.43
2026-06-18 03:00:00,78.97
2026-06-18 04:00:00,76.58
2026-06-18 05:00:00,61.66
2026-06-18 06:00:00,56.21
2026-06-18 07:00:00,69.05
2026-06-18 08:00:00,45.56
2026-06-18 09:00:00,50.12
2026-06-18 10:00:00,42.61
2026-06-18 11:00:00,42.43
2026-06-18 12:00:00,40.28
2026-06-18 13:00:00,44.12
2026-06-18 14:00:00,53.83
2026-06-18 15:00:00,35.61
2026-06-18 16:00:00,48.57
2026-06-18 17:00:00,51.47
2026-06-18 18:00:00,68.57
2026-06-18 19:00:00,70.17
2026-06-18 20:00:00,56.69
2026-06-18 21:00:00,22.4
2026-06-18 22:00:00,2.18
2026-06-18 23:00:00,3.1
2026-06-19 00:00:00,8.51
2026-06-19 01:00:00,25.87
2026-06-19 02:00:00,42.78
2026-06-19 03:00:00,53.48
2026-06-19 04:00:00,48.19
2026-06-19 05:00:00,18.58
2026-06-19 06:00:00,16.58
2026-06-19 07:00:00,6.53
2026-06-19 08:00:00,30.56
2026-06-19 09:00:00,63.01
2026-06-19 10:00:00,69.63
2026-06-19 11:00:00,81.94
2026-06-19 12:00:00,66.44
2026-06-19 13:00:00,37.16
2026-06-19 14:00:00,34.67
2026-06-19 15:00:00,25.3
2026-06-19 16:00:00,48.65
2026-06-19 17:00:00,72.05
2026-06-19 18:00:00,63.52
2026-06-19 19:00:00,59.52
2026-06-19 20:00:00,43.69
2026-06-19 21:00:00,20.04
2026-06-19 22:00:00,7.19
2026-06-19 23:00:00,23.25
2026-06-20 00:00:00,48.77
2026-06-20 01:00:00,50.57
2026-06-20 02:00:00,41.05
2026-06-20 03:00:00,34.73
2026-06-20 04:00:00,21.16
2026-06-20 05:00:00,34.98
2026-06-20 06:00:00,52.07
2026-06-20 07:00:00,73.39
2026-06-20 08:00:00,78.1
2026-06-20 09:00:00,70.43
2026-06-20 10:00:00,59.56
2026-06-20 11:00:00,23.77
2026-06-20 12:00:00,29.72
2026-06-20 13:00:00,45.5
2026-06-20 14:00:00,60.85
2026-06-20 15:00:00,82.46
2026-06-20 16:00:00,79.33
2026-06-20 17:00:00,62.27
2026-06-20 18:00:00,24.76
2026-06-20 19:00:00,13.08
2026-06-20 20:00:00,20.42
2026-06-20 21:00:00,44.1
2026-06-20 22:00:00,68.12
2026-06-20 23:00:00,84.41
2026-06-21 00:00:00,90.94
2026-06-21 01:00:00,71.91
2026-06-21 02:00:00,6.13
2026-06-21 03:00:00,7.06
2026-06-21 04:00:00,8.47
2026-06-21 05:00:00,28.18
2026-06-21 06:00:00,39.92
2026-06-21 07:00:00,47.41
2026-06-21 08:00:00,46.83
2026-06-21 09:00:00,20.29
2026-06-21 10:00:00,5.24
2026-06-21 11:00:00,7.13
2026-06-21 12:00:00,12.67
2026-06-21 13:00:00,32.04
2026-06-21 14:00:00,62.19
2026-06-21 15:00:00,72.26
2026-06-21 16:00:00,60.55
2026-06-21 17:00:00,23.03
2026-06-21 18:00:00,15.48
2026-06-21 19:00:00,14.71
2026-06-21 20:00:00,26.89
2026-06-21 21:00:00,42.55
2026-06-21 22:00:00,111.63
2026-06-21 23:00:00,153.26
2026-06-22 00:00:00,64.55
2026-06-22 01:00:00,15.7
2026-06-22 02:00:00,18.8
2026-06-22 03:00:00,25.77
2026-06-22 04:00:00,50.85
2026-06-22 05:00:00,58.45
2026-06-22 06:00:00,58.46
2026-06-22 07:00:00,64.5
2026-06-22 08:00:00,41.25
2026-06-22 09:00:00,16.52
2026-06-22 10:00:00,14.65
2026-06-22 11:00:00,38.01
2026-06-22 12:00:00,62.22
2026-06-22 13:00:00,74.23
2026-06-22 14:00:00,74.06
2026-06-22 15:00:00,51.63
2026-06-22 16:00:00,11.74
2026-06-22 17:00:00,0.78
2026-06-22 18:00:00,6.84
2026-06-22 19:00:00,33.61
2026-06-22 20:00:00,57.13
2026-06-22 21:00:00,67.4
2026-06-22 22:00:00,63.89
2026-06-22 23:00:00,40.92
2026-06-23 00:00:00,21.13
2026-06-23 01:00:00,14.88
2026-06-23 02:00:00,40.12
2026-06-23 03:00:00,56.96
2026-06-23 04:00:00,87.52
2026-06-23 05:00:00,107.05
2026-06-23 06:00:00,75.71
2026-06-23 07:00:00,74.08
2026-06-23 08:00:00,66.92
2026-06-23 09:00:00,41.83
2026-06-23 10:00:00,37.89
2026-06-23 11:00:00,65.1
2026-06-23 12:00:00,77.29
2026-06-23 13:00:00,79.28
2026-06-23 14:00:00,53.31
2026-06-23 15:00:00,79.16
2026-06-23 16:00:00,9.08
2026-06-23 18:00:00,22.16
2026-06-23 19:00:00,48.72
2026-06-23 20:00:00,65.35
2026-06-23 21:00:00,62.9
2026-06-23 22:00:00,33.48
2026-06-23 23:00:00,5.82
2026-06-24 00:00:00,9.21
2026-06-24 01:00:00,14.93
2026-06-24 02:00:00,43.08
2026-06-24 03:00:00,58.43
2026-06-24 04:00:00,67.66
2026-06-24 05:00:00,32.91
2026-06-24 06:00:00,33.61
2026-06-24 07:00:00,29.65
2026-06-24 08:00:00,19.42
2026-06-24 09:00:00,38.68
2026-06-24 10:00:00,59.08
2026-06-24 11:00:00,68.75
2026-06-24 12:00:00,85.1
2026-06-24 13:00:00,51.95
2026-06-24 14:00:00,19.56
2026-06-24 15:00:00,42.36
2026-06-24 16:00:00,40.33
2026-06-24 17:00:00,32.75
2026-06-24 18:00:00,40.78
2026-06-24 19:00:00,41.88
2026-06-24 20:00:00,26.81
2026-06-24 21:00:00,6.37
2026-06-24 22:00:00,9.0
2026-06-24 23:00:00,3.02
2026-06-25 00:00:00,8.8
2026-06-25 01:00:00,12.31
2026-06-25 02:00:00,27.35
2026-06-25 03:00:00,24.87
2026-06-25 04:00:00,29.31
2026-06-25 05:00:00,32.71
2026-06-25 06:00:00,40.24
2026-06-25 07:00:00,36.96
2026-06-25 08:00:00,27.25
2026-06-25 09:00:00,46.3
2026-06-25 10:00:00,61.93
2026-06-25 11:00:00,56.89
2026-06-25 12:00:00,61.39
2026-06-25 13:00:00,64.62
2026-06-25 14:00:00,43.29
2026-06-25 15:00:00,52.74
2026-06-25 16:00:00,50.41
2026-06-25 17:00:00,41.8
2026-06-25 18:00:00,44.89
2026-06-25 19:00:00,39.96
2026-06-25 20:00:00,43.67
2026-06-25 21:00:00,47.85
2026-06-25 22:00:00,38.09
2026-06-25 23:00:00,34.26
2026-06-26 00:00:00,23.88
2026-06-26 01:00:00,24.18
2026-06-26 02:00:00,21.57
2026-06-26 03:00:00,30.59
2026-06-26 04:00:00,23.24
2026-06-26 05:00:00,23.2
2026-06-26 06:00:00,24.56
2026-06-26 07:00:00,20.83
2026-06-26 08:00:00,29.78
2026-06-26 09:00:00,34.7
2026-06-26 10:00:00,44.37
2026-06-26 11:00:00,44.47
2026-06-26 12:00:00,44.08
2026-06-26 13:00:00,43.77
2026-06-26 14:00:00,37.23
2026-06-26 15:00:00,35.29
2026-06-26 16:00:00,30.78
2026-06-26 17:00:00,62.82
2026-06-26 18:00:00,69.45
2026-06-26 19:00:00,62.22
2026-06-26 20:00:00,54.06
2026-06-26 21:00:00,30.58
2026-06-26 22:00:00,9.86
2026-06-26 23:00:00,10.0
2026-06-27 00:00:00,14.42
2026-06-27 01:00:00,21.66
2026-06-27 02:00:00,25.4
2026-06-27 03:00:00,24.17
2026-06-27 04:00:00,24.07
2026-06-27 05:00:00,29.21
2026-06-27 06:00:00,29.58
2026-06-27 07:00:00,32.54
2026-06-27 08:00:00,45.27
2026-06-27 09:00:00,45.74
2026-06-27 10:00:00,44.11
2026-06-27 11:00:00,51.1
2026-06-27 12:00:00,55.64
2026-06-27 13:00:00,72.77
2026-06-27 14:00:00,63.23
2026-06-27 15:00:00,62.36
2026-06-27 16:00:00,74.56
2026-06-27 17:00:00,75.8
2026-06-27 18:00:00,74.03
2026-06-27 19:00:00,52.93
2026-06-27 20:00:00,36.94
2026-06-27 21:00:00,42.23
2026-06-27 22:00:00,61.69
2026-06-27 23:00:00,57.19
2026-06-28 00:00:00,59.48
2026-06-28 01:00:00,78.31
2026-06-28 02:00:00,108.13
2026-06-28 03:00:00,90.26
2026-06-28 04:00:00,68.61
2026-06-28 05:00:00,56.71
2026-06-28 06:00:00,49.42
2026-06-28 07:00:00,39.07
2026-06-28 08:00:00,28.78
2026-06-28 09:00:00,38.34
2026-06-28 10:00:00,37.56
2026-06-28 11:00:00,37.15
2026-06-28 12:00:00,35.72
2026-06-28 13:00:00,29.7
2026-06-28 14:00:00,40.9
2026-06-28 15:00:00,49.1
2026-06-28 16:00:00,51.34
2026-06-28 17:00:00,54.37
2026-06-28 18:00:00,63.8
2026-06-28 19:00:00,34.78
2026-06-28 20:00:00,37.08
2026-06-28 21:00:00,46.63
2026-06-28 22:00:00,61.15
2026-06-28 23:00:00,72.63
2026-06-29 00:00:00,62.23
2026-06-29 01:00:00,54.29
2026-06-29 02:00:00,56.3
2026-06-29 03:00:00,48.83
2026-06-29 04:00:00,45.98
2026-06-29 05:00:00,42.98
2026-06-29 06:00:00,42.4
2026-06-29 07:00:00,41.84
2026-06-29 08:00:00,40.35
2026-06-29 09:00:00,49.79
2026-06-29 10:00:00,42.3
2026-06-29 11:00:00,41.7
2026-06-29 12:00:00,46.49
2026-06-29 13:00:00,67.19
2026-06-29 14:00:00,71.86
2026-06-29 15:00:00,61.54
2026-06-29 16:00:00,57.43
2026-06-29 17:00:00,61.62
2026-06-29 18:00:00,49.56
2026-06-29 19:00:00,32.28
2026-06-29 20:00:00,20.97
2026-06-29 21:00:00,29.76
2026-06-29 22:00:00,50.61
2026-06-29 23:00:00,36.53
2026-06-30 00:00:00,51.87
2026-06-30 01:00:00,54.82
2026-06-30 02:00:00,51.66
2026-06-30 03:00:00,42.19
2026-06-30 04:00:00,55.08
2026-06-30 05:00:00,37.46
2026-06-30 06:00:00,40.32
2026-06-30 07:00:00,41.65
2026-06-30 08:00:00,48.1
2026-06-30 09:00:00,51.04
2026-06-30 10:00:00,63.01
2026-06-30 11:00:00,68.23
2026-06-30 12:00:00,54.43
2026-06-30 13:00:00,60.31
2026-06-30 14:00:00,57.75
2026-06-30 15:00:00,69.15
2026-06-30 16:00:00,87.75
2026-06-30 17:00:00,83.7
2026-06-30 18:00:00,71.35
2026-06-30 19:00:00,61.1
2026-06-30 20:00:00,59.07
2026-06-30 21:00:00,52.67
2026-06-30 22:00:00,41.65
2026-06-30 23:00:00,32.38
