Datetime,PM2.5
2024-01-01 00:00:00,20.0
2024-01-01 01:00:00,20.0
2024-01-01 02:00:00,20.0
2024-01-01 03:00:00,20.0
2024-01-01 04:00:00,20.0
2024-01-01 05:00:00,20.0
2024-01-01 06:00:00,20.0
2024-01-01 07:00:00,20.0
2024-01-01 08:00:00,20.0
2024-01-01 09:00:00,27.42
2024-01-01 10:00:00,207.12
2024-01-01 11:00:00,176.4
2024-01-01 12:00:00,177.02
2024-01-01 13:00:00,179.9
2024-01-01 14:00:00,178.02
2024-01-01 15:00:00,205.75
2024-01-01 16:00:00,175.9
2024-01-01 17:00:00,136.43
2024-01-01 18:00:00,165.15
2024-01-01 19:00:00,213.98
2024-01-01 20:00:00,268.2
2024-01-01 21:00:00,261.73
2024-01-01 22:00:00,243.2
2024-01-01 23:00:00,251.87
2024-01-02 00:00:00,255.95
2024-01-02 01:00:00,236.38
2024-01-02 02:00:00,233.17
2024-01-02 03:00:00,256.17
2024-01-02 04:00:00,241.33
2024-01-02 05:00:00,223.45
2024-01-02 06:00:00,219.25
2024-01-02 07:00:00,150.62
2024-01-02 08:00:00,93.03
2024-01-02 09:00:00,90.17
2024-01-02 10:00:00,84.88
2024-01-02 11:00:00,92.6
2024-01-02 12:00:00,104.4
2024-01-02 13:00:00,116.93
2024-01-02 14:00:00,134.92
2024-01-02 15:00:00,128.53
2024-01-02 16:00:00,119.68
2024-01-02 17:00:00,116.43
2024-01-02 18:00:00,131.33
2024-01-02 19:00:00,158.85
2024-01-02 20:00:00,206.32
2024-01-02 21:00:00,258.37
2024-01-02 22:00:00,176.68
2024-01-02 23:00:00,172.8
2024-01-03 00:00:00,158.1
2024-01-03 01:00:00,150.56
2024-01-03 02:00:00,148.13
2024-01-03 03:00:00,122.95
2024-01-03 04:00:00,115.15
2024-01-03 05:00:00,130.1
2024-01-03 06:00:00,116.05
2024-01-03 07:00:00,100.6
2024-01-03 08:00:00,104.92
2024-01-03 09:00:00,123.97
2024-01-03 10:00:00,152.27
2024-01-03 11:00:00,188.45
2024-01-03 12:00:00,205.27
2024-01-03 13:00:00,193.62
2024-01-03 14:00:00,184.05
2024-01-03 15:00:00,170.47
2024-01-03 16:00:00,174.33
2024-01-03 17:00:00,191.3
2024-01-03 18:00:00,181.88
2024-01-03 19:00:00,200.5
2024-01-03 20:00:00,220.93
2024-01-03 21:00:00,262.45
2024-01-03 22:00:00,272.82
2024-01-03 23:00:00,283.92
2024-01-04 00:00:00,267.08
2024-01-04 01:00:00,207.32
2024-01-04 02:00:00,157.77
2024-01-04 03:00:00,182.28
2024-01-04 04:00:00,197.0
2024-01-04 05:00:00,191.38
2024-01-04 06:00:00,180.15
2024-01-04 07:00:00,188.63
2024-01-04 08:00:00,214.25
2024-01-04 09:00:00,213.62
2024-01-04 10:00:00,223.88
2024-01-04 11:00:00,257.83
2024-01-04 12:00:00,244.7
2024-01-04 13:00:00,260.05
2024-01-04 14:00:00,243.77
2024-01-04 15:00:00,262.4
2024-01-04 16:00:00,245.98
2024-01-04 17:00:00,231.72
2024-01-04 18:00:00,240.55
2024-01-04 19:00:00,200.65
2024-01-04 20:00:00,169.38
2024-01-04 21:00:00,183.05
2024-01-04 22:00:00,214.77
2024-01-04 23:00:00,227.88
2024-01-05 00:00:00,194.65
2024-01-05 01:00:00,190.05
2024-01-05 02:00:00,182.05
2024-01-05 03:00:00,137.02
2024-01-05 04:00:00,125.03
2024-01-05 05:00:00,116.2
2024-01-05 06:00:00,119.8
2024-01-05 07:00:00,118.87
2024-01-05 08:00:00,125.0
2024-01-05 09:00:00,141.52
2024-01-05 10:00:00,152.2
2024-01-05 11:00:00,191.62
2024-01-05 12:00:00,187.15
2024-01-05 13:00:00,187.5
2024-01-05 14:00:00,180.0
2024-01-05 15:00:00,159.43
2024-01-05 16:00:00,185.8
2024-01-05 17:00:00,158.58
2024-01-05 18:00:00,139.18
2024-01-05 19:00:00,116.37
2024-01-05 20:00:00,96.13
2024-01-05 21:00:00,125.75
2024-01-05 22:00:00,133.53
2024-01-05 23:00:00,139.8
2024-01-06 00:00:00,122.62
2024-01-06 01:00:00,115.43
2024-01-06 02:00:00,113.88
2024-01-06 03:00:00,113.45
2024-01-06 04:00:00,115.3
2024-01-06 05:00:00,120.22
2024-01-06 06:00:00,125.93
2024-01-06 07:00:00,142.72
2024-01-06 08:00:00,134.35
2024-01-06 09:00:00,145.8
2024-01-06 10:00:00,154.07
2024-01-06 11:00:00,164.05
2024-01-06 12:00:00,174.73
2024-01-06 13:00:00,180.22
2024-01-06 14:00:00,193.3
2024-01-06 15:00:00,200.58
2024-01-06 16:00:00,181.97
2024-01-06 17:00:00,195.42
2024-01-06 18:00:00,215.63
2024-01-06 19:00:00,216.43
2024-01-06 20:00:00,221.08
2024-01-06 21:00:00,258.48
2024-01-06 22:00:00,242.08
2024-01-06 23:00:00,230.22
2024-01-07 00:00:00,199.48
2024-01-07 01:00:00,181.75
2024-01-07 02:00:00,151.83
2024-01-07 03:00:00,117.67
2024-01-07 04:00:00,143.82
2024-01-07 05:00:00,156.07
2024-01-07 06:00:00,139.6
2024-01-07 07:00:00,138.45
2024-01-07 08:00:00,130.23
2024-01-07 09:00:00,128.92
2024-01-07 10:00:00,131.4
2024-01-07 11:00:00,177.32
2024-01-07 12:00:00,177.68
2024-01-07 13:00:00,192.48
2024-01-07 14:00:00,190.05
2024-01-07 15:00:00,183.55
2024-01-07 16:00:00,178.23
2024-01-07 17:00:00,180.37
2024-01-07 18:00:00,184.9
2024-01-07 19:00:00,185.33
2024-01-07 20:00:00,201.63
2024-01-07 21:00:00,197.13
2024-01-07 22:00:00,182.47
2024-01-07 23:00:00,196.1
2024-01-08 00:00:00,171.35
2024-01-08 01:00:00,143.32
2024-01-08 02:00:00,133.3
2024-01-08 03:00:00,129.23
2024-01-08 04:00:00,111.27
2024-01-08 05:00:00,152.38
2024-01-08 06:00:00,180.17
2024-01-08 07:00:00,204.97
2024-01-08 08:00:00,203.5
2024-01-08 09:00:00,241.6
2024-01-08 10:00:00,267.92
2024-01-08 11:00:00,272.05
2024-01-08 12:00:00,273.68
2024-01-08 13:00:00,281.87
2024-01-08 14:00:00,270.97
2024-01-08 15:00:00,263.93
2024-01-08 16:00:00,276.68
2024-01-08 17:00:00,239.42
2024-01-08 18:00:00,209.25
2024-01-08 19:00:00,224.2
2024-01-08 20:00:00,256.82
2024-01-08 21:00:00,186.55
2024-01-08 22:00:00,160.77
2024-01-08 23:00:00,162.78
2024-01-09 00:00:00,147.75
2024-01-09 01:00:00,132.0
2024-01-09 02:00:00,112.48
2024-01-09 03:00:00,114.68
2024-01-09 04:00:00,119.93
2024-01-09 05:00:00,126.28
2024-01-09 06:00:00,163.12
2024-01-09 07:00:00,170.28
2024-01-09 08:00:00,169.22
2024-01-09 09:00:00,186.75
2024-01-09 10:00:00,189.45
2024-01-09 11:00:00,160.52
2024-01-09 12:00:00,139.7
2024-01-09 13:00:00,119.02
2024-01-09 14:00:00,113.78
2024-01-09 15:00:00,107.8
2024-01-09 16:00:00,98.7
2024-01-09 17:00:00,97.3
2024-01-09 18:00:00,107.05
2024-01-09 19:00:00,121.53
2024-01-09 20:00:00,99.43
2024-01-09 21:00:00,103.63
2024-01-09 22:00:00,104.87
2024-01-09 23:00:00,122.3
2024-01-10 00:00:00,121.13
2024-01-10 01:00:00,110.97
2024-01-10 02:00:00,126.92
2024-01-10 03:00:00,123.13
2024-01-10 04:00:00,108.55
2024-01-10 05:00:00,101.92
2024-01-10 06:00:00,102.23
2024-01-10 07:00:00,98.2
2024-01-10 08:00:00,113.57
2024-01-10 09:00:00,108.4
2024-01-10 10:00:00,128.67
2024-01-10 11:00:00,162.35
2024-01-10 12:00:00,170.03
2024-01-10 13:00:00,166.4
2024-01-10 14:00:00,208.25
2024-01-10 15:00:00,163.48
2024-01-10 16:00:00,160.4
2024-01-10 17:00:00,183.98
2024-01-10 18:00:00,192.2
2024-01-10 19:00:00,208.88
2024-01-10 20:00:00,210.27
2024-01-10 21:00:00,210.85
2024-01-10 22:00:00,231.1
2024-01-10 23:00:00,229.83
2024-01-11 00:00:00,180.17
2024-01-11 01:00:00,177.27
2024-01-11 02:00:00,171.23
2024-01-11 03:00:00,156.62
2024-01-11 04:00:00,163.48
2024-01-11 05:00:00,140.88
2024-01-11 06:00:00,109.88
2024-01-11 07:00:00,113.47
2024-01-11 08:00:00,138.4
2024-01-11 09:00:00,198.08
2024-01-11 10:00:00,196.85
2024-01-11 11:00:00,201.92
2024-01-11 12:00:00,218.63
2024-01-11 13:00:00,225.12
2024-01-11 14:00:00,218.17
2024-01-11 15:00:00,193.52
2024-01-11 16:00:00,176.37
2024-01-11 17:00:00,157.63
2024-01-11 18:00:00,184.48
2024-01-11 19:00:00,192.02
2024-01-11 20:00:00,207.62
2024-01-11 21:00:00,214.93
2024-01-11 22:00:00,258.6
2024-01-11 23:00:00,255.03
2024-01-12 00:00:00,201.77
2024-01-12 01:00:00,141.72
2024-01-12 02:00:00,128.58
2024-01-12 03:00:00,132.68
2024-01-12 04:00:00,159.87
2024-01-12 05:00:00,170.5
2024-01-12 06:00:00,133.72
2024-01-12 07:00:00,126.05
2024-01-12 08:00:00,134.37
2024-01-12 09:00:00,140.6
2024-01-12 10:00:00,168.07
2024-01-12 11:00:00,227.77
2024-01-12 12:00:00,221.55
2024-01-12 13:00:00,187.68
2024-01-12 14:00:00,157.12
2024-01-12 15:00:00,151.67
2024-01-12 16:00:00,142.57
2024-01-12 17:00:00,161.5
2024-01-12 18:00:00,150.58
2024-01-12 19:00:00,175.4
2024-01-12 20:00:00,215.92
2024-01-12 21:00:00,259.17
2024-01-12 22:00:00,292.18
2024-01-12 23:00:00,319.88
2024-01-13 00:00:00,279.07
2024-01-13 01:00:00,275.27
2024-01-13 02:00:00,284.78
2024-01-13 03:00:00,243.38
2024-01-13 04:00:00,230.08
2024-01-13 05:00:00,200.07
2024-01-13 06:00:00,199.13
2024-01-13 07:00:00,184.55
2024-01-13 08:00:00,185.42
2024-01-13 09:00:00,216.2
2024-01-13 10:00:00,303.58
2024-01-13 11:00:00,409.02
2024-01-13 12:00:00,468.0
2024-01-13 13:00:00,491.13
2024-01-13 14:00:00,438.32
2024-01-13 15:00:00,404.08
2024-01-13 16:00:00,406.15
2024-01-13 17:00:00,355.65
2024-01-13 18:00:00,382.62
2024-01-13 19:00:00,361.3
2024-01-13 20:00:00,342.08
2024-01-13 21:00:00,367.5
2024-01-13 22:00:00,407.96
2024-01-13 23:00:00,548.46
2024-01-14 00:00:00,471.35
2024-01-14 01:00:00,524.4
2024-01-14 02:00:00,333.83
2024-01-14 03:00:00,248.05
2024-01-14 04:00:00,208.1
2024-01-14 05:00:00,165.38
2024-01-14 06:00:00,123.13
2024-01-14 07:00:00,139.02
2024-01-14 08:00:00,222.45
2024-01-14 09:00:00,273.87
2024-01-14 10:00:00,313.12
2024-01-14 11:00:00,340.93
2024-01-14 12:00:00,348.43
2024-01-14 13:00:00,350.57
2024-01-14 14:00:00,311.63
2024-01-14 15:00:00,250.23
2024-01-14 16:00:00,249.62
2024-01-14 17:00:00,194.6
2024-01-14 18:00:00,197.98
2024-01-14 19:00:00,205.18
2024-01-14 20:00:00,219.42
2024-01-14 21:00:00,312.58
2024-01-14 22:00:00,334.37
2024-01-14 23:00:00,319.17
2024-01-15 00:00:00,233.83
2024-01-15 01:00:00,200.72
2024-01-15 02:00:00,181.5
2024-01-15 03:00:00,169.67
2024-01-15 04:00:00,157.05
2024-01-15 05:00:00,161.02
2024-01-15 06:00:00,128.2
2024-01-15 07:00:00,100.75
2024-01-15 08:00:00,111.23
2024-01-15 09:00:00,149.07
2024-01-15 10:00:00,213.77
2024-01-15 11:00:00,232.53
2024-01-15 12:00:00,196.25
2024-01-15 13:00:00,178.35
2024-01-15 14:00:00,140.82
2024-01-15 15:00:00,119.0
2024-01-15 16:00:00,99.83
2024-01-15 17:00:00,97.65
2024-01-15 18:00:00,123.45
2024-01-15 19:00:00,171.28
2024-01-15 20:00:00,232.4
2024-01-15 21:00:00,250.37
2024-01-15 22:00:00,218.63
2024-01-15 23:00:00,235.48
2024-01-16 00:00:00,252.3
2024-01-16 01:00:00,244.63
2024-01-16 02:00:00,269.12
2024-01-16 03:00:00,281.87
2024-01-16 04:00:00,285.37
2024-01-16 05:00:00,306.97
2024-01-16 06:00:00,264.98
2024-01-16 07:00:00,213.47
2024-01-16 08:00:00,179.98
2024-01-16 09:00:00,199.42
2024-01-16 10:00:00,208.37
2024-01-16 11:00:00,265.33
2024-01-16 12:00:00,251.37
2024-01-16 13:00:00,236.63
2024-01-16 14:00:00,201.85
2024-01-16 15:00:00,232.27
2024-01-16 16:00:00,276.33
2024-01-16 17:00:00,259.83
2024-01-16 18:00:00,197.7
2024-01-16 19:00:00,222.67
2024-01-16 20:00:00,278.9
2024-01-16 21:00:00,291.45
2024-01-16 22:00:00,256.93
2024-01-16 23:00:00,282.7
2024-01-17 00:00:00,252.77
2024-01-17 01:00:00,208.43
2024-01-17 02:00:00,178.33
2024-01-17 03:00:00,192.67
2024-01-17 04:00:00,176.82
2024-01-17 05:00:00,161.68
2024-01-17 06:00:00,154.53
2024-01-17 07:00:00,146.15
2024-01-17 08:00:00,174.47
2024-01-17 09:00:00,169.83
2024-01-17 10:00:00,195.42
2024-01-17 11:00:00,416.88
2024-01-17 12:00:00,182.62
2024-01-17 13:00:00,184.77
2024-01-17 14:00:00,186.68
2024-01-17 15:00:00,158.72
2024-01-17 16:00:00,167.65
2024-01-17 17:00:00,204.2
2024-01-17 18:00:00,215.15
2024-01-17 19:00:00,216.7
2024-01-17 20:00:00,176.23
2024-01-17 21:00:00,186.1
2024-01-17 22:00:00,204.15
2024-01-17 23:00:00,208.55
2024-01-18 00:00:00,176.42
2024-01-18 01:00:00,128.13
2024-01-18 02:00:00,102.6
2024-01-18 03:00:00,81.4
2024-01-18 04:00:00,83.95
2024-01-18 05:00:00,93.42
2024-01-18 06:00:00,102.2
2024-01-18 07:00:00,119.68
2024-01-18 08:00:00,125.23
2024-01-18 09:00:00,159.02
2024-01-18 10:00:00,195.37
2024-01-18 11:00:00,224.72
2024-01-18 12:00:00,261.78
2024-01-18 13:00:00,267.58
2024-01-18 14:00:00,278.28
2024-01-18 15:00:00,311.57
2024-01-18 16:00:00,311.72
2024-01-18 17:00:00,294.07
2024-01-18 18:00:00,238.88
2024-01-18 19:00:00,213.57
2024-01-18 20:00:00,214.77
2024-01-18 21:00:00,233.37
2024-01-18 22:00:00,240.33
2024-01-18 23:00:00,223.25
2024-01-19 00:00:00,209.92
2024-01-19 01:00:00,230.0
2024-01-19 02:00:00,218.88
2024-01-19 03:00:00,237.5
2024-01-19 04:00:00,210.07
2024-01-19 05:00:00,198.7
2024-01-19 06:00:00,174.38
2024-01-19 07:00:00,158.65
2024-01-19 08:00:00,160.48
2024-01-19 09:00:00,149.52
2024-01-19 10:00:00,160.15
2024-01-19 11:00:00,198.47
2024-01-19 12:00:00,250.98
2024-01-19 13:00:00,278.45
2024-01-19 14:00:00,214.7
2024-01-19 15:00:00,179.88
2024-01-19 16:00:00,224.25
2024-01-19 17:00:00,188.17
2024-01-19 18:00:00,165.45
2024-01-19 19:00:00,158.18
2024-01-19 20:00:00,177.77
2024-01-19 21:00:00,184.78
2024-01-19 22:00:00,158.18
2024-01-19 23:00:00,155.57
2024-01-20 00:00:00,148.7
2024-01-20 01:00:00,136.97
2024-01-20 02:00:00,133.35
2024-01-20 03:00:00,109.22
2024-01-20 04:00:00,110.1
2024-01-20 05:00:00,111.18
2024-01-20 06:00:00,132.0
2024-01-20 07:00:00,124.13
2024-01-20 08:00:00,125.88
2024-01-20 09:00:00,133.13
2024-01-20 10:00:00,139.58
2024-01-20 11:00:00,158.28
2024-01-20 12:00:00,180.0
2024-01-20 13:00:00,234.45
2024-01-20 14:00:00,230.58
2024-01-20 15:00:00,219.57
2024-01-20 16:00:00,231.72
2024-01-20 17:00:00,239.43
2024-01-20 18:00:00,237.72
2024-01-20 19:00:00,242.97
2024-01-20 20:00:00,276.77
2024-01-20 21:00:00,294.23
2024-01-20 22:00:00,233.97
2024-01-20 23:00:00,269.97
2024-01-21 00:00:00,267.32
2024-01-21 01:00:00,242.6
2024-01-21 02:00:00,257.88
2024-01-21 03:00:00,242.68
2024-01-21 04:00:00,208.72
2024-01-21 05:00:00,157.98
2024-01-21 06:00:00,126.88
2024-01-21 07:00:00,127.85
2024-01-21 08:00:00,135.18
2024-01-21 09:00:00,124.55
2024-01-21 10:00:00,122.5
2024-01-21 11:00:00,133.48
2024-01-21 12:00:00,130.97
2024-01-21 13:00:00,181.77
2024-01-21 14:00:00,168.67
2024-01-21 15:00:00,132.75
2024-01-21 16:00:00,122.28
2024-01-21 17:00:00,127.78
2024-01-21 18:00:00,147.27
2024-01-21 19:00:00,182.42
2024-01-21 20:00:00,205.57
2024-01-21 21:00:00,172.58
2024-01-21 22:00:00,179.03
2024-01-21 23:00:00,171.23
2024-01-22 00:00:00,155.22
2024-01-22 01:00:00,127.77
2024-01-22 02:00:00,121.32
2024-01-22 03:00:00,121.58
2024-01-22 04:00:00,122.27
2024-01-22 05:00:00,126.38
2024-01-22 06:00:00,140.47
2024-01-22 07:00:00,136.62
2024-01-22 08:00:00,142.2
2024-01-22 09:00:00,196.58
2024-01-22 10:00:00,242.18
2024-01-22 11:00:00,275.42
2024-01-22 12:00:00,272.56
2024-01-22 13:00:00,251.53
2024-01-22 14:00:00,228.52
2024-01-22 15:00:00,235.7
2024-01-22 16:00:00,218.97
2024-01-22 17:00:00,200.05
2024-01-22 18:00:00,228.02
2024-01-22 19:00:00,235.67
2024-01-22 20:00:00,247.8
2024-01-22 21:00:00,282.9
2024-01-22 22:00:00,320.18
2024-01-22 23:00:00,366.07
2024-01-23 00:00:00,316.95
2024-01-23 01:00:00,184.42
2024-01-23 02:00:00,170.53
2024-01-23 03:00:00,179.05
2024-01-23 04:00:00,191.7
2024-01-23 05:00:00,169.27
2024-01-23 06:00:00,153.97
2024-01-23 07:00:00,168.03
2024-01-23 08:00:00,163.43
2024-01-23 09:00:00,150.95
2024-01-23 10:00:00,152.78
2024-01-23 11:00:00,160.62
2024-01-23 12:00:00,160.63
2024-01-23 13:00:00,251.35
2024-01-23 14:00:00,262.43
2024-01-23 15:00:00,260.35
2024-01-23 16:00:00,274.03
2024-01-23 17:00:00,281.22
2024-01-23 18:00:00,255.87
2024-01-23 19:00:00,262.02
2024-01-23 20:00:00,260.62
2024-01-23 21:00:00,265.37
2024-01-23 22:00:00,255.9
2024-01-23 23:00:00,281.32
2024-01-24 00:00:00,255.07
2024-01-24 01:00:00,227.27
2024-01-24 02:00:00,226.63
2024-01-24 03:00:00,224.93
2024-01-24 04:00:00,196.27
2024-01-24 05:00:00,188.85
2024-01-24 06:00:00,168.62
2024-01-24 07:00:00,182.45
2024-01-24 08:00:00,179.45
2024-01-24 09:00:00,200.1
2024-01-24 10:00:00,193.17
2024-01-24 11:00:00,207.97
2024-01-24 12:00:00,241.18
2024-01-24 13:00:00,284.37
2024-01-24 14:00:00,349.22
2024-01-24 15:00:00,339.53
2024-01-24 16:00:00,235.98
2024-01-24 17:00:00,207.07
2024-01-24 18:00:00,198.5
2024-01-24 19:00:00,192.13
2024-01-24 20:00:00,194.1
2024-01-24 21:00:00,132.25
2024-01-24 22:00:00,174.9
2024-01-24 23:00:00,186.47
2024-01-25 00:00:00,157.17
2024-01-25 01:00:00,152.27
2024-01-25 02:00:00,118.65
2024-01-25 03:00:00,127.48
2024-01-25 04:00:00,119.88
2024-01-25 05:00:00,82.2
2024-01-25 06:00:00,97.23
2024-01-25 07:00:00,102.85
2024-01-25 08:00:00,118.2
2024-01-25 09:00:00,139.45
2024-01-25 10:00:00,158.78
2024-01-25 11:00:00,159.0
2024-01-25 12:00:00,199.2
2024-01-25 13:00:00,262.77
2024-01-25 14:00:00,242.7
2024-01-25 15:00:00,249.57
2024-01-25 16:00:00,245.77
2024-01-25 17:00:00,210.73
2024-01-25 18:00:00,204.63
2024-01-25 19:00:00,223.45
2024-01-25 20:00:00,248.78
2024-01-25 21:00:00,226.4
2024-01-25 22:00:00,206.82
2024-01-25 23:00:00,208.27
2024-01-26 00:00:00,206.85
2024-01-26 01:00:00,228.05
2024-01-26 02:00:00,236.55
2024-01-26 03:00:00,290.82
2024-01-26 04:00:00,280.97
2024-01-26 05:00:00,271.05
2024-01-26 06:00:00,260.22
2024-01-26 07:00:00,183.8
2024-01-26 08:00:00,156.15
2024-01-26 09:00:00,166.68
2024-01-26 10:00:00,244.12
2024-01-26 11:00:00,327.32
2024-01-26 12:00:00,278.43
2024-01-26 13:00:00,311.32
2024-01-26 14:00:00,245.32
2024-01-26 15:00:00,148.93
2024-01-26 16:00:00,168.98
2024-01-26 17:00:00,193.6
2024-01-26 18:00:00,307.63
2024-01-26 19:00:00,283.13
2024-01-26 20:00:00,294.33
2024-01-26 21:00:00,404.92
2024-01-26 22:00:00,493.72
2024-01-26 23:00:00,520.0
2024-01-27 00:00:00,393.03
2024-01-27 01:00:00,327.13
2024-01-27 02:00:00,239.82
2024-01-27 03:00:00,200.83
2024-01-27 04:00:00,170.17
2024-01-27 05:00:00,175.88
2024-01-27 06:00:00,171.03
2024-01-27 07:00:00,165.5
2024-01-27 08:00:00,161.83
2024-01-27 09:00:00,191.47
2024-01-27 10:00:00,229.93
2024-01-27 11:00:00,166.38
2024-01-27 12:00:00,111.2
2024-01-27 13:00:00,100.52
2024-01-27 14:00:00,101.35
2024-01-27 15:00:00,75.68
2024-01-27 16:00:00,81.53
2024-01-27 17:00:00,91.05
2024-01-27 18:00:00,87.67
2024-01-27 19:00:00,106.7
2024-01-27 20:00:00,133.1
2024-01-27 21:00:00,138.8
2024-01-27 22:00:00,155.18
2024-01-27 23:00:00,189.17
2024-01-28 00:00:00,191.72
2024-01-28 01:00:00,197.43
2024-01-28 02:00:00,211.97
2024-01-28 03:00:00,217.77
2024-01-28 04:00:00,222.52
2024-01-28 05:00:00,224.75
2024-01-28 06:00:00,228.28
2024-01-28 07:00:00,261.17
2024-01-28 08:00:00,288.52
2024-01-28 09:00:00,463.52
2024-01-28 10:00:00,693.32
2024-01-28 11:00:00,424.37
2024-01-28 12:00:00,383.95
2024-01-28 13:00:00,328.17
2024-01-28 14:00:00,297.83
2024-01-28 15:00:00,260.48
2024-01-28 16:00:00,281.35
2024-01-28 17:00:00,247.3
2024-01-28 18:00:00,240.3
2024-01-28 19:00:00,252.17
2024-01-28 20:00:00,226.73
2024-01-28 21:00:00,212.12
2024-01-28 22:00:00,205.23
2024-01-28 23:00:00,228.23
2024-01-29 00:00:00,199.38
2024-01-29 01:00:00,173.3
2024-01-29 02:00:00,163.75
2024-01-29 03:00:00,179.42
2024-01-29 04:00:00,169.22
2024-01-29 05:00:00,145.28
2024-01-29 06:00:00,141.35
2024-01-29 07:00:00,151.0
2024-01-29 08:00:00,193.87
2024-01-29 09:00:00,209.38
2024-01-29 10:00:00,201.68
2024-01-29 11:00:00,185.97
2024-01-29 12:00:00,193.03
2024-01-29 13:00:00,200.62
2024-01-29 14:00:00,234.65
2024-01-29 15:00:00,235.98
2024-01-29 16:00:00,256.42
2024-01-29 17:00:00,309.53
2024-01-29 18:00:00,327.23
2024-01-29 19:00:00,322.42
2024-01-29 20:00:00,317.45
2024-01-29 21:00:00,257.17
2024-01-29 22:00:00,226.08
2024-01-29 23:00:00,267.15
2024-01-30 00:00:00,245.43
2024-01-30 01:00:00,209.3
2024-01-30 02:00:00,186.1
2024-01-30 03:00:00,194.32
2024-01-30 04:00:00,171.73
2024-01-30 05:00:00,144.13
2024-01-30 06:00:00,130.6
2024-01-30 07:00:00,124.42
2024-01-30 08:00:00,138.02
2024-01-30 09:00:00,183.0
2024-01-30 10:00:00,205.22
2024-01-30 11:00:00,248.18
2024-01-30 12:00:00,279.42
2024-01-30 13:00:00,266.4
2024-01-30 14:00:00,227.37
2024-01-30 15:00:00,190.08
2024-01-30 16:00:00,184.67
2024-01-30 17:00:00,240.58
2024-01-30 18:00:00,261.3
2024-01-30 19:00:00,247.22
2024-01-30 20:00:00,270.95
2024-01-30 21:00:00,282.23
2024-01-30 22:00:00,261.62
2024-01-30 23:00:00,191.56
2024-01-31 00:00:00,131.53
2024-01-31 01:00:00,114.7
2024-01-31 02:00:00,119.08
2024-01-31 03:00:00,136.13
2024-01-31 04:00:00,165.2
2024-01-31 05:00:00,180.47
2024-01-31 06:00:00,188.78
2024-01-31 07:00:00,180.68
2024-01-31 08:00:00,168.72
2024-01-31 09:00:00,211.05
2024-01-31 10:00:00,303.47
2024-01-31 11:00:00,381.2
2024-01-31 12:00:00,314.62
2024-01-31 13:00:00,267.9
2024-01-31 14:00:00,239.3
2024-01-31 15:00:00,209.32
2024-01-31 16:00:00,220.0
2024-01-31 17:00:00,220.98
2024-01-31 18:00:00,190.73
2024-01-31 19:00:00,194.37
2024-01-31 20:00:00,229.63
2024-01-31 21:00:00,217.42
2024-01-31 22:00:00,126.95
2024-01-31 23:00:00,93.4
2024-02-01 00:00:00,87.57
2024-02-01 01:00:00,61.72
2024-02-01 02:00:00,56.23
2024-02-01 03:00:00,49.35
2024-02-01 04:00:00,54.8
2024-02-01 05:00:00,45.07
2024-02-01 06:00:00,52.27
2024-02-01 07:00:00,60.9
2024-02-01 08:00:00,54.13
2024-02-01 09:00:00,43.43
2024-02-01 10:00:00,53.55
2024-02-01 11:00:00,46.83
2024-02-01 12:00:00,66.12
2024-02-01 13:00:00,80.88
2024-02-01 14:00:00,88.37
2024-02-01 15:00:00,85.72
2024-02-01 16:00:00,72.88
2024-02-01 17:00:00,87.3
2024-02-01 18:00:00,95.62
2024-02-01 19:00:00,107.97
2024-02-01 20:00:00,114.25
2024-02-01 21:00:00,119.93
2024-02-01 22:00:00,107.45
2024-02-01 23:00:00,117.4
2024-02-02 00:00:00,100.62
2024-02-02 01:00:00,87.5
2024-02-02 02:00:00,96.38
2024-02-02 03:00:00,101.5
2024-02-02 04:00:00,84.25
2024-02-02 05:00:00,60.17
2024-02-02 06:00:00,50.27
2024-02-02 07:00:00,46.43
2024-02-02 08:00:00,93.05
2024-02-02 09:00:00,106.43
2024-02-02 10:00:00,126.06
2024-02-02 11:00:00,141.84
2024-02-02 12:00:00,131.23
2024-02-02 13:00:00,161.05
2024-02-02 14:00:00,142.88
2024-02-02 15:00:00,99.32
2024-02-02 16:00:00,84.15
2024-02-02 17:00:00,86.95
2024-02-02 18:00:00,103.13
2024-02-02 19:00:00,107.43
2024-02-02 20:00:00,111.5
2024-02-02 21:00:00,129.48
2024-02-02 22:00:00,117.83
2024-02-02 23:00:00,97.05
2024-02-03 00:00:00,107.78
2024-02-03 01:00:00,89.1
2024-02-03 02:00:00,78.5
2024-02-03 03:00:00,66.93
2024-02-03 04:00:00,65.07
2024-02-03 05:00:00,70.97
2024-02-03 06:00:00,82.57
2024-02-03 07:00:00,88.68
2024-02-03 08:00:00,106.95
2024-02-03 09:00:00,109.66
2024-02-03 10:00:00,95.75
2024-02-03 11:00:00,109.32
2024-02-03 12:00:00,111.08
2024-02-03 13:00:00,91.92
2024-02-03 14:00:00,94.28
2024-02-03 15:00:00,74.48
2024-02-03 16:00:00,76.93
2024-02-03 17:00:00,111.72
2024-02-03 18:00:00,110.12
2024-02-03 19:00:00,116.03
2024-02-03 20:00:00,143.45
2024-02-03 21:00:00,180.22
2024-02-03 22:00:00,201.68
2024-02-03 23:00:00,227.03
2024-02-04 00:00:00,208.08
2024-02-04 01:00:00,197.2
2024-02-04 02:00:00,172.55
2024-02-04 03:00:00,161.13
2024-02-04 04:00:00,136.87
2024-02-04 05:00:00,98.08
2024-02-04 06:00:00,96.45
2024-02-04 07:00:00,99.37
2024-02-04 08:00:00,111.28
2024-02-04 09:00:00,105.3
2024-02-04 10:00:00,123.18
2024-02-04 11:00:00,108.15
2024-02-04 12:00:00,129.03
2024-02-04 13:00:00,105.28
2024-02-04 14:00:00,97.35
2024-02-04 15:00:00,113.68
2024-02-04 16:00:00,97.88
2024-02-04 17:00:00,109.73
2024-02-04 18:00:00,108.58
2024-02-04 19:00:00,98.48
2024-02-04 20:00:00,115.78
2024-02-04 21:00:00,117.98
2024-02-04 22:00:00,85.78
2024-02-04 23:00:00,90.25
2024-02-05 00:00:00,91.27
2024-02-05 01:00:00,94.48
2024-02-05 02:00:00,87.1
2024-02-05 03:00:00,74.43
2024-02-05 04:00:00,71.5
2024-02-05 05:00:00,67.07
2024-02-05 06:00:00,77.05
2024-02-05 07:00:00,89.22
2024-02-05 08:00:00,94.65
2024-02-05 09:00:00,96.77
2024-02-05 10:00:00,93.05
2024-02-05 11:00:00,91.32
2024-02-05 12:00:00,111.47
2024-02-05 13:00:00,86.48
2024-02-05 14:00:00,102.0
2024-02-05 15:00:00,114.17
2024-02-05 16:00:00,94.39
2024-02-05 17:00:00,85.18
2024-02-05 18:00:00,77.33
2024-02-05 19:00:00,74.82
2024-02-05 20:00:00,68.28
2024-02-05 21:00:00,53.03
2024-02-05 22:00:00,69.12
2024-02-05 23:00:00,65.18
2024-02-06 00:00:00,74.02
2024-02-06 01:00:00,91.98
2024-02-06 02:00:00,92.77
2024-02-06 03:00:00,72.73
2024-02-06 04:00:00,99.25
2024-02-06 05:00:00,83.03
2024-02-06 06:00:00,74.93
2024-02-06 07:00:00,75.53
2024-02-06 08:00:00,80.5
2024-02-06 09:00:00,72.7
2024-02-06 10:00:00,78.62
2024-02-06 11:00:00,85.85
2024-02-06 12:00:00,67.88
2024-02-06 13:00:00,68.8
2024-02-06 14:00:00,62.23
2024-02-06 15:00:00,57.4
2024-02-06 16:00:00,54.75
2024-02-06 17:00:00,43.62
2024-02-06 18:00:00,68.18
2024-02-06 19:00:00,79.13
2024-02-06 20:00:00,110.5
2024-02-06 21:00:00,131.05
2024-02-06 22:00:00,119.87
2024-02-06 23:00:00,115.88
2024-02-07 00:00:00,88.87
2024-02-07 01:00:00,86.45
2024-02-07 02:00:00,83.9
2024-02-07 03:00:00,90.15
2024-02-07 04:00:00,113.48
2024-02-07 05:00:00,95.0
2024-02-07 06:00:00,82.03
2024-02-07 07:00:00,73.08
2024-02-07 08:00:00,74.8
2024-02-07 09:00:00,59.82
2024-02-07 10:00:00,51.78
2024-02-07 11:00:00,62.05
2024-02-07 12:00:00,46.47
2024-02-07 13:00:00,54.9
2024-02-07 14:00:00,67.2
2024-02-07 15:00:00,67.53
2024-02-07 16:00:00,68.53
2024-02-07 17:00:00,81.28
2024-02-07 18:00:00,79.57
2024-02-07 19:00:00,83.73
2024-02-07 20:00:00,100.0
2024-02-07 21:00:00,101.85
2024-02-07 22:00:00,97.45
2024-02-07 23:00:00,89.18
2024-02-08 00:00:00,87.65
2024-02-08 01:00:00,98.68
2024-02-08 02:00:00,95.23
2024-02-08 03:00:00,82.63
2024-02-08 04:00:00,79.15
2024-02-08 05:00:00,78.4
2024-02-08 06:00:00,74.8
2024-02-08 07:00:00,76.12
2024-02-08 08:00:00,75.0
2024-02-08 09:00:00,66.72
2024-02-08 10:00:00,66.12
2024-02-08 11:00:00,59.75
2024-02-08 12:00:00,52.07
2024-02-08 13:00:00,60.28
2024-02-08 14:00:00,65.82
2024-02-08 15:00:00,60.87
2024-02-08 16:00:00,51.17
2024-02-08 17:00:00,44.02
2024-02-08 18:00:00,61.77
2024-02-08 19:00:00,79.95
2024-02-08 20:00:00,101.3
2024-02-08 21:00:00,93.42
2024-02-08 22:00:00,88.58
2024-02-08 23:00:00,86.35
2024-02-09 00:00:00,72.43
2024-02-09 01:00:00,65.98
2024-02-09 02:00:00,67.27
2024-02-09 03:00:00,74.53
2024-02-09 04:00:00,74.25
2024-02-09 05:00:00,77.62
2024-02-09 06:00:00,73.28
2024-02-09 07:00:00,71.97
2024-02-09 08:00:00,80.08
2024-02-09 09:00:00,96.47
2024-02-09 10:00:00,96.82
2024-02-09 11:00:00,79.5
2024-02-09 12:00:00,49.92
2024-02-09 13:00:00,68.47
2024-02-09 14:00:00,66.52
2024-02-09 15:00:00,53.02
2024-02-09 16:00:00,46.27
2024-02-09 17:00:00,46.08
2024-02-09 18:00:00,50.97
2024-02-09 19:00:00,69.92
2024-02-09 20:00:00,104.72
2024-02-09 21:00:00,145.25
2024-02-09 22:00:00,168.1
2024-02-09 23:00:00,209.15
2024-02-10 00:00:00,195.02
2024-02-10 01:00:00,179.87
2024-02-10 02:00:00,156.38
2024-02-10 03:00:00,126.27
2024-02-10 04:00:00,156.28
2024-02-10 05:00:00,148.23
2024-02-10 06:00:00,152.92
2024-02-10 07:00:00,162.02
2024-02-10 08:00:00,167.53
2024-02-10 09:00:00,229.98
2024-02-10 10:00:00,217.73
2024-02-10 11:00:00,182.7
2024-02-10 12:00:00,131.28
2024-02-10 13:00:00,118.7
2024-02-10 14:00:00,108.0
2024-02-10 15:00:00,129.32
2024-02-10 16:00:00,105.22
2024-02-10 17:00:00,110.65
2024-02-10 18:00:00,108.47
2024-02-10 19:00:00,127.8
2024-02-10 20:00:00,179.85
2024-02-10 21:00:00,188.13
2024-02-10 22:00:00,212.07
2024-02-10 23:00:00,222.67
2024-02-11 00:00:00,203.78
2024-02-11 01:00:00,179.65
2024-02-11 02:00:00,169.68
2024-02-11 03:00:00,145.72
2024-02-11 04:00:00,180.07
2024-02-11 05:00:00,180.93
2024-02-11 06:00:00,167.05
2024-02-11 07:00:00,168.3
2024-02-11 08:00:00,189.48
2024-02-11 09:00:00,200.85
2024-02-11 10:00:00,167.18
2024-02-11 11:00:00,127.42
2024-02-11 12:00:00,114.32
2024-02-11 13:00:00,107.17
2024-02-11 14:00:00,122.33
2024-02-11 15:00:00,131.05
2024-02-11 16:00:00,115.27
2024-02-11 17:00:00,121.18
2024-02-11 18:00:00,104.22
2024-02-11 19:00:00,99.88
2024-02-11 20:00:00,121.42
2024-02-11 21:00:00,124.58
2024-02-11 22:00:00,140.2
2024-02-11 23:00:00,170.92
2024-02-12 00:00:00,180.12
2024-02-12 01:00:00,162.77
2024-02-12 02:00:00,158.62
2024-02-12 03:00:00,139.32
2024-02-12 04:00:00,122.45
2024-02-12 05:00:00,146.33
2024-02-12 06:00:00,152.4
2024-02-12 07:00:00,131.67
2024-02-12 08:00:00,142.87
2024-02-12 09:00:00,159.23
2024-02-12 10:00:00,157.88
2024-02-12 11:00:00,156.6
2024-02-12 12:00:00,142.32
2024-02-12 13:00:00,118.75
2024-02-12 14:00:00,96.78
2024-02-12 15:00:00,121.15
2024-02-12 16:00:00,121.17
2024-02-12 17:00:00,147.17
2024-02-12 18:00:00,166.68
2024-02-12 19:00:00,170.62
2024-02-12 20:00:00,135.58
2024-02-12 21:00:00,142.75
2024-02-12 22:00:00,136.8
2024-02-12 23:00:00,163.55
2024-02-13 00:00:00,172.13
2024-02-13 01:00:00,188.93
2024-02-13 02:00:00,186.57
2024-02-13 03:00:00,206.28
2024-02-13 04:00:00,221.42
2024-02-13 05:00:00,197.37
2024-02-13 06:00:00,193.63
2024-02-13 07:00:00,214.95
2024-02-13 08:00:00,242.2
2024-02-13 09:00:00,238.47
2024-02-13 10:00:00,229.9
2024-02-13 11:00:00,246.27
2024-02-13 12:00:00,280.97
2024-02-13 13:00:00,268.52
2024-02-13 14:00:00,156.6
2024-02-13 15:00:00,124.13
2024-02-13 16:00:00,142.52
2024-02-13 17:00:00,171.45
2024-02-13 18:00:00,191.7
2024-02-13 19:00:00,183.48
2024-02-13 20:00:00,200.43
2024-02-13 21:00:00,219.2
2024-02-13 22:00:00,237.6
2024-02-13 23:00:00,261.97
2024-02-14 00:00:00,247.83
2024-02-14 01:00:00,233.87
2024-02-14 02:00:00,254.8
2024-02-14 03:00:00,242.55
2024-02-14 04:00:00,208.4
2024-02-14 05:00:00,189.22
2024-02-14 06:00:00,188.3
2024-02-14 07:00:00,203.25
2024-02-14 08:00:00,202.25
2024-02-14 09:00:00,207.73
2024-02-14 10:00:00,190.35
2024-02-14 11:00:00,188.22
2024-02-14 12:00:00,163.1
2024-02-14 13:00:00,135.95
2024-02-14 14:00:00,117.95
2024-02-14 15:00:00,88.42
2024-02-14 16:00:00,94.87
2024-02-14 17:00:00,100.33
2024-02-14 18:00:00,130.48
2024-02-14 19:00:00,153.15
2024-02-14 20:00:00,163.62
2024-02-14 21:00:00,170.97
2024-02-14 22:00:00,159.65
2024-02-14 23:00:00,165.35
2024-02-15 00:00:00,147.1
2024-02-15 01:00:00,135.07
2024-02-15 02:00:00,123.73
2024-02-15 03:00:00,116.95
2024-02-15 04:00:00,126.82
2024-02-15 05:00:00,133.03
2024-02-15 06:00:00,159.32
2024-02-15 07:00:00,158.35
2024-02-15 08:00:00,140.9
2024-02-15 09:00:00,147.7
2024-02-15 10:00:00,143.9
2024-02-15 11:00:00,123.85
2024-02-15 12:00:00,117.45
2024-02-15 13:00:00,122.15
2024-02-15 14:00:00,104.83
2024-02-15 15:00:00,94.65
2024-02-15 16:00:00,80.28
2024-02-15 17:00:00,83.33
2024-02-15 18:00:00,102.03
2024-02-15 19:00:00,118.12
2024-02-15 20:00:00,134.02
2024-02-15 21:00:00,167.32
2024-02-15 22:00:00,178.45
2024-02-15 23:00:00,165.33
2024-02-16 00:00:00,141.55
2024-02-16 01:00:00,121.07
2024-02-16 02:00:00,109.57
2024-02-16 03:00:00,115.1
2024-02-16 04:00:00,119.5
2024-02-16 05:00:00,112.57
2024-02-16 06:00:00,144.58
2024-02-16 07:00:00,172.07
2024-02-16 08:00:00,162.43
2024-02-16 09:00:00,124.32
2024-02-16 10:00:00,134.92
2024-02-16 11:00:00,134.42
2024-02-16 12:00:00,98.82
2024-02-16 13:00:00,100.55
2024-02-16 14:00:00,90.37
2024-02-16 15:00:00,67.53
2024-02-16 16:00:00,37.0
2024-02-16 17:00:00,34.18
2024-02-16 18:00:00,48.83
2024-02-16 19:00:00,73.25
2024-02-16 20:00:00,113.32
2024-02-16 21:00:00,158.62
2024-02-16 22:00:00,169.05
2024-02-16 23:00:00,182.68
2024-02-17 00:00:00,160.92
2024-02-17 01:00:00,126.05
2024-02-17 02:00:00,122.75
2024-02-17 03:00:00,112.77
2024-02-17 04:00:00,123.1
2024-02-17 05:00:00,134.2
2024-02-17 06:00:00,161.77
2024-02-17 07:00:00,162.07
2024-02-17 08:00:00,128.7
2024-02-17 09:00:00,121.48
2024-02-17 10:00:00,133.53
2024-02-17 11:00:00,118.25
2024-02-17 12:00:00,84.1
2024-02-17 13:00:00,72.02
2024-02-17 14:00:00,68.8
2024-02-17 15:00:00,69.95
2024-02-17 16:00:00,37.25
2024-02-17 17:00:00,46.52
2024-02-17 18:00:00,67.8
2024-02-17 19:00:00,85.58
2024-02-17 20:00:00,117.4
2024-02-17 21:00:00,144.52
2024-02-17 22:00:00,140.58
2024-02-17 23:00:00,145.3
2024-02-18 00:00:00,168.97
2024-02-18 01:00:00,197.93
2024-02-18 02:00:00,231.58
2024-02-18 03:00:00,222.38
2024-02-18 04:00:00,247.58
2024-02-18 05:00:00,192.33
2024-02-18 06:00:00,157.03
2024-02-18 07:00:00,152.28
2024-02-18 08:00:00,178.18
2024-02-18 09:00:00,157.0
2024-02-18 10:00:00,134.42
2024-02-18 11:00:00,92.25
2024-02-18 12:00:00,65.3
2024-02-18 13:00:00,96.52
2024-02-18 14:00:00,122.0
2024-02-18 15:00:00,117.02
2024-02-18 16:00:00,102.78
2024-02-18 17:00:00,101.22
2024-02-18 18:00:00,78.8
2024-02-18 19:00:00,91.8
2024-02-18 20:00:00,114.23
2024-02-18 21:00:00,118.32
2024-02-18 22:00:00,179.13
2024-02-18 23:00:00,190.53
2024-02-19 00:00:00,160.62
2024-02-19 01:00:00,138.4
2024-02-19 02:00:00,93.68
2024-02-19 03:00:00,89.25
2024-02-19 04:00:00,92.48
2024-02-19 05:00:00,75.77
2024-02-19 06:00:00,84.62
2024-02-19 07:00:00,95.38
2024-02-19 08:00:00,124.77
2024-02-19 09:00:00,115.82
2024-02-19 10:00:00,104.0
2024-02-19 11:00:00,84.02
2024-02-19 12:00:00,72.02
2024-02-19 13:00:00,82.25
2024-02-19 14:00:00,82.27
2024-02-19 15:00:00,90.35
2024-02-19 16:00:00,98.27
2024-02-19 17:00:00,91.13
2024-02-19 18:00:00,97.57
2024-02-19 19:00:00,82.88
2024-02-19 20:00:00,94.37
2024-02-19 21:00:00,87.03
2024-02-19 22:00:00,97.1
2024-02-19 23:00:00,118.73
2024-02-20 00:00:00,145.92
2024-02-20 01:00:00,133.02
2024-02-20 02:00:00,125.78
2024-02-20 03:00:00,90.62
2024-02-20 04:00:00,82.58
2024-02-20 05:00:00,90.37
2024-02-20 06:00:00,101.98
2024-02-20 07:00:00,101.7
2024-02-20 08:00:00,124.2
2024-02-20 09:00:00,132.05
2024-02-20 10:00:00,150.38
2024-02-20 11:00:00,143.32
2024-02-20 12:00:00,107.63
2024-02-20 13:00:00,97.88
2024-02-20 14:00:00,107.0
2024-02-20 15:00:00,113.78
2024-02-20 16:00:00,129.15
2024-02-20 17:00:00,147.02
2024-02-20 18:00:00,165.63
2024-02-20 19:00:00,172.43
2024-02-20 20:00:00,163.75
2024-02-20 21:00:00,159.57
2024-02-20 22:00:00,164.18
2024-02-20 23:00:00,202.17
2024-02-21 00:00:00,198.42
2024-02-21 01:00:00,156.72
2024-02-21 02:00:00,101.47
2024-02-21 03:00:00,121.13
2024-02-21 04:00:00,120.6
2024-02-21 05:00:00,126.25
2024-02-21 06:00:00,129.83
2024-02-21 07:00:00,95.38
2024-02-21 08:00:00,1.33
2024-02-21 09:00:00,42.45
2024-02-21 10:00:00,64.03
2024-02-21 11:00:00,103.58
2024-02-21 12:00:00,94.7
2024-02-21 13:00:00,93.02
2024-02-21 14:00:00,94.88
2024-02-21 15:00:00,99.68
2024-02-21 16:00:00,52.08
2024-02-21 17:00:00,33.8
2024-02-21 18:00:00,41.31
2024-02-21 19:00:00,52.25
2024-02-21 20:00:00,78.71
2024-02-21 21:00:00,95.78
2024-02-21 22:00:00,93.68
2024-02-21 23:00:00,79.07
2024-02-22 00:00:00,70.05
2024-02-22 01:00:00,53.67
2024-02-22 02:00:00,46.88
2024-02-22 03:00:00,50.95
2024-02-22 04:00:00,59.6
2024-02-22 05:00:00,79.57
2024-02-22 06:00:00,108.72
2024-02-22 07:00:00,95.4
2024-02-22 08:00:00,115.93
2024-02-22 09:00:00,126.6
2024-02-22 10:00:00,91.88
2024-02-22 11:00:00,79.93
2024-02-22 12:00:00,63.47
2024-02-22 13:00:00,54.25
2024-02-22 14:00:00,68.13
2024-02-22 15:00:00,69.48
2024-02-22 16:00:00,61.15
2024-02-22 17:00:00,50.35
2024-02-22 18:00:00,26.98
2024-02-22 19:00:00,54.42
2024-02-22 20:00:00,62.47
2024-02-22 21:00:00,80.87
2024-02-22 22:00:00,86.07
2024-02-22 23:00:00,90.08
2024-02-23 00:00:00,86.17
2024-02-23 01:00:00,76.53
2024-02-23 02:00:00,70.67
2024-02-23 03:00:00,83.98
2024-02-23 04:00:00,95.42
2024-02-23 05:00:00,96.62
2024-02-23 06:00:00,93.22
2024-02-23 07:00:00,104.82
2024-02-23 08:00:00,77.98
2024-02-23 09:00:00,77.43
2024-02-23 10:00:00,85.91
2024-02-23 11:00:00,66.56
2024-02-23 12:00:00,48.92
2024-02-23 13:00:00,50.0
2024-02-23 14:00:00,65.12
2024-02-23 15:00:00,60.15
2024-02-23 16:00:00,50.38
2024-02-23 17:00:00,58.9
2024-02-23 18:00:00,60.98
2024-02-23 19:00:00,70.02
2024-02-23 20:00:00,78.72
2024-02-23 21:00:00,100.03
2024-02-23 22:00:00,92.28
2024-02-23 23:00:00,99.23
2024-02-24 00:00:00,95.73
2024-02-24 01:00:00,104.52
2024-02-24 02:00:00,93.28
2024-02-24 03:00:00,73.65
2024-02-24 04:00:00,88.97
2024-02-24 05:00:00,82.17
2024-02-24 06:00:00,94.85
2024-02-24 07:00:00,77.08
2024-02-24 08:00:00,101.28
2024-02-24 09:00:00,85.55
2024-02-24 10:00:00,116.48
2024-02-24 11:00:00,142.62
2024-02-24 12:00:00,112.82
2024-02-24 13:00:00,77.02
2024-02-24 14:00:00,63.17
2024-02-24 15:00:00,53.18
2024-02-24 16:00:00,52.78
2024-02-24 17:00:00,52.9
2024-02-24 18:00:00,60.55
2024-02-24 19:00:00,64.17
2024-02-24 20:00:00,77.73
2024-02-24 21:00:00,81.95
2024-02-24 22:00:00,94.55
2024-02-24 23:00:00,115.17
2024-02-25 00:00:00,96.4
2024-02-25 01:00:00,91.82
2024-02-25 02:00:00,97.95
2024-02-25 03:00:00,85.0
2024-02-25 04:00:00,100.53
2024-02-25 05:00:00,104.48
2024-02-25 06:00:00,98.72
2024-02-25 07:00:00,108.53
2024-02-25 08:00:00,113.87
2024-02-25 09:00:00,128.15
2024-02-25 10:00:00,101.13
2024-02-25 11:00:00,92.02
2024-02-25 12:00:00,64.2
2024-02-25 13:00:00,59.0
2024-02-25 14:00:00,55.52
2024-02-25 15:00:00,57.23
2024-02-25 16:00:00,59.55
2024-02-25 17:00:00,66.43
2024-02-25 18:00:00,78.38
2024-02-25 19:00:00,76.93
2024-02-25 20:00:00,86.35
2024-02-25 21:00:00,109.17
2024-02-25 22:00:00,118.18
2024-02-25 23:00:00,124.18
2024-02-26 00:00:00,88.77
2024-02-26 01:00:00,91.03
2024-02-26 02:00:00,76.68
2024-02-26 03:00:00,73.33
2024-02-26 04:00:00,70.33
2024-02-26 05:00:00,67.6
2024-02-26 06:00:00,60.83
2024-02-26 07:00:00,66.32
2024-02-26 08:00:00,71.12
2024-02-26 09:00:00,55.82
2024-02-26 10:00:00,57.1
2024-02-26 12:00:00,37.86
2024-02-26 13:00:00,54.87
2024-02-26 14:00:00,69.3
2024-02-26 15:00:00,85.4
2024-02-26 16:00:00,76.48
2024-02-26 17:00:00,79.44
2024-02-26 18:00:00,88.15
2024-02-26 19:00:00,88.38
2024-02-26 20:00:00,104.23
2024-02-26 21:00:00,116.97
2024-02-26 22:00:00,120.33
2024-02-26 23:00:00,130.4
2024-02-27 00:00:00,113.63
2024-02-27 01:00:00,116.05
2024-02-27 02:00:00,118.0
2024-02-27 03:00:00,116.03
2024-02-27 04:00:00,86.75
2024-02-27 05:00:00,78.7
2024-02-27 06:00:00,59.52
2024-02-27 07:00:00,38.72
2024-02-27 08:00:00,35.23
2024-02-27 09:00:00,47.53
2024-02-27 10:00:00,40.53
2024-02-27 11:00:00,35.81
2024-02-27 12:00:00,12.79
2024-02-27 13:00:00,9.73
2024-02-27 14:00:00,13.45
2024-02-27 15:00:00,28.83
2024-02-27 16:00:00,41.9
2024-02-27 17:00:00,55.38
2024-02-27 18:00:00,83.17
2024-02-27 19:00:00,95.38
2024-02-27 20:00:00,76.05
2024-02-27 21:00:00,63.7
2024-02-27 22:00:00,80.03
2024-02-27 23:00:00,76.77
2024-02-28 00:00:00,90.27
2024-02-28 01:00:00,95.2
2024-02-28 02:00:00,92.73
2024-02-28 03:00:00,88.73
2024-02-28 04:00:00,74.43
2024-02-28 05:00:00,68.62
2024-02-28 06:00:00,58.35
2024-02-28 07:00:00,57.73
2024-02-28 08:00:00,54.27
2024-02-28 09:00:00,63.87
2024-02-28 10:00:00,83.45
2024-02-28 11:00:00,76.22
2024-02-28 12:00:00,54.08
2024-02-28 13:00:00,49.12
2024-02-28 14:00:00,41.93
2024-02-28 15:00:00,43.17
2024-02-28 16:00:00,38.52
2024-02-28 17:00:00,58.2
2024-02-28 18:00:00,74.73
2024-02-28 19:00:00,85.18
2024-02-28 20:00:00,99.35
2024-02-28 21:00:00,79.12
2024-02-28 22:00:00,77.95
2024-02-28 23:00:00,102.65
2024-02-29 00:00:00,75.38
2024-02-29 01:00:00,75.08
2024-02-29 02:00:00,82.62
2024-02-29 03:00:00,84.02
2024-02-29 04:00:00,73.07
2024-02-29 05:00:00,83.7
2024-02-29 06:00:00,63.6
2024-02-29 07:00:00,52.68
2024-02-29 08:00:00,57.47
2024-02-29 09:00:00,71.92
2024-02-29 10:00:00,83.72
2024-02-29 11:00:00,81.15
2024-02-29 12:00:00,37.2
2024-02-29 13:00:00,42.53
2024-02-29 14:00:00,61.47
2024-02-29 15:00:00,53.33
2024-02-29 16:00:00,39.8
2024-02-29 17:00:00,44.9
2024-02-29 18:00:00,59.58
2024-02-29 19:00:00,69.25
2024-02-29 20:00:00,76.72
2024-02-29 21:00:00,90.22
2024-02-29 22:00:00,90.52
2024-02-29 23:00:00,110.7
2024-03-01 00:00:00,111.33
2024-03-01 01:00:00,111.92
2024-03-01 02:00:00,126.2
2024-03-01 03:00:00,105.12
2024-03-01 04:00:00,101.9
2024-03-01 05:00:00,92.88
2024-03-01 06:00:00,93.85
2024-03-01 07:00:00,115.95
2024-03-01 08:00:00,150.33
2024-03-01 09:00:00,130.0
2024-03-01 10:00:00,120.7
2024-03-01 11:00:00,84.67
2024-03-01 12:00:00,79.12
2024-03-01 13:00:00,75.42
2024-03-01 14:00:00,99.83
2024-03-01 15:00:00,109.1
2024-03-01 16:00:00,115.48
2024-03-01 17:00:00,66.3
2024-03-01 18:00:00,43.92
2024-03-01 19:00:00,56.2
2024-03-01 20:00:00,76.83
2024-03-01 21:00:00,105.13
2024-03-01 22:00:00,115.77
2024-03-01 23:00:00,105.5
2024-03-02 00:00:00,83.22
2024-03-02 01:00:00,51.9
2024-03-02 02:00:00,25.73
2024-03-02 03:00:00,29.83
2024-03-02 04:00:00,31.4
2024-03-02 05:00:00,35.92
2024-03-02 06:00:00,69.3
2024-03-02 07:00:00,53.87
2024-03-02 08:00:00,55.23
2024-03-02 09:00:00,39.7
2024-03-02 10:00:00,9.83
2024-03-02 11:00:00,30.13
2024-03-02 12:00:00,31.82
2024-03-02 13:00:00,34.42
2024-03-02 14:00:00,55.18
2024-03-02 15:00:00,61.98
2024-03-02 16:00:00,53.18
2024-03-02 17:00:00,52.65
2024-03-02 18:00:00,33.73
2024-03-02 19:00:00,20.27
2024-03-02 20:00:00,21.02
2024-03-02 21:00:00,32.25
2024-03-02 22:00:00,42.5
2024-03-02 23:00:00,66.97
2024-03-03 00:00:00,68.68
2024-03-03 01:00:00,58.83
2024-03-03 02:00:00,58.47
2024-03-03 03:00:00,41.48
2024-03-03 04:00:00,37.02
2024-03-03 05:00:00,45.8
2024-03-03 06:00:00,57.28
2024-03-03 07:00:00,56.48
2024-03-03 08:00:00,64.38
2024-03-03 09:00:00,80.57
2024-03-03 10:00:00,64.23
2024-03-03 11:00:00,53.75
2024-03-03 12:00:00,42.2
2024-03-03 13:00:00,47.63
2024-03-03 14:00:00,69.52
2024-03-03 15:00:00,72.42
2024-03-03 16:00:00,82.42
2024-03-03 17:00:00,81.02
2024-03-03 18:00:00,70.75
2024-03-03 19:00:00,60.07
2024-03-03 20:00:00,44.1
2024-03-03 21:00:00,41.83
2024-03-03 22:00:00,46.83
2024-03-03 23:00:00,57.75
2024-03-04 00:00:00,79.3
2024-03-04 01:00:00,81.87
2024-03-04 02:00:00,75.3
2024-03-04 03:00:00,62.08
2024-03-04 04:00:00,40.77
2024-03-04 05:00:00,45.18
2024-03-04 06:00:00,54.58
2024-03-04 07:00:00,53.57
2024-03-04 08:00:00,52.95
2024-03-04 09:00:00,58.49
2024-03-04 10:00:00,44.23
2024-03-04 11:00:00,61.45
2024-03-04 12:00:00,38.57
2024-03-04 13:00:00,47.87
2024-03-04 14:00:00,39.43
2024-03-04 15:00:00,38.23
2024-03-04 16:00:00,30.0
2024-03-04 17:00:00,53.27
2024-03-04 18:00:00,41.5
2024-03-04 19:00:00,33.36
2024-03-04 20:00:00,49.12
2024-03-04 21:00:00,63.48
2024-03-04 22:00:00,74.22
2024-03-04 23:00:00,77.22
2024-03-05 00:00:00,74.9
2024-03-05 01:00:00,62.17
2024-03-05 02:00:00,76.03
2024-03-05 03:00:00,74.33
2024-03-05 04:00:00,51.53
2024-03-05 05:00:00,54.38
2024-03-05 06:00:00,77.97
2024-03-05 07:00:00,71.95
2024-03-05 08:00:00,62.33
2024-03-05 09:00:00,64.83
2024-03-05 10:00:00,54.58
2024-03-05 11:00:00,51.44
2024-03-05 12:00:00,45.65
2024-03-05 13:00:00,61.1
2024-03-05 14:00:00,67.7
2024-03-05 15:00:00,57.48
2024-03-05 16:00:00,44.23
2024-03-05 17:00:00,43.58
2024-03-05 18:00:00,31.63
2024-03-05 19:00:00,47.32
2024-03-05 20:00:00,63.68
2024-03-05 21:00:00,62.28
2024-03-05 22:00:00,58.83
2024-03-05 23:00:00,55.9
2024-03-06 00:00:00,65.98
2024-03-06 01:00:00,57.6
2024-03-06 02:00:00,61.18
2024-03-06 03:00:00,60.9
2024-03-06 04:00:00,62.67
2024-03-06 05:00:00,67.42
2024-03-06 06:00:00,81.95
2024-03-06 07:00:00,57.2
2024-03-06 08:00:00,69.43
2024-03-06 09:00:00,72.55
2024-03-06 10:00:00,81.33
2024-03-06 11:00:00,79.1
2024-03-06 12:00:00,53.2
2024-03-06 13:00:00,52.08
2024-03-06 14:00:00,54.93
2024-03-06 15:00:00,60.37
2024-03-06 16:00:00,45.03
2024-03-06 17:00:00,58.42
2024-03-06 18:00:00,60.18
2024-03-06 19:00:00,66.38
2024-03-06 20:00:00,78.82
2024-03-06 21:00:00,91.58
2024-03-06 22:00:00,94.97
2024-03-06 23:00:00,108.82
2024-03-07 00:00:00,100.25
2024-03-07 01:00:00,95.73
2024-03-07 02:00:00,98.97
2024-03-07 03:00:00,114.52
2024-03-07 04:00:00,135.37
2024-03-07 05:00:00,133.48
2024-03-07 06:00:00,110.55
2024-03-07 07:00:00,134.93
2024-03-07 08:00:00,111.38
2024-03-07 09:00:00,85.8
2024-03-07 10:00:00,81.23
2024-03-07 11:00:00,92.27
2024-03-07 12:00:00,68.58
2024-03-07 13:00:00,80.88
2024-03-07 14:00:00,49.17
2024-03-07 15:00:00,37.4
2024-03-07 16:00:00,52.67
2024-03-07 17:00:00,46.32
2024-03-07 18:00:00,57.0
2024-03-07 19:00:00,69.12
2024-03-07 20:00:00,79.73
2024-03-07 21:00:00,75.08
2024-03-07 22:00:00,86.33
2024-03-07 23:00:00,85.93
2024-03-08 00:00:00,74.18
2024-03-08 01:00:00,62.03
2024-03-08 02:00:00,72.45
2024-03-08 03:00:00,79.88
2024-03-08 04:00:00,81.03
2024-03-08 05:00:00,88.63
2024-03-08 06:00:00,97.07
2024-03-08 07:00:00,111.72
2024-03-08 08:00:00,88.0
2024-03-08 09:00:00,68.28
2024-03-08 10:00:00,69.53
2024-03-08 11:00:00,69.33
2024-03-08 12:00:00,56.47
2024-03-08 13:00:00,53.5
2024-03-08 14:00:00,57.28
2024-03-08 15:00:00,60.75
2024-03-08 16:00:00,62.98
2024-03-08 17:00:00,63.75
2024-03-08 18:00:00,58.12
2024-03-08 19:00:00,60.15
2024-03-08 20:00:00,76.67
2024-03-08 21:00:00,77.88
2024-03-08 22:00:00,78.7
2024-03-08 23:00:00,83.13
2024-03-09 00:00:00,76.82
2024-03-09 01:00:00,75.72
2024-03-09 02:00:00,66.62
2024-03-09 03:00:00,86.55
2024-03-09 04:00:00,91.53
2024-03-09 05:00:00,76.88
2024-03-09 06:00:00,89.77
2024-03-09 07:00:00,95.15
2024-03-09 08:00:00,84.32
2024-03-09 09:00:00,67.8
2024-03-09 10:00:00,58.53
2024-03-09 11:00:00,40.0
2024-03-09 12:00:00,28.05
2024-03-09 13:00:00,34.28
2024-03-09 14:00:00,42.67
2024-03-09 15:00:00,52.65
2024-03-09 16:00:00,49.27
2024-03-09 17:00:00,54.4
2024-03-09 18:00:00,57.7
2024-03-09 19:00:00,54.5
2024-03-09 20:00:00,60.65
2024-03-09 21:00:00,83.27
2024-03-09 22:00:00,93.88
2024-03-09 23:00:00,93.18
2024-03-10 00:00:00,95.63
2024-03-10 01:00:00,100.75
2024-03-10 02:00:00,107.18
2024-03-10 03:00:00,109.05
2024-03-10 04:00:00,77.52
2024-03-10 05:00:00,95.93
2024-03-10 06:00:00,101.13
2024-03-10 07:00:00,126.18
2024-03-10 08:00:00,150.6
2024-03-10 09:00:00,120.92
2024-03-10 10:00:00,98.25
2024-03-10 11:00:00,67.88
2024-03-10 12:00:00,47.88
2024-03-10 13:00:00,36.12
2024-03-10 14:00:00,38.53
2024-03-10 15:00:00,47.53
2024-03-10 16:00:00,60.58
2024-03-10 17:00:00,67.12
2024-03-10 18:00:00,53.57
2024-03-10 19:00:00,60.28
2024-03-10 20:00:00,65.0
2024-03-10 21:00:00,64.27
2024-03-10 22:00:00,83.73
2024-03-10 23:00:00,95.93
2024-03-11 00:00:00,108.82
2024-03-11 01:00:00,112.27
2024-03-11 02:00:00,123.23
2024-03-11 03:00:00,131.3
2024-03-11 04:00:00,99.92
2024-03-11 05:00:00,78.87
2024-03-11 06:00:00,84.7
2024-03-11 07:00:00,85.85
2024-03-11 08:00:00,123.63
2024-03-11 09:00:00,117.79
2024-03-11 10:00:00,111.82
2024-03-11 11:00:00,80.82
2024-03-11 12:00:00,79.03
2024-03-11 13:00:00,70.92
2024-03-11 14:00:00,69.73
2024-03-11 15:00:00,79.9
2024-03-11 16:00:00,69.52
2024-03-11 17:00:00,59.43
2024-03-11 18:00:00,59.88
2024-03-11 19:00:00,55.05
2024-03-11 20:00:00,66.73
2024-03-11 21:00:00,81.68
2024-03-11 22:00:00,93.23
2024-03-11 23:00:00,101.88
2024-03-12 00:00:00,97.23
2024-03-12 01:00:00,105.5
2024-03-12 02:00:00,96.57
2024-03-12 03:00:00,91.58
2024-03-12 04:00:00,89.72
2024-03-12 05:00:00,92.47
2024-03-12 06:00:00,106.88
2024-03-12 07:00:00,132.62
2024-03-12 08:00:00,173.25
2024-03-12 09:00:00,134.42
2024-03-12 10:00:00,110.92
2024-03-12 11:00:00,93.15
2024-03-12 12:00:00,69.0
2024-03-12 13:00:00,52.52
2024-03-12 14:00:00,51.78
2024-03-12 15:00:00,63.58
2024-03-12 16:00:00,53.97
2024-03-12 17:00:00,53.67
2024-03-12 18:00:00,58.5
2024-03-12 19:00:00,57.53
2024-03-12 20:00:00,67.53
2024-03-12 21:00:00,70.62
2024-03-12 22:00:00,72.95
2024-03-12 23:00:00,77.78
2024-03-13 00:00:00,80.33
2024-03-13 01:00:00,78.97
2024-03-13 02:00:00,89.57
2024-03-13 03:00:00,86.42
2024-03-13 04:00:00,97.92
2024-03-13 05:00:00,102.53
2024-03-13 06:00:00,122.12
2024-03-13 07:00:00,118.3
2024-03-13 08:00:00,114.45
2024-03-13 09:00:00,137.37
2024-03-13 10:00:00,121.02
2024-03-13 11:00:00,73.02
2024-03-13 12:00:00,58.03
2024-03-13 13:00:00,41.28
2024-03-13 14:00:00,41.53
2024-03-13 15:00:00,50.52
2024-03-13 16:00:00,64.15
2024-03-13 17:00:00,47.08
2024-03-13 18:00:00,64.85
2024-03-13 19:00:00,72.98
2024-03-13 20:00:00,84.7
2024-03-13 21:00:00,78.2
2024-03-13 22:00:00,103.0
2024-03-13 23:00:00,111.22
2024-03-14 00:00:00,121.92
2024-03-14 01:00:00,117.47
2024-03-14 02:00:00,128.45
2024-03-14 03:00:00,138.97
2024-03-14 04:00:00,150.17
2024-03-14 05:00:00,140.88
2024-03-14 06:00:00,144.88
2024-03-14 07:00:00,137.38
2024-03-14 08:00:00,121.07
2024-03-14 09:00:00,83.43
2024-03-14 10:00:00,102.27
2024-03-14 11:00:00,98.18
2024-03-14 12:00:00,78.77
2024-03-14 13:00:00,49.28
2024-03-14 14:00:00,53.12
2024-03-14 15:00:00,50.82
2024-03-14 16:00:00,41.48
2024-03-14 17:00:00,56.87
2024-03-14 18:00:00,59.23
2024-03-14 19:00:00,65.72
2024-03-14 20:00:00,69.65
2024-03-14 21:00:00,66.02
2024-03-14 22:00:00,75.03
2024-03-14 23:00:00,71.22
2024-03-15 00:00:00,64.0
2024-03-15 01:00:00,56.55
2024-03-15 02:00:00,55.88
2024-03-15 03:00:00,54.17
2024-03-15 04:00:00,55.73
2024-03-15 05:00:00,65.52
2024-03-15 06:00:00,77.58
2024-03-15 07:00:00,48.98
2024-03-15 08:00:00,37.92
2024-03-15 09:00:00,46.63
2024-03-15 10:00:00,46.3
2024-03-15 11:00:00,48.58
2024-03-15 12:00:00,41.77
2024-03-15 13:00:00,47.88
2024-03-15 14:00:00,45.17
2024-03-15 15:00:00,42.67
2024-03-15 16:00:00,27.17
2024-03-15 17:00:00,30.73
2024-03-15 18:00:00,31.95
2024-03-15 19:00:00,41.78
2024-03-15 20:00:00,61.3
2024-03-15 21:00:00,65.77
2024-03-15 22:00:00,228.25
2024-03-15 23:00:00,349.03
2024-03-16 00:00:00,93.22
2024-03-16 01:00:00,113.83
2024-03-16 02:00:00,132.67
2024-03-16 03:00:00,106.6
2024-03-16 04:00:00,99.03
2024-03-16 05:00:00,84.18
2024-03-16 06:00:00,73.15
2024-03-16 07:00:00,57.05
2024-03-16 08:00:00,52.32
2024-03-16 09:00:00,50.02
2024-03-16 10:00:00,47.33
2024-03-16 11:00:00,39.2
2024-03-16 14:00:00,21.46
2024-03-16 15:00:00,33.28
2024-03-16 16:00:00,34.8
2024-03-16 17:00:00,21.18
2024-03-16 18:00:00,34.68
2024-03-16 19:00:00,43.08
2024-03-16 20:00:00,62.6
2024-03-16 21:00:00,76.1
2024-03-16 22:00:00,68.17
2024-03-16 23:00:00,69.35
2024-03-17 00:00:00,78.82
2024-03-17 01:00:00,71.93
2024-03-17 02:00:00,81.43
2024-03-17 03:00:00,102.53
2024-03-17 04:00:00,149.22
2024-03-17 05:00:00,125.25
2024-03-17 06:00:00,129.25
2024-03-17 07:00:00,105.2
2024-03-17 08:00:00,116.37
2024-03-17 09:00:00,112.6
2024-03-17 10:00:00,81.62
2024-03-17 11:00:00,59.62
2024-03-17 12:00:00,60.43
2024-03-17 13:00:00,63.58
2024-03-17 14:00:00,61.07
2024-03-17 15:00:00,63.93
2024-03-17 16:00:00,44.22
2024-03-17 17:00:00,39.0
2024-03-17 18:00:00,52.18
2024-03-17 19:00:00,60.62
2024-03-17 20:00:00,80.42
2024-03-17 21:00:00,100.48
2024-03-17 22:00:00,94.47
2024-03-17 23:00:00,97.4
2024-03-18 00:00:00,88.08
2024-03-18 01:00:00,83.67
2024-03-18 02:00:00,87.42
2024-03-18 03:00:00,112.9
2024-03-18 04:00:00,110.27
2024-03-18 05:00:00,115.8
2024-03-18 06:00:00,121.45
2024-03-18 07:00:00,112.15
2024-03-18 08:00:00,131.3
2024-03-18 09:00:00,127.27
2024-03-18 10:00:00,91.15
2024-03-18 11:00:00,68.93
2024-03-18 12:00:00,69.03
2024-03-18 13:00:00,60.53
2024-03-18 14:00:00,49.22
2024-03-18 15:00:00,56.97
2024-03-18 16:00:00,40.82
2024-03-18 17:00:00,45.23
2024-03-18 18:00:00,53.6
2024-03-18 19:00:00,61.02
2024-03-18 20:00:00,70.45
2024-03-18 21:00:00,85.6
2024-03-18 22:00:00,99.23
2024-03-18 23:00:00,105.43
2024-03-19 00:00:00,112.07
2024-03-19 01:00:00,101.1
2024-03-19 02:00:00,109.32
2024-03-19 03:00:00,153.62
2024-03-19 04:00:00,165.97
2024-03-19 05:00:00,164.13
2024-03-19 06:00:00,239.92
2024-03-19 07:00:00,202.87
2024-03-19 08:00:00,99.25
2024-03-19 09:00:00,74.85
2024-03-19 10:00:00,56.55
2024-03-19 11:00:00,54.93
2024-03-19 12:00:00,109.78
2024-03-19 13:00:00,105.4
2024-03-19 14:00:00,87.68
2024-03-19 15:00:00,72.57
2024-03-19 16:00:00,48.1
2024-03-19 17:00:00,51.55
2024-03-19 18:00:00,44.05
2024-03-19 19:00:00,60.63
2024-03-19 20:00:00,75.67
2024-03-19 21:00:00,93.37
2024-03-19 22:00:00,105.45
2024-03-19 23:00:00,108.4
2024-03-20 00:00:00,107.78
2024-03-20 01:00:00,121.95
2024-03-20 02:00:00,132.02
2024-03-20 03:00:00,124.3
2024-03-20 04:00:00,120.02
2024-03-20 05:00:00,118.9
2024-03-20 06:00:00,145.58
2024-03-20 07:00:00,174.32
2024-03-20 08:00:00,168.45
2024-03-20 09:00:00,105.47
2024-03-20 10:00:00,105.77
2024-03-20 11:00:00,81.13
2024-03-20 12:00:00,56.25
2024-03-20 13:00:00,52.23
2024-03-20 14:00:00,43.12
2024-03-20 15:00:00,59.87
2024-03-20 16:00:00,50.92
2024-03-20 17:00:00,59.57
2024-03-20 18:00:00,73.45
2024-03-20 19:00:00,69.4
2024-03-20 20:00:00,71.55
2024-03-20 21:00:00,89.13
2024-03-20 22:00:00,87.63
2024-03-20 23:00:00,93.32
2024-03-21 00:00:00,96.1
2024-03-21 01:00:00,119.87
2024-03-21 02:00:00,140.15
2024-03-21 03:00:00,115.68
2024-03-21 04:00:00,76.6
2024-03-21 05:00:00,60.08
2024-03-21 06:00:00,50.05
2024-03-21 07:00:00,54.5
2024-03-21 08:00:00,65.0
2024-03-21 09:00:00,69.55
2024-03-21 10:00:00,64.9
2024-03-21 11:00:00,74.48
2024-03-21 12:00:00,81.8
2024-03-21 13:00:00,87.03
2024-03-21 14:00:00,82.07
2024-03-21 15:00:00,87.38
2024-03-21 16:00:00,77.62
2024-03-21 17:00:00,80.38
2024-03-21 18:00:00,82.93
2024-03-21 19:00:00,79.58
2024-03-21 20:00:00,67.37
2024-03-21 21:00:00,59.6
2024-03-21 22:00:00,61.88
2024-03-21 23:00:00,60.25
2024-03-22 00:00:00,72.73
2024-03-22 01:00:00,81.47
2024-03-22 02:00:00,80.88
2024-03-22 03:00:00,79.03
2024-03-22 04:00:00,73.03
2024-03-22 05:00:00,70.55
2024-03-22 06:00:00,81.28
2024-03-22 07:00:00,71.67
2024-03-22 08:00:00,65.05
2024-03-22 09:00:00,80.35
2024-03-22 10:00:00,84.78
2024-03-22 11:00:00,84.67
2024-03-22 12:00:00,67.9
2024-03-22 13:00:00,74.13
2024-03-22 14:00:00,74.52
2024-03-22 15:00:00,76.23
2024-03-22 16:00:00,71.33
2024-03-22 17:00:00,92.07
2024-03-22 18:00:00,105.18
2024-03-22 19:00:00,106.78
2024-03-22 20:00:00,115.52
2024-03-22 21:00:00,139.73
2024-03-22 22:00:00,147.1
2024-03-22 23:00:00,149.28
2024-03-23 00:00:00,152.1
2024-03-23 01:00:00,151.38
2024-03-23 02:00:00,146.33
2024-03-23 03:00:00,134.63
2024-03-23 04:00:00,126.98
2024-03-23 05:00:00,126.02
2024-03-23 06:00:00,105.33
2024-03-23 07:00:00,97.98
2024-03-23 08:00:00,109.37
2024-03-23 09:00:00,104.57
2024-03-23 10:00:00,97.02
2024-03-23 11:00:00,72.53
2024-03-23 12:00:00,66.32
2024-03-23 13:00:00,54.55
2024-03-23 14:00:00,55.95
2024-03-23 15:00:00,45.5
2024-03-23 16:00:00,42.17
2024-03-23 17:00:00,46.3
2024-03-23 18:00:00,49.87
2024-03-23 19:00:00,70.73
2024-03-23 20:00:00,82.9
2024-03-23 21:00:00,93.63
2024-03-23 22:00:00,95.35
2024-03-23 23:00:00,90.23
2024-03-24 00:00:00,83.62
2024-03-24 01:00:00,72.58
2024-03-24 02:00:00,74.42
2024-03-24 03:00:00,80.38
2024-03-24 04:00:00,86.98
2024-03-24 05:00:00,120.87
2024-03-24 06:00:00,134.57
2024-03-24 07:00:00,129.68
2024-03-24 08:00:00,120.88
2024-03-24 09:00:00,140.9
2024-03-24 10:00:00,69.72
2024-03-24 11:00:00,67.12
2024-03-24 12:00:00,51.93
2024-03-24 13:00:00,49.77
2024-03-24 14:00:00,48.72
2024-03-24 15:00:00,43.45
2024-03-24 16:00:00,37.42
2024-03-24 17:00:00,44.62
2024-03-24 18:00:00,39.43
2024-03-24 19:00:00,47.67
2024-03-24 20:00:00,47.18
2024-03-24 21:00:00,66.73
2024-03-24 22:00:00,85.17
2024-03-24 23:00:00,125.37
2024-03-25 00:00:00,196.85
2024-03-25 01:00:00,269.47
2024-03-25 02:00:00,260.48
2024-03-25 03:00:00,219.05
2024-03-25 04:00:00,182.83
2024-03-25 05:00:00,132.08
2024-03-25 06:00:00,105.35
2024-03-25 07:00:00,62.53
2024-03-25 08:00:00,62.48
2024-03-25 09:00:00,72.28
2024-03-25 10:00:00,40.37
2024-03-25 11:00:00,34.78
2024-03-25 12:00:00,37.35
2024-03-25 13:00:00,48.88
2024-03-25 14:00:00,53.0
2024-03-25 15:00:00,55.0
2024-03-25 16:00:00,44.1
2024-03-25 17:00:00,38.25
2024-03-25 18:00:00,40.92
2024-03-25 19:00:00,37.32
2024-03-25 20:00:00,51.83
2024-03-25 21:00:00,69.02
2024-03-25 22:00:00,84.13
2024-03-25 23:00:00,102.58
2024-03-26 00:00:00,89.73
2024-03-26 01:00:00,66.32
2024-03-26 02:00:00,56.25
2024-03-26 03:00:00,42.25
2024-03-26 04:00:00,42.57
2024-03-26 05:00:00,74.32
2024-03-26 06:00:00,106.78
2024-03-26 07:00:00,102.0
2024-03-26 08:00:00,101.83
2024-03-26 09:00:00,81.78
2024-03-26 10:00:00,59.73
2024-03-26 11:00:00,49.13
2024-03-26 12:00:00,39.08
2024-03-26 13:00:00,26.03
2024-03-26 14:00:00,35.95
2024-03-26 15:00:00,50.28
2024-03-26 16:00:00,52.73
2024-03-26 17:00:00,46.5
2024-03-26 18:00:00,50.73
2024-03-26 19:00:00,40.2
2024-03-26 20:00:00,63.78
2024-03-26 21:00:00,80.18
2024-03-26 22:00:00,79.63
2024-03-26 23:00:00,82.13
2024-03-27 00:00:00,74.82
2024-03-27 01:00:00,73.12
2024-03-27 02:00:00,68.35
2024-03-27 03:00:00,73.43
2024-03-27 04:00:00,67.1
2024-03-27 05:00:00,82.12
2024-03-27 06:00:00,116.9
2024-03-27 07:00:00,96.15
2024-03-27 08:00:00,64.92
2024-03-27 09:00:00,56.95
2024-03-27 10:00:00,67.05
2024-03-27 11:00:00,63.07
2024-03-27 12:00:00,49.0
2024-03-27 13:00:00,82.22
2024-03-27 14:00:00,92.18
2024-03-27 15:00:00,76.62
2024-03-27 16:00:00,43.95
2024-03-27 17:00:00,26.02
2024-03-27 18:00:00,37.25
2024-03-27 19:00:00,42.23
2024-03-27 20:00:00,38.02
2024-03-27 21:00:00,51.18
2024-03-27 22:00:00,64.35
2024-03-27 23:00:00,68.85
2024-03-28 00:00:00,74.52
2024-03-28 01:00:00,74.12
2024-03-28 02:00:00,71.95
2024-03-28 03:00:00,81.07
2024-03-28 04:00:00,98.23
2024-03-28 05:00:00,55.25
2024-03-28 06:00:00,53.27
2024-03-28 07:00:00,66.27
2024-03-28 08:00:00,92.22
2024-03-28 09:00:00,88.8
2024-03-28 10:00:00,84.83
2024-03-28 11:00:00,82.1
2024-03-28 12:00:00,85.53
2024-03-28 13:00:00,87.13
2024-03-28 14:00:00,64.73
2024-03-28 15:00:00,59.43
2024-03-28 16:00:00,57.53
2024-03-28 17:00:00,61.77
2024-03-28 18:00:00,62.32
2024-03-28 19:00:00,64.2
2024-03-28 20:00:00,59.67
2024-03-28 21:00:00,64.4
2024-03-28 22:00:00,59.57
2024-03-28 23:00:00,64.47
2024-03-29 00:00:00,55.52
2024-03-29 01:00:00,65.95
2024-03-29 02:00:00,84.15
2024-03-29 03:00:00,96.37
2024-03-29 04:00:00,130.38
2024-03-29 05:00:00,103.5
2024-03-29 06:00:00,77.65
2024-03-29 07:00:00,82.98
2024-03-29 08:00:00,65.02
2024-03-29 09:00:00,79.7
2024-03-29 10:00:00,95.77
2024-03-29 11:00:00,121.07
2024-03-29 12:00:00,103.17
2024-03-29 13:00:00,110.35
2024-03-29 14:00:00,86.85
2024-03-29 15:00:00,80.97
2024-03-29 16:00:00,74.58
2024-03-29 17:00:00,85.67
2024-03-29 18:00:00,105.87
2024-03-29 19:00:00,67.1
2024-03-29 20:00:00,54.85
2024-03-29 21:00:00,56.68
2024-03-29 22:00:00,62.2
2024-03-29 23:00:00,59.45
2024-03-30 00:00:00,56.08
2024-03-30 01:00:00,67.43
2024-03-30 02:00:00,86.28
2024-03-30 03:00:00,81.42
2024-03-30 04:00:00,75.25
2024-03-30 05:00:00,77.72
2024-03-30 06:00:00,71.83
2024-03-30 07:00:00,72.07
2024-03-30 08:00:00,87.02
2024-03-30 09:00:00,93.2
2024-03-30 10:00:00,89.78
2024-03-30 11:00:00,93.0
2024-03-30 12:00:00,89.57
2024-03-30 13:00:00,87.72
2024-03-30 14:00:00,85.02
2024-03-30 15:00:00,80.35
2024-03-30 16:00:00,62.22
2024-03-30 17:00:00,64.3
2024-03-30 18:00:00,73.42
2024-03-30 19:00:00,94.08
2024-03-30 20:00:00,110.35
2024-03-30 21:00:00,118.72
2024-03-30 22:00:00,135.02
2024-03-30 23:00:00,141.42
2024-03-31 00:00:00,140.95
2024-03-31 01:00:00,144.73
2024-03-31 02:00:00,127.58
2024-03-31 03:00:00,127.03
2024-03-31 04:00:00,114.9
2024-03-31 05:00:00,126.58
2024-03-31 06:00:00,147.15
2024-03-31 07:00:00,143.17
2024-03-31 08:00:00,103.28
2024-03-31 09:00:00,85.07
2024-03-31 10:00:00,108.2
2024-03-31 11:00:00,97.5
2024-03-31 12:00:00,83.7
2024-03-31 13:00:00,66.12
2024-03-31 14:00:00,57.47
2024-03-31 15:00:00,62.18
2024-03-31 16:00:00,43.83
2024-03-31 17:00:00,33.53
2024-03-31 18:00:00,44.38
2024-03-31 19:00:00,45.83
2024-03-31 20:00:00,56.33
2024-03-31 21:00:00,55.6
2024-03-31 22:00:00,54.5
2024-03-31 23:00:00,40.48
2024-04-01 00:00:00,51.82
2024-04-01 01:00:00,40.38
2024-04-01 02:00:00,44.0
2024-04-01 03:00:00,48.48
2024-04-01 04:00:00,67.88
2024-04-01 05:00:00,48.12
2024-04-01 06:00:00,68.95
2024-04-01 07:00:00,79.03
2024-04-01 08:00:00,84.72
2024-04-01 09:00:00,49.82
2024-04-01 10:00:00,40.77
2024-04-01 11:00:00,29.43
2024-04-01 12:00:00,38.77
2024-04-01 13:00:00,37.9
2024-04-01 14:00:00,49.9
2024-04-01 15:00:00,50.65
2024-04-01 16:00:00,51.23
2024-04-01 17:00:00,39.82
2024-04-01 18:00:00,34.28
2024-04-01 19:00:00,45.83
2024-04-01 20:00:00,54.95
2024-04-01 21:00:00,56.2
2024-04-01 22:00:00,48.6
2024-04-01 23:00:00,52.87
2024-04-02 00:00:00,60.17
2024-04-02 01:00:00,52.0
2024-04-02 02:00:00,60.93
2024-04-02 03:00:00,63.23
2024-04-02 04:00:00,64.05
2024-04-02 05:00:00,100.85
2024-04-02 06:00:00,114.1
2024-04-02 07:00:00,94.3
2024-04-02 08:00:00,76.95
2024-04-02 09:00:00,50.37
2024-04-02 10:00:00,43.65
2024-04-02 11:00:00,29.3
2024-04-02 12:00:00,21.22
2024-04-02 13:00:00,32.5
2024-04-02 14:00:00,33.02
2024-04-02 15:00:00,55.0
2024-04-02 16:00:00,40.48
2024-04-02 17:00:00,43.05
2024-04-02 18:00:00,37.0
2024-04-02 19:00:00,37.58
2024-04-02 20:00:00,54.48
2024-04-02 21:00:00,88.18
2024-04-02 22:00:00,93.9
2024-04-02 23:00:00,85.65
2024-04-03 00:00:00,80.57
2024-04-03 01:00:00,88.43
2024-04-03 02:00:00,85.32
2024-04-03 03:00:00,98.25
2024-04-03 04:00:00,85.05
2024-04-03 05:00:00,68.85
2024-04-03 06:00:00,67.22
2024-04-03 07:00:00,78.07
2024-04-03 08:00:00,68.1
2024-04-03 09:00:00,63.87
2024-04-03 10:00:00,68.43
2024-04-03 11:00:00,76.22
2024-04-03 12:00:00,65.42
2024-04-03 13:00:00,68.27
2024-04-03 14:00:00,62.88
2024-04-03 15:00:00,62.92
2024-04-03 16:00:00,57.85
2024-04-03 17:00:00,62.47
2024-04-03 18:00:00,67.0
2024-04-03 19:00:00,87.15
2024-04-03 20:00:00,101.7
2024-04-03 21:00:00,110.9
2024-04-03 22:00:00,133.13
2024-04-03 23:00:00,134.17
2024-04-04 00:00:00,114.25
2024-04-04 01:00:00,90.18
2024-04-04 02:00:00,80.58
2024-04-04 03:00:00,57.02
2024-04-04 04:00:00,41.55
2024-04-04 05:00:00,37.93
2024-04-04 06:00:00,42.9
2024-04-04 07:00:00,58.53
2024-04-04 08:00:00,64.91
2024-04-04 09:00:00,82.28
2024-04-04 10:00:00,72.72
2024-04-04 11:00:00,245.73
2024-04-04 12:00:00,189.4
2024-04-04 13:00:00,87.17
2024-04-04 14:00:00,70.8
2024-04-04 15:00:00,71.88
2024-04-04 16:00:00,44.5
2024-04-04 17:00:00,55.38
2024-04-04 18:00:00,61.27
2024-04-04 19:00:00,81.53
2024-04-04 20:00:00,108.85
2024-04-04 21:00:00,130.63
2024-04-04 22:00:00,132.05
2024-04-04 23:00:00,132.1
2024-04-05 00:00:00,96.45
2024-04-05 01:00:00,87.05
2024-04-05 02:00:00,90.0
2024-04-05 03:00:00,87.2
2024-04-05 04:00:00,75.65
2024-04-05 05:00:00,71.68
2024-04-05 06:00:00,105.35
2024-04-05 07:00:00,76.98
2024-04-05 08:00:00,51.28
2024-04-05 09:00:00,59.83
2024-04-05 10:00:00,57.87
2024-04-05 11:00:00,53.12
2024-04-05 12:00:00,69.17
2024-04-05 13:00:00,65.47
2024-04-05 14:00:00,47.82
2024-04-05 15:00:00,38.3
2024-04-05 16:00:00,46.12
2024-04-05 17:00:00,48.58
2024-04-05 18:00:00,64.13
2024-04-05 19:00:00,66.15
2024-04-05 20:00:00,88.42
2024-04-05 21:00:00,90.6
2024-04-05 22:00:00,87.82
2024-04-05 23:00:00,86.45
2024-04-06 00:00:00,92.58
2024-04-06 01:00:00,113.32
2024-04-06 02:00:00,131.48
2024-04-06 03:00:00,100.28
2024-04-06 04:00:00,88.47
2024-04-06 05:00:00,106.25
2024-04-06 06:00:00,96.42
2024-04-06 07:00:00,114.17
2024-04-06 08:00:00,94.4
2024-04-06 09:00:00,91.97
2024-04-06 10:00:00,82.17
2024-04-06 11:00:00,72.53
2024-04-06 12:00:00,60.62
2024-04-06 13:00:00,59.82
2024-04-06 14:00:00,55.65
2024-04-06 15:00:00,46.28
2024-04-06 16:00:00,45.73
2024-04-06 17:00:00,33.12
2024-04-06 18:00:00,46.45
2024-04-06 19:00:00,53.97
2024-04-06 20:00:00,71.98
2024-04-06 21:00:00,85.32
2024-04-06 22:00:00,97.75
2024-04-06 23:00:00,100.92
2024-04-07 00:00:00,86.5
2024-04-07 01:00:00,84.63
2024-04-07 02:00:00,94.98
2024-04-07 03:00:00,106.0
2024-04-07 04:00:00,102.78
2024-04-07 05:00:00,121.62
2024-04-07 06:00:00,103.48
2024-04-07 07:00:00,164.07
2024-04-07 08:00:00,210.47
2024-04-07 09:00:00,86.73
2024-04-07 10:00:00,57.15
2024-04-07 11:00:00,43.12
2024-04-07 12:00:00,33.87
2024-04-07 13:00:00,39.72
2024-04-07 14:00:00,41.12
2024-04-07 15:00:00,43.92
2024-04-07 16:00:00,22.57
2024-04-07 17:00:00,16.73
2024-04-07 18:00:00,23.62
2024-04-07 19:00:00,54.58
2024-04-07 20:00:00,88.5
2024-04-07 21:00:00,111.75
2024-04-07 22:00:00,126.05
2024-04-07 23:00:00,136.47
2024-04-08 00:00:00,122.82
2024-04-08 01:00:00,109.55
2024-04-08 02:00:00,84.4
2024-04-08 03:00:00,76.1
2024-04-08 04:00:00,88.43
2024-04-08 05:00:00,113.5
2024-04-08 06:00:00,147.97
2024-04-08 07:00:00,193.78
2024-04-08 08:00:00,211.8
2024-04-08 09:00:00,96.37
2024-04-08 10:00:00,51.67
2024-04-08 11:00:00,62.05
2024-04-08 12:00:00,38.57
2024-04-08 13:00:00,30.02
2024-04-08 14:00:00,41.57
2024-04-08 15:00:00,40.85
2024-04-08 16:00:00,27.67
2024-04-08 17:00:00,34.37
2024-04-08 18:00:00,34.95
2024-04-08 19:00:00,55.45
2024-04-08 20:00:00,76.87
2024-04-08 21:00:00,84.37
2024-04-08 22:00:00,90.27
2024-04-08 23:00:00,100.57
2024-04-09 00:00:00,100.58
2024-04-09 01:00:00,117.77
2024-04-09 02:00:00,113.57
2024-04-09 03:00:00,108.4
2024-04-09 04:00:00,103.82
2024-04-09 05:00:00,95.63
2024-04-09 06:00:00,81.1
2024-04-09 07:00:00,95.92
2024-04-09 08:00:00,113.07
2024-04-09 09:00:00,122.58
2024-04-09 10:00:00,106.08
2024-04-09 11:00:00,87.33
2024-04-09 12:00:00,83.2
2024-04-09 13:00:00,67.78
2024-04-09 14:00:00,87.5
2024-04-09 15:00:00,120.97
2024-04-09 16:00:00,81.75
2024-04-09 17:00:00,23.18
2024-04-09 18:00:00,27.15
2024-04-09 19:00:00,43.17
2024-04-09 20:00:00,62.97
2024-04-09 21:00:00,68.07
2024-04-09 22:00:00,98.2
2024-04-09 23:00:00,119.43
2024-04-10 00:00:00,126.6
2024-04-10 01:00:00,143.83
2024-04-10 02:00:00,133.98
2024-04-10 03:00:00,129.05
2024-04-10 04:00:00,99.83
2024-04-10 05:00:00,102.6
2024-04-10 06:00:00,111.4
2024-04-10 07:00:00,132.4
2024-04-10 08:00:00,146.75
2024-04-10 09:00:00,148.72
2024-04-10 10:00:00,127.25
2024-04-10 11:00:00,98.85
2024-04-10 12:00:00,78.33
2024-04-10 13:00:00,58.68
2024-04-10 14:00:00,70.38
2024-04-10 15:00:00,85.05
2024-04-10 16:00:00,69.35
2024-04-10 17:00:00,71.47
2024-04-10 18:00:00,76.23
2024-04-10 19:00:00,98.13
2024-04-10 20:00:00,120.75
2024-04-10 21:00:00,94.55
2024-04-10 22:00:00,68.03
2024-04-10 23:00:00,60.78
2024-04-11 00:00:00,76.6
2024-04-11 01:00:00,89.83
2024-04-11 02:00:00,112.75
2024-04-11 03:00:00,99.37
2024-04-11 04:00:00,89.0
2024-04-11 05:00:00,80.92
2024-04-11 06:00:00,143.85
2024-04-11 07:00:00,269.95
2024-04-11 08:00:00,188.1
2024-04-11 09:00:00,116.63
2024-04-11 10:00:00,94.68
2024-04-11 11:00:00,109.6
2024-04-11 12:00:00,73.87
2024-04-11 13:00:00,38.32
2024-04-11 14:00:00,37.77
2024-04-11 15:00:00,71.42
2024-04-11 16:00:00,59.2
2024-04-11 17:00:00,67.13
2024-04-11 18:00:00,71.6
2024-04-11 19:00:00,94.45
2024-04-11 20:00:00,117.33
2024-04-11 21:00:00,75.4
2024-04-11 22:00:00,73.25
2024-04-11 23:00:00,68.45
2024-04-12 00:00:00,77.38
2024-04-12 01:00:00,91.17
2024-04-12 02:00:00,111.38
2024-04-12 03:00:00,113.47
2024-04-12 04:00:00,114.65
2024-04-12 05:00:00,127.07
2024-04-12 06:00:00,191.47
2024-04-12 07:00:00,222.77
2024-04-12 08:00:00,182.48
2024-04-12 09:00:00,172.78
2024-04-12 10:00:00,153.93
2024-04-12 11:00:00,116.18
2024-04-12 12:00:00,66.52
2024-04-12 13:00:00,95.98
2024-04-12 14:00:00,93.82
2024-04-12 15:00:00,85.83
2024-04-12 16:00:00,66.93
2024-04-12 17:00:00,62.4
2024-04-12 18:00:00,78.67
2024-04-12 19:00:00,111.3
2024-04-12 20:00:00,143.05
2024-04-12 21:00:00,152.97
2024-04-12 22:00:00,145.85
2024-04-12 23:00:00,128.73
2024-04-13 00:00:00,110.9
2024-04-13 01:00:00,91.45
2024-04-13 02:00:00,90.67
2024-04-13 03:00:00,91.87
2024-04-13 04:00:00,80.93
2024-04-13 05:00:00,73.63
2024-04-13 06:00:00,86.08
2024-04-13 07:00:00,98.73
2024-04-13 08:00:00,72.03
2024-04-13 09:00:00,57.98
2024-04-13 10:00:00,45.33
2024-04-13 11:00:00,62.27
2024-04-13 12:00:00,96.5
2024-04-13 13:00:00,78.73
2024-04-13 14:00:00,73.23
2024-04-13 15:00:00,68.63
2024-04-13 16:00:00,75.5
2024-04-13 17:00:00,47.88
2024-04-13 18:00:00,35.25
2024-04-13 19:00:00,44.82
2024-04-13 20:00:00,56.97
2024-04-13 21:00:00,66.37
2024-04-13 22:00:00,65.17
2024-04-13 23:00:00,62.45
2024-04-14 00:00:00,40.32
2024-04-14 01:00:00,46.18
2024-04-14 02:00:00,51.88
2024-04-14 03:00:00,57.02
2024-04-14 04:00:00,61.65
2024-04-14 05:00:00,74.07
2024-04-14 06:00:00,71.53
2024-04-14 07:00:00,73.23
2024-04-14 08:00:00,100.55
2024-04-14 09:00:00,144.77
2024-04-14 10:00:00,133.87
2024-04-14 11:00:00,117.08
2024-04-14 12:00:00,65.0
2024-04-14 13:00:00,53.27
2024-04-14 14:00:00,43.93
2024-04-14 15:00:00,55.3
2024-04-14 16:00:00,47.87
2024-04-14 17:00:00,43.07
2024-04-14 18:00:00,53.27
2024-04-14 19:00:00,73.9
2024-04-14 20:00:00,72.67
2024-04-14 21:00:00,93.63
2024-04-14 22:00:00,122.23
2024-04-14 23:00:00,115.47
2024-04-15 00:00:00,113.65
2024-04-15 01:00:00,110.93
2024-04-15 02:00:00,140.92
2024-04-15 03:00:00,141.45
2024-04-15 04:00:00,123.9
2024-04-15 05:00:00,124.65
2024-04-15 06:00:00,121.92
2024-04-15 07:00:00,110.47
2024-04-15 08:00:00,100.35
2024-04-15 09:00:00,102.42
2024-04-15 10:00:00,85.35
2024-04-15 11:00:00,85.63
2024-04-15 12:00:00,95.8
2024-04-15 13:00:00,92.07
2024-04-15 14:00:00,95.5
2024-04-15 15:00:00,62.77
2024-04-15 16:00:00,56.3
2024-04-15 17:00:00,59.93
2024-04-15 18:00:00,66.92
2024-04-15 19:00:00,102.57
2024-04-15 20:00:00,114.35
2024-04-15 21:00:00,128.32
2024-04-15 22:00:00,155.37
2024-04-15 23:00:00,156.35
2024-04-16 00:00:00,162.27
2024-04-16 01:00:00,151.38
2024-04-16 02:00:00,125.32
2024-04-16 03:00:00,110.47
2024-04-16 04:00:00,120.38
2024-04-16 05:00:00,192.93
2024-04-16 06:00:00,210.32
2024-04-16 07:00:00,105.22
2024-04-16 08:00:00,121.18
2024-04-16 09:00:00,103.62
2024-04-16 10:00:00,83.0
2024-04-16 11:00:00,34.33
2024-04-16 12:00:00,64.5
2024-04-16 13:00:00,48.65
2024-04-16 14:00:00,54.82
2024-04-16 15:00:00,54.32
2024-04-16 16:00:00,36.8
2024-04-16 17:00:00,36.08
2024-04-16 18:00:00,37.4
2024-04-16 19:00:00,41.35
2024-04-16 20:00:00,46.28
2024-04-16 21:00:00,60.15
2024-04-16 22:00:00,58.98
2024-04-16 23:00:00,53.0
2024-04-17 00:00:00,57.53
2024-04-17 01:00:00,60.73
2024-04-17 02:00:00,58.23
2024-04-17 03:00:00,108.2
2024-04-17 04:00:00,157.68
2024-04-17 05:00:00,106.64
2024-04-17 06:00:00,55.67
2024-04-17 07:00:00,67.68
2024-04-17 08:00:00,89.18
2024-04-17 09:00:00,86.77
2024-04-17 10:00:00,53.55
2024-04-17 11:00:00,26.28
2024-04-17 12:00:00,22.0
2024-04-17 13:00:00,26.67
2024-04-17 14:00:00,37.72
2024-04-17 15:00:00,50.82
2024-04-17 16:00:00,50.45
2024-04-17 17:00:00,38.5
2024-04-17 18:00:00,42.65
2024-04-17 19:00:00,30.38
2024-04-17 20:00:00,43.25
2024-04-17 21:00:00,44.88
2024-04-17 22:00:00,44.9
2024-04-17 23:00:00,154.73
2024-04-18 00:00:00,37.69
2024-04-18 01:00:00,65.17
2024-04-18 02:00:00,75.33
2024-04-18 03:00:00,127.95
2024-04-18 04:00:00,40.51
2024-04-18 05:00:00,76.49
2024-04-18 06:00:00,66.95
2024-04-18 07:00:00,65.2
2024-04-18 08:00:00,70.78
2024-04-18 09:00:00,75.47
2024-04-18 10:00:00,77.0
2024-04-18 11:00:00,55.77
2024-04-18 12:00:00,31.35
2024-04-18 13:00:00,39.15
2024-04-18 14:00:00,33.53
2024-04-18 15:00:00,34.44
2024-04-18 16:00:00,29.47
2024-04-18 17:00:00,34.05
2024-04-18 18:00:00,53.6
2024-04-18 19:00:00,51.08
2024-04-18 20:00:00,50.25
2024-04-18 21:00:00,61.55
2024-04-18 22:00:00,70.38
2024-04-18 23:00:00,54.22
2024-04-19 00:00:00,72.15
2024-04-19 01:00:00,65.73
2024-04-19 02:00:00,73.05
2024-04-19 03:00:00,77.13
2024-04-19 04:00:00,72.93
2024-04-19 05:00:00,73.42
2024-04-19 06:00:00,63.08
2024-04-19 07:00:00,71.2
2024-04-19 08:00:00,93.67
2024-04-19 09:00:00,102.53
2024-04-19 10:00:00,33.78
2024-04-19 11:00:00,54.12
2024-04-19 13:00:00,7.08
2024-04-19 14:00:00,21.59
2024-04-19 15:00:00,30.15
2024-04-19 16:00:00,15.66
2024-04-19 17:00:00,18.43
2024-04-19 18:00:00,37.5
2024-04-19 19:00:00,51.82
2024-04-19 20:00:00,78.92
2024-04-19 21:00:00,78.98
2024-04-19 22:00:00,75.85
2024-04-19 23:00:00,87.32
2024-04-20 00:00:00,92.18
2024-04-20 01:00:00,89.3
2024-04-20 02:00:00,84.17
2024-04-20 03:00:00,75.52
2024-04-20 04:00:00,69.05
2024-04-20 05:00:00,66.83
2024-04-20 06:00:00,66.27
2024-04-20 07:00:00,101.75
2024-04-20 08:00:00,61.63
2024-04-20 09:00:00,58.48
2024-04-20 10:00:00,64.6
2024-04-20 11:00:00,79.72
2024-04-20 12:00:00,225.35
2024-04-20 13:00:00,356.15
2024-04-20 14:00:00,126.52
2024-04-20 15:00:00,75.23
2024-04-20 16:00:00,34.9
2024-04-20 17:00:00,28.53
2024-04-20 18:00:00,37.98
2024-04-20 19:00:00,26.18
2024-04-20 20:00:00,37.93
2024-04-20 21:00:00,45.0
2024-04-20 22:00:00,55.25
2024-04-20 23:00:00,59.22
2024-04-21 00:00:00,56.72
2024-04-21 01:00:00,49.07
2024-04-21 02:00:00,59.7
2024-04-21 03:00:00,65.25
2024-04-21 04:00:00,60.58
2024-04-21 05:00:00,61.62
2024-04-21 06:00:00,56.22
2024-04-21 07:00:00,57.22
2024-04-21 08:00:00,78.87
2024-04-21 09:00:00,68.88
2024-04-21 10:00:00,79.48
2024-04-21 11:00:00,55.1
2024-04-21 12:00:00,43.92
2024-04-21 13:00:00,41.47
2024-04-21 14:00:00,42.12
2024-04-21 15:00:00,40.55
2024-04-21 16:00:00,30.92
2024-04-21 17:00:00,32.88
2024-04-21 18:00:00,35.93
2024-04-21 19:00:00,73.08
2024-04-21 20:00:00,87.98
2024-04-21 21:00:00,73.85
2024-04-21 22:00:00,93.92
2024-04-21 23:00:00,80.85
2024-04-22 00:00:00,160.23
2024-04-22 01:00:00,84.75
2024-04-22 02:00:00,81.41
2024-04-22 03:00:00,31.63
2024-04-22 04:00:00,29.85
2024-04-22 05:00:00,37.12
2024-04-22 06:00:00,31.6
2024-04-22 07:00:00,24.75
2024-04-22 08:00:00,28.83
2024-04-22 09:00:00,46.03
2024-04-22 10:00:00,66.43
2024-04-22 11:00:00,61.8
2024-04-22 12:00:00,50.57
2024-04-22 13:00:00,48.77
2024-04-22 14:00:00,39.78
2024-04-22 15:00:00,38.8
2024-04-22 16:00:00,18.82
2024-04-22 17:00:00,25.05
2024-04-22 18:00:00,34.22
2024-04-22 19:00:00,53.15
2024-04-22 20:00:00,69.9
2024-04-22 21:00:00,91.08
2024-04-22 22:00:00,94.43
2024-04-22 23:00:00,102.0
2024-04-23 00:00:00,104.02
2024-04-23 01:00:00,119.25
2024-04-23 02:00:00,95.67
2024-04-23 03:00:00,77.92
2024-04-23 04:00:00,89.88
2024-04-23 05:00:00,89.1
2024-04-23 06:00:00,62.85
2024-04-23 07:00:00,80.57
2024-04-23 08:00:00,111.12
2024-04-23 09:00:00,105.58
2024-04-23 10:00:00,105.47
2024-04-23 11:00:00,126.18
2024-04-23 12:00:00,86.87
2024-04-23 13:00:00,61.12
2024-04-23 14:00:00,42.78
2024-04-23 15:00:00,28.28
2024-04-23 16:00:00,29.3
2024-04-23 17:00:00,55.88
2024-04-23 18:00:00,34.28
2024-04-23 19:00:00,38.52
2024-04-23 20:00:00,60.67
2024-04-23 21:00:00,54.33
2024-04-23 22:00:00,54.53
2024-04-23 23:00:00,57.44
2024-04-24 00:00:00,70.53
2024-04-24 01:00:00,76.12
2024-04-24 02:00:00,72.92
2024-04-24 03:00:00,72.43
2024-04-24 04:00:00,81.47
2024-04-24 05:00:00,85.1
2024-04-24 06:00:00,89.07
2024-04-24 07:00:00,90.65
2024-04-24 08:00:00,68.85
2024-04-24 09:00:00,43.03
2024-04-24 10:00:00,57.33
2024-04-24 11:00:00,65.37
2024-04-24 12:00:00,68.37
2024-04-24 13:00:00,59.87
2024-04-24 14:00:00,66.28
2024-04-24 15:00:00,49.58
2024-04-24 16:00:00,36.35
2024-04-24 17:00:00,25.42
2024-04-24 18:00:00,29.4
2024-04-24 19:00:00,44.03
2024-04-24 20:00:00,59.33
2024-04-24 21:00:00,78.88
2024-04-24 22:00:00,85.32
2024-04-24 23:00:00,87.02
2024-04-25 00:00:00,103.0
2024-04-25 01:00:00,106.65
2024-04-25 02:00:00,103.08
2024-04-25 03:00:00,102.3
2024-04-25 04:00:00,104.33
2024-04-25 05:00:00,112.4
2024-04-25 06:00:00,117.82
2024-04-25 07:00:00,126.7
2024-04-25 08:00:00,135.92
2024-04-25 09:00:00,135.43
2024-04-25 10:00:00,68.98
2024-04-25 11:00:00,33.38
2024-04-25 12:00:00,20.3
2024-04-25 13:00:00,28.8
2024-04-25 14:00:00,42.8
2024-04-25 15:00:00,44.58
2024-04-25 16:00:00,41.45
2024-04-25 17:00:00,33.95
2024-04-25 18:00:00,34.15
2024-04-25 19:00:00,52.77
2024-04-25 20:00:00,60.48
2024-04-25 21:00:00,81.6
2024-04-25 22:00:00,97.8
2024-04-25 23:00:00,95.03
2024-04-26 00:00:00,91.97
2024-04-26 01:00:00,80.78
2024-04-26 02:00:00,90.13
2024-04-26 03:00:00,85.97
2024-04-26 04:00:00,81.43
2024-04-26 05:00:00,67.65
2024-04-26 06:00:00,71.05
2024-04-26 07:00:00,67.62
2024-04-26 08:00:00,80.52
2024-04-26 09:00:00,96.25
2024-04-26 10:00:00,82.12
2024-04-26 11:00:00,116.08
2024-04-26 12:00:00,143.48
2024-04-26 13:00:00,81.08
2024-04-26 14:00:00,89.08
2024-04-26 15:00:00,69.88
2024-04-26 16:00:00,26.03
2024-04-26 17:00:00,32.67
2024-04-29 10:00:00,85.67
2024-04-29 11:00:00,69.57
2024-04-29 12:00:00,56.8
2024-04-29 13:00:00,60.92
2024-04-29 14:00:00,63.38
2024-04-29 15:00:00,78.67
2024-04-29 16:00:00,56.95
2024-04-29 17:00:00,40.47
2024-04-29 18:00:00,45.77
2024-04-29 19:00:00,56.47
2024-04-29 20:00:00,51.9
2024-04-29 21:00:00,65.45
2024-04-29 22:00:00,62.48
2024-04-29 23:00:00,59.23
2024-04-30 00:00:00,70.5
2024-04-30 01:00:00,50.38
2024-04-30 02:00:00,59.4
2024-04-30 03:00:00,65.8
2024-04-30 04:00:00,76.37
2024-04-30 05:00:00,67.37
2024-04-30 06:00:00,76.33
2024-04-30 07:00:00,106.65
2024-04-30 08:00:00,73.9
2024-04-30 09:00:00,49.13
2024-04-30 10:00:00,37.07
2024-04-30 11:00:00,45.22
2024-04-30 12:00:00,65.23
2024-04-30 13:00:00,63.98
2024-04-30 14:00:00,56.33
2024-04-30 15:00:00,55.95
2024-04-30 16:00:00,39.52
2024-04-30 17:00:00,35.87
2024-04-30 18:00:00,40.32
2024-04-30 19:00:00,52.23
2024-04-30 20:00:00,76.37
2024-04-30 21:00:00,95.12
2024-04-30 22:00:00,111.3
2024-04-30 23:00:00,119.4
2024-05-01 00:00:00,104.3
2024-05-01 01:00:00,104.63
2024-05-01 02:00:00,119.8
2024-05-01 03:00:00,79.55
2024-05-01 04:00:00,63.82
2024-05-01 05:00:00,67.68
2024-05-01 06:00:00,54.3
2024-05-01 07:00:00,61.18
2024-05-01 08:00:00,65.33
2024-05-01 09:00:00,53.43
2024-05-01 10:00:00,42.68
2024-05-01 11:00:00,29.3
2024-05-01 12:00:00,34.1
2024-05-01 13:00:00,69.98
2024-05-01 14:00:00,72.15
2024-05-01 15:00:00,57.88
2024-05-01 16:00:00,47.17
2024-05-01 17:00:00,39.68
2024-05-01 18:00:00,37.52
2024-05-01 19:00:00,51.97
2024-05-01 20:00:00,71.02
2024-05-01 21:00:00,85.95
2024-05-01 22:00:00,92.95
2024-05-01 23:00:00,99.18
2024-05-02 00:00:00,91.6
2024-05-02 01:00:00,90.22
2024-05-02 02:00:00,93.48
2024-05-02 03:00:00,84.9
2024-05-02 04:00:00,89.53
2024-05-02 05:00:00,98.8
2024-05-02 06:00:00,112.53
2024-05-02 07:00:00,108.92
2024-05-02 08:00:00,69.52
2024-05-02 09:00:00,45.58
2024-05-02 10:00:00,56.47
2024-05-02 11:00:00,49.27
2024-05-02 12:00:00,52.08
2024-05-02 13:00:00,47.27
2024-05-02 14:00:00,63.98
2024-05-02 15:00:00,71.78
2024-05-02 16:00:00,58.73
2024-05-02 17:00:00,62.52
2024-05-02 18:00:00,46.23
2024-05-02 19:00:00,55.1
2024-05-02 20:00:00,84.28
2024-05-02 21:00:00,102.6
2024-05-02 22:00:00,134.83
2024-05-02 23:00:00,165.32
2024-05-03 00:00:00,187.77
2024-05-03 01:00:00,174.22
2024-05-03 02:00:00,164.17
2024-05-03 03:00:00,165.38
2024-05-03 04:00:00,171.05
2024-05-03 05:00:00,159.08
2024-05-03 06:00:00,162.97
2024-05-03 07:00:00,152.55
2024-05-03 08:00:00,126.12
2024-05-03 09:00:00,109.53
2024-05-03 10:00:00,128.47
2024-05-03 11:00:00,79.55
2024-05-03 12:00:00,45.75
2024-05-03 13:00:00,55.07
2024-05-03 14:00:00,60.37
2024-05-03 15:00:00,72.95
2024-05-03 16:00:00,78.08
2024-05-03 17:00:00,80.98
2024-05-03 18:00:00,84.72
2024-05-03 19:00:00,97.83
2024-05-03 20:00:00,120.52
2024-05-03 21:00:00,149.98
2024-05-03 22:00:00,169.18
2024-05-03 23:00:00,150.58
2024-05-04 00:00:00,141.67
2024-05-04 01:00:00,127.5
2024-05-04 02:00:00,119.3
2024-05-04 03:00:00,124.18
2024-05-04 04:00:00,111.17
2024-05-04 05:00:00,138.97
2024-05-04 06:00:00,203.88
2024-05-04 07:00:00,220.18
2024-05-04 08:00:00,135.75
2024-05-04 09:00:00,155.17
2024-05-04 10:00:00,152.45
2024-05-04 11:00:00,158.92
2024-05-04 12:00:00,114.58
2024-05-04 13:00:00,94.82
2024-05-04 14:00:00,77.88
2024-05-04 15:00:00,86.65
2024-05-04 16:00:00,87.08
2024-05-04 17:00:00,89.98
2024-05-04 18:00:00,90.03
2024-05-04 19:00:00,97.48
2024-05-04 20:00:00,110.1
2024-05-04 21:00:00,135.6
2024-05-04 22:00:00,145.5
2024-05-04 23:00:00,169.12
2024-05-05 00:00:00,167.62
2024-05-05 01:00:00,158.83
2024-05-05 02:00:00,162.58
2024-05-05 03:00:00,156.68
2024-05-05 04:00:00,166.27
2024-05-05 05:00:00,254.83
2024-05-05 06:00:00,321.12
2024-05-05 07:00:00,419.27
2024-05-05 08:00:00,361.55
2024-05-05 09:00:00,213.72
2024-05-05 10:00:00,180.37
2024-05-05 11:00:00,138.5
2024-05-05 12:00:00,88.67
2024-05-05 13:00:00,73.85
2024-05-05 14:00:00,63.9
2024-05-05 15:00:00,72.53
2024-05-05 16:00:00,62.4
2024-05-05 17:00:00,68.87
2024-05-05 18:00:00,68.4
2024-05-05 19:00:00,87.72
2024-05-05 20:00:00,111.93
2024-05-05 21:00:00,138.27
2024-05-05 22:00:00,160.65
2024-05-05 23:00:00,180.0
2024-05-06 00:00:00,163.1
2024-05-06 01:00:00,152.95
2024-05-06 02:00:00,119.62
2024-05-06 03:00:00,120.72
2024-05-06 04:00:00,123.77
2024-05-06 05:00:00,135.8
2024-05-06 06:00:00,132.8
2024-05-06 07:00:00,187.37
2024-05-06 08:00:00,179.15
2024-05-06 09:00:00,145.5
2024-05-06 10:00:00,91.72
2024-05-06 11:00:00,102.27
2024-05-06 12:00:00,77.42
2024-05-06 13:00:00,64.37
2024-05-06 14:00:00,60.83
2024-05-06 15:00:00,84.13
2024-05-06 16:00:00,112.85
2024-05-06 17:00:00,91.52
2024-05-06 18:00:00,65.62
2024-05-06 19:00:00,70.45
2024-05-06 20:00:00,82.68
2024-05-06 21:00:00,92.93
2024-05-06 22:00:00,108.57
2024-05-06 23:00:00,152.23
2024-05-07 00:00:00,193.17
2024-05-07 01:00:00,191.73
2024-05-07 02:00:00,183.65
2024-05-07 03:00:00,197.98
2024-05-07 04:00:00,192.97
2024-05-07 05:00:00,195.37
2024-05-07 06:00:00,207.37
2024-05-07 07:00:00,206.83
2024-05-07 08:00:00,247.5
2024-05-07 09:00:00,275.02
2024-05-07 10:00:00,256.25
2024-05-07 11:00:00,253.35
2024-05-07 12:00:00,147.23
2024-05-07 13:00:00,99.7
2024-05-07 14:00:00,100.47
2024-05-07 15:00:00,90.72
2024-05-07 16:00:00,85.9
2024-05-07 17:00:00,82.6
2024-05-07 18:00:00,97.37
2024-05-07 19:00:00,102.12
2024-05-07 20:00:00,122.97
2024-05-07 21:00:00,123.33
2024-05-07 22:00:00,119.95
2024-05-07 23:00:00,121.72
2024-05-08 00:00:00,123.45
2024-05-08 01:00:00,107.48
2024-05-08 02:00:00,99.2
2024-05-08 03:00:00,81.53
2024-05-08 04:00:00,85.2
2024-05-08 05:00:00,86.33
2024-05-08 06:00:00,60.45
2024-05-08 07:00:00,73.24
2024-05-08 08:00:00,73.97
2024-05-08 09:00:00,71.37
2024-05-08 10:00:00,75.3
2024-05-08 11:00:00,83.3
2024-05-08 12:00:00,83.22
2024-05-08 13:00:00,79.63
2024-05-08 14:00:00,70.45
2024-05-08 15:00:00,60.95
2024-05-08 16:00:00,59.57
2024-05-08 17:00:00,61.1
2024-05-08 18:00:00,55.25
2024-05-08 19:00:00,53.23
2024-05-08 20:00:00,57.73
2024-05-08 21:00:00,53.57
2024-05-08 22:00:00,47.28
2024-05-08 23:00:00,42.5
2024-05-09 00:00:00,46.2
2024-05-09 01:00:00,49.3
2024-05-09 02:00:00,36.17
2024-05-09 03:00:00,33.38
2024-05-09 04:00:00,21.42
2024-05-09 05:00:00,33.67
2024-05-09 06:00:00,36.42
2024-05-09 07:00:00,39.12
2024-05-09 08:00:00,32.7
2024-05-09 09:00:00,43.8
2024-05-09 10:00:00,44.32
2024-05-09 11:00:00,43.57
2024-05-09 12:00:00,41.67
2024-05-09 13:00:00,49.72
2024-05-09 14:00:00,58.2
2024-05-09 15:00:00,53.92
2024-05-09 16:00:00,57.2
2024-05-09 17:00:00,62.9
2024-05-09 18:00:00,62.67
2024-05-09 19:00:00,56.08
2024-05-09 20:00:00,53.73
2024-05-09 21:00:00,60.55
2024-05-09 22:00:00,64.12
2024-05-09 23:00:00,64.12
2024-05-10 00:00:00,56.87
2024-05-10 01:00:00,57.22
2024-05-10 02:00:00,52.9
2024-05-10 03:00:00,62.1
2024-05-10 04:00:00,47.63
2024-05-10 05:00:00,56.67
2024-05-10 06:00:00,46.98
2024-05-10 07:00:00,52.2
2024-05-10 08:00:00,62.45
2024-05-10 09:00:00,61.12
2024-05-10 10:00:00,60.52
2024-05-10 11:00:00,64.67
2024-05-10 12:00:00,63.1
2024-05-10 13:00:00,54.78
2024-05-10 14:00:00,71.72
2024-05-10 15:00:00,74.25
2024-05-10 16:00:00,72.2
2024-05-10 17:00:00,71.3
2024-05-10 18:00:00,62.75
2024-05-10 19:00:00,65.43
2024-05-10 20:00:00,70.5
2024-05-10 21:00:00,95.05
2024-05-10 22:00:00,141.82
2024-05-10 23:00:00,25.5
2024-05-11 00:00:00,13.3
2024-05-11 01:00:00,10.15
2024-05-11 02:00:00,59.47
2024-05-11 03:00:00,187.57
2024-05-11 04:00:00,119.18
2024-05-11 05:00:00,114.05
2024-05-11 06:00:00,129.0
2024-05-11 07:00:00,204.17
2024-05-11 08:00:00,345.72
2024-05-11 09:00:00,536.62
2024-05-11 10:00:00,561.27
2024-05-11 11:00:00,415.5
2024-05-11 12:00:00,312.15
2024-05-11 13:00:00,290.88
2024-05-11 14:00:00,252.53
2024-05-11 15:00:00,197.37
2024-05-11 16:00:00,137.52
2024-05-11 17:00:00,137.18
2024-05-11 18:00:00,106.38
2024-05-11 19:00:00,92.78
2024-05-11 20:00:00,59.42
2024-05-11 21:00:00,70.38
2024-05-11 22:00:00,61.47
2024-05-11 23:00:00,61.93
2024-05-12 00:00:00,68.68
2024-05-12 01:00:00,78.83
2024-05-12 02:00:00,76.72
2024-05-12 03:00:00,73.12
2024-05-12 04:00:00,75.12
2024-05-12 05:00:00,128.3
2024-05-12 06:00:00,74.02
2024-05-12 07:00:00,27.07
2024-05-12 08:00:00,19.53
2024-05-12 09:00:00,63.35
2024-05-12 10:00:00,105.2
2024-05-12 11:00:00,74.37
2024-05-12 12:00:00,76.68
2024-05-12 13:00:00,63.45
2024-05-12 14:00:00,54.13
2024-05-12 15:00:00,60.88
2024-05-12 16:00:00,88.25
2024-05-12 17:00:00,81.25
2024-05-12 18:00:00,68.08
2024-05-12 19:00:00,85.33
2024-05-12 20:00:00,85.0
2024-05-12 21:00:00,118.65
2024-05-12 22:00:00,137.45
2024-05-12 23:00:00,138.73
2024-05-13 00:00:00,125.78
2024-05-13 01:00:00,117.77
2024-05-13 02:00:00,124.88
2024-05-13 03:00:00,105.03
2024-05-13 04:00:00,103.35
2024-05-13 05:00:00,109.55
2024-05-13 06:00:00,114.37
2024-05-13 07:00:00,106.63
2024-05-13 08:00:00,149.2
2024-05-13 09:00:00,141.17
2024-05-13 10:00:00,129.03
2024-05-13 11:00:00,149.73
2024-05-13 12:00:00,148.12
2024-05-13 13:00:00,90.27
2024-05-13 14:00:00,67.78
2024-05-13 15:00:00,48.53
2024-05-13 16:00:00,43.13
2024-05-13 17:00:00,66.25
2024-05-13 18:00:00,48.4
2024-05-13 19:00:00,57.73
2024-05-13 20:00:00,53.8
2024-05-13 21:00:00,63.5
2024-05-13 22:00:00,85.02
2024-05-13 23:00:00,101.43
2024-05-14 00:00:00,112.62
2024-05-14 01:00:00,108.8
2024-05-14 02:00:00,119.27
2024-05-14 03:00:00,101.08
2024-05-14 04:00:00,82.32
2024-05-14 05:00:00,94.62
2024-05-14 06:00:00,126.23
2024-05-14 07:00:00,198.07
2024-05-14 08:00:00,173.4
2024-05-14 09:00:00,134.05
2024-05-14 10:00:00,134.75
2024-05-14 11:00:00,122.14
2024-05-14 12:00:00,79.33
2024-05-14 13:00:00,72.82
2024-05-14 14:00:00,72.97
2024-05-14 15:00:00,56.2
2024-05-14 16:00:00,70.77
2024-05-14 17:00:00,64.23
2024-05-14 18:00:00,53.33
2024-05-14 19:00:00,58.45
2024-05-14 20:00:00,75.1
2024-05-14 21:00:00,97.98
2024-05-14 22:00:00,102.9
2024-05-14 23:00:00,129.77
2024-05-15 00:00:00,135.17
2024-05-15 01:00:00,124.43
2024-05-15 02:00:00,136.83
2024-05-15 03:00:00,157.95
2024-05-15 04:00:00,156.25
2024-05-15 05:00:00,151.42
2024-05-15 06:00:00,176.7
2024-05-15 07:00:00,168.1
2024-05-15 08:00:00,153.58
2024-05-15 09:00:00,131.96
2024-05-15 10:00:00,93.13
2024-05-15 11:00:00,87.43
2024-05-15 12:00:00,84.1
2024-05-15 13:00:00,71.08
2024-05-15 14:00:00,69.88
2024-05-15 15:00:00,76.28
2024-05-15 16:00:00,63.78
2024-05-15 17:00:00,69.87
2024-05-15 18:00:00,89.88
2024-05-15 19:00:00,102.48
2024-05-15 20:00:00,114.55
2024-05-15 21:00:00,122.85
2024-05-15 22:00:00,110.9
2024-05-15 23:00:00,128.48
2024-05-16 00:00:00,128.43
2024-05-16 01:00:00,98.17
2024-05-16 02:00:00,79.75
2024-05-16 03:00:00,97.02
2024-05-16 04:00:00,96.85
2024-05-16 05:00:00,90.77
2024-05-16 06:00:00,57.3
2024-05-16 07:00:00,85.08
2024-05-16 08:00:00,133.38
2024-05-16 09:00:00,141.18
2024-05-16 10:00:00,132.37
2024-05-16 11:00:00,113.8
2024-05-16 12:00:00,99.27
2024-05-16 13:00:00,101.68
2024-05-16 14:00:00,124.67
2024-05-16 15:00:00,97.85
2024-05-16 16:00:00,88.67
2024-05-16 17:00:00,88.53
2024-05-16 18:00:00,87.12
2024-05-16 19:00:00,122.03
2024-05-16 20:00:00,113.73
2024-05-16 21:00:00,112.27
2024-05-16 22:00:00,139.65
2024-05-16 23:00:00,97.83
2024-05-17 00:00:00,75.63
2024-05-17 01:00:00,63.98
2024-05-17 02:00:00,68.9
2024-05-17 03:00:00,77.18
2024-05-17 04:00:00,95.47
2024-05-17 05:00:00,95.73
2024-05-17 06:00:00,97.92
2024-05-17 07:00:00,74.73
2024-05-17 08:00:00,69.85
2024-05-17 09:00:00,86.63
2024-05-17 10:00:00,83.93
2024-05-17 11:00:00,83.87
2024-05-17 12:00:00,83.05
2024-05-17 13:00:00,118.77
2024-05-17 14:00:00,118.23
2024-05-17 15:00:00,92.35
2024-05-17 16:00:00,58.82
2024-05-17 17:00:00,61.02
2024-05-17 18:00:00,62.72
2024-05-17 19:00:00,87.83
2024-05-17 20:00:00,118.85
2024-05-17 21:00:00,115.07
2024-05-17 22:00:00,115.27
2024-05-17 23:00:00,131.27
2024-05-18 00:00:00,118.95
2024-05-18 01:00:00,96.73
2024-05-18 02:00:00,115.08
2024-05-18 03:00:00,111.63
2024-05-18 04:00:00,107.72
2024-05-18 05:00:00,125.6
2024-05-18 06:00:00,139.78
2024-05-18 07:00:00,173.77
2024-05-18 08:00:00,143.28
2024-05-18 09:00:00,148.08
2024-05-18 10:00:00,168.98
2024-05-18 11:00:00,180.62
2024-05-18 12:00:00,123.37
2024-05-18 13:00:00,108.43
2024-05-18 14:00:00,103.33
2024-05-18 15:00:00,95.33
2024-05-18 16:00:00,103.68
2024-05-18 17:00:00,61.95
2024-05-18 18:00:00,59.1
2024-05-18 19:00:00,65.25
2024-05-18 20:00:00,109.67
2024-05-18 21:00:00,95.75
2024-05-18 22:00:00,98.18
2024-05-18 23:00:00,107.55
2024-05-19 00:00:00,106.45
2024-05-19 01:00:00,82.12
2024-05-19 02:00:00,73.7
2024-05-19 03:00:00,65.58
2024-05-19 04:00:00,65.93
2024-05-19 05:00:00,100.2
2024-05-19 06:00:00,161.37
2024-05-19 07:00:00,180.02
2024-05-19 08:00:00,173.95
2024-05-19 09:00:00,141.28
2024-05-19 10:00:00,101.35
2024-05-19 11:00:00,75.8
2024-05-19 12:00:00,66.33
2024-05-19 13:00:00,67.32
2024-05-19 14:00:00,69.38
2024-05-19 15:00:00,59.43
2024-05-19 16:00:00,50.53
2024-05-19 17:00:00,55.98
2024-05-19 18:00:00,44.52
2024-05-19 19:00:00,42.45
2024-05-19 20:00:00,50.05
2024-05-19 21:00:00,52.55
2024-05-19 22:00:00,51.18
2024-05-19 23:00:00,67.33
2024-05-20 00:00:00,62.78
2024-05-20 01:00:00,65.3
2024-05-20 02:00:00,54.15
2024-05-20 03:00:00,39.18
2024-05-20 04:00:00,38.48
2024-05-20 05:00:00,44.48
2024-05-20 06:00:00,111.4
2024-05-20 07:00:00,175.67
2024-05-20 08:00:00,170.5
2024-05-20 09:00:00,161.92
2024-05-20 10:00:00,121.13
2024-05-20 11:00:00,65.02
2024-05-20 12:00:00,42.85
2024-05-20 13:00:00,33.95
2024-05-20 14:00:00,41.6
2024-05-20 15:00:00,60.78
2024-05-20 16:00:00,66.65
2024-05-20 17:00:00,65.4
2024-05-20 18:00:00,61.3
2024-05-20 19:00:00,63.2
2024-05-20 20:00:00,66.57
2024-05-20 21:00:00,59.9
2024-05-20 22:00:00,79.28
2024-05-20 23:00:00,93.7
2024-05-21 00:00:00,105.1
2024-05-21 01:00:00,97.43
2024-05-21 02:00:00,86.77
2024-05-21 03:00:00,85.45
2024-05-21 04:00:00,58.47
2024-05-21 05:00:00,45.57
2024-05-21 06:00:00,35.62
2024-05-21 07:00:00,43.7
2024-05-21 08:00:00,71.13
2024-05-21 09:00:00,77.1
2024-05-21 10:00:00,89.63
2024-05-21 11:00:00,89.55
2024-05-21 12:00:00,60.2
2024-05-21 13:00:00,48.98
2024-05-21 14:00:00,62.53
2024-05-21 15:00:00,65.63
2024-05-21 16:00:00,78.45
2024-05-21 17:00:00,88.15
2024-05-21 18:00:00,92.73
2024-05-21 19:00:00,82.71
2024-05-21 20:00:00,71.02
2024-05-21 21:00:00,88.32
2024-05-21 22:00:00,82.47
2024-05-21 23:00:00,74.85
2024-05-22 00:00:00,65.28
2024-05-22 01:00:00,51.77
2024-05-22 02:00:00,38.93
2024-05-22 03:00:00,31.72
2024-05-22 04:00:00,33.72
2024-05-22 05:00:00,51.38
2024-05-22 06:00:00,74.73
2024-05-22 07:00:00,78.98
2024-05-22 08:00:00,71.4
2024-05-22 09:00:00,76.1
2024-05-22 10:00:00,55.82
2024-05-22 11:00:00,57.93
2024-05-22 12:00:00,52.07
2024-05-22 13:00:00,62.08
2024-05-22 14:00:00,79.93
2024-05-22 15:00:00,96.45
2024-05-22 16:00:00,96.48
2024-05-22 17:00:00,92.55
2024-05-22 18:00:00,57.88
2024-05-22 19:00:00,36.72
2024-05-22 20:00:00,37.28
2024-05-22 21:00:00,36.7
2024-05-22 22:00:00,50.47
2024-05-22 23:00:00,56.6
2024-05-23 00:00:00,61.5
2024-05-23 01:00:00,51.17
2024-05-23 02:00:00,34.72
2024-05-23 03:00:00,6.72
2024-05-23 04:00:00,2.35
2024-05-23 05:00:00,4.8
2024-05-23 06:00:00,22.97
2024-05-23 07:00:00,54.33
2024-05-23 08:00:00,60.48
2024-05-23 09:00:00,75.03
2024-05-23 10:00:00,76.37
2024-05-23 11:00:00,48.28
2024-05-23 12:00:00,33.12
2024-05-23 13:00:00,26.87
2024-05-23 14:00:00,30.2
2024-05-23 15:00:00,67.88
2024-05-23 16:00:00,88.65
2024-05-23 17:00:00,83.58
2024-05-23 18:00:00,75.32
2024-05-23 19:00:00,45.38
2024-05-23 20:00:00,15.88
2024-05-23 21:00:00,18.62
2024-05-23 22:00:00,27.3
2024-05-23 23:00:00,40.22
2024-05-24 00:00:00,73.6
2024-05-24 01:00:00,81.05
2024-05-24 02:00:00,60.73
2024-05-24 03:00:00,50.17
2024-05-24 04:00:00,17.66
2024-05-24 05:00:00,2.2
2024-05-24 06:00:00,4.64
2024-05-24 07:00:00,17.77
2024-05-24 08:00:00,58.95
2024-05-24 09:00:00,66.1
2024-05-24 10:00:00,68.88
2024-05-24 11:00:00,78.03
2024-05-24 12:00:00,48.3
2024-05-24 13:00:00,20.43
2024-05-24 14:00:00,26.83
2024-05-24 15:00:00,55.52
2024-05-24 16:00:00,94.08
2024-05-24 17:00:00,93.3
2024-05-24 18:00:00,92.78
2024-05-24 19:00:00,49.75
2024-05-24 20:00:00,43.58
2024-05-24 21:00:00,46.07
2024-05-24 22:00:00,37.4
2024-05-24 23:00:00,32.13
2024-05-25 00:00:00,52.08
2024-05-25 01:00:00,56.15
2024-05-25 02:00:00,48.17
2024-05-25 03:00:00,41.87
2024-05-25 04:00:00,39.82
2024-05-25 05:00:00,43.13
2024-05-25 06:00:00,51.15
2024-05-25 07:00:00,51.63
2024-05-25 08:00:00,57.68
2024-05-25 09:00:00,60.23
2024-05-25 10:00:00,69.08
2024-05-25 11:00:00,80.6
2024-05-25 12:00:00,75.23
2024-05-25 13:00:00,72.75
2024-05-25 14:00:00,74.67
2024-05-25 15:00:00,64.63
2024-05-27 10:00:00,214.19
2024-05-27 11:00:00,177.45
2024-05-27 12:00:00,123.82
2024-05-27 13:00:00,88.47
2024-05-27 14:00:00,88.25
2024-05-27 15:00:00,74.4
2024-05-27 16:00:00,82.52
2024-05-27 17:00:00,130.92
2024-05-27 18:00:00,130.53
2024-05-27 19:00:00,90.92
2024-05-27 20:00:00,52.18
2024-05-27 21:00:00,63.18
2024-05-27 22:00:00,68.0
2024-05-27 23:00:00,107.15
2024-05-28 00:00:00,144.97
2024-05-28 01:00:00,116.9
2024-05-28 02:00:00,99.28
2024-05-28 03:00:00,76.13
2024-05-28 04:00:00,47.17
2024-05-28 05:00:00,53.85
2024-05-28 06:00:00,52.73
2024-05-28 07:00:00,88.12
2024-05-28 08:00:00,117.7
2024-05-28 09:00:00,100.4
2024-05-28 10:00:00,148.45
2024-05-28 11:00:00,231.3
2024-05-28 12:00:00,200.57
2024-05-28 13:00:00,78.75
2024-05-28 14:00:00,47.43
2024-05-28 15:00:00,56.8
2024-05-28 16:00:00,70.18
2024-05-28 17:00:00,73.52
2024-05-28 18:00:00,73.6
2024-05-28 19:00:00,81.38
2024-05-28 20:00:00,49.95
2024-05-28 21:00:00,55.6
2024-05-28 22:00:00,74.37
2024-05-28 23:00:00,91.22
2024-05-29 00:00:00,97.68
2024-05-29 01:00:00,61.77
2024-05-29 02:00:00,39.72
2024-05-29 03:00:00,39.47
2024-05-29 04:00:00,40.55
2024-05-29 05:00:00,44.6
2024-05-29 06:00:00,67.98
2024-05-29 07:00:00,67.77
2024-05-29 08:00:00,60.92
2024-05-29 09:00:00,61.28
2024-05-29 10:00:00,68.25
2024-05-29 11:00:00,67.32
2024-05-29 12:00:00,58.12
2024-05-29 13:00:00,69.0
2024-05-29 14:00:00,74.57
2024-05-29 15:00:00,86.08
2024-05-29 16:00:00,92.27
2024-05-29 17:00:00,92.82
2024-05-29 18:00:00,65.47
2024-05-29 19:00:00,2.96
2024-05-29 20:00:00,11.98
2024-05-29 21:00:00,15.83
2024-05-29 22:00:00,32.93
2024-05-29 23:00:00,71.63
2024-05-30 00:00:00,85.03
2024-05-30 01:00:00,70.65
2024-05-30 02:00:00,61.4
2024-05-30 03:00:00,105.97
2024-05-30 04:00:00,107.43
2024-05-30 05:00:00,71.98
2024-05-30 06:00:00,40.48
2024-05-30 07:00:00,52.02
2024-05-30 08:00:00,91.87
2024-05-30 09:00:00,117.57
2024-05-30 10:00:00,179.48
2024-05-30 11:00:00,106.85
2024-05-30 12:00:00,55.35
2024-05-30 13:00:00,60.17
2024-05-30 14:00:00,66.8
2024-05-30 15:00:00,86.53
2024-05-30 16:00:00,78.35
2024-05-30 17:00:00,68.92
2024-05-30 18:00:00,52.82
2024-05-30 19:00:00,55.7
2024-05-30 20:00:00,26.82
2024-05-30 21:00:00,12.82
2024-05-30 22:00:00,13.05
2024-05-30 23:00:00,22.15
2024-05-31 00:00:00,38.67
2024-05-31 01:00:00,47.7
2024-05-31 02:00:00,39.6
2024-05-31 03:00:00,48.08
2024-05-31 04:00:00,71.75
2024-05-31 05:00:00,94.92
2024-05-31 06:00:00,71.48
2024-05-31 07:00:00,52.73
2024-05-31 08:00:00,49.55
2024-05-31 09:00:00,78.23
2024-05-31 10:00:00,91.18
2024-05-31 11:00:00,80.85
2024-05-31 12:00:00,87.7
2024-05-31 13:00:00,70.3
2024-05-31 14:00:00,86.35
2024-05-31 15:00:00,86.92
2024-05-31 16:00:00,83.52
2024-05-31 17:00:00,95.5
2024-05-31 18:00:00,123.37
2024-05-31 19:00:00,94.02
2024-05-31 20:00:00,108.6
2024-05-31 21:00:00,105.95
2024-05-31 22:00:00,80.9
2024-05-31 23:00:00,87.38
2024-06-01 00:00:00,81.32
2024-06-01 01:00:00,97.82
2024-06-01 02:00:00,97.35
2024-06-01 03:00:00,79.95
2024-06-01 04:00:00,67.8
2024-06-01 05:00:00,132.88
2024-06-01 06:00:00,142.87
2024-06-01 07:00:00,76.95
2024-06-01 08:00:00,50.7
2024-06-01 09:00:00,71.67
2024-06-01 10:00:00,134.1
2024-06-01 11:00:00,101.55
2024-06-01 12:00:00,63.62
2024-06-01 13:00:00,73.35
2024-06-01 14:00:00,42.3
2024-06-01 15:00:00,125.05
2024-06-01 16:00:00,81.5
2024-06-01 17:00:00,40.58
2024-06-01 18:00:00,48.85
2024-06-01 19:00:00,44.72
2024-06-01 20:00:00,42.82
2024-06-01 21:00:00,42.63
2024-06-01 22:00:00,35.17
2024-06-01 23:00:00,12.95
2024-06-02 00:00:00,24.67
2024-06-02 01:00:00,23.02
2024-06-02 02:00:00,35.58
2024-06-02 03:00:00,44.63
2024-06-02 04:00:00,61.62
2024-06-02 05:00:00,54.02
2024-06-02 06:00:00,53.05
2024-06-02 07:00:00,40.52
2024-06-02 08:00:00,83.0
2024-06-02 09:00:00,77.9
2024-06-02 10:00:00,85.87
2024-06-02 11:00:00,102.53
2024-06-02 12:00:00,88.55
2024-06-02 13:00:00,65.62
2024-06-02 14:00:00,56.3
2024-06-02 15:00:00,46.62
2024-06-02 16:00:00,71.55
2024-06-02 17:00:00,49.37
2024-06-02 18:00:00,45.24
2024-06-02 19:00:00,54.78
2024-06-02 20:00:00,63.65
2024-06-02 21:00:00,57.55
2024-06-02 22:00:00,50.62
2024-06-02 23:00:00,55.37
2024-06-03 00:00:00,55.6
2024-06-03 01:00:00,47.22
2024-06-03 02:00:00,41.4
2024-06-03 03:00:00,36.02
2024-06-03 04:00:00,23.0
2024-06-03 05:00:00,20.47
2024-06-03 06:00:00,28.57
2024-06-03 07:00:00,30.17
2024-06-03 08:00:00,55.75
2024-06-03 09:00:00,91.77
2024-06-03 10:00:00,76.12
2024-06-03 11:00:00,72.55
2024-06-03 12:00:00,66.35
2024-06-03 13:00:00,59.7
2024-06-03 14:00:00,65.88
2024-06-03 15:00:00,406.23
2024-06-03 16:00:00,145.72
2024-06-03 17:00:00,146.23
2024-06-03 18:00:00,102.85
2024-06-03 19:00:00,63.28
2024-06-03 20:00:00,75.48
2024-06-03 21:00:00,62.17
2024-06-03 22:00:00,59.07
2024-06-03 23:00:00,74.95
2024-06-04 00:00:00,74.85
2024-06-04 01:00:00,57.75
2024-06-04 02:00:00,46.78
2024-06-04 03:00:00,51.13
2024-06-04 04:00:00,37.95
2024-06-04 05:00:00,43.2
2024-06-04 06:00:00,36.7
2024-06-04 07:00:00,58.35
2024-06-04 08:00:00,74.6
2024-06-04 09:00:00,79.08
2024-06-04 10:00:00,93.62
2024-06-04 11:00:00,112.82
2024-06-04 12:00:00,132.87
2024-06-04 13:00:00,183.83
2024-06-04 14:00:00,221.88
2024-06-04 15:00:00,250.15
2024-06-04 16:00:00,223.5
2024-06-04 17:00:00,305.08
2024-06-04 18:00:00,337.98
2024-06-04 19:00:00,103.12
2024-06-04 20:00:00,160.63
2024-06-04 21:00:00,320.4
2024-06-04 22:00:00,197.33
2024-06-04 23:00:00,174.12
2024-06-05 00:00:00,187.4
2024-06-05 01:00:00,202.85
2024-06-05 02:00:00,166.73
2024-06-05 03:00:00,68.42
2024-06-05 04:00:00,49.82
2024-06-05 05:00:00,57.22
2024-06-05 06:00:00,94.75
2024-06-05 07:00:00,111.4
2024-06-05 08:00:00,99.9
2024-06-05 09:00:00,114.45
2024-06-05 10:00:00,119.88
2024-06-05 11:00:00,111.1
2024-06-05 12:00:00,250.43
2024-06-05 13:00:00,129.53
2024-06-05 14:00:00,238.78
2024-06-05 15:00:00,103.6
2024-06-05 16:00:00,83.3
2024-06-05 17:00:00,68.27
2024-06-05 18:00:00,47.6
2024-06-05 19:00:00,56.78
2024-06-05 20:00:00,84.15
2024-06-05 21:00:00,84.47
2024-06-07 10:00:00,63.93
2024-06-07 11:00:00,42.52
2024-06-07 12:00:00,37.4
2024-06-07 13:00:00,45.75
2024-06-07 14:00:00,44.3
2024-06-07 15:00:00,46.53
2024-06-07 16:00:00,55.25
2024-06-07 17:00:00,49.82
2024-06-07 18:00:00,44.83
2024-06-07 19:00:00,45.27
2024-06-07 20:00:00,43.12
2024-06-07 21:00:00,39.53
2024-06-07 22:00:00,45.92
2024-06-07 23:00:00,53.42
2024-06-08 00:00:00,75.55
2024-06-08 01:00:00,85.05
2024-06-08 02:00:00,81.03
2024-06-08 03:00:00,65.87
2024-06-08 04:00:00,54.22
2024-06-08 05:00:00,47.52
2024-06-08 06:00:00,49.32
2024-06-08 07:00:00,50.43
2024-06-08 08:00:00,55.73
2024-06-08 09:00:00,48.98
2024-06-08 10:00:00,53.6
2024-06-08 11:00:00,51.45
2024-06-08 12:00:00,53.42
2024-06-08 13:00:00,67.65
2024-06-08 14:00:00,78.17
2024-06-08 15:00:00,74.45
2024-06-08 16:00:00,91.88
2024-06-08 17:00:00,80.97
2024-06-08 18:00:00,25.13
2024-06-08 19:00:00,7.06
2024-06-08 20:00:00,7.87
2024-06-08 21:00:00,18.17
2024-06-08 22:00:00,23.88
2024-06-08 23:00:00,21.23
2024-06-09 00:00:00,34.98
2024-06-09 01:00:00,36.08
2024-06-09 02:00:00,34.25
2024-06-09 03:00:00,29.78
2024-06-09 04:00:00,40.5
2024-06-09 05:00:00,41.87
2024-06-09 06:00:00,30.65
2024-06-09 07:00:00,46.7
2024-06-09 08:00:00,49.3
2024-06-09 09:00:00,43.82
2024-06-09 10:00:00,39.02
2024-06-09 11:00:00,35.8
2024-06-09 12:00:00,34.45
2024-06-09 13:00:00,26.12
2024-06-09 14:00:00,38.07
2024-06-09 15:00:00,34.57
2024-06-09 16:00:00,33.83
2024-06-09 17:00:00,37.32
2024-06-09 18:00:00,32.33
2024-06-09 19:00:00,30.87
2024-06-09 20:00:00,33.15
2024-06-09 21:00:00,46.1
2024-06-09 22:00:00,50.43
2024-06-09 23:00:00,51.27
2024-06-10 00:00:00,49.57
2024-06-10 01:00:00,53.83
2024-06-10 02:00:00,39.62
2024-06-10 03:00:00,41.87
2024-06-10 04:00:00,38.67
2024-06-10 05:00:00,25.92
2024-06-10 06:00:00,21.22
2024-06-10 07:00:00,32.33
2024-06-10 08:00:00,41.9
2024-06-10 09:00:00,40.68
2024-06-10 10:00:00,51.43
2024-06-10 11:00:00,46.38
2024-06-10 12:00:00,45.57
2024-06-10 13:00:00,38.5
2024-06-10 14:00:00,45.53
2024-06-10 15:00:00,33.07
2024-06-10 16:00:00,47.98
2024-06-10 17:00:00,38.65
2024-06-10 18:00:00,41.5
2024-06-10 19:00:00,37.9
2024-06-10 20:00:00,47.08
2024-06-10 21:00:00,48.93
2024-06-10 22:00:00,66.57
2024-06-10 23:00:00,51.83
2024-06-11 00:00:00,68.85
2024-06-11 01:00:00,60.92
2024-06-11 02:00:00,50.67
2024-06-11 03:00:00,60.8
2024-06-11 04:00:00,98.08
2024-06-11 05:00:00,144.7
2024-06-11 06:00:00,150.61
2024-06-11 07:00:00,129.58
2024-06-11 08:00:00,87.08
2024-06-11 09:00:00,89.95
2024-06-11 10:00:00,98.55
2024-06-11 11:00:00,56.68
2024-06-11 12:00:00,57.93
2024-06-11 13:00:00,43.73
2024-06-11 14:00:00,43.14
2024-06-12 10:00:00,44.67
2024-06-12 11:00:00,58.12
2024-06-12 12:00:00,75.93
2024-06-12 13:00:00,69.0
2024-06-12 14:00:00,76.72
2024-06-12 15:00:00,84.87
2024-06-12 16:00:00,61.53
2024-06-12 17:00:00,28.87
2024-06-12 18:00:00,21.98
2024-06-12 19:00:00,24.2
2024-06-12 20:00:00,51.85
2024-06-12 21:00:00,96.45
2024-06-12 22:00:00,125.53
2024-06-12 23:00:00,125.47
2024-06-13 00:00:00,92.77
2024-06-13 01:00:00,44.27
2024-06-13 02:00:00,42.32
2024-06-13 03:00:00,33.27
2024-06-13 04:00:00,17.32
2024-06-13 05:00:00,53.02
2024-06-13 06:00:00,52.17
2024-06-13 07:00:00,51.95
2024-06-13 08:00:00,49.27
2024-06-13 09:00:00,16.53
2024-06-13 10:00:00,14.9
2024-06-13 11:00:00,24.6
2024-06-13 12:00:00,22.05
2024-06-13 13:00:00,63.02
2024-06-13 14:00:00,107.25
2024-06-13 15:00:00,107.87
2024-06-13 16:00:00,87.93
2024-06-13 17:00:00,86.57
2024-06-13 18:00:00,43.62
2024-06-13 19:00:00,8.58
2024-06-13 21:00:00,6.69
2024-06-13 22:00:00,4.78
2024-06-13 23:00:00,6.23
2024-06-14 00:00:00,0.0
2024-06-14 01:00:00,21.16
2024-06-14 02:00:00,28.25
2024-06-14 03:00:00,20.93
2024-06-14 04:00:00,22.48
2024-06-14 05:00:00,29.35
2024-06-14 06:00:00,11.95
2024-06-14 07:00:00,25.4
2024-06-14 08:00:00,24.53
2024-06-14 09:00:00,32.97
2024-06-14 10:00:00,44.35
2024-06-14 11:00:00,56.88
2024-06-14 12:00:00,45.23
2024-06-14 13:00:00,47.52
2024-06-14 14:00:00,70.73
2024-06-14 15:00:00,21.6
2024-06-14 16:00:00,28.4
2024-06-14 17:00:00,35.35
2024-06-14 18:00:00,49.75
2024-06-14 19:00:00,58.97
2024-06-14 20:00:00,26.37
2024-06-14 21:00:00,16.7
2024-06-14 22:00:00,7.43
2024-06-14 23:00:00,11.22
2024-06-15 00:00:00,14.92
2024-06-15 01:00:00,18.52
2024-06-15 02:00:00,24.62
2024-06-15 03:00:00,29.67
2024-06-15 04:00:00,37.55
2024-06-15 05:00:00,13.55
2024-06-15 06:00:00,10.83
2024-06-15 07:00:00,27.77
2024-06-15 08:00:00,24.5
2024-06-15 09:00:00,25.53
2024-06-15 10:00:00,43.22
2024-06-15 11:00:00,67.7
2024-06-15 12:00:00,51.75
2024-06-15 13:00:00,52.25
2024-06-15 14:00:00,51.75
2024-06-15 15:00:00,59.8
2024-06-15 16:00:00,55.7
2024-06-15 17:00:00,108.85
2024-06-15 18:00:00,60.9
2024-06-15 19:00:00,34.15
2024-06-15 20:00:00,28.87
2024-06-15 21:00:00,32.88
2024-06-15 22:00:00,31.3
2024-06-15 23:00:00,39.23
2024-06-16 00:00:00,41.83
2024-06-16 01:00:00,39.93
2024-06-16 02:00:00,43.7
2024-06-16 03:00:00,33.15
2024-06-16 04:00:00,35.75
2024-06-16 05:00:00,51.32
2024-06-16 06:00:00,41.47
2024-06-16 07:00:00,60.48
2024-06-16 08:00:00,36.8
2024-06-16 09:00:00,20.18
2024-06-16 10:00:00,36.73
2024-06-16 11:00:00,42.27
2024-06-16 12:00:00,34.63
2024-06-16 13:00:00,42.35
2024-06-16 14:00:00,36.92
2024-06-16 15:00:00,37.68
2024-06-16 16:00:00,42.45
2024-06-16 17:00:00,44.63
2024-06-16 18:00:00,39.52
2024-06-16 19:00:00,33.08
2024-06-16 20:00:00,31.47
2024-06-16 21:00:00,33.32
2024-06-16 22:00:00,41.72
2024-06-16 23:00:00,43.83
2024-06-17 00:00:00,46.62
2024-06-17 01:00:00,48.6
2024-06-17 02:00:00,70.75
2024-06-17 03:00:00,48.32
2024-06-17 04:00:00,32.97
2024-06-17 05:00:00,60.55
2024-06-17 06:00:00,68.21
2024-06-17 07:00:00,63.27
2024-06-17 08:00:00,50.65
2024-06-17 09:00:00,43.28
2024-06-17 10:00:00,52.51
2024-06-17 11:00:00,58.98
2024-06-17 12:00:00,60.0
2024-06-17 13:00:00,58.68
2024-06-17 14:00:00,91.62
2024-06-17 15:00:00,194.63
2024-06-17 16:00:00,158.75
2024-06-17 17:00:00,175.45
2024-06-17 18:00:00,70.67
2024-06-17 19:00:00,3.4
2024-06-17 20:00:00,36.34
2024-06-17 21:00:00,56.57
2024-06-17 22:00:00,2.17
2024-06-18 00:00:00,0.0
2024-06-18 01:00:00,26.7
2024-06-18 02:00:00,78.18
2024-06-18 03:00:00,80.27
2024-06-18 04:00:00,56.65
2024-06-18 05:00:00,42.72
2024-06-18 06:00:00,23.18
2024-06-18 07:00:00,19.33
2024-06-18 08:00:00,33.12
2024-06-18 09:00:00,20.8
2024-06-18 10:00:00,66.73
2024-06-18 11:00:00,80.0
2024-06-18 12:00:00,72.35
2024-06-18 13:00:00,55.32
2024-06-18 14:00:00,30.88
2024-06-18 15:00:00,24.22
2024-06-18 16:00:00,46.68
2024-06-18 17:00:00,57.48
2024-06-18 18:00:00,82.05
2024-06-18 19:00:00,111.6
2024-06-18 20:00:00,112.43
2024-06-18 21:00:00,101.25
2024-06-18 22:00:00,99.97
2024-06-18 23:00:00,71.53
2024-06-19 00:00:00,59.05
2024-06-19 01:00:00,67.97
2024-06-19 02:00:00,75.08
2024-06-19 03:00:00,73.5
2024-06-19 04:00:00,60.22
2024-06-19 05:00:00,54.77
2024-06-19 06:00:00,43.17
2024-06-19 07:00:00,17.83
2024-06-19 08:00:00,11.58
2024-06-19 09:00:00,24.17
2024-06-19 10:00:00,39.25
2024-06-19 11:00:00,65.8
2024-06-19 12:00:00,76.77
2024-06-19 13:00:00,76.97
2024-06-19 14:00:00,86.5
2024-06-19 15:00:00,59.62
2024-06-19 16:00:00,17.63
2024-06-19 17:00:00,17.78
2024-06-19 18:00:00,44.26
2024-06-19 19:00:00,143.62
2024-06-19 20:00:00,116.97
2024-06-19 21:00:00,58.05
2024-06-19 22:00:00,69.13
2024-06-19 23:00:00,116.12
2024-06-20 00:00:00,99.72
2024-06-20 01:00:00,83.57
2024-06-20 02:00:00,62.11
2024-06-20 06:00:00,5.63
2024-06-20 07:00:00,75.77
2024-06-20 08:00:00,108.07
2024-06-20 09:00:00,83.38
2024-06-20 10:00:00,78.58
2024-06-20 11:00:00,26.98
2024-06-20 12:00:00,42.66
2024-06-20 14:00:00,15.17
2024-06-20 15:00:00,10.45
2024-06-20 16:00:00,0.0
2024-06-20 17:00:00,64.94
2024-06-20 18:00:00,92.33
2024-06-20 19:00:00,67.12
2024-06-20 20:00:00,78.97
2024-06-20 21:00:00,52.73
2024-06-20 22:00:00,38.82
2024-06-20 23:00:00,38.9
2024-06-21 00:00:00,47.65
2024-06-21 01:00:00,29.17
2024-06-21 02:00:00,34.62
2024-06-21 03:00:00,61.55
2024-06-21 04:00:00,40.0
2024-06-21 05:00:00,33.05
2024-06-21 06:00:00,27.35
2024-06-21 07:00:00,23.82
2024-06-21 08:00:00,40.65
2024-06-21 09:00:00,58.8
2024-06-21 10:00:00,58.4
2024-06-21 11:00:00,62.08
2024-06-21 12:00:00,55.98
2024-06-21 13:00:00,58.08
2024-06-21 14:00:00,89.55
2024-06-21 15:00:00,26.84
2024-06-21 16:00:00,37.9
2024-06-21 17:00:00,140.2
2024-06-21 18:00:00,69.12
2024-06-21 19:00:00,85.5
2024-06-21 20:00:00,113.07
2024-06-21 21:00:00,153.73
2024-06-21 22:00:00,221.95
2024-06-21 23:00:00,185.87
2024-06-22 00:00:00,140.4
2024-06-22 01:00:00,154.82
2024-06-22 02:00:00,71.12
2024-06-22 03:00:00,204.58
2024-06-22 04:00:00,470.88
2024-06-22 05:00:00,286.98
2024-06-22 06:00:00,530.38
2024-06-22 07:00:00,219.7
2024-06-22 08:00:00,253.95
2024-06-22 09:00:00,200.82
2024-06-22 10:00:00,28.42
2024-06-22 11:00:00,61.55
2024-06-22 12:00:00,55.47
2024-06-22 13:00:00,90.45
2024-06-22 14:00:00,85.52
2024-06-22 15:00:00,27.22
2024-06-22 16:00:00,49.68
2024-06-22 17:00:00,90.17
2024-06-22 18:00:00,77.83
2024-06-22 19:00:00,72.08
2024-06-22 20:00:00,87.33
2024-06-22 21:00:00,107.5
2024-06-22 22:00:00,81.29
2024-06-22 23:00:00,59.94
2024-06-23 00:00:00,63.87
2024-06-23 01:00:00,62.43
2024-06-23 02:00:00,73.73
2024-06-23 03:00:00,108.73
2024-06-23 04:00:00,72.03
2024-06-23 05:00:00,84.93
2024-06-23 06:00:00,131.02
2024-06-23 07:00:00,76.66
2024-06-23 08:00:00,20.18
2024-06-23 09:00:00,40.63
2024-06-23 10:00:00,16.2
2024-06-23 11:00:00,71.15
2024-06-23 12:00:00,60.5
2024-06-23 13:00:00,54.02
2024-06-23 14:00:00,115.17
2024-06-23 15:00:00,290.05
2024-06-23 16:00:00,30.59
2024-06-23 18:00:00,76.3
2024-06-23 19:00:00,182.45
2024-06-23 20:00:00,158.53
2024-06-23 21:00:00,119.35
2024-06-23 22:00:00,121.88
2024-06-23 23:00:00,70.57
2024-06-24 00:00:00,73.52
2024-06-24 01:00:00,134.1
2024-06-24 02:00:00,98.77
2024-06-24 03:00:00,107.57
2024-06-24 04:00:00,162.48
2024-06-24 05:00:00,136.13
2024-06-24 06:00:00,155.8
2024-06-24 07:00:00,107.52
2024-06-24 08:00:00,68.95
2024-06-24 09:00:00,41.29
2024-06-24 10:00:00,23.5
2024-06-24 11:00:00,55.38
2024-06-24 12:00:00,73.32
2024-06-24 13:00:00,153.45
2024-06-24 14:00:00,23.94
2024-06-24 15:00:00,62.69
2024-06-24 16:00:00,160.16
2024-06-24 17:00:00,238.79
2024-06-24 22:00:00,26.03
2024-06-24 23:00:00,34.43
2024-06-25 00:00:00,11.88
2024-06-25 01:00:00,11.53
2024-06-25 02:00:00,30.6
2024-06-25 03:00:00,29.42
2024-06-25 04:00:00,27.9
2024-06-25 05:00:00,37.52
2024-06-25 06:00:00,74.82
2024-06-25 07:00:00,125.97
2024-06-25 08:00:00,103.35
2024-06-25 09:00:00,93.0
2024-06-25 10:00:00,93.82
2024-06-25 11:00:00,72.03
2024-06-25 12:00:00,87.75
2024-06-25 13:00:00,84.83
2024-06-25 14:00:00,94.88
2024-06-25 15:00:00,102.75
2024-06-25 16:00:00,78.33
2024-06-25 17:00:00,69.62
2024-06-25 18:00:00,81.68
2024-06-25 19:00:00,64.85
2024-06-25 20:00:00,69.55
2024-06-25 21:00:00,67.57
2024-06-25 22:00:00,60.68
2024-06-25 23:00:00,34.95
2024-06-26 00:00:00,44.7
2024-06-26 01:00:00,36.63
2024-06-26 02:00:00,32.42
2024-06-26 03:00:00,45.6
2024-06-26 04:00:00,45.08
2024-06-26 05:00:00,45.92
2024-06-26 06:00:00,91.83
2024-06-26 07:00:00,57.23
2024-06-26 08:00:00,54.92
2024-06-26 09:00:00,50.25
2024-06-26 10:00:00,48.33
2024-06-26 11:00:00,62.07
2024-06-26 12:00:00,74.27
2024-06-26 13:00:00,51.5
2024-06-26 14:00:00,33.93
2024-06-26 15:00:00,44.12
2024-06-26 16:00:00,69.5
2024-06-26 17:00:00,46.97
2024-06-26 18:00:00,33.68
2024-06-26 19:00:00,28.77
2024-06-26 20:00:00,31.72
2024-06-26 21:00:00,18.38
2024-06-26 22:00:00,17.37
2024-06-26 23:00:00,28.5
2024-06-27 00:00:00,39.27
2024-06-27 01:00:00,39.1
2024-06-27 02:00:00,32.77
2024-06-27 03:00:00,28.63
2024-06-27 04:00:00,38.35
2024-06-27 05:00:00,49.58
2024-06-27 06:00:00,46.42
2024-06-27 07:00:00,37.9
2024-06-27 08:00:00,10.21
2024-06-27 09:00:00,16.15
2024-06-27 10:00:00,5.63
2024-06-27 14:00:00,1.83
2024-06-27 15:00:00,2.7
2024-06-27 16:00:00,18.14
2024-06-27 17:00:00,23.7
2024-06-27 18:00:00,12.87
2024-06-27 19:00:00,15.62
2024-06-27 20:00:00,3.92
2024-06-27 21:00:00,23.07
2024-06-27 22:00:00,25.97
2024-06-27 23:00:00,47.48
2024-06-28 00:00:00,46.33
2024-06-28 01:00:00,76.65
2024-06-28 02:00:00,41.72
2024-06-28 03:00:00,65.44
2024-06-28 23:00:00,9.0
2024-06-29 00:00:00,296.22
2024-06-29 01:00:00,95.83
2024-06-29 02:00:00,61.32
2024-06-29 03:00:00,129.88
2024-06-29 04:00:00,83.32
2024-06-29 05:00:00,58.27
2024-06-29 06:00:00,84.67
2024-06-29 07:00:00,66.82
2024-06-29 08:00:00,60.58
2024-06-29 09:00:00,22.73
2024-06-29 10:00:00,13.25
2024-06-29 11:00:00,22.28
2024-06-29 12:00:00,24.03
2024-06-29 13:00:00,24.35
2024-06-29 14:00:00,32.98
2024-06-29 15:00:00,21.73
2024-06-29 16:00:00,13.65
2024-06-29 17:00:00,3.55
2024-06-29 18:00:00,15.8
2024-06-29 19:00:00,33.05
2024-06-29 20:00:00,39.08
2024-06-29 21:00:00,22.13
2024-06-29 22:00:00,26.75
2024-06-29 23:00:00,38.5
2024-06-30 00:00:00,52.5
2024-06-30 01:00:00,39.97
2024-06-30 02:00:00,43.5
2024-06-30 03:00:00,32.95
2024-06-30 04:00:00,33.27
2024-06-30 05:00:00,29.18
2024-06-30 06:00:00,66.37
2024-06-30 07:00:00,109.63
2024-06-30 08:00:00,89.8
2024-06-30 09:00:00,47.77
2024-06-30 10:00:00,50.11
2024-06-30 14:00:00,17.54
2024-06-30 15:00:00,23.41
2024-06-30 16:00:00,38.17
2024-06-30 17:00:00,45.5
2024-06-30 18:00:00,41.97
2024-06-30 19:00:00,47.42
2024-06-30 20:00:00,47.37
2024-06-30 21:00:00,55.28
2024-06-30 22:00:00,37.42
2024-06-30 23:00:00,27.92
2024-07-01 00:00:00,41.2
2024-07-01 01:00:00,32.18
2024-07-01 02:00:00,36.7
2024-07-01 03:00:00,25.28
2024-07-01 04:00:00,21.88
2024-07-01 05:00:00,24.87
2024-07-01 06:00:00,12.65
2024-07-01 07:00:00,9.63
2024-07-01 08:00:00,23.47
2024-07-01 09:00:00,39.32
2024-07-01 10:00:00,26.68
2024-07-01 11:00:00,24.78
2024-07-01 12:00:00,36.42
2024-07-01 13:00:00,37.87
2024-07-01 14:00:00,43.42
2024-07-01 15:00:00,31.1
2024-07-01 16:00:00,49.5
2024-07-01 17:00:00,50.65
2024-07-01 18:00:00,37.93
2024-07-01 19:00:00,27.53
2024-07-01 20:00:00,22.93
2024-07-01 21:00:00,27.78
2024-07-01 22:00:00,25.5
2024-07-01 23:00:00,28.53
2024-07-02 00:00:00,35.27
2024-07-02 01:00:00,33.53
2024-07-02 02:00:00,32.7
2024-07-02 03:00:00,21.67
2024-07-02 04:00:00,19.9
2024-07-02 05:00:00,22.6
2024-07-02 06:00:00,31.8
2024-07-02 07:00:00,33.9
2024-07-02 08:00:00,73.77
2024-07-02 09:00:00,17.98
2024-07-02 10:00:00,20.62
2024-07-02 11:00:00,25.03
2024-07-02 12:00:00,30.75
2024-07-02 13:00:00,38.62
2024-07-02 14:00:00,38.08
2024-07-02 15:00:00,30.73
2024-07-02 16:00:00,40.57
2024-07-02 17:00:00,48.02
2024-07-02 18:00:00,48.32
2024-07-02 19:00:00,34.5
2024-07-02 20:00:00,25.6
2024-07-02 21:00:00,26.15
2024-07-02 22:00:00,27.97
2024-07-02 23:00:00,22.9
2024-07-03 00:00:00,22.62
2024-07-03 01:00:00,21.57
2024-07-03 02:00:00,24.7
2024-07-03 03:00:00,31.25
2024-07-03 04:00:00,17.75
2024-07-03 05:00:00,18.53
2024-07-03 07:00:00,3.0
2024-07-03 08:00:00,55.58
2024-07-03 09:00:00,71.83
2024-07-03 10:00:00,59.95
2024-07-03 11:00:00,57.2
2024-07-03 12:00:00,52.8
2024-07-03 13:00:00,39.05
2024-07-03 14:00:00,21.83
2024-07-03 15:00:00,0.5
2024-07-03 17:00:00,1.92
2024-07-03 18:00:00,11.85
2024-07-03 19:00:00,20.15
2024-07-03 20:00:00,16.13
2024-07-03 21:00:00,3.92
2024-07-03 22:00:00,14.05
2024-07-03 23:00:00,15.52
2024-07-04 00:00:00,11.53
2024-07-04 01:00:00,14.55
2024-07-04 02:00:00,21.88
2024-07-04 03:00:00,22.62
2024-07-04 04:00:00,14.42
2024-07-04 05:00:00,24.7
2024-07-04 06:00:00,21.05
2024-07-04 07:00:00,30.18
2024-07-04 08:00:00,24.5
2024-07-04 09:00:00,36.55
2024-07-04 10:00:00,32.57
2024-07-04 11:00:00,38.93
2024-07-04 12:00:00,34.88
2024-07-04 13:00:00,13.17
2024-07-04 14:00:00,41.63
2024-07-04 15:00:00,27.0
2024-07-04 19:00:00,0.86
2024-07-04 20:00:00,3.89
2024-07-04 21:00:00,10.42
2024-07-04 22:00:00,18.83
2024-07-04 23:00:00,31.47
2024-07-05 00:00:00,25.05
2024-07-05 01:00:00,18.05
2024-07-05 02:00:00,32.72
2024-07-05 03:00:00,61.2
2024-07-05 04:00:00,84.13
2024-07-05 05:00:00,74.62
2024-07-05 06:00:00,48.83
2024-07-05 07:00:00,50.43
2024-07-05 08:00:00,47.37
2024-07-05 09:00:00,37.62
2024-07-05 10:00:00,25.72
2024-07-05 11:00:00,53.0
2024-07-05 12:00:00,5.58
2024-07-05 13:00:00,14.95
2024-07-05 14:00:00,17.19
2024-07-05 15:00:00,15.02
2024-07-05 16:00:00,20.13
2024-07-05 17:00:00,8.9
2024-07-05 18:00:00,10.51
2024-07-05 19:00:00,10.5
2024-07-05 20:00:00,15.62
2024-07-05 21:00:00,7.07
2024-07-05 22:00:00,14.87
2024-07-05 23:00:00,15.7
2024-07-06 00:00:00,15.37
2024-07-06 01:00:00,15.95
2024-07-06 02:00:00,12.57
2024-07-06 03:00:00,21.0
2024-07-06 04:00:00,15.72
2024-07-06 05:00:00,28.73
2024-07-06 06:00:00,31.28
2024-07-06 07:00:00,28.25
2024-07-06 08:00:00,29.33
2024-07-06 09:00:00,40.88
2024-07-06 10:00:00,36.73
2024-07-06 11:00:00,31.95
2024-07-06 12:00:00,23.22
2024-07-06 13:00:00,26.98
2024-07-06 14:00:00,6.13
2024-07-06 15:00:00,16.07
2024-07-06 16:00:00,33.15
2024-07-06 17:00:00,20.83
2024-07-06 18:00:00,11.77
2024-07-06 19:00:00,10.95
2024-07-06 20:00:00,27.43
2024-07-06 21:00:00,13.27
2024-07-06 22:00:00,7.88
2024-07-06 23:00:00,10.02
2024-07-07 00:00:00,14.15
2024-07-07 01:00:00,18.08
2024-07-07 02:00:00,19.22
2024-07-07 03:00:00,35.58
2024-07-07 04:00:00,23.77
2024-07-07 05:00:00,11.3
2024-07-07 06:00:00,0.0
2024-07-07 07:00:00,8.16
2024-07-07 08:00:00,13.4
2024-07-07 09:00:00,33.67
2024-07-07 10:00:00,11.0
2024-07-07 11:00:00,14.42
2024-07-07 12:00:00,11.57
2024-07-07 13:00:00,22.25
2024-07-07 14:00:00,11.5
2024-07-07 15:00:00,4.4
2024-07-07 16:00:00,4.7
2024-07-07 17:00:00,13.43
2024-07-07 18:00:00,6.05
2024-07-07 19:00:00,8.38
2024-07-07 20:00:00,7.07
2024-07-07 21:00:00,7.28
2024-07-07 22:00:00,11.93
2024-07-08 00:00:00,3.02
2024-07-08 01:00:00,7.57
2024-07-08 02:00:00,13.27
2024-07-08 03:00:00,14.05
2024-07-08 04:00:00,6.63
2024-07-08 05:00:00,18.7
2024-07-08 06:00:00,36.17
2024-07-08 07:00:00,33.75
2024-07-08 08:00:00,12.3
2024-07-08 09:00:00,5.82
2024-07-08 10:00:00,15.65
2024-07-08 11:00:00,18.55
2024-07-08 12:00:00,12.83
2024-07-08 13:00:00,4.92
2024-07-08 14:00:00,13.95
2024-07-08 15:00:00,8.46
2024-07-08 16:00:00,14.1
2024-07-08 17:00:00,16.87
2024-07-08 18:00:00,23.07
2024-07-08 19:00:00,27.7
2024-07-08 20:00:00,28.15
2024-07-08 21:00:00,52.42
2024-07-08 22:00:00,83.2
2024-07-08 23:00:00,46.2
2024-07-09 00:00:00,61.1
2024-07-09 01:00:00,50.85
2024-07-09 02:00:00,35.55
2024-07-09 03:00:00,41.35
2024-07-09 04:00:00,27.58
2024-07-09 05:00:00,28.35
2024-07-09 06:00:00,26.75
2024-07-09 07:00:00,32.32
2024-07-09 08:00:00,22.8
2024-07-09 10:00:00,10.38
2024-07-09 11:00:00,29.43
2024-07-09 12:00:00,36.86
2024-07-09 13:00:00,7.33
2024-07-09 14:00:00,13.6
2024-07-09 15:00:00,22.47
2024-07-09 16:00:00,36.72
2024-07-09 17:00:00,31.02
2024-07-09 18:00:00,25.68
2024-07-09 19:00:00,61.23
2024-07-09 20:00:00,60.95
2024-07-09 21:00:00,62.48
2024-07-09 22:00:00,58.35
2024-07-09 23:00:00,54.13
2024-07-10 00:00:00,69.65
2024-07-10 01:00:00,67.05
2024-07-10 02:00:00,57.92
2024-07-10 03:00:00,58.18
2024-07-10 04:00:00,63.75
2024-07-10 05:00:00,64.52
2024-07-10 06:00:00,138.25
2024-07-10 07:00:00,127.61
2024-07-10 08:00:00,12.0
2024-07-10 09:00:00,28.28
2024-07-10 10:00:00,40.82
2024-07-10 11:00:00,53.5
2024-07-10 12:00:00,48.68
2024-07-10 13:00:00,55.18
2024-07-10 14:00:00,63.18
2024-07-10 15:00:00,15.62
2024-07-10 16:00:00,17.97
2024-07-10 17:00:00,35.1
2024-07-10 18:00:00,43.37
2024-07-10 19:00:00,29.27
2024-07-10 20:00:00,26.85
2024-07-10 21:00:00,34.98
2024-07-10 22:00:00,37.3
2024-07-10 23:00:00,39.35
2024-07-11 00:00:00,46.13
2024-07-11 01:00:00,53.3
2024-07-11 02:00:00,61.02
2024-07-11 03:00:00,54.32
2024-07-11 04:00:00,55.2
2024-07-11 05:00:00,56.72
2024-07-11 06:00:00,48.03
2024-07-11 07:00:00,44.12
2024-07-11 08:00:00,34.02
2024-07-11 09:00:00,27.88
2024-07-11 10:00:00,36.35
2024-07-11 11:00:00,46.57
2024-07-11 12:00:00,44.98
2024-07-11 13:00:00,45.23
2024-07-11 14:00:00,55.45
2024-07-11 15:00:00,50.62
2024-07-11 16:00:00,43.48
2024-07-11 17:00:00,45.35
2024-07-11 18:00:00,44.38
2024-07-11 19:00:00,53.1
2024-07-11 20:00:00,54.25
2024-07-11 21:00:00,70.45
2024-07-11 22:00:00,81.72
2024-07-11 23:00:00,45.72
2024-07-12 00:00:00,36.53
2024-07-12 01:00:00,24.13
2024-07-12 02:00:00,15.52
2024-07-12 03:00:00,20.22
2024-07-12 04:00:00,15.2
2024-07-12 05:00:00,21.3
2024-07-12 06:00:00,18.82
2024-07-12 07:00:00,16.87
2024-07-12 08:00:00,7.87
2024-07-12 09:00:00,20.55
2024-07-12 10:00:00,21.28
2024-07-12 11:00:00,12.67
2024-07-12 15:00:00,0.0
2024-07-12 16:00:00,3.42
2024-07-12 17:00:00,1.0
2024-07-12 18:00:00,4.76
2024-07-12 19:00:00,14.92
2024-07-12 20:00:00,20.12
2024-07-12 21:00:00,31.77
2024-07-12 22:00:00,36.22
2024-07-12 23:00:00,34.5
2024-07-13 00:00:00,33.3
2024-07-13 01:00:00,23.5
2024-07-13 02:00:00,29.87
2024-07-13 03:00:00,33.53
2024-07-13 04:00:00,81.92
2024-07-13 05:00:00,73.85
2024-07-13 06:00:00,34.58
2024-07-13 07:00:00,10.68
2024-07-13 08:00:00,14.23
2024-07-13 09:00:00,16.88
2024-07-13 10:00:00,21.98
2024-07-13 11:00:00,41.72
2024-07-13 12:00:00,54.57
2024-07-13 13:00:00,70.35
2024-07-13 14:00:00,34.83
2024-07-13 15:00:00,24.83
2024-07-13 16:00:00,19.2
2024-07-13 17:00:00,43.48
2024-07-13 18:00:00,47.17
2024-07-13 19:00:00,30.13
2024-07-13 20:00:00,34.28
2024-07-13 21:00:00,50.08
2024-07-13 22:00:00,42.48
2024-07-13 23:00:00,41.62
2024-07-14 00:00:00,34.78
2024-07-14 01:00:00,27.65
2024-07-14 02:00:00,29.42
2024-07-14 03:00:00,31.5
2024-07-14 04:00:00,35.73
2024-07-14 05:00:00,55.55
2024-07-14 06:00:00,57.38
2024-07-14 07:00:00,78.68
2024-07-14 08:00:00,85.92
2024-07-14 09:00:00,97.38
2024-07-14 10:00:00,50.1
2024-07-14 11:00:00,60.32
2024-07-14 12:00:00,49.65
2024-07-14 13:00:00,51.17
2024-07-14 14:00:00,72.83
2024-07-14 15:00:00,57.98
2024-07-14 16:00:00,55.63
2024-07-14 17:00:00,55.83
2024-07-14 18:00:00,77.98
2024-07-14 19:00:00,65.17
2024-07-14 20:00:00,55.93
2024-07-14 21:00:00,44.1
2024-07-14 22:00:00,35.75
2024-07-14 23:00:00,56.37
2024-07-15 00:00:00,49.42
2024-07-15 01:00:00,57.35
2024-07-15 02:00:00,85.35
2024-07-15 03:00:00,47.23
2024-07-15 04:00:00,48.48
2024-07-15 05:00:00,42.72
2024-07-15 06:00:00,50.02
2024-07-15 07:00:00,52.73
2024-07-15 08:00:00,50.12
2024-07-15 09:00:00,33.76
2024-07-15 17:00:00,281.1
2024-07-15 18:00:00,263.0
2024-07-15 19:00:00,13.59
2024-07-15 20:00:00,8.96
2024-07-15 21:00:00,4.93
2024-07-15 22:00:00,26.82
2024-07-15 23:00:00,66.97
2024-07-16 00:00:00,73.5
2024-07-16 01:00:00,49.02
2024-07-16 02:00:00,49.92
2024-07-16 03:00:00,49.15
2024-07-16 04:00:00,39.53
2024-07-16 05:00:00,34.68
2024-07-16 06:00:00,41.43
2024-07-16 07:00:00,45.35
2024-07-16 08:00:00,50.17
2024-07-16 09:00:00,43.35
2024-07-16 10:00:00,34.92
2024-07-16 11:00:00,47.12
2024-07-16 12:00:00,41.97
2024-07-16 13:00:00,24.85
2024-07-16 14:00:00,26.45
2024-07-16 15:00:00,28.7
2024-07-16 16:00:00,43.55
2024-07-16 17:00:00,51.32
2024-07-16 18:00:00,31.68
2024-07-16 19:00:00,33.63
2024-07-16 20:00:00,45.58
2024-07-16 21:00:00,33.98
2024-07-16 22:00:00,32.78
2024-07-16 23:00:00,59.4
2024-07-17 00:00:00,61.75
2024-07-17 01:00:00,62.93
2024-07-17 02:00:00,42.85
2024-07-17 03:00:00,33.0
2024-07-17 04:00:00,33.98
2024-07-17 05:00:00,35.43
2024-07-17 06:00:00,23.85
2024-07-17 07:00:00,11.17
2024-07-17 08:00:00,19.57
2024-07-17 09:00:00,26.57
2024-07-17 10:00:00,37.88
2024-07-17 11:00:00,34.82
2024-07-17 12:00:00,43.5
2024-07-17 13:00:00,34.13
2024-07-17 14:00:00,59.83
2024-07-17 15:00:00,25.23
2024-07-17 16:00:00,20.58
2024-07-17 17:00:00,13.54
2024-07-17 18:00:00,23.53
2024-07-17 19:00:00,23.22
2024-07-17 20:00:00,26.6
2024-07-17 21:00:00,43.62
2024-07-17 22:00:00,57.55
2024-07-17 23:00:00,59.48
2024-07-18 00:00:00,41.55
2024-07-18 01:00:00,43.28
2024-07-18 02:00:00,61.28
2024-07-18 03:00:00,51.05
2024-07-18 04:00:00,35.95
2024-07-18 05:00:00,41.67
2024-07-18 06:00:00,40.5
2024-07-18 07:00:00,41.33
2024-07-18 08:00:00,31.92
2024-07-18 09:00:00,25.38
2024-07-18 10:00:00,50.62
2024-07-18 11:00:00,59.53
2024-07-18 12:00:00,58.45
2024-07-18 13:00:00,41.48
2024-07-18 14:00:00,20.68
2024-07-18 15:00:00,14.7
2024-07-18 16:00:00,12.53
2024-07-18 17:00:00,15.65
2024-07-18 18:00:00,32.83
2024-07-18 19:00:00,49.58
2024-07-18 20:00:00,53.17
2024-07-18 21:00:00,47.25
2024-07-18 22:00:00,66.0
2024-07-18 23:00:00,65.07
2024-07-19 00:00:00,38.62
2024-07-19 01:00:00,44.08
2024-07-19 02:00:00,48.47
2024-07-19 03:00:00,81.18
2024-07-19 04:00:00,76.9
2024-07-19 05:00:00,71.98
2024-07-19 06:00:00,60.3
2024-07-19 07:00:00,39.47
2024-07-19 08:00:00,55.98
2024-07-19 09:00:00,68.3
2024-07-19 10:00:00,50.82
2024-07-19 11:00:00,59.0
2024-07-19 12:00:00,55.87
2024-07-19 13:00:00,99.62
2024-07-19 14:00:00,85.6
2024-07-19 15:00:00,76.2
2024-07-19 16:00:00,44.35
2024-07-19 17:00:00,49.17
2024-07-19 18:00:00,60.87
2024-07-19 19:00:00,50.7
2024-07-19 20:00:00,61.22
2024-07-19 21:00:00,59.98
2024-07-19 22:00:00,36.25
2024-07-19 23:00:00,41.65
2024-07-20 00:00:00,52.18
2024-07-20 01:00:00,42.17
2024-07-20 02:00:00,39.17
2024-07-20 03:00:00,44.23
2024-07-20 04:00:00,35.77
2024-07-20 05:00:00,33.4
2024-07-20 06:00:00,29.65
2024-07-20 07:00:00,36.22
2024-07-20 08:00:00,48.78
2024-07-20 09:00:00,38.8
2024-07-20 10:00:00,57.35
2024-07-20 11:00:00,70.02
2024-07-20 12:00:00,59.1
2024-07-20 13:00:00,57.9
2024-07-20 14:00:00,67.6
2024-07-20 15:00:00,63.05
2024-07-20 16:00:00,77.87
2024-07-20 17:00:00,82.48
2024-07-20 18:00:00,50.08
2024-07-20 19:00:00,38.0
2024-07-20 20:00:00,37.47
2024-07-20 21:00:00,42.63
2024-07-20 22:00:00,41.58
2024-07-20 23:00:00,44.93
2024-07-21 00:00:00,53.78
2024-07-21 01:00:00,63.43
2024-07-21 02:00:00,50.28
2024-07-21 03:00:00,48.05
2024-07-21 04:00:00,40.02
2024-07-21 05:00:00,34.55
2024-07-21 06:00:00,37.45
2024-07-21 07:00:00,25.82
2024-07-21 08:00:00,25.95
2024-07-21 09:00:00,44.65
2024-07-21 10:00:00,50.38
2024-07-21 11:00:00,43.88
2024-07-21 12:00:00,49.55
2024-07-21 13:00:00,67.23
2024-07-21 14:00:00,3.6
2024-07-21 15:00:00,18.93
2024-07-21 16:00:00,27.92
2024-07-21 17:00:00,28.07
2024-07-21 18:00:00,39.5
2024-07-21 19:00:00,35.8
2024-07-21 20:00:00,28.0
2024-07-21 21:00:00,24.0
2024-07-21 22:00:00,33.65
2024-07-21 23:00:00,34.4
2024-07-22 00:00:00,24.5
2024-07-22 01:00:00,35.1
2024-07-22 02:00:00,35.18
2024-07-22 03:00:00,23.88
2024-07-22 04:00:00,20.53
2024-07-22 05:00:00,29.05
2024-07-22 06:00:00,31.25
2024-07-22 07:00:00,38.67
2024-07-22 08:00:00,44.98
2024-07-22 09:00:00,41.95
2024-07-22 10:00:00,50.08
2024-07-22 11:00:00,50.65
2024-07-22 12:00:00,19.52
2024-07-22 13:00:00,65.95
2024-07-22 14:00:00,204.6
2024-07-22 15:00:00,3.71
2024-07-22 16:00:00,9.47
2024-07-22 17:00:00,28.32
2024-07-22 18:00:00,36.77
2024-07-22 19:00:00,33.27
2024-07-22 20:00:00,19.2
2024-07-22 21:00:00,30.53
2024-07-22 22:00:00,71.0
2024-07-22 23:00:00,101.92
2024-07-23 00:00:00,112.7
2024-07-23 01:00:00,131.67
2024-07-23 02:00:00,58.82
2024-07-23 03:00:00,30.37
2024-07-23 04:00:00,24.03
2024-07-23 05:00:00,29.63
2024-07-23 06:00:00,30.68
2024-07-23 07:00:00,26.37
2024-07-23 08:00:00,49.43
2024-07-23 09:00:00,38.25
2024-07-23 10:00:00,32.78
2024-07-23 11:00:00,46.52
2024-07-23 12:00:00,34.23
2024-07-23 13:00:00,35.82
2024-07-23 14:00:00,35.22
2024-07-23 15:00:00,15.33
2024-07-23 16:00:00,43.9
2024-07-23 17:00:00,51.97
2024-07-23 18:00:00,39.9
2024-07-23 19:00:00,41.88
2024-07-23 20:00:00,53.38
2024-07-23 21:00:00,52.92
2024-07-23 22:00:00,33.87
2024-07-23 23:00:00,24.83
2024-07-24 00:00:00,51.15
2024-07-24 01:00:00,61.22
2024-07-24 02:00:00,46.12
2024-07-24 03:00:00,62.28
2024-07-24 04:00:00,33.03
2024-07-24 05:00:00,18.9
2024-07-24 06:00:00,33.93
2024-07-24 07:00:00,20.45
2024-07-24 08:00:00,7.68
2024-07-24 09:00:00,23.27
2024-07-24 10:00:00,27.93
2024-07-24 11:00:00,20.05
2024-07-24 12:00:00,47.6
2024-07-24 13:00:00,65.85
2024-07-24 14:00:00,78.33
2024-07-24 15:00:00,54.7
2024-07-24 16:00:00,34.92
2024-07-24 17:00:00,11.38
2024-07-24 18:00:00,12.8
2024-07-24 19:00:00,21.0
2024-07-24 20:00:00,24.07
2024-07-24 21:00:00,52.65
2024-07-24 22:00:00,83.07
2024-07-24 23:00:00,73.7
2024-07-25 00:00:00,75.17
2024-07-25 01:00:00,73.88
2024-07-25 02:00:00,36.63
2024-07-25 03:00:00,24.08
2024-07-25 04:00:00,21.82
2024-07-25 05:00:00,26.05
2024-07-25 06:00:00,42.43
2024-07-25 07:00:00,40.53
2024-07-25 08:00:00,1.31
2024-07-25 09:00:00,5.69
2024-07-25 10:00:00,14.32
2024-07-25 11:00:00,39.77
2024-07-25 12:00:00,38.63
2024-07-25 13:00:00,29.58
2024-07-25 14:00:00,32.93
2024-07-25 15:00:00,45.73
2024-07-25 16:00:00,42.97
2024-07-25 17:00:00,55.17
2024-07-25 18:00:00,46.08
2024-07-25 19:00:00,36.63
2024-07-25 20:00:00,29.48
2024-07-25 21:00:00,26.82
2024-07-25 22:00:00,28.98
2024-07-25 23:00:00,25.07
2024-07-26 00:00:00,23.82
2024-07-26 01:00:00,15.15
2024-07-26 02:00:00,19.98
2024-07-26 03:00:00,36.67
2024-07-26 04:00:00,33.5
2024-07-26 05:00:00,33.0
2024-07-26 06:00:00,28.13
2024-07-26 08:00:00,9.08
2024-07-26 09:00:00,21.4
2024-07-26 10:00:00,25.4
2024-07-26 11:00:00,38.18
2024-07-26 12:00:00,50.83
2024-07-26 13:00:00,43.42
2024-07-26 14:00:00,66.98
2024-07-26 15:00:00,71.38
2024-07-26 16:00:00,74.22
2024-07-26 17:00:00,57.18
2024-07-26 18:00:00,55.53
2024-07-26 19:00:00,59.13
2024-07-26 20:00:00,80.52
2024-07-26 21:00:00,71.2
2024-07-26 22:00:00,68.13
2024-07-26 23:00:00,82.62
2024-07-27 00:00:00,67.13
2024-07-27 01:00:00,36.88
2024-07-27 02:00:00,46.77
2024-07-27 03:00:00,42.75
2024-07-27 04:00:00,38.67
2024-07-27 05:00:00,33.85
2024-07-27 06:00:00,38.3
2024-07-27 07:00:00,27.08
2024-07-27 08:00:00,44.47
2024-07-27 09:00:00,31.23
2024-07-27 10:00:00,38.15
2024-07-27 11:00:00,27.5
2024-07-27 12:00:00,55.07
2024-07-27 13:00:00,84.23
2024-07-27 14:00:00,36.45
2024-07-27 15:00:00,38.95
2024-07-27 16:00:00,27.6
2024-07-27 17:00:00,31.92
2024-07-27 18:00:00,46.13
2024-07-27 19:00:00,9.55
2024-07-27 20:00:00,3.4
2024-07-27 21:00:00,6.52
2024-07-27 22:00:00,29.3
2024-07-27 23:00:00,47.72
2024-07-28 00:00:00,37.18
2024-07-28 01:00:00,30.85
2024-07-28 02:00:00,23.08
2024-07-28 03:00:00,18.48
2024-07-28 04:00:00,20.48
2024-07-28 05:00:00,26.58
2024-07-28 06:00:00,26.27
2024-07-28 07:00:00,70.08
2024-07-28 08:00:00,81.33
2024-07-28 09:00:00,75.77
2024-07-28 10:00:00,45.78
2024-07-28 11:00:00,34.6
2024-07-28 12:00:00,16.87
2024-07-28 13:00:00,16.1
2024-07-28 14:00:00,13.86
2024-07-28 15:00:00,35.23
2024-07-28 16:00:00,20.2
2024-07-28 17:00:00,18.18
2024-07-28 18:00:00,21.53
2024-07-28 19:00:00,20.42
2024-07-28 20:00:00,17.67
2024-07-28 21:00:00,15.77
2024-07-28 22:00:00,15.45
2024-07-28 23:00:00,12.73
2024-07-29 00:00:00,16.7
2024-07-29 01:00:00,26.85
2024-07-29 02:00:00,12.57
2024-07-29 03:00:00,21.95
2024-07-29 04:00:00,19.95
2024-07-29 05:00:00,31.52
2024-07-29 06:00:00,61.68
2024-07-29 07:00:00,36.08
2024-07-29 08:00:00,20.57
2024-07-29 09:00:00,28.2
2024-07-29 10:00:00,37.27
2024-07-29 11:00:00,34.42
2024-07-29 12:00:00,38.95
2024-07-29 13:00:00,29.42
2024-07-29 14:00:00,60.37
2024-07-29 15:00:00,69.52
2024-07-29 16:00:00,61.25
2024-07-29 17:00:00,25.95
2024-07-29 18:00:00,24.48
2024-07-29 19:00:00,27.2
2024-07-29 20:00:00,16.3
2024-07-29 21:00:00,25.1
2024-07-29 22:00:00,32.73
2024-07-29 23:00:00,24.95
2024-07-30 00:00:00,33.22
2024-07-30 01:00:00,32.93
2024-07-30 02:00:00,29.2
2024-07-30 03:00:00,30.32
2024-07-30 04:00:00,30.25
2024-07-30 05:00:00,31.27
2024-07-30 06:00:00,32.82
2024-07-30 07:00:00,31.67
2024-07-30 08:00:00,28.42
2024-07-30 09:00:00,25.72
2024-07-30 10:00:00,36.33
2024-07-30 11:00:00,38.45
2024-07-30 12:00:00,43.4
2024-07-30 13:00:00,36.43
2024-07-30 14:00:00,22.0
2024-07-30 15:00:00,45.83
2024-07-30 16:00:00,60.33
2024-07-30 17:00:00,55.77
2024-07-30 18:00:00,52.47
2024-07-30 19:00:00,61.07
2024-07-30 20:00:00,42.63
2024-07-30 21:00:00,33.57
2024-07-30 22:00:00,28.93
2024-07-30 23:00:00,39.9
2024-07-31 00:00:00,35.35
2024-07-31 01:00:00,38.6
2024-07-31 02:00:00,32.68
2024-07-31 03:00:00,29.68
2024-07-31 04:00:00,32.65
2024-07-31 05:00:00,41.68
2024-07-31 06:00:00,48.4
2024-07-31 07:00:00,37.18
2024-07-31 08:00:00,36.07
2024-07-31 09:00:00,27.28
2024-07-31 10:00:00,28.48
2024-07-31 11:00:00,29.27
2024-07-31 12:00:00,34.62
2024-07-31 13:00:00,34.98
2024-07-31 14:00:00,36.0
2024-07-31 15:00:00,36.0
2024-07-31 16:00:00,36.0
2024-07-31 17:00:00,36.0
2024-07-31 18:00:00,36.0
2024-07-31 19:00:00,36.0
2024-07-31 20:00:00,36.0
2024-07-31 21:00:00,36.0
2024-07-31 22:00:00,36.0
2024-07-31 23:00:00,36.0
2024-08-01 00:00:00,36.0
2024-08-01 01:00:00,36.0
2024-08-01 02:00:00,36.0
2024-08-01 03:00:00,36.0
2024-08-01 04:00:00,36.0
2024-08-01 05:00:00,36.0
2024-08-01 06:00:00,36.0
2024-08-01 07:00:00,36.0
2024-08-01 08:00:00,25.37
2024-08-01 09:00:00,6.47
2024-08-02 11:00:00,167.88
2024-08-02 12:00:00,141.15
2024-08-02 13:00:00,93.6
2024-08-02 14:00:00,44.18
2024-08-02 15:00:00,38.55
2024-08-02 16:00:00,44.15
2024-08-02 17:00:00,38.92
2024-08-02 18:00:00,45.33
2024-08-02 19:00:00,48.17
2024-08-02 20:00:00,61.43
2024-08-02 21:00:00,48.9
2024-08-02 22:00:00,21.77
2024-08-02 23:00:00,8.55
2024-08-03 00:00:00,22.48
2024-08-03 01:00:00,25.27
2024-08-03 02:00:00,22.3
2024-08-03 03:00:00,19.58
2024-08-03 04:00:00,16.92
2024-08-03 05:00:00,13.72
2024-08-03 06:00:00,22.87
2024-08-03 07:00:00,27.78
2024-08-03 08:00:00,20.55
2024-08-03 09:00:00,18.02
2024-08-03 10:00:00,21.73
2024-08-03 11:00:00,20.95
2024-08-03 12:00:00,14.53
2024-08-03 13:00:00,22.0
2024-08-03 14:00:00,11.22
2024-08-03 15:00:00,27.73
2024-08-03 16:00:00,27.73
2024-08-03 17:00:00,18.92
2024-08-03 18:00:00,23.35
2024-08-03 19:00:00,16.7
2024-08-03 20:00:00,4.93
2024-08-03 21:00:00,15.18
2024-08-03 22:00:00,7.18
2024-08-03 23:00:00,13.59
2024-08-04 00:00:00,18.32
2024-08-04 01:00:00,25.82
2024-08-04 02:00:00,25.7
2024-08-04 03:00:00,30.82
2024-08-04 04:00:00,21.58
2024-08-04 05:00:00,26.4
2024-08-04 06:00:00,16.7
2024-08-04 07:00:00,14.4
2024-08-04 08:00:00,17.58
2024-08-04 09:00:00,14.28
2024-08-04 10:00:00,12.37
2024-08-04 11:00:00,22.22
2024-08-04 12:00:00,19.52
2024-08-04 13:00:00,12.03
2024-08-04 14:00:00,6.57
2024-08-04 15:00:00,8.63
2024-08-04 16:00:00,20.85
2024-08-04 17:00:00,19.53
2024-08-04 18:00:00,23.3
2024-08-04 19:00:00,21.05
2024-08-04 20:00:00,17.4
2024-08-04 21:00:00,17.14
2024-08-04 22:00:00,5.89
2024-08-04 23:00:00,29.17
2024-08-05 00:00:00,60.07
2024-08-05 01:00:00,20.47
2024-08-05 02:00:00,34.35
2024-08-05 03:00:00,23.17
2024-08-05 04:00:00,28.5
2024-08-05 05:00:00,40.63
2024-08-05 06:00:00,18.67
2024-08-05 07:00:00,24.58
2024-08-05 08:00:00,21.78
2024-08-05 09:00:00,22.42
2024-08-05 10:00:00,13.18
2024-08-05 11:00:00,17.05
2024-08-05 12:00:00,23.38
2024-08-05 13:00:00,7.7
2024-08-05 14:00:00,15.15
2024-08-05 15:00:00,18.93
2024-08-05 16:00:00,21.12
2024-08-05 17:00:00,21.9
2024-08-05 18:00:00,21.97
2024-08-05 19:00:00,24.2
2024-08-05 20:00:00,17.95
2024-08-05 21:00:00,31.67
2024-08-06 13:00:00,28.42
2024-08-06 14:00:00,32.54
2024-08-06 15:00:00,24.09
2024-08-06 16:00:00,12.92
2024-08-06 17:00:00,12.82
2024-08-06 18:00:00,4.54
2024-08-06 19:00:00,6.16
2024-08-06 20:00:00,2.41
2024-08-06 21:00:00,6.14
2024-08-06 22:00:00,11.05
2024-08-06 23:00:00,14.73
2024-08-07 00:00:00,6.28
2024-08-07 01:00:00,6.86
2024-08-07 02:00:00,12.17
2024-08-07 03:00:00,6.1
2024-08-07 04:00:00,10.27
2024-08-07 05:00:00,7.65
2024-08-07 06:00:00,9.93
2024-08-07 07:00:00,3.66
2024-08-07 08:00:00,14.58
2024-08-07 09:00:00,20.18
2024-08-07 10:00:00,12.41
2024-08-07 11:00:00,13.82
2024-08-07 12:00:00,29.03
2024-08-07 13:00:00,24.7
2024-08-07 14:00:00,23.28
2024-08-07 15:00:00,7.98
2024-08-07 16:00:00,45.67
2024-08-07 17:00:00,14.91
2024-08-07 18:00:00,8.24
2024-08-07 19:00:00,7.53
2024-08-07 20:00:00,8.57
2024-08-07 21:00:00,16.45
2024-08-07 22:00:00,15.18
2024-08-07 23:00:00,19.6
2024-08-08 00:00:00,27.83
2024-08-08 01:00:00,26.92
2024-08-08 02:00:00,16.0
2024-08-08 03:00:00,19.08
2024-08-08 04:00:00,30.6
2024-08-08 05:00:00,18.35
2024-08-08 06:00:00,17.6
2024-08-08 07:00:00,13.53
2024-08-08 08:00:00,10.72
2024-08-08 09:00:00,12.53
2024-08-08 10:00:00,20.67
2024-08-08 11:00:00,19.93
2024-08-08 12:00:00,24.18
2024-08-08 13:00:00,14.9
2024-08-08 14:00:00,17.32
2024-08-08 15:00:00,30.97
2024-08-08 16:00:00,9.48
2024-08-08 17:00:00,12.77
2024-08-08 18:00:00,16.67
2024-08-08 19:00:00,16.9
2024-08-08 20:00:00,10.33
2024-08-08 21:00:00,11.68
2024-08-08 22:00:00,14.55
2024-08-08 23:00:00,9.13
2024-08-09 00:00:00,23.17
2024-08-09 01:00:00,29.95
2024-08-09 02:00:00,30.52
2024-08-09 03:00:00,41.0
2024-08-09 04:00:00,42.18
2024-08-09 05:00:00,41.43
2024-08-09 06:00:00,60.75
2024-08-09 07:00:00,28.62
2024-08-09 08:00:00,21.72
2024-08-09 09:00:00,30.9
2024-08-09 10:00:00,29.97
2024-08-09 11:00:00,27.38
2024-08-09 12:00:00,30.72
2024-08-09 13:00:00,8.41
2024-08-09 14:00:00,20.32
2024-08-09 15:00:00,52.0
2024-08-09 16:00:00,55.73
2024-08-09 17:00:00,8.78
2024-08-09 18:00:00,4.07
2024-08-09 19:00:00,6.72
2024-08-09 20:00:00,14.6
2024-08-09 21:00:00,15.23
2024-08-09 22:00:00,20.72
2024-08-09 23:00:00,21.85
2024-08-10 00:00:00,22.22
2024-08-10 01:00:00,70.2
2024-08-10 02:00:00,71.05
2024-08-10 03:00:00,29.47
2024-08-10 04:00:00,28.35
2024-08-10 05:00:00,64.58
2024-08-10 06:00:00,38.18
2024-08-10 07:00:00,32.77
2024-08-10 08:00:00,40.72
2024-08-10 09:00:00,31.13
2024-08-10 10:00:00,28.13
2024-08-10 11:00:00,33.03
2024-08-10 12:00:00,47.72
2024-08-10 13:00:00,37.75
2024-08-10 14:00:00,45.2
2024-08-10 15:00:00,25.14
2024-08-10 16:00:00,10.69
2024-08-10 17:00:00,24.42
2024-08-10 18:00:00,24.87
2024-08-10 19:00:00,18.57
2024-08-10 20:00:00,12.82
2024-08-10 21:00:00,15.33
2024-08-10 22:00:00,37.23
2024-08-10 23:00:00,31.22
2024-08-11 00:00:00,25.4
2024-08-11 01:00:00,31.73
2024-08-11 02:00:00,31.67
2024-08-11 03:00:00,31.97
2024-08-11 04:00:00,36.6
2024-08-11 05:00:00,45.37
2024-08-11 06:00:00,32.93
2024-08-11 07:00:00,30.6
2024-08-11 08:00:00,26.83
2024-08-11 09:00:00,25.03
2024-08-11 10:00:00,23.57
2024-08-11 11:00:00,12.43
2024-08-11 12:00:00,11.85
2024-08-11 13:00:00,13.12
2024-08-11 14:00:00,37.15
2024-08-11 15:00:00,31.65
2024-08-11 16:00:00,27.6
2024-08-11 17:00:00,6.38
2024-08-11 19:00:00,8.41
2024-08-11 20:00:00,10.4
2024-08-11 21:00:00,18.33
2024-08-11 22:00:00,28.4
2024-08-11 23:00:00,51.25
2024-08-12 00:00:00,29.9
2024-08-12 01:00:00,50.23
2024-08-12 02:00:00,24.4
2024-08-12 03:00:00,23.07
2024-08-12 04:00:00,17.73
2024-08-12 05:00:00,22.25
2024-08-12 06:00:00,21.65
2024-08-12 07:00:00,25.73
2024-08-12 08:00:00,39.47
2024-08-12 09:00:00,37.32
2024-08-12 10:00:00,37.05
2024-08-12 11:00:00,34.2
2024-08-12 12:00:00,44.15
2024-08-12 13:00:00,18.93
2024-08-12 14:00:00,20.67
2024-08-12 15:00:00,17.12
2024-08-12 16:00:00,32.07
2024-08-12 17:00:00,34.08
2024-08-12 18:00:00,30.08
2024-08-12 19:00:00,37.83
2024-08-12 20:00:00,49.0
2024-08-12 21:00:00,38.82
2024-08-12 22:00:00,43.02
2024-08-12 23:00:00,20.24
2024-08-13 00:00:00,10.32
2024-08-13 01:00:00,24.7
2024-08-13 02:00:00,23.23
2024-08-13 03:00:00,40.63
2024-08-13 04:00:00,37.3
2024-08-13 05:00:00,29.32
2024-08-13 06:00:00,40.87
2024-08-13 07:00:00,20.17
2024-08-13 08:00:00,27.67
2024-08-13 09:00:00,25.73
2024-08-13 10:00:00,13.7
2024-08-13 11:00:00,24.73
2024-08-13 12:00:00,26.05
2024-08-13 13:00:00,36.77
2024-08-13 14:00:00,21.68
2024-08-13 15:00:00,17.72
2024-08-13 16:00:00,33.87
2024-08-13 17:00:00,68.91
2024-08-13 19:00:00,18.3
2024-08-13 20:00:00,38.98
2024-08-13 21:00:00,40.43
2024-08-13 22:00:00,34.85
2024-08-13 23:00:00,41.38
2024-08-14 00:00:00,43.47
2024-08-14 01:00:00,20.08
2024-08-14 02:00:00,17.8
2024-08-14 03:00:00,58.5
2024-08-14 04:00:00,51.08
2024-08-14 05:00:00,90.42
2024-08-14 06:00:00,52.12
2024-08-14 08:00:00,21.17
2024-08-14 09:00:00,25.05
2024-08-14 10:00:00,47.73
2024-08-14 11:00:00,38.07
2024-08-14 12:00:00,25.82
2024-08-14 13:00:00,4.36
2024-08-14 14:00:00,4.51
2024-08-14 15:00:00,22.75
2024-08-14 16:00:00,36.98
2024-08-14 17:00:00,42.08
2024-08-14 18:00:00,35.7
2024-08-14 19:00:00,18.92
2024-08-14 20:00:00,11.25
2024-08-14 21:00:00,4.33
2024-08-14 22:00:00,5.32
2024-08-14 23:00:00,24.07
2024-08-15 00:00:00,33.05
2024-08-15 01:00:00,52.82
2024-08-15 02:00:00,30.3
2024-08-15 03:00:00,27.58
2024-08-15 04:00:00,14.85
2024-08-15 05:00:00,7.8
2024-08-15 06:00:00,8.43
2024-08-15 07:00:00,11.27
2024-08-15 08:00:00,36.0
2024-08-15 09:00:00,50.6
2024-08-15 10:00:00,39.07
2024-08-15 11:00:00,38.07
2024-08-15 12:00:00,33.95
2024-08-15 13:00:00,7.61
2024-08-15 14:00:00,13.78
2024-08-15 15:00:00,21.87
2024-08-15 16:00:00,7.87
2024-08-15 17:00:00,43.23
2024-08-15 18:00:00,48.08
2024-08-15 19:00:00,46.03
2024-08-15 20:00:00,41.53
2024-08-15 21:00:00,23.43
2024-08-15 23:00:00,4.73
2024-08-16 00:00:00,5.57
2024-08-16 01:00:00,30.35
2024-08-16 02:00:00,37.98
2024-08-16 03:00:00,35.45
2024-08-16 04:00:00,32.1
2024-08-16 05:00:00,28.4
2024-08-16 06:00:00,31.73
2024-08-16 07:00:00,32.85
2024-08-16 08:00:00,41.1
2024-08-16 09:00:00,16.7
2024-08-16 10:00:00,34.2
2024-08-16 11:00:00,43.2
2024-08-16 12:00:00,29.93
2024-08-16 13:00:00,29.28
2024-08-16 14:00:00,38.45
2024-08-16 15:00:00,39.98
2024-08-16 16:00:00,22.28
2024-08-16 17:00:00,12.8
2024-08-16 18:00:00,10.95
2024-08-16 19:00:00,5.02
2024-08-16 20:00:00,8.75
2024-08-16 21:00:00,12.17
2024-08-16 22:00:00,11.63
2024-08-16 23:00:00,5.14
2024-08-17 00:00:00,8.43
2024-08-17 01:00:00,0.14
2024-08-17 02:00:00,13.55
2024-08-17 03:00:00,35.2
2024-08-17 04:00:00,22.27
2024-08-17 05:00:00,19.17
2024-08-17 06:00:00,17.83
2024-08-17 07:00:00,20.88
2024-08-17 08:00:00,13.8
2024-08-17 09:00:00,23.95
2024-08-17 10:00:00,60.1
2024-08-17 11:00:00,67.92
2024-08-17 12:00:00,71.65
2024-08-17 13:00:00,49.92
2024-08-17 14:00:00,53.67
2024-08-17 15:00:00,26.5
2024-08-17 16:00:00,15.68
2024-08-17 17:00:00,12.1
2024-08-17 18:00:00,4.19
2024-08-17 19:00:00,16.53
2024-08-17 20:00:00,44.05
2024-08-17 21:00:00,51.72
2024-08-17 22:00:00,38.17
2024-08-17 23:00:00,33.67
2024-08-18 00:00:00,32.77
2024-08-18 01:00:00,29.23
2024-08-18 02:00:00,30.53
2024-08-18 03:00:00,30.4
2024-08-18 04:00:00,50.33
2024-08-18 05:00:00,40.47
2024-08-18 06:00:00,30.4
2024-08-18 07:00:00,29.22
2024-08-18 08:00:00,24.23
2024-08-18 09:00:00,12.53
2024-08-18 10:00:00,14.32
2024-08-18 11:00:00,18.1
2024-08-18 12:00:00,94.68
2024-08-18 13:00:00,19.06
2024-08-18 14:00:00,20.6
2024-08-18 15:00:00,18.85
2024-08-18 16:00:00,23.83
2024-08-18 17:00:00,10.57
2024-08-18 18:00:00,5.48
2024-08-18 19:00:00,9.72
2024-08-18 20:00:00,19.23
2024-08-18 21:00:00,43.32
2024-08-18 22:00:00,38.22
2024-08-18 23:00:00,50.25
2024-08-19 00:00:00,27.87
2024-08-19 01:00:00,26.03
2024-08-19 02:00:00,21.28
2024-08-19 03:00:00,25.18
2024-08-19 04:00:00,29.08
2024-08-19 05:00:00,39.88
2024-08-19 06:00:00,37.33
2024-08-19 07:00:00,32.48
2024-08-19 08:00:00,30.57
2024-08-19 09:00:00,16.25
2024-08-19 10:00:00,16.72
2024-08-19 11:00:00,19.42
2024-08-19 12:00:00,24.02
2024-08-19 13:00:00,26.33
2024-08-19 14:00:00,44.7
2024-08-19 15:00:00,28.95
2024-08-19 16:00:00,9.95
2024-08-19 17:00:00,35.28
2024-08-19 18:00:00,49.43
2024-08-19 19:00:00,0.75
2024-08-19 20:00:00,4.5
2024-08-19 21:00:00,14.95
2024-08-19 22:00:00,41.4
2024-08-19 23:00:00,29.23
2024-08-20 00:00:00,20.27
2024-08-20 01:00:00,16.15
2024-08-20 02:00:00,17.98
2024-08-20 03:00:00,9.17
2024-08-20 04:00:00,2.32
2024-08-20 05:00:00,7.66
2024-08-20 06:00:00,26.18
2024-08-20 07:00:00,21.25
2024-08-20 09:00:00,8.36
2024-08-20 10:00:00,6.15
2024-08-20 11:00:00,21.6
2024-08-20 12:00:00,24.23
2024-08-20 13:00:00,20.28
2024-08-20 14:00:00,4.44
2024-08-20 15:00:00,14.18
2024-08-20 16:00:00,23.0
2024-08-20 17:00:00,29.63
2024-08-20 18:00:00,40.75
2024-08-20 19:00:00,33.92
2024-08-20 20:00:00,41.83
2024-08-20 21:00:00,27.43
2024-08-20 22:00:00,13.78
2024-08-20 23:00:00,9.52
2024-08-21 00:00:00,9.28
2024-08-21 01:00:00,14.58
2024-08-21 02:00:00,35.73
2024-08-21 03:00:00,16.72
2024-08-21 04:00:00,16.73
2024-08-21 05:00:00,12.22
2024-08-21 06:00:00,16.73
2024-08-21 07:00:00,9.98
2024-08-21 08:00:00,18.2
2024-08-21 09:00:00,22.03
2024-08-21 10:00:00,50.02
2024-08-21 11:00:00,53.45
2024-08-21 12:00:00,38.5
2024-08-21 13:00:00,27.02
2024-08-21 14:00:00,36.12
2024-08-21 15:00:00,69.33
2024-08-21 16:00:00,52.8
2024-08-21 17:00:00,35.13
2024-08-21 18:00:00,42.3
2024-08-21 19:00:00,19.52
2024-08-21 20:00:00,20.13
2024-08-21 21:00:00,12.67
2024-08-21 22:00:00,12.1
2024-08-21 23:00:00,19.18
2024-08-22 00:00:00,20.02
2024-08-22 01:00:00,18.9
2024-08-22 02:00:00,18.03
2024-08-22 03:00:00,28.68
2024-08-22 04:00:00,20.1
2024-08-22 05:00:00,22.25
2024-08-22 06:00:00,21.07
2024-08-22 07:00:00,24.65
2024-08-22 08:00:00,19.95
2024-08-22 09:00:00,14.03
2024-08-22 10:00:00,23.68
2024-08-22 11:00:00,45.5
2024-08-22 12:00:00,45.92
2024-08-22 13:00:00,39.47
2024-08-22 14:00:00,46.12
2024-08-22 15:00:00,33.87
2024-08-22 16:00:00,32.25
2024-08-22 17:00:00,36.92
2024-08-22 18:00:00,32.27
2024-08-22 19:00:00,24.82
2024-08-22 20:00:00,31.08
2024-08-22 21:00:00,13.28
2024-08-22 22:00:00,9.73
2024-08-22 23:00:00,8.11
2024-08-23 00:00:00,13.95
2024-08-23 01:00:00,9.76
2024-08-23 02:00:00,6.71
2024-08-23 03:00:00,10.23
2024-08-23 04:00:00,24.65
2024-08-23 05:00:00,21.82
2024-08-23 06:00:00,26.28
2024-08-23 07:00:00,24.02
2024-08-23 08:00:00,33.05
2024-08-23 09:00:00,31.83
2024-08-23 10:00:00,76.39
2024-08-24 00:00:00,4.68
2024-08-24 01:00:00,6.6
2024-08-24 02:00:00,22.17
2024-08-24 03:00:00,29.2
2024-08-24 04:00:00,25.75
2024-08-24 05:00:00,41.33
2024-08-24 06:00:00,57.52
2024-08-24 07:00:00,81.68
2024-08-24 08:00:00,112.35
2024-08-24 09:00:00,105.3
2024-08-24 10:00:00,82.58
2024-08-24 11:00:00,22.07
2024-08-24 12:00:00,28.83
2024-08-24 13:00:00,35.58
2024-08-24 14:00:00,52.1
2024-08-24 15:00:00,24.75
2024-08-24 16:00:00,38.48
2024-08-24 17:00:00,19.68
2024-08-24 18:00:00,21.98
2024-08-24 19:00:00,25.97
2024-08-24 20:00:00,25.8
2024-08-24 21:00:00,30.57
2024-08-24 22:00:00,53.52
2024-08-24 23:00:00,45.72
2024-08-25 00:00:00,75.23
2024-08-25 01:00:00,47.83
2024-08-25 02:00:00,26.67
2024-08-25 03:00:00,1.93
2024-08-25 04:00:00,23.3
2024-08-25 05:00:00,36.27
2024-08-25 06:00:00,14.37
2024-08-25 07:00:00,36.53
2024-08-25 08:00:00,28.37
2024-08-25 09:00:00,25.68
2024-08-25 10:00:00,30.73
2024-08-25 11:00:00,35.95
2024-08-25 12:00:00,19.85
2024-08-25 13:00:00,10.7
2024-08-25 14:00:00,8.61
2024-08-25 15:00:00,31.53
2024-08-25 16:00:00,23.85
2024-08-25 17:00:00,12.92
2024-08-25 18:00:00,14.2
2024-08-25 19:00:00,26.0
2024-08-25 20:00:00,16.47
2024-08-25 21:00:00,16.85
2024-08-25 22:00:00,14.72
2024-08-25 23:00:00,10.96
2024-08-26 00:00:00,26.53
2024-08-26 01:00:00,15.3
2024-08-26 02:00:00,19.2
2024-08-26 03:00:00,20.95
2024-08-26 04:00:00,21.2
2024-08-26 05:00:00,16.4
2024-08-26 06:00:00,29.33
2024-08-26 07:00:00,49.5
2024-08-26 08:00:00,44.18
2024-08-26 09:00:00,28.52
2024-08-26 10:00:00,26.72
2024-08-26 11:00:00,28.75
2024-08-26 12:00:00,40.12
2024-08-26 13:00:00,41.02
2024-08-26 14:00:00,16.7
2024-08-26 15:00:00,14.43
2024-08-26 16:00:00,33.15
2024-08-26 17:00:00,21.57
2024-08-26 18:00:00,21.92
2024-08-26 19:00:00,19.48
2024-08-26 20:00:00,34.27
2024-08-26 21:00:00,24.15
2024-08-26 22:00:00,19.97
2024-08-26 23:00:00,16.7
2024-08-27 00:00:00,16.28
2024-08-27 01:00:00,18.42
2024-08-27 02:00:00,10.37
2024-08-27 03:00:00,18.55
2024-08-27 04:00:00,25.33
2024-08-27 05:00:00,26.38
2024-08-27 06:00:00,11.63
2024-08-27 07:00:00,18.92
2024-08-27 08:00:00,17.17
2024-08-27 09:00:00,29.23
2024-08-27 10:00:00,28.25
2024-08-27 11:00:00,14.93
2024-08-27 12:00:00,13.87
2024-08-27 13:00:00,16.07
2024-08-27 14:00:00,6.78
2024-08-27 15:00:00,12.45
2024-08-27 16:00:00,14.65
2024-08-27 17:00:00,21.93
2024-08-27 18:00:00,22.08
2024-08-27 19:00:00,14.55
2024-08-27 20:00:00,15.02
2024-08-27 21:00:00,21.92
2024-08-27 22:00:00,15.0
2024-08-27 23:00:00,1.47
2024-08-28 00:00:00,12.75
2024-08-28 01:00:00,18.88
2024-08-28 02:00:00,44.72
2024-08-28 03:00:00,82.92
2024-08-28 04:00:00,8.73
2024-08-28 05:00:00,4.43
2024-08-28 06:00:00,8.67
2024-08-28 07:00:00,7.81
2024-08-28 08:00:00,9.16
2024-08-28 09:00:00,15.23
2024-08-28 10:00:00,24.7
2024-08-28 11:00:00,42.32
2024-08-28 12:00:00,18.63
2024-08-28 13:00:00,22.38
2024-08-28 14:00:00,32.8
2024-08-28 15:00:00,21.85
2024-08-28 16:00:00,22.78
2024-08-28 17:00:00,19.2
2024-08-28 18:00:00,12.77
2024-08-28 19:00:00,24.72
2024-08-28 20:00:00,20.87
2024-08-28 21:00:00,24.37
2024-08-28 22:00:00,23.0
2024-08-28 23:00:00,44.43
2024-08-29 00:00:00,50.32
2024-08-29 01:00:00,61.78
2024-08-29 02:00:00,14.51
2024-08-29 03:00:00,25.0
2024-08-29 04:00:00,22.44
2024-08-29 05:00:00,8.41
2024-08-29 06:00:00,10.86
2024-08-29 07:00:00,1.6
2024-08-29 08:00:00,8.98
2024-08-29 09:00:00,12.33
2024-08-29 10:00:00,9.47
2024-08-29 11:00:00,19.32
2024-08-29 12:00:00,39.1
2024-08-29 13:00:00,45.93
2024-08-29 14:00:00,63.6
2024-08-29 15:00:00,64.87
2024-08-29 16:00:00,38.75
2024-08-29 17:00:00,30.38
2024-08-29 18:00:00,30.87
2024-08-29 19:00:00,41.37
2024-08-29 20:00:00,40.42
2024-08-29 21:00:00,43.68
2024-08-29 22:00:00,54.83
2024-08-29 23:00:00,39.75
2024-08-30 00:00:00,59.83
2024-08-30 01:00:00,56.02
2024-08-30 02:00:00,49.87
2024-08-30 03:00:00,55.47
2024-08-30 04:00:00,62.07
2024-08-30 05:00:00,64.57
2024-08-30 06:00:00,72.17
2024-08-30 07:00:00,56.9
2024-08-30 08:00:00,49.72
2024-08-30 09:00:00,35.4
2024-08-30 10:00:00,26.67
2024-08-30 11:00:00,28.87
2024-08-30 12:00:00,34.53
2024-08-30 13:00:00,30.83
2024-08-30 14:00:00,27.28
2024-08-30 15:00:00,45.07
2024-08-30 16:00:00,40.38
2024-08-30 17:00:00,59.62
2024-08-30 18:00:00,35.03
2024-08-30 19:00:00,27.88
2024-08-30 20:00:00,32.63
2024-08-30 21:00:00,48.78
2024-08-30 22:00:00,39.07
2024-08-30 23:00:00,53.23
2024-08-31 00:00:00,33.62
2024-08-31 01:00:00,33.2
2024-08-31 02:00:00,34.32
2024-08-31 03:00:00,23.8
2024-08-31 04:00:00,29.97
2024-08-31 05:00:00,34.45
2024-08-31 06:00:00,35.32
2024-08-31 07:00:00,20.5
2024-08-31 08:00:00,25.85
2024-08-31 09:00:00,32.52
2024-08-31 10:00:00,45.5
2024-08-31 11:00:00,46.35
2024-08-31 12:00:00,35.77
2024-08-31 13:00:00,29.75
2024-08-31 14:00:00,30.4
2024-08-31 15:00:00,20.52
2024-08-31 16:00:00,25.38
2024-08-31 17:00:00,22.82
2024-08-31 18:00:00,33.38
2024-08-31 19:00:00,33.58
2024-08-31 20:00:00,34.02
2024-08-31 21:00:00,43.25
2024-08-31 22:00:00,34.67
2024-08-31 23:00:00,28.37
2024-09-01 00:00:00,37.48
2024-09-01 01:00:00,35.53
2024-09-01 02:00:00,41.43
2024-09-01 03:00:00,38.9
2024-09-01 04:00:00,32.1
2024-09-01 05:00:00,30.67
2024-09-01 06:00:00,42.98
2024-09-01 07:00:00,19.9
2024-09-01 08:00:00,33.1
2024-09-01 09:00:00,30.35
2024-09-01 10:00:00,27.83
2024-09-01 11:00:00,46.9
2024-09-01 12:00:00,52.38
2024-09-01 13:00:00,47.88
2024-09-01 14:00:00,37.85
2024-09-01 15:00:00,36.23
2024-09-01 16:00:00,24.43
2024-09-01 17:00:00,27.52
2024-09-01 18:00:00,27.13
2024-09-01 19:00:00,32.42
2024-09-01 20:00:00,32.48
2024-09-01 21:00:00,34.33
2024-09-01 22:00:00,44.07
2024-09-01 23:00:00,38.32
2024-09-02 00:00:00,18.07
2024-09-02 01:00:00,12.38
2024-09-02 02:00:00,9.47
2024-09-02 03:00:00,11.53
2024-09-02 04:00:00,27.98
2024-09-02 05:00:00,30.45
2024-09-02 06:00:00,28.98
2024-09-02 07:00:00,40.45
2024-09-02 08:00:00,34.42
2024-09-02 09:00:00,26.97
2024-09-02 10:00:00,37.13
2024-09-02 11:00:00,41.27
2024-09-02 12:00:00,49.33
2024-09-02 13:00:00,54.07
2024-09-02 14:00:00,45.72
2024-09-02 15:00:00,113.68
2024-09-02 16:00:00,184.23
2024-09-02 17:00:00,196.57
2024-09-02 18:00:00,45.28
2024-09-02 19:00:00,30.87
2024-09-02 20:00:00,22.78
2024-09-02 21:00:00,33.15
2024-09-02 22:00:00,42.58
2024-09-02 23:00:00,41.43
2024-09-03 00:00:00,33.88
2024-09-03 01:00:00,30.67
2024-09-03 02:00:00,31.75
2024-09-03 03:00:00,28.38
2024-09-03 04:00:00,56.2
2024-09-03 05:00:00,63.27
2024-09-03 06:00:00,35.52
2024-09-03 07:00:00,33.18
2024-09-03 08:00:00,23.77
2024-09-03 09:00:00,30.38
2024-09-03 10:00:00,29.58
2024-09-03 11:00:00,31.38
2024-09-03 12:00:00,33.73
2024-09-03 13:00:00,33.65
2024-09-03 14:00:00,32.27
2024-09-03 15:00:00,34.28
2024-09-03 16:00:00,25.98
2024-09-03 17:00:00,23.58
2024-09-03 18:00:00,30.0
2024-09-03 19:00:00,23.15
2024-09-03 20:00:00,31.0
2024-09-03 21:00:00,19.03
2024-09-03 22:00:00,9.35
2024-09-03 23:00:00,3.54
2024-09-04 00:00:00,14.65
2024-09-04 01:00:00,25.98
2024-09-04 02:00:00,27.38
2024-09-04 03:00:00,16.2
2024-09-04 04:00:00,20.15
2024-09-04 05:00:00,22.28
2024-09-04 06:00:00,24.02
2024-09-04 07:00:00,22.3
2024-09-04 08:00:00,27.6
2024-09-04 09:00:00,22.43
2024-09-04 10:00:00,35.28
2024-09-04 11:00:00,38.05
2024-09-04 12:00:00,21.58
2024-09-04 13:00:00,6.27
2024-09-04 14:00:00,6.42
2024-09-04 15:00:00,1.47
2024-09-04 16:00:00,1.28
2024-09-04 17:00:00,18.32
2024-09-04 18:00:00,26.2
2024-09-04 19:00:00,22.18
2024-09-04 20:00:00,23.95
2024-09-04 21:00:00,29.1
2024-09-04 22:00:00,24.53
2024-09-04 23:00:00,14.85
2024-09-05 00:00:00,20.87
2024-09-05 01:00:00,15.3
2024-09-05 02:00:00,14.53
2024-09-05 03:00:00,23.2
2024-09-05 04:00:00,17.4
2024-09-05 05:00:00,22.75
2024-09-05 06:00:00,18.52
2024-09-05 07:00:00,21.58
2024-09-05 08:00:00,34.82
2024-09-05 09:00:00,16.25
2024-09-05 10:00:00,115.97
2024-09-05 11:00:00,232.63
2024-09-05 14:00:00,530.75
2024-09-05 15:00:00,184.8
2024-09-05 16:00:00,104.45
2024-09-05 17:00:00,75.48
2024-09-05 18:00:00,71.4
2024-09-05 19:00:00,43.32
2024-09-05 20:00:00,29.3
2024-09-05 21:00:00,39.68
2024-09-05 22:00:00,34.98
2024-09-05 23:00:00,50.4
2024-09-06 00:00:00,43.08
2024-09-06 01:00:00,30.97
2024-09-06 02:00:00,34.72
2024-09-06 03:00:00,37.23
2024-09-06 04:00:00,44.98
2024-09-06 05:00:00,36.23
2024-09-06 06:00:00,38.28
2024-09-06 07:00:00,40.28
2024-09-06 08:00:00,31.77
2024-09-06 09:00:00,17.97
2024-09-06 10:00:00,29.25
2024-09-06 11:00:00,6.23
2024-09-06 12:00:00,7.34
2024-09-06 13:00:00,16.08
2024-09-06 14:00:00,25.05
2024-09-06 15:00:00,23.8
2024-09-06 16:00:00,23.92
2024-09-06 17:00:00,20.15
2024-09-06 18:00:00,10.55
2024-09-06 19:00:00,5.9
2024-09-06 20:00:00,23.27
2024-09-06 21:00:00,40.78
2024-09-06 22:00:00,15.47
2024-09-06 23:00:00,4.0
2024-09-07 00:00:00,18.93
2024-09-07 01:00:00,17.18
2024-09-07 02:00:00,16.07
2024-09-07 03:00:00,22.8
2024-09-07 04:00:00,23.67
2024-09-07 05:00:00,20.47
2024-09-07 06:00:00,23.9
2024-09-07 07:00:00,44.68
2024-09-07 08:00:00,62.85
2024-09-07 09:00:00,35.85
2024-09-07 10:00:00,17.03
2024-09-07 11:00:00,13.17
2024-09-07 12:00:00,36.43
2024-09-07 13:00:00,53.1
2024-09-07 14:00:00,51.73
2024-09-07 15:00:00,28.12
2024-09-07 16:00:00,24.88
2024-09-07 17:00:00,21.1
2024-09-07 18:00:00,35.37
2024-09-07 19:00:00,41.87
2024-09-07 20:00:00,31.28
2024-09-07 21:00:00,30.17
2024-09-07 22:00:00,24.17
2024-09-07 23:00:00,29.2
2024-09-08 00:00:00,29.72
2024-09-08 01:00:00,31.68
2024-09-08 02:00:00,35.08
2024-09-08 03:00:00,35.9
2024-09-08 04:00:00,44.87
2024-09-08 05:00:00,49.9
2024-09-08 06:00:00,36.83
2024-09-08 07:00:00,32.7
2024-09-08 08:00:00,44.33
2024-09-08 09:00:00,45.42
2024-09-08 10:00:00,51.77
2024-09-08 11:00:00,47.0
2024-09-08 12:00:00,61.03
2024-09-08 13:00:00,59.38
2024-09-08 14:00:00,53.4
2024-09-08 15:00:00,51.45
2024-09-08 16:00:00,42.28
2024-09-08 17:00:00,55.62
2024-09-08 18:00:00,35.38
2024-09-08 19:00:00,42.8
2024-09-08 20:00:00,35.23
2024-09-08 21:00:00,46.52
2024-09-08 22:00:00,46.77
2024-09-08 23:00:00,45.48
2024-09-09 00:00:00,50.22
2024-09-09 01:00:00,54.25
2024-09-09 02:00:00,54.88
2024-09-09 03:00:00,44.82
2024-09-09 04:00:00,42.55
2024-09-09 05:00:00,35.43
2024-09-09 06:00:00,39.85
2024-09-09 07:00:00,58.35
2024-09-09 08:00:00,49.1
2024-09-09 09:00:00,43.28
2024-09-09 10:00:00,54.27
2024-09-09 11:00:00,49.0
2024-09-09 12:00:00,51.03
2024-09-09 13:00:00,53.85
2024-09-09 14:00:00,45.45
2024-09-09 15:00:00,43.55
2024-09-09 16:00:00,52.45
2024-09-09 17:00:00,27.45
2024-09-09 18:00:00,9.93
2024-09-09 19:00:00,8.73
2024-09-09 20:00:00,28.86
2024-09-09 21:00:00,42.02
2024-09-09 22:00:00,31.95
2024-09-09 23:00:00,32.22
2024-09-10 00:00:00,43.78
2024-09-10 01:00:00,51.85
2024-09-10 02:00:00,47.05
2024-09-10 03:00:00,60.38
2024-09-10 04:00:00,22.65
2024-09-10 05:00:00,19.4
2024-09-10 06:00:00,22.3
2024-09-10 07:00:00,35.13
2024-09-10 08:00:00,65.25
2024-09-10 09:00:00,49.79
2024-09-10 10:00:00,73.32
2024-09-10 11:00:00,65.6
2024-09-10 12:00:00,57.85
2024-09-10 13:00:00,37.7
2024-09-10 14:00:00,40.18
2024-09-10 15:00:00,40.4
2024-09-10 16:00:00,20.48
2024-09-10 17:00:00,0.81
2024-09-10 18:00:00,4.91
2024-09-10 19:00:00,15.04
2024-09-10 20:00:00,24.55
2024-09-10 21:00:00,23.65
2024-09-10 22:00:00,22.78
2024-09-10 23:00:00,19.32
2024-09-11 00:00:00,28.28
2024-09-11 01:00:00,32.88
2024-09-11 02:00:00,27.37
2024-09-11 03:00:00,25.98
2024-09-11 04:00:00,16.25
2024-09-11 05:00:00,20.28
2024-09-11 06:00:00,19.02
2024-09-11 07:00:00,24.33
2024-09-11 08:00:00,31.82
2024-09-11 09:00:00,35.31
2024-09-11 10:00:00,10.75
2024-09-11 11:00:00,37.02
2024-09-11 12:00:00,31.53
2024-09-11 13:00:00,31.18
2024-09-11 14:00:00,33.98
2024-09-11 15:00:00,16.96
2024-09-11 16:00:00,15.82
2024-09-11 17:00:00,14.22
2024-09-11 18:00:00,13.08
2024-09-11 19:00:00,21.35
2024-09-11 20:00:00,30.83
2024-09-11 21:00:00,50.17
2024-09-11 22:00:00,51.0
2024-09-11 23:00:00,43.87
2024-09-12 00:00:00,14.82
2024-09-12 01:00:00,20.63
2024-09-12 02:00:00,19.43
2024-09-12 03:00:00,37.07
2024-09-12 04:00:00,45.23
2024-09-12 05:00:00,3.33
2024-09-12 06:00:00,3.97
2024-09-12 07:00:00,16.25
2024-09-12 08:00:00,16.13
2024-09-12 09:00:00,7.77
2024-09-12 10:00:00,8.47
2024-09-12 11:00:00,8.33
2024-09-12 12:00:00,9.92
2024-09-12 13:00:00,7.92
2024-09-12 14:00:00,3.33
2024-09-12 15:00:00,11.93
2024-09-12 16:00:00,4.61
2024-09-12 17:00:00,86.59
2024-09-12 19:00:00,189.88
2024-09-12 20:00:00,8.46
2024-09-12 21:00:00,11.05
2024-09-12 22:00:00,10.85
2024-09-12 23:00:00,4.83
2024-09-13 00:00:00,10.0
2024-09-13 01:00:00,4.17
2024-09-13 02:00:00,4.74
2024-09-13 03:00:00,5.2
2024-09-13 04:00:00,6.37
2024-09-13 05:00:00,5.23
2024-09-13 06:00:00,3.14
2024-09-13 07:00:00,0.74
2024-09-13 08:00:00,5.29
2024-09-13 09:00:00,16.65
2024-09-13 10:00:00,17.45
2024-09-13 11:00:00,21.77
2024-09-13 12:00:00,28.0
2024-09-13 13:00:00,24.03
2024-09-13 14:00:00,17.7
2024-09-13 15:00:00,28.3
2024-09-13 16:00:00,33.25
2024-09-13 17:00:00,8.78
2024-09-13 18:00:00,11.73
2024-09-13 19:00:00,15.08
2024-09-13 20:00:00,20.23
2024-09-13 21:00:00,25.63
2024-09-13 22:00:00,27.53
2024-09-13 23:00:00,31.15
2024-09-14 00:00:00,16.22
2024-09-14 01:00:00,10.33
2024-09-14 02:00:00,13.85
2024-09-14 03:00:00,11.87
2024-09-14 04:00:00,10.75
2024-09-14 05:00:00,14.57
2024-09-14 06:00:00,16.48
2024-09-14 07:00:00,27.13
2024-09-14 08:00:00,26.3
2024-09-14 09:00:00,18.2
2024-09-14 10:00:00,24.93
2024-09-14 11:00:00,32.92
2024-09-14 12:00:00,42.42
2024-09-14 13:00:00,42.6
2024-09-14 14:00:00,38.83
2024-09-14 15:00:00,42.83
2024-09-14 16:00:00,35.02
2024-09-14 17:00:00,32.43
2024-09-14 18:00:00,11.13
2024-09-14 19:00:00,22.25
2024-09-14 20:00:00,53.22
2024-09-14 21:00:00,42.92
2024-09-14 22:00:00,52.98
2024-09-14 23:00:00,49.9
2024-09-15 00:00:00,44.58
2024-09-15 01:00:00,50.57
2024-09-15 02:00:00,41.88
2024-09-15 03:00:00,41.68
2024-09-15 04:00:00,34.97
2024-09-15 05:00:00,26.17
2024-09-15 06:00:00,33.15
2024-09-15 07:00:00,32.05
2024-09-15 08:00:00,35.35
2024-09-15 09:00:00,28.6
2024-09-15 10:00:00,32.27
2024-09-15 11:00:00,41.38
2024-09-15 12:00:00,40.2
2024-09-15 13:00:00,40.3
2024-09-15 14:00:00,32.7
2024-09-15 15:00:00,40.7
2024-09-15 16:00:00,32.4
2024-09-15 17:00:00,39.43
2024-09-15 18:00:00,33.62
2024-09-15 19:00:00,41.22
2024-09-15 20:00:00,42.97
2024-09-15 21:00:00,26.02
2024-09-15 22:00:00,24.43
2024-09-15 23:00:00,18.1
2024-09-16 00:00:00,34.98
2024-09-16 01:00:00,29.62
2024-09-16 02:00:00,29.8
2024-09-16 03:00:00,46.55
2024-09-16 04:00:00,39.73
2024-09-16 05:00:00,48.93
2024-09-16 06:00:00,49.75
2024-09-16 07:00:00,34.2
2024-09-16 08:00:00,33.8
2024-09-16 09:00:00,24.85
2024-09-16 10:00:00,38.6
2024-09-16 11:00:00,47.37
2024-09-16 12:00:00,42.68
2024-09-16 13:00:00,47.7
2024-09-16 14:00:00,47.57
2024-09-16 15:00:00,48.95
2024-09-16 16:00:00,45.18
2024-09-16 17:00:00,39.07
2024-09-16 18:00:00,38.37
2024-09-16 19:00:00,36.7
2024-09-16 20:00:00,41.23
2024-09-16 21:00:00,47.78
2024-09-16 22:00:00,52.53
2024-09-16 23:00:00,60.37
2024-09-17 00:00:00,61.62
2024-09-17 01:00:00,63.9
2024-09-17 02:00:00,62.53
2024-09-17 03:00:00,58.9
2024-09-17 04:00:00,65.52
2024-09-17 05:00:00,61.12
2024-09-17 06:00:00,50.38
2024-09-17 07:00:00,51.7
2024-09-17 08:00:00,59.27
2024-09-17 09:00:00,38.25
2024-09-17 10:00:00,53.65
2024-09-17 11:00:00,58.87
2024-09-17 12:00:00,74.17
2024-09-17 13:00:00,78.4
2024-09-17 14:00:00,64.53
2024-09-17 15:00:00,63.62
2024-09-17 16:00:00,53.68
2024-09-17 17:00:00,49.55
2024-09-17 18:00:00,48.62
2024-09-17 19:00:00,22.37
2024-09-17 20:00:00,12.13
2024-09-17 21:00:00,27.22
2024-09-17 22:00:00,32.33
2024-09-17 23:00:00,37.32
2024-09-18 00:00:00,55.92
2024-09-18 01:00:00,54.1
2024-09-18 02:00:00,61.65
2024-09-18 03:00:00,49.87
2024-09-18 04:00:00,48.73
2024-09-18 05:00:00,53.43
2024-09-18 06:00:00,55.78
2024-09-18 07:00:00,53.27
2024-09-18 08:00:00,55.28
2024-09-18 09:00:00,71.63
2024-09-18 10:00:00,70.45
2024-09-18 11:00:00,22.02
2024-09-18 12:00:00,29.0
2024-09-18 13:00:00,14.38
2024-09-18 14:00:00,9.18
2024-09-18 15:00:00,6.02
2024-09-18 16:00:00,10.48
2024-09-18 17:00:00,4.4
2024-09-18 18:00:00,7.93
2024-09-18 19:00:00,1.45
2024-09-18 20:00:00,3.09
2024-09-18 21:00:00,10.6
2024-09-18 22:00:00,8.15
2024-09-18 23:00:00,23.27
2024-09-19 00:00:00,16.8
2024-09-19 01:00:00,28.57
2024-09-19 02:00:00,7.12
2024-09-19 03:00:00,7.38
2024-09-19 04:00:00,9.62
2024-09-19 05:00:00,7.78
2024-09-19 06:00:00,14.78
2024-09-19 07:00:00,8.67
2024-09-19 08:00:00,26.35
2024-09-19 09:00:00,42.83
2024-09-19 10:00:00,43.23
2024-09-19 11:00:00,50.7
2024-09-19 12:00:00,47.93
2024-09-19 13:00:00,43.45
2024-09-19 14:00:00,52.25
2024-09-19 15:00:00,50.28
2024-09-19 16:00:00,53.52
2024-09-19 17:00:00,42.15
2024-09-19 18:00:00,42.82
2024-09-19 19:00:00,59.4
2024-09-19 20:00:00,42.93
2024-09-19 21:00:00,25.02
2024-09-19 22:00:00,23.62
2024-09-19 23:00:00,24.47
2024-09-20 00:00:00,29.67
2024-09-20 01:00:00,24.65
2024-09-20 02:00:00,17.83
2024-09-20 03:00:00,18.45
2024-09-20 04:00:00,14.93
2024-09-20 05:00:00,18.85
2024-09-20 06:00:00,24.15
2024-09-20 07:00:00,27.8
2024-09-20 08:00:00,33.03
2024-09-20 09:00:00,9.35
2024-09-20 10:00:00,29.28
2024-09-20 11:00:00,36.68
2024-09-20 12:00:00,46.0
2024-09-20 13:00:00,40.5
2024-09-20 14:00:00,53.83
2024-09-20 15:00:00,46.47
2024-09-20 16:00:00,35.85
2024-09-20 17:00:00,44.95
2024-09-20 18:00:00,22.35
2024-09-20 19:00:00,18.73
2024-09-20 20:00:00,28.47
2024-09-20 21:00:00,32.63
2024-09-20 22:00:00,31.48
2024-09-20 23:00:00,26.42
2024-09-21 00:00:00,27.2
2024-09-21 01:00:00,32.95
2024-09-21 02:00:00,26.35
2024-09-21 03:00:00,13.57
2024-09-21 04:00:00,17.1
2024-09-21 05:00:00,26.38
2024-09-21 06:00:00,23.57
2024-09-21 07:00:00,42.82
2024-09-21 08:00:00,32.68
2024-09-21 09:00:00,27.3
2024-09-21 10:00:00,37.02
2024-09-21 11:00:00,52.9
2024-09-21 12:00:00,116.3
2024-09-21 13:00:00,94.17
2024-09-21 14:00:00,54.67
2024-09-21 15:00:00,48.02
2024-09-21 16:00:00,37.12
2024-09-21 17:00:00,25.72
2024-09-21 18:00:00,31.08
2024-09-21 19:00:00,34.7
2024-09-21 20:00:00,44.18
2024-09-21 21:00:00,54.62
2024-09-21 22:00:00,67.17
2024-09-21 23:00:00,64.78
2024-09-22 00:00:00,68.13
2024-09-22 01:00:00,66.77
2024-09-22 02:00:00,71.17
2024-09-22 03:00:00,71.83
2024-09-22 04:00:00,64.38
2024-09-22 05:00:00,66.42
2024-09-22 06:00:00,62.58
2024-09-22 07:00:00,61.85
2024-09-22 08:00:00,73.27
2024-09-22 09:00:00,78.23
2024-09-22 10:00:00,91.8
2024-09-22 11:00:00,75.53
2024-09-22 12:00:00,76.75
2024-09-22 13:00:00,71.68
2024-09-22 14:00:00,64.58
2024-09-22 15:00:00,62.73
2024-09-22 16:00:00,62.73
2024-09-22 17:00:00,55.83
2024-09-22 18:00:00,50.77
2024-09-22 19:00:00,62.42
2024-09-22 20:00:00,65.55
2024-09-22 21:00:00,60.58
2024-09-22 22:00:00,66.03
2024-09-22 23:00:00,75.52
2024-09-23 00:00:00,83.27
2024-09-23 01:00:00,71.65
2024-09-23 02:00:00,70.43
2024-09-23 03:00:00,68.05
2024-09-23 04:00:00,65.2
2024-09-23 05:00:00,59.07
2024-09-23 06:00:00,62.27
2024-09-23 07:00:00,71.0
2024-09-23 08:00:00,72.52
2024-09-23 09:00:00,64.73
2024-09-23 10:00:00,79.43
2024-09-23 11:00:00,108.12
2024-09-23 12:00:00,89.08
2024-09-23 13:00:00,80.33
2024-09-23 14:00:00,72.93
2024-09-23 15:00:00,79.08
2024-09-23 16:00:00,73.68
2024-09-23 17:00:00,61.23
2024-09-23 18:00:00,62.98
2024-09-23 19:00:00,69.18
2024-09-23 20:00:00,79.08
2024-09-23 21:00:00,85.2
2024-09-23 22:00:00,89.52
2024-09-23 23:00:00,94.8
2024-09-24 00:00:00,97.72
2024-09-24 01:00:00,84.7
2024-09-24 02:00:00,77.97
2024-09-24 03:00:00,74.15
2024-09-24 04:00:00,71.72
2024-09-24 05:00:00,81.42
2024-09-24 06:00:00,75.25
2024-09-24 07:00:00,93.75
2024-09-24 08:00:00,72.92
2024-09-24 09:00:00,96.93
2024-09-24 10:00:00,92.72
2024-09-24 11:00:00,87.23
2024-09-24 12:00:00,95.3
2024-09-24 13:00:00,103.15
2024-09-24 14:00:00,111.37
2024-09-24 15:00:00,101.42
2024-09-24 16:00:00,110.4
2024-09-24 17:00:00,108.12
2024-09-24 18:00:00,104.35
2024-09-24 19:00:00,97.0
2024-09-24 20:00:00,104.25
2024-09-24 21:00:00,113.42
2024-09-24 22:00:00,114.37
2024-09-24 23:00:00,117.05
2024-09-25 00:00:00,121.48
2024-09-25 01:00:00,132.83
2024-09-25 02:00:00,114.08
2024-09-25 03:00:00,95.15
2024-09-25 04:00:00,90.67
2024-09-25 05:00:00,98.28
2024-09-25 06:00:00,101.3
2024-09-25 07:00:00,110.47
2024-09-25 08:00:00,99.97
2024-09-25 09:00:00,93.43
2024-09-25 10:00:00,147.5
2024-09-25 11:00:00,107.78
2024-09-25 12:00:00,89.97
2024-09-25 13:00:00,84.02
2024-09-25 14:00:00,91.17
2024-09-25 15:00:00,83.12
2024-09-25 16:00:00,47.2
2024-09-25 17:00:00,35.77
2024-09-25 18:00:00,39.05
2024-09-25 19:00:00,29.77
2024-09-25 20:00:00,32.68
2024-09-25 21:00:00,26.72
2024-09-25 22:00:00,24.57
2024-09-25 23:00:00,22.2
2024-09-26 00:00:00,23.95
2024-09-26 01:00:00,20.65
2024-09-26 02:00:00,22.23
2024-09-26 03:00:00,23.08
2024-09-26 04:00:00,24.85
2024-09-26 05:00:00,24.6
2024-09-26 06:00:00,16.43
2024-09-26 07:00:00,16.42
2024-09-26 08:00:00,24.67
2024-09-26 09:00:00,28.73
2024-09-26 10:00:00,39.2
2024-09-26 11:00:00,36.47
2024-09-26 12:00:00,36.83
2024-09-26 13:00:00,34.17
2024-09-26 14:00:00,35.58
2024-09-26 15:00:00,33.18
2024-09-26 16:00:00,21.38
2024-09-26 17:00:00,17.02
2024-09-26 18:00:00,31.27
2024-09-26 19:00:00,5.45
2024-09-26 20:00:00,13.4
2024-09-26 21:00:00,23.12
2024-09-26 22:00:00,25.12
2024-09-26 23:00:00,27.87
2024-09-27 00:00:00,12.02
2024-09-27 01:00:00,23.57
2024-09-27 02:00:00,12.95
2024-09-27 03:00:00,13.4
2024-09-27 04:00:00,16.38
2024-09-27 05:00:00,9.22
2024-09-27 06:00:00,7.05
2024-09-27 07:00:00,15.1
2024-09-27 08:00:00,16.23
2024-09-27 09:00:00,10.1
2024-09-27 10:00:00,5.23
2024-09-27 11:00:00,23.98
2024-09-27 12:00:00,20.83
2024-09-27 13:00:00,31.7
2024-09-27 14:00:00,34.65
2024-09-27 15:00:00,21.38
2024-09-27 16:00:00,16.42
2024-09-27 17:00:00,29.65
2024-09-27 18:00:00,14.1
2024-09-27 19:00:00,3.38
2024-09-27 20:00:00,1.68
2024-09-27 21:00:00,0.0
2024-09-27 22:00:00,1.29
2024-09-27 23:00:00,4.65
2024-09-28 00:00:00,0.94
2024-09-28 01:00:00,2.19
2024-09-28 02:00:00,0.92
2024-09-28 03:00:00,9.42
2024-09-28 04:00:00,16.77
2024-09-28 05:00:00,8.67
2024-09-28 06:00:00,9.88
2024-09-28 07:00:00,12.97
2024-09-28 08:00:00,7.62
2024-09-28 09:00:00,7.86
2024-09-28 10:00:00,17.33
2024-09-28 11:00:00,35.9
2024-09-28 12:00:00,37.43
2024-09-28 13:00:00,40.0
2024-09-28 14:00:00,32.28
2024-09-28 15:00:00,22.5
2024-09-28 16:00:00,22.02
2024-09-28 17:00:00,25.53
2024-09-28 18:00:00,26.4
2024-09-28 19:00:00,18.75
2024-09-28 20:00:00,15.37
2024-09-28 21:00:00,15.9
2024-09-28 22:00:00,9.72
2024-09-28 23:00:00,4.27
2024-09-29 00:00:00,16.83
2024-09-29 01:00:00,14.08
2024-09-29 02:00:00,7.92
2024-09-29 03:00:00,9.63
2024-09-29 04:00:00,18.27
2024-09-29 05:00:00,17.25
2024-09-29 06:00:00,36.0
2024-09-29 07:00:00,40.02
2024-09-29 08:00:00,20.98
2024-09-29 09:00:00,17.82
2024-09-29 10:00:00,33.17
2024-09-29 11:00:00,34.93
2024-09-29 12:00:00,31.07
2024-09-29 13:00:00,22.32
2024-09-29 14:00:00,27.78
2024-09-29 15:00:00,19.52
2024-09-29 16:00:00,22.03
2024-09-29 17:00:00,16.47
2024-09-29 18:00:00,20.62
2024-09-29 19:00:00,19.4
2024-09-29 20:00:00,22.13
2024-09-29 21:00:00,35.12
2024-09-29 22:00:00,32.77
2024-09-29 23:00:00,24.55
2024-09-30 00:00:00,39.75
2024-09-30 01:00:00,39.6
2024-09-30 02:00:00,68.83
2024-09-30 03:00:00,100.4
2024-09-30 04:00:00,95.98
2024-09-30 05:00:00,90.68
2024-09-30 06:00:00,78.05
2024-09-30 07:00:00,80.18
2024-09-30 08:00:00,82.62
2024-09-30 09:00:00,60.32
2024-09-30 10:00:00,72.52
2024-09-30 11:00:00,61.15
2024-09-30 12:00:00,61.98
2024-09-30 13:00:00,66.9
2024-09-30 14:00:00,65.48
2024-09-30 15:00:00,54.1
2024-09-30 16:00:00,62.98
2024-09-30 17:00:00,60.75
2024-09-30 18:00:00,59.42
2024-09-30 19:00:00,48.85
2024-09-30 20:00:00,59.47
2024-09-30 21:00:00,66.87
2024-09-30 22:00:00,70.25
2024-09-30 23:00:00,71.37
2024-10-01 00:00:00,75.87
2024-10-01 01:00:00,66.87
2024-10-01 02:00:00,60.22
2024-10-01 03:00:00,66.02
2024-10-01 04:00:00,64.93
2024-10-01 05:00:00,62.12
2024-10-01 06:00:00,60.58
2024-10-01 07:00:00,62.33
2024-10-01 08:00:00,60.47
2024-10-01 09:00:00,62.47
2024-10-01 10:00:00,72.42
2024-10-01 11:00:00,60.78
2024-10-01 12:00:00,55.28
2024-10-01 13:00:00,59.12
2024-10-01 14:00:00,65.62
2024-10-01 15:00:00,51.08
2024-10-01 16:00:00,44.87
2024-10-01 17:00:00,49.68
2024-10-01 18:00:00,52.6
2024-10-01 19:00:00,60.7
2024-10-01 20:00:00,59.75
2024-10-01 21:00:00,74.42
2024-10-01 22:00:00,72.82
2024-10-01 23:00:00,78.18
2024-10-02 00:00:00,78.72
2024-10-02 01:00:00,79.35
2024-10-02 02:00:00,65.5
2024-10-02 03:00:00,72.77
2024-10-02 04:00:00,73.3
2024-10-02 05:00:00,74.28
2024-10-02 06:00:00,67.98
2024-10-02 07:00:00,73.03
2024-10-02 08:00:00,84.08
2024-10-02 09:00:00,80.52
2024-10-02 10:00:00,77.32
2024-10-02 11:00:00,82.6
2024-10-02 12:00:00,70.37
2024-10-02 13:00:00,63.53
2024-10-02 14:00:00,59.52
2024-10-02 15:00:00,53.5
2024-10-02 16:00:00,45.67
2024-10-02 17:00:00,48.9
2024-10-02 18:00:00,46.1
2024-10-02 19:00:00,48.82
2024-10-02 20:00:00,52.47
2024-10-02 21:00:00,57.18
2024-10-02 22:00:00,53.95
2024-10-02 23:00:00,67.03
2024-10-03 00:00:00,77.4
2024-10-03 01:00:00,79.03
2024-10-03 02:00:00,80.88
2024-10-03 03:00:00,70.58
2024-10-03 04:00:00,77.02
2024-10-03 05:00:00,48.3
2024-10-03 06:00:00,39.13
2024-10-03 07:00:00,25.5
2024-10-03 08:00:00,18.62
2024-10-03 09:00:00,22.98
2024-10-03 10:00:00,38.08
2024-10-03 11:00:00,47.55
2024-10-03 12:00:00,37.47
2024-10-03 13:00:00,50.1
2024-10-03 14:00:00,54.85
2024-10-03 15:00:00,56.03
2024-10-03 16:00:00,38.87
2024-10-03 17:00:00,35.63
2024-10-03 18:00:00,55.97
2024-10-03 19:00:00,50.05
2024-10-03 20:00:00,46.23
2024-10-03 21:00:00,65.65
2024-10-03 22:00:00,87.22
2024-10-03 23:00:00,104.08
2024-10-04 00:00:00,80.92
2024-10-04 01:00:00,87.33
2024-10-04 02:00:00,111.5
2024-10-04 03:00:00,106.82
2024-10-04 04:00:00,95.83
2024-10-04 05:00:00,93.53
2024-10-04 06:00:00,85.82
2024-10-04 07:00:00,30.25
2024-10-04 08:00:00,28.93
2024-10-04 09:00:00,22.72
2024-10-04 10:00:00,33.65
2024-10-04 11:00:00,41.47
2024-10-04 12:00:00,38.82
2024-10-04 13:00:00,36.55
2024-10-04 14:00:00,47.75
2024-10-04 15:00:00,39.4
2024-10-04 16:00:00,30.45
2024-10-04 17:00:00,33.62
2024-10-04 18:00:00,37.27
2024-10-04 19:00:00,35.72
2024-10-04 20:00:00,41.7
2024-10-04 21:00:00,43.88
2024-10-04 22:00:00,50.9
2024-10-04 23:00:00,58.32
2024-10-05 00:00:00,74.4
2024-10-05 01:00:00,67.07
2024-10-05 02:00:00,68.48
2024-10-05 03:00:00,58.17
2024-10-05 04:00:00,50.27
2024-10-05 05:00:00,26.0
2024-10-05 06:00:00,25.6
2024-10-05 07:00:00,21.7
2024-10-05 08:00:00,28.75
2024-10-05 09:00:00,25.05
2024-10-05 10:00:00,41.57
2024-10-05 11:00:00,39.9
2024-10-05 12:00:00,35.65
2024-10-05 13:00:00,48.55
2024-10-05 14:00:00,47.63
2024-10-05 15:00:00,51.33
2024-10-05 16:00:00,31.8
2024-10-05 17:00:00,15.33
2024-10-05 18:00:00,14.38
2024-10-05 19:00:00,28.4
2024-10-05 20:00:00,32.3
2024-10-05 21:00:00,45.68
2024-10-05 22:00:00,56.02
2024-10-05 23:00:00,56.5
2024-10-06 00:00:00,49.45
2024-10-06 01:00:00,41.88
2024-10-06 02:00:00,56.4
2024-10-06 03:00:00,52.27
2024-10-06 04:00:00,46.03
2024-10-06 05:00:00,38.35
2024-10-06 06:00:00,35.52
2024-10-06 07:00:00,19.7
2024-10-06 08:00:00,26.2
2024-10-06 09:00:00,26.87
2024-10-06 10:00:00,61.35
2024-10-06 11:00:00,54.7
2024-10-06 12:00:00,37.72
2024-10-06 13:00:00,48.82
2024-10-06 14:00:00,45.73
2024-10-06 15:00:00,40.07
2024-10-06 16:00:00,26.03
2024-10-06 17:00:00,18.62
2024-10-06 18:00:00,25.48
2024-10-06 19:00:00,29.73
2024-10-06 20:00:00,42.33
2024-10-06 21:00:00,35.03
2024-10-06 22:00:00,39.55
2024-10-06 23:00:00,40.45
2024-10-07 00:00:00,39.77
2024-10-07 01:00:00,52.12
2024-10-07 02:00:00,45.05
2024-10-07 03:00:00,52.13
2024-10-07 04:00:00,47.52
2024-10-07 05:00:00,49.62
2024-10-07 06:00:00,44.47
2024-10-07 07:00:00,48.43
2024-10-07 08:00:00,48.88
2024-10-07 09:00:00,37.55
2024-10-07 10:00:00,51.68
2024-10-07 11:00:00,63.52
2024-10-07 12:00:00,52.32
2024-10-07 13:00:00,71.62
2024-10-07 14:00:00,60.87
2024-10-07 15:00:00,35.18
2024-10-07 16:00:00,7.03
2024-10-07 17:00:00,8.12
2024-10-07 18:00:00,19.52
2024-10-07 19:00:00,28.68
2024-10-07 20:00:00,35.37
2024-10-07 21:00:00,41.85
2024-10-07 22:00:00,44.32
2024-10-07 23:00:00,55.33
2024-10-08 00:00:00,79.08
2024-10-08 01:00:00,83.42
2024-10-08 02:00:00,88.87
2024-10-08 03:00:00,94.62
2024-10-08 04:00:00,70.57
2024-10-08 05:00:00,58.4
2024-10-08 06:00:00,50.8
2024-10-08 07:00:00,59.27
2024-10-08 08:00:00,100.02
2024-10-08 09:00:00,139.57
2024-10-08 10:00:00,137.62
2024-10-08 11:00:00,121.33
2024-10-08 12:00:00,64.27
2024-10-08 13:00:00,67.63
2024-10-08 14:00:00,70.22
2024-10-08 15:00:00,67.38
2024-10-08 16:00:00,54.47
2024-10-08 17:00:00,19.8
2024-10-08 18:00:00,28.47
2024-10-08 19:00:00,41.9
2024-10-08 20:00:00,53.92
2024-10-08 21:00:00,68.8
2024-10-08 22:00:00,71.15
2024-10-08 23:00:00,83.53
2024-10-09 00:00:00,77.1
2024-10-09 01:00:00,75.38
2024-10-09 02:00:00,74.4
2024-10-09 03:00:00,77.7
2024-10-09 04:00:00,73.82
2024-10-09 05:00:00,78.97
2024-10-09 06:00:00,77.67
2024-10-09 07:00:00,75.82
2024-10-09 08:00:00,75.27
2024-10-09 09:00:00,76.95
2024-10-09 10:00:00,77.7
2024-10-09 11:00:00,81.98
2024-10-09 12:00:00,52.0
2024-10-09 13:00:00,56.9
2024-10-09 14:00:00,56.03
2024-10-09 15:00:00,40.87
2024-10-09 16:00:00,28.4
2024-10-09 17:00:00,24.92
2024-10-09 18:00:00,30.73
2024-10-09 19:00:00,41.37
2024-10-09 20:00:00,49.58
2024-10-09 21:00:00,51.23
2024-10-09 22:00:00,48.4
2024-10-09 23:00:00,59.88
2024-10-10 00:00:00,47.58
2024-10-10 01:00:00,46.6
2024-10-10 02:00:00,47.4
2024-10-10 03:00:00,52.22
2024-10-10 04:00:00,50.22
2024-10-10 05:00:00,54.95
2024-10-10 06:00:00,56.93
2024-10-10 07:00:00,58.75
2024-10-10 08:00:00,60.13
2024-10-10 09:00:00,58.48
2024-10-10 10:00:00,60.2
2024-10-10 11:00:00,61.9
2024-10-10 12:00:00,37.68
2024-10-10 13:00:00,33.37
2024-10-10 14:00:00,44.4
2024-10-10 15:00:00,28.9
2024-10-10 16:00:00,19.42
2024-10-10 17:00:00,24.55
2024-10-10 18:00:00,28.3
2024-10-10 19:00:00,35.83
2024-10-10 20:00:00,52.77
2024-10-10 21:00:00,51.4
2024-10-10 22:00:00,47.92
2024-10-10 23:00:00,62.05
2024-10-11 00:00:00,52.1
2024-10-11 01:00:00,62.3
2024-10-11 02:00:00,56.67
2024-10-11 03:00:00,76.27
2024-10-11 04:00:00,73.85
2024-10-11 05:00:00,59.17
2024-10-11 06:00:00,65.4
2024-10-11 07:00:00,57.1
2024-10-11 08:00:00,61.5
2024-10-11 09:00:00,57.58
2024-10-11 10:00:00,71.88
2024-10-11 11:00:00,74.03
2024-10-11 12:00:00,40.47
2024-10-11 13:00:00,44.47
2024-10-11 14:00:00,45.65
2024-10-11 15:00:00,38.47
2024-10-11 16:00:00,31.13
2024-10-11 17:00:00,43.3
2024-10-11 18:00:00,41.3
2024-10-11 19:00:00,37.48
2024-10-11 20:00:00,52.55
2024-10-11 21:00:00,50.82
2024-10-11 22:00:00,58.67
2024-10-11 23:00:00,52.05
2024-10-12 00:00:00,58.58
2024-10-12 01:00:00,53.53
2024-10-12 02:00:00,56.73
2024-10-12 03:00:00,58.15
2024-10-12 04:00:00,55.47
2024-10-12 05:00:00,68.52
2024-10-12 06:00:00,55.55
2024-10-12 07:00:00,61.92
2024-10-12 08:00:00,60.27
2024-10-12 09:00:00,55.5
2024-10-12 10:00:00,57.95
2024-10-12 11:00:00,67.22
2024-10-12 12:00:00,54.88
2024-10-12 13:00:00,63.75
2024-10-12 14:00:00,58.68
2024-10-12 15:00:00,38.8
2024-10-12 16:00:00,26.75
2024-10-12 17:00:00,29.58
2024-10-12 18:00:00,28.23
2024-10-12 19:00:00,41.82
2024-10-12 20:00:00,70.42
2024-10-12 21:00:00,134.73
2024-10-12 22:00:00,189.92
2024-10-12 23:00:00,194.92
2024-10-13 00:00:00,192.73
2024-10-13 01:00:00,186.05
2024-10-13 02:00:00,170.22
2024-10-13 03:00:00,160.0
2024-10-13 04:00:00,157.0
2024-10-13 05:00:00,132.58
2024-10-13 06:00:00,111.98
2024-10-13 07:00:00,113.7
2024-10-13 08:00:00,124.95
2024-10-13 09:00:00,95.8
2024-10-13 10:00:00,91.28
2024-10-13 11:00:00,83.03
2024-10-13 12:00:00,65.4
2024-10-13 13:00:00,65.95
2024-10-13 14:00:00,46.95
2024-10-13 15:00:00,35.47
2024-10-13 16:00:00,27.33
2024-10-13 17:00:00,32.57
2024-10-13 18:00:00,33.55
2024-10-13 19:00:00,36.12
2024-10-13 20:00:00,70.67
2024-10-13 21:00:00,83.57
2024-10-13 22:00:00,102.42
2024-10-13 23:00:00,130.4
2024-10-14 00:00:00,184.68
2024-10-14 01:00:00,224.68
2024-10-14 02:00:00,199.02
2024-10-14 03:00:00,146.03
2024-10-14 04:00:00,160.6
2024-10-14 05:00:00,148.55
2024-10-14 06:00:00,146.47
2024-10-14 07:00:00,137.1
2024-10-14 08:00:00,160.48
2024-10-14 09:00:00,154.28
2024-10-14 10:00:00,144.38
2024-10-14 11:00:00,134.7
2024-10-14 12:00:00,84.53
2024-10-14 13:00:00,64.47
2024-10-14 14:00:00,47.32
2024-10-14 15:00:00,30.7
2024-10-14 16:00:00,35.52
2024-10-14 17:00:00,30.88
2024-10-14 18:00:00,36.37
2024-10-14 19:00:00,56.12
2024-10-14 20:00:00,62.6
2024-10-14 21:00:00,85.82
2024-10-14 22:00:00,98.1
2024-10-14 23:00:00,81.15
2024-10-15 00:00:00,93.12
2024-10-15 01:00:00,103.82
2024-10-15 02:00:00,97.62
2024-10-15 03:00:00,91.23
2024-10-15 04:00:00,98.4
2024-10-15 05:00:00,104.18
2024-10-15 06:00:00,92.0
2024-10-15 07:00:00,91.78
2024-10-15 08:00:00,117.45
2024-10-15 09:00:00,113.02
2024-10-15 10:00:00,86.35
2024-10-15 11:00:00,84.35
2024-10-15 12:00:00,65.3
2024-10-15 13:00:00,59.55
2024-10-15 14:00:00,56.95
2024-10-15 15:00:00,50.23
2024-10-15 16:00:00,45.28
2024-10-15 17:00:00,38.03
2024-10-15 18:00:00,65.6
2024-10-15 19:00:00,64.52
2024-10-15 20:00:00,66.93
2024-10-15 21:00:00,92.57
2024-10-15 22:00:00,104.43
2024-10-15 23:00:00,110.1
2024-10-16 00:00:00,99.23
2024-10-16 01:00:00,95.45
2024-10-16 02:00:00,110.22
2024-10-16 03:00:00,118.1
2024-10-16 04:00:00,101.37
2024-10-16 05:00:00,83.8
2024-10-16 06:00:00,79.28
2024-10-16 07:00:00,82.68
2024-10-16 08:00:00,101.68
2024-10-16 09:00:00,104.03
2024-10-16 10:00:00,109.85
2024-10-16 11:00:00,98.3
2024-10-16 12:00:00,77.42
2024-10-16 13:00:00,74.02
2024-10-16 14:00:00,71.72
2024-10-16 15:00:00,61.95
2024-10-16 16:00:00,64.68
2024-10-16 17:00:00,65.2
2024-10-16 18:00:00,66.5
2024-10-16 19:00:00,88.22
2024-10-16 20:00:00,97.97
2024-10-16 21:00:00,137.55
2024-10-16 22:00:00,152.38
2024-10-16 23:00:00,186.18
2024-10-17 00:00:00,223.87
2024-10-17 01:00:00,245.9
2024-10-17 02:00:00,177.85
2024-10-17 03:00:00,168.12
2024-10-17 04:00:00,171.93
2024-10-17 05:00:00,171.72
2024-10-17 06:00:00,175.92
2024-10-17 07:00:00,206.82
2024-10-17 08:00:00,286.53
2024-10-17 09:00:00,284.4
2024-10-17 10:00:00,196.67
2024-10-17 11:00:00,127.58
2024-10-17 12:00:00,105.08
2024-10-17 13:00:00,92.85
2024-10-17 14:00:00,95.58
2024-10-17 15:00:00,86.95
2024-10-17 16:00:00,95.85
2024-10-17 17:00:00,81.97
2024-10-17 18:00:00,76.4
2024-10-17 19:00:00,82.85
2024-10-17 20:00:00,95.23
2024-10-17 21:00:00,102.47
2024-10-17 22:00:00,109.05
2024-10-17 23:00:00,153.7
2024-10-18 00:00:00,184.75
2024-10-18 01:00:00,184.37
2024-10-18 02:00:00,167.3
2024-10-18 03:00:00,162.5
2024-10-18 04:00:00,169.62
2024-10-18 05:00:00,159.18
2024-10-18 06:00:00,151.57
2024-10-18 07:00:00,166.37
2024-10-18 08:00:00,183.15
2024-10-18 09:00:00,167.2
2024-10-18 10:00:00,131.0
2024-10-18 11:00:00,126.9
2024-10-18 12:00:00,89.28
2024-10-18 13:00:00,91.8
2024-10-18 14:00:00,88.38
2024-10-18 15:00:00,61.12
2024-10-18 16:00:00,48.12
2024-10-18 17:00:00,52.9
2024-10-18 18:00:00,57.33
2024-10-18 19:00:00,69.43
2024-10-18 20:00:00,77.23
2024-10-18 21:00:00,92.9
2024-10-18 22:00:00,120.92
2024-10-18 23:00:00,159.43
2024-10-19 00:00:00,193.98
2024-10-19 01:00:00,163.8
2024-10-19 02:00:00,150.58
2024-10-19 03:00:00,144.67
2024-10-19 04:00:00,153.38
2024-10-19 05:00:00,136.93
2024-10-19 06:00:00,133.58
2024-10-19 07:00:00,138.4
2024-10-19 08:00:00,144.38
2024-10-19 09:00:00,184.8
2024-10-19 10:00:00,145.03
2024-10-19 11:00:00,121.18
2024-10-19 12:00:00,101.05
2024-10-19 13:00:00,80.0
2024-10-19 14:00:00,72.38
2024-10-19 15:00:00,45.82
2024-10-19 16:00:00,36.73
2024-10-19 17:00:00,42.23
2024-10-19 18:00:00,55.67
2024-10-19 19:00:00,67.77
2024-10-19 20:00:00,82.05
2024-10-19 21:00:00,110.1
2024-10-19 22:00:00,134.1
2024-10-19 23:00:00,154.75
2024-10-20 00:00:00,153.48
2024-10-20 01:00:00,178.0
2024-10-20 02:00:00,168.52
2024-10-20 03:00:00,159.32
2024-10-20 04:00:00,157.42
2024-10-20 05:00:00,163.07
2024-10-20 06:00:00,160.77
2024-10-20 07:00:00,149.55
2024-10-20 08:00:00,147.57
2024-10-20 09:00:00,161.75
2024-10-20 10:00:00,139.08
2024-10-20 11:00:00,132.35
2024-10-20 12:00:00,112.37
2024-10-20 13:00:00,102.1
2024-10-20 14:00:00,97.52
2024-10-20 15:00:00,90.5
2024-10-20 16:00:00,87.4
2024-10-20 17:00:00,83.3
2024-10-20 18:00:00,96.37
2024-10-20 19:00:00,123.73
2024-10-20 20:00:00,141.32
2024-10-20 21:00:00,171.93
2024-10-20 22:00:00,168.52
2024-10-20 23:00:00,165.2
2024-10-21 00:00:00,193.23
2024-10-21 01:00:00,189.67
2024-10-21 02:00:00,207.53
2024-10-21 03:00:00,246.42
2024-10-21 04:00:00,228.63
2024-10-21 05:00:00,160.38
2024-10-21 06:00:00,150.47
2024-10-21 07:00:00,175.77
2024-10-21 08:00:00,184.13
2024-10-21 09:00:00,158.85
2024-10-21 10:00:00,136.75
2024-10-21 11:00:00,129.1
2024-10-21 12:00:00,102.68
2024-10-21 13:00:00,122.73
2024-10-21 14:00:00,126.78
2024-10-21 15:00:00,115.83
2024-10-21 16:00:00,101.32
2024-10-21 17:00:00,109.25
2024-10-21 18:00:00,107.98
2024-10-21 19:00:00,123.27
2024-10-21 20:00:00,146.28
2024-10-21 21:00:00,162.67
2024-10-21 22:00:00,161.85
2024-10-21 23:00:00,183.92
2024-10-22 00:00:00,189.07
2024-10-22 01:00:00,191.22
2024-10-22 02:00:00,161.47
2024-10-22 03:00:00,142.28
2024-10-22 04:00:00,155.17
2024-10-22 05:00:00,150.12
2024-10-22 06:00:00,141.17
2024-10-22 07:00:00,133.67
2024-10-22 08:00:00,148.1
2024-10-22 09:00:00,190.58
2024-10-22 10:00:00,214.78
2024-10-22 11:00:00,148.98
2024-10-22 12:00:00,156.03
2024-10-22 13:00:00,138.67
2024-10-22 14:00:00,136.67
2024-10-22 15:00:00,134.13
2024-10-22 16:00:00,133.2
2024-10-22 17:00:00,141.92
2024-10-22 18:00:00,144.1
2024-10-22 19:00:00,137.5
2024-10-22 20:00:00,152.22
2024-10-22 21:00:00,168.35
2024-10-22 22:00:00,187.45
2024-10-22 23:00:00,205.12
2024-10-23 00:00:00,214.35
2024-10-23 01:00:00,210.32
2024-10-23 02:00:00,243.95
2024-10-23 03:00:00,344.25
2024-10-23 04:00:00,446.9
2024-10-23 05:00:00,487.88
2024-10-23 06:00:00,418.0
2024-10-23 07:00:00,345.2
2024-10-23 08:00:00,250.83
2024-10-23 09:00:00,212.38
2024-10-23 10:00:00,216.23
2024-10-23 11:00:00,215.57
2024-10-23 12:00:00,225.2
2024-10-23 13:00:00,169.23
2024-10-23 14:00:00,134.1
2024-10-23 15:00:00,102.53
2024-10-23 16:00:00,98.47
2024-10-23 17:00:00,126.92
2024-10-23 18:00:00,154.7
2024-10-23 19:00:00,151.13
2024-10-23 20:00:00,142.98
2024-10-23 21:00:00,161.08
2024-10-23 22:00:00,160.07
2024-10-23 23:00:00,193.25
2024-10-24 00:00:00,191.1
2024-10-24 01:00:00,182.05
2024-10-24 02:00:00,176.1
2024-10-24 03:00:00,188.4
2024-10-24 04:00:00,189.07
2024-10-24 05:00:00,183.13
2024-10-24 06:00:00,161.23
2024-10-24 07:00:00,156.17
2024-10-24 08:00:00,159.85
2024-10-24 09:00:00,147.13
2024-10-24 10:00:00,134.28
2024-10-24 11:00:00,115.95
2024-10-24 12:00:00,97.7
2024-10-24 13:00:00,105.28
2024-10-24 14:00:00,106.17
2024-10-24 15:00:00,90.95
2024-10-24 16:00:00,80.07
2024-10-24 17:00:00,84.98
2024-10-24 18:00:00,92.97
2024-10-24 19:00:00,102.72
2024-10-24 20:00:00,97.03
2024-10-24 21:00:00,102.78
2024-10-24 22:00:00,95.6
2024-10-24 23:00:00,130.88
2024-10-25 00:00:00,133.3
2024-10-25 01:00:00,177.57
2024-10-25 02:00:00,222.45
2024-10-25 03:00:00,206.83
2024-10-25 04:00:00,204.2
2024-10-25 05:00:00,184.18
2024-10-25 06:00:00,154.8
2024-10-25 07:00:00,137.77
2024-10-25 08:00:00,160.73
2024-10-25 09:00:00,166.77
2024-10-25 10:00:00,154.83
2024-10-25 11:00:00,108.2
2024-10-25 12:00:00,65.67
2024-10-25 13:00:00,52.2
2024-10-25 14:00:00,37.72
2024-10-25 15:00:00,23.77
2024-10-25 16:00:00,27.0
2024-10-25 17:00:00,57.25
2024-10-25 18:00:00,68.7
2024-10-25 19:00:00,72.1
2024-10-25 20:00:00,75.67
2024-10-25 21:00:00,65.63
2024-10-25 22:00:00,67.67
2024-10-25 23:00:00,84.65
2024-10-26 00:00:00,159.8
2024-10-26 01:00:00,180.37
2024-10-26 02:00:00,162.92
2024-10-26 03:00:00,141.03
2024-10-26 04:00:00,160.33
2024-10-26 05:00:00,147.8
2024-10-26 06:00:00,119.82
2024-10-26 07:00:00,97.4
2024-10-26 08:00:00,112.58
2024-10-26 09:00:00,129.65
2024-10-26 10:00:00,164.83
2024-10-26 11:00:00,201.07
2024-10-26 12:00:00,211.38
2024-10-26 13:00:00,323.72
2024-10-26 14:00:00,241.22
2024-10-26 15:00:00,173.65
2024-10-26 16:00:00,165.47
2024-10-26 17:00:00,174.73
2024-10-26 18:00:00,189.52
2024-10-26 19:00:00,230.32
2024-10-26 20:00:00,244.35
2024-10-26 21:00:00,219.18
2024-10-26 22:00:00,292.73
2024-10-26 23:00:00,290.93
2024-10-27 00:00:00,288.3
2024-10-27 01:00:00,280.3
2024-10-27 02:00:00,264.5
2024-10-27 03:00:00,239.38
2024-10-27 04:00:00,224.15
2024-10-27 05:00:00,184.03
2024-10-27 06:00:00,160.5
2024-10-27 07:00:00,135.3
2024-10-27 08:00:00,142.58
2024-10-27 09:00:00,147.63
2024-10-27 10:00:00,161.95
2024-10-27 11:00:00,158.95
2024-10-27 12:00:00,147.88
2024-10-27 13:00:00,141.2
2024-10-27 14:00:00,126.77
2024-10-27 15:00:00,108.4
2024-10-27 16:00:00,105.17
2024-10-27 17:00:00,103.25
2024-10-27 18:00:00,108.97
2024-10-27 19:00:00,144.87
2024-10-27 20:00:00,180.93
2024-10-27 21:00:00,190.23
2024-10-27 22:00:00,282.65
2024-10-27 23:00:00,245.7
2024-10-28 00:00:00,166.97
2024-10-28 01:00:00,168.53
2024-10-28 02:00:00,173.63
2024-10-28 03:00:00,146.2
2024-10-28 04:00:00,165.72
2024-10-28 05:00:00,164.12
2024-10-28 06:00:00,158.38
2024-10-28 07:00:00,149.48
2024-10-28 08:00:00,147.9
2024-10-28 09:00:00,100.32
2024-10-28 10:00:00,66.68
2024-10-28 11:00:00,69.33
2024-10-28 12:00:00,78.63
2024-10-28 13:00:00,111.0
2024-10-28 14:00:00,122.1
2024-10-28 15:00:00,107.98
2024-10-28 16:00:00,93.02
2024-10-28 17:00:00,76.39
2024-10-28 18:00:00,71.47
2024-10-28 19:00:00,75.17
2024-10-28 20:00:00,83.93
2024-10-28 21:00:00,112.47
2024-10-28 22:00:00,123.77
2024-10-28 23:00:00,144.72
2024-10-29 00:00:00,159.33
2024-10-29 01:00:00,133.0
2024-10-29 02:00:00,128.3
2024-10-29 03:00:00,120.68
2024-10-29 04:00:00,126.45
2024-10-29 05:00:00,143.43
2024-10-29 06:00:00,144.27
2024-10-29 07:00:00,134.68
2024-10-29 08:00:00,107.98
2024-10-29 09:00:00,92.4
2024-10-29 10:00:00,79.9
2024-10-29 11:00:00,54.38
2024-10-29 12:00:00,41.65
2024-10-29 13:00:00,99.97
2024-10-29 14:00:00,121.97
2024-10-29 15:00:00,96.78
2024-10-29 16:00:00,84.43
2024-10-29 17:00:00,87.25
2024-10-29 18:00:00,63.63
2024-10-29 19:00:00,73.38
2024-10-29 20:00:00,100.18
2024-10-29 21:00:00,107.38
2024-10-29 22:00:00,125.0
2024-10-29 23:00:00,118.63
2024-10-30 00:00:00,130.08
2024-10-30 01:00:00,149.23
2024-10-30 02:00:00,145.43
2024-10-30 03:00:00,127.17
2024-10-30 04:00:00,130.92
2024-10-30 05:00:00,222.3
2024-10-30 06:00:00,255.97
2024-10-30 07:00:00,271.55
2024-10-30 08:00:00,290.3
2024-10-30 09:00:00,263.62
2024-10-30 10:00:00,226.37
2024-10-30 11:00:00,182.07
2024-10-30 12:00:00,144.25
2024-10-30 13:00:00,138.95
2024-10-30 14:00:00,97.22
2024-10-30 15:00:00,100.12
2024-10-30 16:00:00,90.23
2024-10-30 17:00:00,85.82
2024-10-30 18:00:00,98.88
2024-10-30 19:00:00,95.77
2024-10-30 20:00:00,144.37
2024-10-30 21:00:00,152.25
2024-10-30 22:00:00,160.9
2024-10-30 23:00:00,167.97
2024-10-31 00:00:00,204.92
2024-10-31 01:00:00,217.12
2024-10-31 02:00:00,209.17
2024-10-31 03:00:00,223.63
2024-10-31 04:00:00,230.15
2024-10-31 05:00:00,225.53
2024-10-31 06:00:00,224.15
2024-10-31 07:00:00,229.02
2024-10-31 08:00:00,243.3
2024-10-31 09:00:00,262.97
2024-10-31 10:00:00,210.92
2024-10-31 11:00:00,140.63
2024-10-31 12:00:00,78.82
2024-10-31 13:00:00,84.07
2024-10-31 14:00:00,79.68
2024-10-31 15:00:00,85.78
2024-10-31 16:00:00,92.68
2024-10-31 17:00:00,114.42
2024-10-31 18:00:00,127.93
2024-10-31 19:00:00,142.45
2024-10-31 20:00:00,188.4
2024-10-31 21:00:00,308.55
2024-10-31 22:00:00,540.52
2024-10-31 23:00:00,850.82
2024-11-01 00:00:00,869.64
2024-11-01 01:00:00,630.35
2024-11-01 02:00:00,429.72
2024-11-01 03:00:00,364.1
2024-11-01 04:00:00,348.22
2024-11-01 05:00:00,309.43
2024-11-01 06:00:00,288.42
2024-11-01 07:00:00,246.07
2024-11-01 08:00:00,206.52
2024-11-01 09:00:00,176.73
2024-11-01 10:00:00,134.48
2024-11-01 11:00:00,118.3
2024-11-01 12:00:00,88.87
2024-11-01 13:00:00,79.05
2024-11-01 14:00:00,39.97
2024-11-01 15:00:00,37.78
2024-11-01 16:00:00,35.88
2024-11-01 17:00:00,56.22
2024-11-01 18:00:00,73.02
2024-11-01 19:00:00,76.47
2024-11-01 20:00:00,152.78
2024-11-01 21:00:00,321.27
2024-11-01 22:00:00,419.43
2024-11-01 23:00:00,568.78
2024-11-02 00:00:00,822.93
2024-11-02 01:00:00,957.35
2024-11-02 02:00:00,915.93
2024-11-02 03:00:00,744.72
2024-11-02 04:00:00,451.25
2024-11-02 05:00:00,293.32
2024-11-02 06:00:00,216.38
2024-11-02 07:00:00,181.4
2024-11-02 08:00:00,169.83
2024-11-02 09:00:00,141.33
2024-11-02 10:00:00,191.55
2024-11-02 11:00:00,215.25
2024-11-02 12:00:00,168.13
2024-11-02 13:00:00,156.82
2024-11-02 14:00:00,164.27
2024-11-02 15:00:00,142.0
2024-11-02 16:00:00,140.72
2024-11-02 17:00:00,157.05
2024-11-02 18:00:00,165.47
2024-11-02 19:00:00,212.5
2024-11-02 20:00:00,313.33
2024-11-02 21:00:00,368.02
2024-11-02 22:00:00,377.42
2024-11-02 23:00:00,360.2
2024-11-03 00:00:00,313.4
2024-11-03 01:00:00,311.55
2024-11-03 02:00:00,260.15
2024-11-03 03:00:00,220.43
2024-11-03 04:00:00,219.52
2024-11-03 05:00:00,223.12
2024-11-03 06:00:00,234.55
2024-11-03 07:00:00,220.22
2024-11-03 08:00:00,200.9
2024-11-03 09:00:00,261.43
2024-11-03 10:00:00,283.88
2024-11-03 11:00:00,272.8
2024-11-03 12:00:00,268.7
2024-11-03 13:00:00,185.15
2024-11-03 14:00:00,150.22
2024-11-03 15:00:00,138.27
2024-11-03 16:00:00,116.3
2024-11-03 17:00:00,115.1
2024-11-03 18:00:00,123.63
2024-11-03 19:00:00,139.05
2024-11-03 20:00:00,177.6
2024-11-03 21:00:00,194.0
2024-11-03 22:00:00,242.57
2024-11-03 23:00:00,275.97
2024-11-04 00:00:00,323.25
2024-11-04 01:00:00,308.47
2024-11-04 02:00:00,320.45
2024-11-04 03:00:00,293.8
2024-11-04 04:00:00,258.82
2024-11-04 05:00:00,301.42
2024-11-04 06:00:00,312.35
2024-11-04 07:00:00,290.18
2024-11-04 08:00:00,249.72
2024-11-04 09:00:00,244.43
2024-11-04 10:00:00,287.2
2024-11-04 11:00:00,285.38
2024-11-04 12:00:00,260.68
2024-11-04 13:00:00,286.83
2024-11-04 14:00:00,231.2
2024-11-04 15:00:00,199.92
2024-11-04 16:00:00,176.2
2024-11-04 17:00:00,160.97
2024-11-04 18:00:00,160.33
2024-11-04 19:00:00,201.57
2024-11-04 20:00:00,180.77
2024-11-04 21:00:00,199.22
2024-11-04 22:00:00,225.73
2024-11-04 23:00:00,243.17
2024-11-05 00:00:00,241.27
2024-11-05 01:00:00,237.7
2024-11-05 02:00:00,261.68
2024-11-05 03:00:00,254.55
2024-11-05 04:00:00,242.77
2024-11-05 05:00:00,209.07
2024-11-05 06:00:00,243.82
2024-11-05 07:00:00,259.88
2024-11-05 08:00:00,246.35
2024-11-05 09:00:00,262.72
2024-11-05 10:00:00,229.28
2024-11-05 11:00:00,216.28
2024-11-05 12:00:00,214.22
2024-11-05 13:00:00,176.13
2024-11-05 14:00:00,188.12
2024-11-05 15:00:00,228.1
2024-11-05 16:00:00,169.5
2024-11-05 17:00:00,139.18
2024-11-05 18:00:00,128.97
2024-11-05 19:00:00,136.83
2024-11-05 20:00:00,191.35
2024-11-05 21:00:00,222.9
2024-11-05 22:00:00,221.47
2024-11-05 23:00:00,295.08
2024-11-06 00:00:00,356.02
2024-11-06 01:00:00,274.45
2024-11-06 02:00:00,240.35
2024-11-06 03:00:00,212.08
2024-11-06 04:00:00,214.88
2024-11-06 05:00:00,206.45
2024-11-06 06:00:00,201.33
2024-11-06 07:00:00,203.5
2024-11-06 08:00:00,212.95
2024-11-06 09:00:00,230.97
2024-11-06 10:00:00,194.0
2024-11-06 11:00:00,122.27
2024-11-06 12:00:00,131.03
2024-11-06 13:00:00,137.02
2024-11-06 14:00:00,141.57
2024-11-06 15:00:00,173.38
2024-11-06 16:00:00,167.52
2024-11-06 17:00:00,155.97
2024-11-06 18:00:00,162.57
2024-11-06 19:00:00,170.63
2024-11-06 20:00:00,218.85
2024-11-06 21:00:00,264.15
2024-11-06 22:00:00,272.47
2024-11-06 23:00:00,253.2
2024-11-07 00:00:00,297.77
2024-11-07 01:00:00,301.35
2024-11-07 02:00:00,283.72
2024-11-07 03:00:00,244.63
2024-11-07 04:00:00,220.17
2024-11-07 05:00:00,219.15
2024-11-07 06:00:00,203.85
2024-11-07 07:00:00,204.73
2024-11-07 08:00:00,201.43
2024-11-07 09:00:00,211.13
2024-11-07 10:00:00,227.72
2024-11-07 11:00:00,186.23
2024-11-07 12:00:00,178.33
2024-11-07 13:00:00,201.82
2024-11-07 14:00:00,202.02
2024-11-07 15:00:00,180.05
2024-11-07 16:00:00,185.82
2024-11-07 17:00:00,195.5
2024-11-07 18:00:00,171.42
2024-11-07 19:00:00,172.13
2024-11-07 20:00:00,194.57
2024-11-07 21:00:00,233.92
2024-11-07 22:00:00,294.48
2024-11-07 23:00:00,250.35
2024-11-08 00:00:00,243.2
2024-11-08 01:00:00,236.57
2024-11-08 02:00:00,252.15
2024-11-08 03:00:00,234.3
2024-11-08 04:00:00,183.03
2024-11-08 05:00:00,163.9
2024-11-08 06:00:00,170.67
2024-11-08 07:00:00,194.15
2024-11-08 08:00:00,211.88
2024-11-08 09:00:00,256.9
2024-11-08 10:00:00,254.82
2024-11-08 11:00:00,227.32
2024-11-08 12:00:00,153.3
2024-11-08 13:00:00,134.62
2024-11-08 14:00:00,133.42
2024-11-08 15:00:00,168.62
2024-11-08 16:00:00,158.77
2024-11-08 17:00:00,151.87
2024-11-08 18:00:00,151.3
2024-11-08 19:00:00,175.6
2024-11-08 20:00:00,199.43
2024-11-08 21:00:00,197.7
2024-11-08 22:00:00,199.17
2024-11-08 23:00:00,222.77
2024-11-09 00:00:00,216.75
2024-11-09 01:00:00,213.92
2024-11-09 02:00:00,195.13
2024-11-09 03:00:00,200.2
2024-11-09 04:00:00,202.18
2024-11-09 05:00:00,177.52
2024-11-09 06:00:00,153.73
2024-11-09 07:00:00,164.82
2024-11-09 08:00:00,180.35
2024-11-09 09:00:00,168.88
2024-11-09 10:00:00,142.67
2024-11-09 11:00:00,113.63
2024-11-09 12:00:00,114.25
2024-11-09 13:00:00,154.6
2024-11-09 14:00:00,146.85
2024-11-09 15:00:00,131.68
2024-11-09 16:00:00,124.92
2024-11-09 17:00:00,127.32
2024-11-09 18:00:00,112.18
2024-11-09 19:00:00,160.8
2024-11-09 20:00:00,170.13
2024-11-09 21:00:00,184.85
2024-11-09 22:00:00,175.28
2024-11-09 23:00:00,183.08
2024-11-10 00:00:00,172.28
2024-11-10 01:00:00,177.05
2024-11-10 02:00:00,162.6
2024-11-10 03:00:00,151.37
2024-11-10 04:00:00,151.25
2024-11-10 05:00:00,169.65
2024-11-10 06:00:00,168.95
2024-11-10 07:00:00,166.63
2024-11-10 08:00:00,163.38
2024-11-10 09:00:00,174.22
2024-11-10 10:00:00,176.9
2024-11-10 11:00:00,164.25
2024-11-10 12:00:00,135.95
2024-11-10 13:00:00,184.48
2024-11-10 14:00:00,166.3
2024-11-10 15:00:00,154.97
2024-11-10 16:00:00,142.07
2024-11-10 17:00:00,139.0
2024-11-10 18:00:00,111.98
2024-11-10 19:00:00,143.97
2024-11-10 20:00:00,140.75
2024-11-10 21:00:00,208.78
2024-11-10 22:00:00,314.82
2024-11-10 23:00:00,410.97
2024-11-11 00:00:00,328.92
2024-11-11 01:00:00,268.43
2024-11-11 02:00:00,292.4
2024-11-11 03:00:00,309.38
2024-11-11 04:00:00,235.47
2024-11-11 05:00:00,203.92
2024-11-11 06:00:00,178.48
2024-11-11 07:00:00,185.45
2024-11-11 08:00:00,203.75
2024-11-11 09:00:00,239.12
2024-11-11 10:00:00,250.67
2024-11-11 11:00:00,179.38
2024-11-11 12:00:00,193.58
2024-11-11 13:00:00,208.25
2024-11-11 14:00:00,160.55
2024-11-11 15:00:00,131.73
2024-11-11 16:00:00,134.63
2024-11-11 17:00:00,142.5
2024-11-11 18:00:00,138.38
2024-11-11 19:00:00,150.15
2024-11-11 20:00:00,165.85
2024-11-11 21:00:00,197.95
2024-11-11 22:00:00,263.57
2024-11-11 23:00:00,339.47
2024-11-12 00:00:00,402.32
2024-11-12 01:00:00,302.07
2024-11-12 02:00:00,213.78
2024-11-12 03:00:00,183.8
2024-11-12 04:00:00,179.28
2024-11-12 05:00:00,208.0
2024-11-12 06:00:00,204.65
2024-11-12 07:00:00,179.28
2024-11-12 08:00:00,175.18
2024-11-12 09:00:00,152.17
2024-11-12 10:00:00,181.15
2024-11-12 11:00:00,257.86
2024-11-12 13:00:00,89.21
2024-11-12 14:00:00,124.88
2024-11-12 15:00:00,82.8
2024-11-12 16:00:00,80.83
2024-11-12 17:00:00,88.8
2024-11-12 18:00:00,109.23
2024-11-12 19:00:00,138.95
2024-11-12 20:00:00,218.43
2024-11-12 21:00:00,429.07
2024-11-12 22:00:00,482.1
2024-11-12 23:00:00,562.4
2024-11-13 00:00:00,595.3
2024-11-13 01:00:00,638.05
2024-11-13 02:00:00,638.38
2024-11-13 03:00:00,743.28
2024-11-13 04:00:00,851.32
2024-11-13 05:00:00,701.5
2024-11-13 06:00:00,599.5
2024-11-13 07:00:00,529.58
2024-11-13 08:00:00,456.97
2024-11-13 09:00:00,375.13
2024-11-13 10:00:00,358.55
2024-11-13 11:00:00,302.08
2024-11-13 12:00:00,304.38
2024-11-13 13:00:00,326.75
2024-11-13 14:00:00,301.55
2024-11-13 15:00:00,304.65
2024-11-13 16:00:00,224.9
2024-11-13 17:00:00,200.35
2024-11-13 18:00:00,206.27
2024-11-13 19:00:00,209.05
2024-11-13 20:00:00,212.43
2024-11-13 21:00:00,222.22
2024-11-13 22:00:00,253.73
2024-11-13 23:00:00,313.65
2024-11-14 00:00:00,283.25
2024-11-14 01:00:00,265.67
2024-11-14 02:00:00,282.63
2024-11-14 03:00:00,263.53
2024-11-14 04:00:00,251.93
2024-11-14 05:00:00,278.55
2024-11-14 06:00:00,319.83
2024-11-14 07:00:00,300.47
2024-11-14 08:00:00,265.78
2024-11-14 09:00:00,234.78
2024-11-14 10:00:00,252.22
2024-11-14 11:00:00,337.57
2024-11-14 12:00:00,349.43
2024-11-14 13:00:00,378.43
2024-11-14 14:00:00,224.18
2024-11-14 15:00:00,133.47
2024-11-14 16:00:00,144.28
2024-11-14 17:00:00,148.82
2024-11-14 18:00:00,133.3
2024-11-14 19:00:00,113.95
2024-11-14 20:00:00,149.83
2024-11-14 21:00:00,160.55
2024-11-14 22:00:00,176.08
2024-11-14 23:00:00,196.3
2024-11-15 00:00:00,215.73
2024-11-15 01:00:00,213.58
2024-11-15 02:00:00,255.85
2024-11-15 03:00:00,279.75
2024-11-15 04:00:00,271.3
2024-11-15 05:00:00,278.9
2024-11-15 06:00:00,293.75
2024-11-15 07:00:00,273.85
2024-11-15 08:00:00,313.87
2024-11-15 09:00:00,406.1
2024-11-15 10:00:00,598.8
2024-11-15 11:00:00,508.77
2024-11-15 12:00:00,282.18
2024-11-15 13:00:00,173.02
2024-11-15 14:00:00,131.92
2024-11-15 15:00:00,104.48
2024-11-15 16:00:00,129.15
2024-11-15 17:00:00,138.42
2024-11-15 18:00:00,139.38
2024-11-15 19:00:00,131.62
2024-11-15 20:00:00,170.22
2024-11-15 21:00:00,206.38
2024-11-15 22:00:00,271.4
2024-11-15 23:00:00,464.68
2024-11-16 00:00:00,602.68
2024-11-16 01:00:00,621.58
2024-11-16 02:00:00,645.4
2024-11-16 03:00:00,626.82
2024-11-16 04:00:00,654.23
2024-11-16 05:00:00,577.93
2024-11-16 06:00:00,500.98
2024-11-16 07:00:00,508.65
2024-11-16 08:00:00,492.57
2024-11-16 09:00:00,490.73
2024-11-16 10:00:00,427.87
2024-11-16 11:00:00,457.15
2024-11-16 12:00:00,322.93
2024-11-16 13:00:00,226.92
2024-11-16 14:00:00,188.83
2024-11-16 15:00:00,179.62
2024-11-16 16:00:00,180.92
2024-11-16 17:00:00,193.37
2024-11-16 18:00:00,208.55
2024-11-16 19:00:00,215.8
2024-11-16 20:00:00,238.82
2024-11-16 21:00:00,260.62
2024-11-16 22:00:00,277.75
2024-11-16 23:00:00,298.25
2024-11-17 00:00:00,311.98
2024-11-17 01:00:00,285.57
2024-11-17 02:00:00,333.73
2024-11-17 03:00:00,343.18
2024-11-17 04:00:00,348.15
2024-11-17 05:00:00,316.45
2024-11-17 06:00:00,306.93
2024-11-17 07:00:00,326.22
2024-11-17 08:00:00,298.07
2024-11-17 09:00:00,322.6
2024-11-17 10:00:00,313.72
2024-11-17 11:00:00,289.22
2024-11-17 12:00:00,377.27
2024-11-17 13:00:00,326.97
2024-11-17 14:00:00,326.42
2024-11-17 15:00:00,364.57
2024-11-17 16:00:00,389.9
2024-11-17 17:00:00,397.12
2024-11-17 18:00:00,472.63
2024-11-17 19:00:00,649.77
2024-11-17 20:00:00,754.23
2024-11-17 21:00:00,699.63
2024-11-17 22:00:00,585.32
2024-11-17 23:00:00,513.35
2024-11-18 00:00:00,436.23
2024-11-18 01:00:00,411.18
2024-11-18 02:00:00,416.72
2024-11-18 03:00:00,471.5
2024-11-18 04:00:00,506.12
2024-11-18 05:00:00,531.07
2024-11-18 06:00:00,541.1
2024-11-18 07:00:00,569.18
2024-11-18 08:00:00,646.2
2024-11-18 09:00:00,761.85
2024-11-18 10:00:00,877.32
2024-11-18 11:00:00,955.25
2024-11-18 12:00:00,946.22
2024-11-18 13:00:00,825.68
2024-11-18 14:00:00,817.15
2024-11-18 15:00:00,813.8
2024-11-18 16:00:00,672.0
2024-11-18 17:00:00,506.57
2024-11-18 18:00:00,513.62
2024-11-18 19:00:00,518.3
2024-11-18 20:00:00,522.9
2024-11-18 21:00:00,510.92
2024-11-18 22:00:00,525.43
2024-11-18 23:00:00,560.55
2024-11-19 00:00:00,565.93
2024-11-19 01:00:00,565.25
2024-11-19 02:00:00,554.18
2024-11-19 03:00:00,521.45
2024-11-19 04:00:00,457.65
2024-11-19 05:00:00,384.32
2024-11-19 06:00:00,274.53
2024-11-19 07:00:00,216.73
2024-11-19 08:00:00,207.45
2024-11-19 09:00:00,247.52
2024-11-19 10:00:00,280.95
2024-11-19 11:00:00,304.02
2024-11-19 12:00:00,260.23
2024-11-19 13:00:00,223.48
2024-11-19 14:00:00,234.27
2024-11-19 15:00:00,219.63
2024-11-19 16:00:00,204.63
2024-11-19 17:00:00,193.92
2024-11-19 18:00:00,215.55
2024-11-19 19:00:00,250.73
2024-11-19 20:00:00,265.05
2024-11-19 21:00:00,303.25
2024-11-19 22:00:00,321.68
2024-11-19 23:00:00,327.85
2024-11-20 00:00:00,329.2
2024-11-20 01:00:00,325.75
2024-11-20 02:00:00,352.82
2024-11-20 03:00:00,336.7
2024-11-20 04:00:00,351.93
2024-11-20 05:00:00,344.12
2024-11-20 06:00:00,361.78
2024-11-20 07:00:00,322.33
2024-11-20 08:00:00,285.57
2024-11-20 09:00:00,301.5
2024-11-20 10:00:00,294.3
2024-11-20 11:00:00,261.28
2024-11-20 12:00:00,184.27
2024-11-20 13:00:00,161.6
2024-11-20 14:00:00,125.48
2024-11-20 15:00:00,103.22
2024-11-20 16:00:00,114.3
2024-11-20 17:00:00,133.23
2024-11-20 18:00:00,122.73
2024-11-20 19:00:00,120.32
2024-11-20 20:00:00,142.53
2024-11-20 21:00:00,181.1
2024-11-20 22:00:00,210.68
2024-11-20 23:00:00,230.4
2024-11-21 00:00:00,237.73
2024-11-21 01:00:00,247.83
2024-11-21 02:00:00,255.43
2024-11-21 03:00:00,274.13
2024-11-21 04:00:00,272.02
2024-11-21 05:00:00,269.97
2024-11-21 06:00:00,277.92
2024-11-21 07:00:00,296.32
2024-11-21 08:00:00,325.6
2024-11-21 09:00:00,294.03
2024-11-21 10:00:00,243.9
2024-11-21 11:00:00,233.1
2024-11-21 12:00:00,162.47
2024-11-21 13:00:00,149.62
2024-11-21 14:00:00,112.82
2024-11-21 15:00:00,95.75
2024-11-21 16:00:00,102.8
2024-11-21 17:00:00,103.83
2024-11-21 18:00:00,103.75
2024-11-21 19:00:00,105.02
2024-11-21 20:00:00,136.38
2024-11-21 21:00:00,154.53
2024-11-21 22:00:00,188.18
2024-11-21 23:00:00,249.0
2024-11-22 00:00:00,245.65
2024-11-22 01:00:00,257.28
2024-11-22 02:00:00,262.62
2024-11-22 03:00:00,284.75
2024-11-22 04:00:00,280.58
2024-11-22 05:00:00,322.47
2024-11-22 06:00:00,322.68
2024-11-22 07:00:00,323.02
2024-11-22 08:00:00,320.88
2024-11-22 09:00:00,307.67
2024-11-22 10:00:00,332.2
2024-11-22 11:00:00,312.22
2024-11-22 12:00:00,271.35
2024-11-22 13:00:00,249.02
2024-11-22 14:00:00,212.65
2024-11-22 15:00:00,199.32
2024-11-22 16:00:00,190.6
2024-11-22 17:00:00,196.47
2024-11-22 18:00:00,191.77
2024-11-22 19:00:00,204.73
2024-11-22 20:00:00,252.05
2024-11-22 21:00:00,295.1
2024-11-22 22:00:00,319.15
2024-11-22 23:00:00,372.43
2024-11-23 00:00:00,351.42
2024-11-23 01:00:00,349.52
2024-11-23 02:00:00,359.87
2024-11-23 03:00:00,346.53
2024-11-23 04:00:00,369.45
2024-11-23 05:00:00,355.47
2024-11-23 06:00:00,351.08
2024-11-23 07:00:00,295.25
2024-11-23 08:00:00,276.78
2024-11-23 09:00:00,295.47
2024-11-23 10:00:00,257.75
2024-11-23 11:00:00,240.32
2024-11-23 12:00:00,199.78
2024-11-23 13:00:00,169.28
2024-11-23 14:00:00,127.32
2024-11-23 15:00:00,109.8
2024-11-23 16:00:00,129.98
2024-11-23 17:00:00,139.17
2024-11-23 18:00:00,138.77
2024-11-23 19:00:00,149.52
2024-11-23 20:00:00,214.38
2024-11-23 21:00:00,224.67
2024-11-23 22:00:00,217.07
2024-11-23 23:00:00,227.02
2024-11-24 00:00:00,228.4
2024-11-24 01:00:00,212.63
2024-11-24 02:00:00,194.63
2024-11-24 03:00:00,199.93
2024-11-24 04:00:00,181.87
2024-11-24 05:00:00,158.8
2024-11-24 06:00:00,134.48
2024-11-24 07:00:00,121.55
2024-11-24 08:00:00,126.15
2024-11-24 09:00:00,118.37
2024-11-24 10:00:00,127.47
2024-11-24 11:00:00,119.2
2024-11-24 12:00:00,103.48
2024-11-24 13:00:00,97.83
2024-11-24 14:00:00,87.23
2024-11-24 15:00:00,69.35
2024-11-24 16:00:00,66.63
2024-11-24 17:00:00,68.88
2024-11-24 18:00:00,70.38
2024-11-24 19:00:00,76.4
2024-11-24 20:00:00,93.92
2024-11-24 21:00:00,142.27
2024-11-24 22:00:00,191.58
2024-11-24 23:00:00,240.63
2024-11-25 00:00:00,221.42
2024-11-25 01:00:00,199.47
2024-11-25 02:00:00,195.23
2024-11-25 03:00:00,242.95
2024-11-25 04:00:00,243.12
2024-11-25 05:00:00,217.38
2024-11-25 06:00:00,242.65
2024-11-25 07:00:00,249.4
2024-11-25 08:00:00,248.98
2024-11-25 09:00:00,285.78
2024-11-25 10:00:00,355.97
2024-11-25 11:00:00,395.85
2024-11-25 12:00:00,322.03
2024-11-25 13:00:00,249.0
2024-11-25 14:00:00,249.22
2024-11-25 15:00:00,241.55
2024-11-25 16:00:00,235.02
2024-11-25 17:00:00,217.37
2024-11-25 18:00:00,230.43
2024-11-25 19:00:00,211.13
2024-11-25 20:00:00,206.27
2024-11-25 21:00:00,218.85
2024-11-25 22:00:00,199.77
2024-11-25 23:00:00,170.45
2024-11-26 00:00:00,194.32
2024-11-26 01:00:00,200.6
2024-11-26 02:00:00,188.53
2024-11-26 03:00:00,181.42
2024-11-26 04:00:00,192.73
2024-11-26 05:00:00,183.25
2024-11-26 06:00:00,165.45
2024-11-26 07:00:00,149.57
2024-11-26 08:00:00,166.65
2024-11-26 09:00:00,161.78
2024-11-26 10:00:00,161.3
2024-11-26 11:00:00,106.85
2024-11-26 12:00:00,99.67
2024-11-26 13:00:00,111.17
2024-11-26 14:00:00,81.72
2024-11-26 15:00:00,55.77
2024-11-26 16:00:00,61.02
2024-11-26 17:00:00,61.47
2024-11-26 18:00:00,69.98
2024-11-26 19:00:00,79.08
2024-11-26 20:00:00,118.85
2024-11-26 21:00:00,168.33
2024-11-26 22:00:00,209.03
2024-11-26 23:00:00,211.47
2024-11-27 00:00:00,189.32
2024-11-27 01:00:00,164.23
2024-11-27 02:00:00,140.47
2024-11-27 03:00:00,142.82
2024-11-27 04:00:00,191.52
2024-11-27 05:00:00,193.3
2024-11-27 06:00:00,152.02
2024-11-27 07:00:00,139.47
2024-11-27 08:00:00,138.25
2024-11-27 09:00:00,162.32
2024-11-27 10:00:00,158.72
2024-11-27 11:00:00,132.55
2024-11-27 12:00:00,131.47
2024-11-27 13:00:00,97.4
2024-11-27 14:00:00,74.98
2024-11-27 15:00:00,72.6
2024-11-27 16:00:00,59.6
2024-11-27 17:00:00,64.7
2024-11-27 18:00:00,72.07
2024-11-27 19:00:00,82.7
2024-11-27 20:00:00,112.72
2024-11-27 21:00:00,145.27
2024-11-27 22:00:00,170.1
2024-11-27 23:00:00,192.3
2024-11-28 00:00:00,188.35
2024-11-28 01:00:00,167.02
2024-11-28 02:00:00,168.82
2024-11-28 03:00:00,175.43
2024-11-28 04:00:00,203.47
2024-11-28 05:00:00,209.57
2024-11-28 06:00:00,210.85
2024-11-28 07:00:00,230.17
2024-11-28 08:00:00,289.43
2024-11-28 09:00:00,281.17
2024-11-28 10:00:00,160.17
2024-11-28 11:00:00,137.13
2024-11-28 12:00:00,106.08
2024-11-28 13:00:00,105.03
2024-11-28 14:00:00,79.62
2024-11-28 15:00:00,52.07
2024-11-28 16:00:00,43.77
2024-11-28 17:00:00,49.48
2024-11-28 18:00:00,47.15
2024-11-28 19:00:00,67.13
2024-11-28 20:00:00,100.35
2024-11-28 21:00:00,126.85
2024-11-28 22:00:00,152.0
2024-11-28 23:00:00,178.6
2024-11-29 00:00:00,165.17
2024-11-29 01:00:00,165.07
2024-11-29 02:00:00,180.73
2024-11-29 03:00:00,198.2
2024-11-29 04:00:00,182.47
2024-11-29 05:00:00,178.23
2024-11-29 06:00:00,206.42
2024-11-29 07:00:00,192.82
2024-11-29 08:00:00,193.1
2024-11-29 09:00:00,190.87
2024-11-29 10:00:00,193.33
2024-11-29 11:00:00,161.4
2024-11-29 12:00:00,121.55
2024-11-29 13:00:00,93.53
2024-11-29 14:00:00,80.63
2024-11-29 15:00:00,57.5
2024-11-29 16:00:00,66.05
2024-11-29 17:00:00,74.43
2024-11-29 18:00:00,85.33
2024-11-29 19:00:00,94.52
2024-11-29 20:00:00,118.67
2024-11-29 21:00:00,161.08
2024-11-29 22:00:00,188.48
2024-11-29 23:00:00,221.42
2024-11-30 00:00:00,245.08
2024-11-30 01:00:00,246.17
2024-11-30 02:00:00,253.55
2024-11-30 03:00:00,256.52
2024-11-30 04:00:00,244.47
2024-11-30 05:00:00,237.18
2024-11-30 06:00:00,249.08
2024-11-30 07:00:00,212.55
2024-11-30 08:00:00,191.6
2024-11-30 09:00:00,219.8
2024-11-30 10:00:00,255.72
2024-11-30 11:00:00,150.43
2024-11-30 12:00:00,88.42
2024-11-30 13:00:00,75.43
2024-11-30 14:00:00,86.7
2024-11-30 15:00:00,69.12
2024-11-30 16:00:00,67.65
2024-11-30 17:00:00,68.07
2024-11-30 18:00:00,76.35
2024-11-30 19:00:00,86.42
2024-11-30 20:00:00,108.08
2024-11-30 21:00:00,142.8
2024-11-30 22:00:00,210.2
2024-11-30 23:00:00,249.28
2024-12-01 00:00:00,224.27
2024-12-01 01:00:00,185.33
2024-12-01 02:00:00,159.2
2024-12-01 03:00:00,166.78
2024-12-01 04:00:00,160.05
2024-12-01 05:00:00,135.3
2024-12-01 06:00:00,111.68
2024-12-01 07:00:00,123.1
2024-12-01 08:00:00,134.57
2024-12-01 09:00:00,161.13
2024-12-01 10:00:00,130.45
2024-12-01 11:00:00,103.13
2024-12-01 12:00:00,66.97
2024-12-01 13:00:00,55.15
2024-12-01 14:00:00,41.02
2024-12-01 15:00:00,50.83
2024-12-01 16:00:00,65.93
2024-12-01 17:00:00,69.45
2024-12-01 18:00:00,77.23
2024-12-01 19:00:00,87.58
2024-12-01 20:00:00,107.65
2024-12-01 21:00:00,119.4
2024-12-01 22:00:00,133.38
2024-12-01 23:00:00,154.32
2024-12-02 00:00:00,158.6
2024-12-02 01:00:00,152.88
2024-12-02 02:00:00,130.22
2024-12-02 03:00:00,117.22
2024-12-02 04:00:00,109.82
2024-12-02 05:00:00,124.92
2024-12-02 06:00:00,143.33
2024-12-02 07:00:00,145.07
2024-12-02 08:00:00,137.12
2024-12-02 09:00:00,162.72
2024-12-02 10:00:00,136.28
2024-12-02 11:00:00,124.7
2024-12-02 12:00:00,94.83
2024-12-02 13:00:00,93.28
2024-12-02 14:00:00,92.4
2024-12-02 15:00:00,57.57
2024-12-02 16:00:00,65.07
2024-12-02 17:00:00,51.3
2024-12-02 18:00:00,56.38
2024-12-02 19:00:00,59.73
2024-12-02 20:00:00,100.03
2024-12-02 21:00:00,129.73
2024-12-02 22:00:00,137.03
2024-12-02 23:00:00,150.13
2024-12-03 00:00:00,182.32
2024-12-03 01:00:00,181.48
2024-12-03 02:00:00,172.43
2024-12-03 03:00:00,161.35
2024-12-03 04:00:00,175.3
2024-12-03 05:00:00,163.33
2024-12-03 06:00:00,151.27
2024-12-03 07:00:00,154.42
2024-12-03 08:00:00,162.8
2024-12-03 09:00:00,132.47
2024-12-03 10:00:00,114.33
2024-12-03 11:00:00,97.02
2024-12-03 12:00:00,92.75
2024-12-03 13:00:00,81.6
2024-12-03 14:00:00,61.47
2024-12-03 15:00:00,56.63
2024-12-03 16:00:00,46.03
2024-12-03 17:00:00,39.92
2024-12-03 18:00:00,52.0
2024-12-03 19:00:00,58.87
2024-12-03 20:00:00,78.73
2024-12-03 21:00:00,92.85
2024-12-03 22:00:00,95.5
2024-12-03 23:00:00,109.38
2024-12-04 00:00:00,93.5
2024-12-04 01:00:00,65.28
2024-12-04 02:00:00,57.95
2024-12-04 03:00:00,72.95
2024-12-04 04:00:00,59.95
2024-12-04 05:00:00,61.82
2024-12-04 06:00:00,56.37
2024-12-04 07:00:00,63.6
2024-12-04 08:00:00,54.73
2024-12-04 09:00:00,44.55
2024-12-04 10:00:00,57.05
2024-12-04 11:00:00,44.48
2024-12-04 12:00:00,44.98
2024-12-04 13:00:00,37.08
2024-12-04 14:00:00,33.58
2024-12-04 15:00:00,34.1
2024-12-04 16:00:00,38.65
2024-12-04 17:00:00,40.57
2024-12-04 18:00:00,30.69
2024-12-04 19:00:00,39.28
2024-12-04 20:00:00,64.52
2024-12-04 21:00:00,66.33
2024-12-04 22:00:00,68.65
2024-12-04 23:00:00,82.22
2024-12-05 00:00:00,85.82
2024-12-05 01:00:00,77.22
2024-12-05 02:00:00,70.93
2024-12-05 03:00:00,59.07
2024-12-05 04:00:00,65.52
2024-12-05 05:00:00,83.8
2024-12-05 06:00:00,75.78
2024-12-05 07:00:00,57.78
2024-12-05 08:00:00,67.77
2024-12-05 09:00:00,52.67
2024-12-05 10:00:00,61.97
2024-12-05 11:00:00,69.43
2024-12-05 12:00:00,52.65
2024-12-05 13:00:00,49.8
2024-12-05 14:00:00,38.08
2024-12-05 15:00:00,27.1
2024-12-05 16:00:00,32.92
2024-12-05 17:00:00,42.38
2024-12-05 18:00:00,48.48
2024-12-05 19:00:00,61.35
2024-12-05 20:00:00,80.78
2024-12-05 21:00:00,84.2
2024-12-05 22:00:00,86.92
2024-12-05 23:00:00,100.58
2024-12-06 00:00:00,86.95
2024-12-06 01:00:00,90.07
2024-12-06 02:00:00,78.78
2024-12-06 03:00:00,72.57
2024-12-06 04:00:00,83.37
2024-12-06 05:00:00,103.82
2024-12-06 06:00:00,70.4
2024-12-06 07:00:00,72.4
2024-12-06 08:00:00,68.3
2024-12-06 09:00:00,76.95
2024-12-06 10:00:00,85.93
2024-12-06 11:00:00,65.67
2024-12-06 12:00:00,44.88
2024-12-06 13:00:00,55.52
2024-12-06 14:00:00,34.98
2024-12-06 15:00:00,32.33
2024-12-06 16:00:00,27.98
2024-12-06 17:00:00,45.18
2024-12-06 18:00:00,83.4
2024-12-06 19:00:00,75.17
2024-12-06 20:00:00,68.7
2024-12-06 21:00:00,93.72
2024-12-06 22:00:00,129.8
2024-12-06 23:00:00,142.22
2024-12-07 00:00:00,154.15
2024-12-07 01:00:00,161.38
2024-12-07 02:00:00,145.52
2024-12-07 03:00:00,123.97
2024-12-07 04:00:00,124.05
2024-12-07 05:00:00,134.92
2024-12-07 06:00:00,93.68
2024-12-07 07:00:00,88.63
2024-12-07 08:00:00,90.72
2024-12-07 09:00:00,96.73
2024-12-07 10:00:00,119.12
2024-12-07 11:00:00,89.95
2024-12-07 12:00:00,80.12
2024-12-07 13:00:00,56.95
2024-12-07 14:00:00,42.67
2024-12-07 15:00:00,41.27
2024-12-07 16:00:00,56.18
2024-12-07 17:00:00,50.2
2024-12-07 18:00:00,56.15
2024-12-07 19:00:00,50.98
2024-12-07 20:00:00,68.85
2024-12-07 21:00:00,111.13
2024-12-07 22:00:00,152.65
2024-12-07 23:00:00,156.9
2024-12-08 00:00:00,200.0
2024-12-08 01:00:00,249.43
2024-12-08 02:00:00,258.32
2024-12-08 03:00:00,278.62
2024-12-08 04:00:00,209.45
2024-12-08 05:00:00,213.65
2024-12-08 06:00:00,223.48
2024-12-08 07:00:00,222.07
2024-12-08 08:00:00,202.97
2024-12-08 09:00:00,169.4
2024-12-08 10:00:00,146.12
2024-12-08 11:00:00,104.52
2024-12-08 12:00:00,102.8
2024-12-08 13:00:00,79.28
2024-12-08 14:00:00,73.88
2024-12-08 15:00:00,75.62
2024-12-08 16:00:00,72.28
2024-12-08 17:00:00,79.72
2024-12-08 18:00:00,83.68
2024-12-08 19:00:00,99.87
2024-12-08 20:00:00,98.2
2024-12-08 21:00:00,112.58
2024-12-08 22:00:00,93.45
2024-12-08 23:00:00,78.67
2024-12-09 00:00:00,84.4
2024-12-09 01:00:00,59.17
2024-12-09 02:00:00,46.53
2024-12-09 03:00:00,44.18
2024-12-09 04:00:00,94.68
2024-12-09 05:00:00,92.98
2024-12-09 06:00:00,82.68
2024-12-09 07:00:00,61.75
2024-12-09 08:00:00,46.52
2024-12-09 09:00:00,46.8
2024-12-09 10:00:00,65.62
2024-12-09 11:00:00,110.65
2024-12-09 12:00:00,101.72
2024-12-09 13:00:00,84.78
2024-12-09 14:00:00,73.58
2024-12-09 15:00:00,62.38
2024-12-09 16:00:00,60.27
2024-12-09 17:00:00,56.5
2024-12-09 18:00:00,70.62
2024-12-09 19:00:00,84.43
2024-12-09 20:00:00,105.82
2024-12-09 21:00:00,118.98
2024-12-09 22:00:00,102.15
2024-12-09 23:00:00,113.55
2024-12-10 00:00:00,115.13
2024-12-10 01:00:00,104.55
2024-12-10 02:00:00,93.35
2024-12-10 03:00:00,89.23
2024-12-10 04:00:00,86.52
2024-12-10 05:00:00,79.2
2024-12-10 06:00:00,78.22
2024-12-10 07:00:00,75.22
2024-12-10 08:00:00,104.73
2024-12-10 09:00:00,91.65
2024-12-10 10:00:00,100.7
2024-12-10 11:00:00,82.82
2024-12-10 12:00:00,68.07
2024-12-10 13:00:00,48.37
2024-12-10 14:00:00,27.98
2024-12-10 15:00:00,16.67
2024-12-10 16:00:00,24.4
2024-12-10 17:00:00,35.5
2024-12-10 18:00:00,53.8
2024-12-10 19:00:00,83.28
2024-12-10 20:00:00,112.07
2024-12-10 21:00:00,116.37
2024-12-10 22:00:00,94.08
2024-12-10 23:00:00,80.88
2024-12-11 00:00:00,90.08
2024-12-11 01:00:00,99.35
2024-12-11 02:00:00,79.95
2024-12-11 03:00:00,70.18
2024-12-11 04:00:00,74.13
2024-12-11 05:00:00,98.62
2024-12-11 06:00:00,81.3
2024-12-11 07:00:00,61.85
2024-12-11 08:00:00,72.13
2024-12-11 09:00:00,86.22
2024-12-11 10:00:00,90.08
2024-12-11 11:00:00,61.9
2024-12-11 12:00:00,45.95
2024-12-11 13:00:00,51.22
2024-12-11 14:00:00,44.7
2024-12-11 15:00:00,39.22
2024-12-11 16:00:00,39.4
2024-12-11 17:00:00,50.12
2024-12-11 18:00:00,58.13
2024-12-11 19:00:00,78.3
2024-12-11 20:00:00,99.27
2024-12-11 21:00:00,160.62
2024-12-11 22:00:00,150.62
2024-12-11 23:00:00,150.8
2024-12-12 00:00:00,158.13
2024-12-12 01:00:00,169.1
2024-12-12 02:00:00,151.52
2024-12-12 03:00:00,140.02
2024-12-12 04:00:00,157.6
2024-12-12 05:00:00,180.47
2024-12-12 06:00:00,171.48
2024-12-12 07:00:00,199.28
2024-12-12 08:00:00,197.8
2024-12-12 09:00:00,169.55
2024-12-12 10:00:00,147.82
2024-12-12 11:00:00,94.23
2024-12-12 12:00:00,81.25
2024-12-12 13:00:00,63.77
2024-12-12 14:00:00,61.6
2024-12-12 15:00:00,65.37
2024-12-12 16:00:00,86.72
2024-12-12 17:00:00,78.4
2024-12-12 18:00:00,93.28
2024-12-12 19:00:00,129.32
2024-12-12 20:00:00,144.4
2024-12-12 21:00:00,163.72
2024-12-12 22:00:00,141.77
2024-12-12 23:00:00,170.65
2024-12-13 00:00:00,134.35
2024-12-13 01:00:00,111.88
2024-12-13 02:00:00,118.78
2024-12-13 03:00:00,129.28
2024-12-13 04:00:00,117.02
2024-12-13 05:00:00,120.42
2024-12-13 06:00:00,128.47
2024-12-13 07:00:00,125.48
2024-12-13 08:00:00,109.5
2024-12-13 09:00:00,95.65
2024-12-13 10:00:00,93.63
2024-12-13 11:00:00,70.37
2024-12-13 12:00:00,90.05
2024-12-13 13:00:00,79.32
2024-12-13 14:00:00,67.0
2024-12-13 15:00:00,60.85
2024-12-13 16:00:00,47.13
2024-12-13 17:00:00,65.15
2024-12-13 18:00:00,102.0
2024-12-13 19:00:00,102.73
2024-12-13 20:00:00,65.27
2024-12-13 21:00:00,76.43
2024-12-13 22:00:00,88.95
2024-12-13 23:00:00,90.13
2024-12-14 00:00:00,83.68
2024-12-14 01:00:00,72.95
2024-12-14 02:00:00,76.25
2024-12-14 03:00:00,84.92
2024-12-14 04:00:00,70.1
2024-12-14 05:00:00,67.87
2024-12-14 06:00:00,59.63
2024-12-14 07:00:00,59.33
2024-12-14 08:00:00,66.72
2024-12-14 09:00:00,65.55
2024-12-14 10:00:00,87.68
2024-12-14 11:00:00,79.95
2024-12-14 12:00:00,74.2
2024-12-14 13:00:00,63.68
2024-12-14 14:00:00,54.73
2024-12-14 15:00:00,57.87
2024-12-14 16:00:00,51.37
2024-12-14 17:00:00,64.73
2024-12-14 18:00:00,80.12
2024-12-14 19:00:00,93.78
2024-12-14 20:00:00,107.57
2024-12-14 21:00:00,145.22
2024-12-14 22:00:00,141.42
2024-12-14 23:00:00,146.52
2024-12-15 00:00:00,140.48
2024-12-15 01:00:00,136.17
2024-12-15 02:00:00,117.82
2024-12-15 03:00:00,129.63
2024-12-15 04:00:00,113.48
2024-12-15 05:00:00,100.23
2024-12-15 06:00:00,108.3
2024-12-15 07:00:00,102.38
2024-12-15 08:00:00,114.63
2024-12-15 09:00:00,120.83
2024-12-15 10:00:00,121.78
2024-12-15 11:00:00,108.85
2024-12-15 12:00:00,117.43
2024-12-15 13:00:00,131.5
2024-12-15 14:00:00,135.63
2024-12-15 15:00:00,104.87
2024-12-15 16:00:00,97.6
2024-12-15 17:00:00,102.72
2024-12-15 18:00:00,101.25
2024-12-15 19:00:00,134.92
2024-12-15 20:00:00,177.85
2024-12-15 21:00:00,192.38
2024-12-15 22:00:00,222.47
2024-12-15 23:00:00,297.67
2024-12-16 00:00:00,370.42
2024-12-16 01:00:00,377.43
2024-12-16 02:00:00,314.68
2024-12-16 03:00:00,260.75
2024-12-16 04:00:00,251.6
2024-12-16 05:00:00,237.25
2024-12-16 06:00:00,223.73
2024-12-16 07:00:00,239.15
2024-12-16 08:00:00,243.58
2024-12-16 09:00:00,254.48
2024-12-16 10:00:00,253.3
2024-12-16 11:00:00,276.13
2024-12-16 12:00:00,264.8
2024-12-16 13:00:00,223.17
2024-12-16 14:00:00,215.93
2024-12-16 15:00:00,205.7
2024-12-16 16:00:00,206.47
2024-12-16 17:00:00,217.87
2024-12-16 18:00:00,252.55
2024-12-16 19:00:00,268.57
2024-12-16 20:00:00,327.4
2024-12-16 21:00:00,330.05
2024-12-16 22:00:00,374.55
2024-12-16 23:00:00,423.63
2024-12-17 00:00:00,433.43
2024-12-17 01:00:00,423.6
2024-12-17 02:00:00,408.57
2024-12-17 03:00:00,415.43
2024-12-17 04:00:00,397.72
2024-12-17 05:00:00,394.57
2024-12-17 06:00:00,348.73
2024-12-17 07:00:00,322.83
2024-12-17 08:00:00,319.22
2024-12-17 09:00:00,367.18
2024-12-17 10:00:00,397.75
2024-12-17 11:00:00,356.42
2024-12-17 12:00:00,269.18
2024-12-17 13:00:00,235.7
2024-12-17 14:00:00,181.1
2024-12-17 15:00:00,186.43
2024-12-17 16:00:00,209.62
2024-12-17 17:00:00,202.82
2024-12-17 18:00:00,202.8
2024-12-17 19:00:00,253.33
2024-12-17 20:00:00,303.27
2024-12-17 21:00:00,361.88
2024-12-17 22:00:00,419.28
2024-12-17 23:00:00,482.0
2024-12-18 00:00:00,461.85
2024-12-18 01:00:00,406.1
2024-12-18 02:00:00,362.5
2024-12-18 03:00:00,339.83
2024-12-18 04:00:00,317.38
2024-12-18 05:00:00,321.32
2024-12-18 06:00:00,326.47
2024-12-18 07:00:00,291.78
2024-12-18 08:00:00,298.15
2024-12-18 09:00:00,328.9
2024-12-18 10:00:00,389.15
2024-12-18 11:00:00,405.23
2024-12-18 12:00:00,344.27
2024-12-18 13:00:00,259.8
2024-12-18 14:00:00,208.67
2024-12-18 15:00:00,202.18
2024-12-18 16:00:00,245.97
2024-12-18 17:00:00,228.93
2024-12-18 18:00:00,228.35
2024-12-18 19:00:00,252.77
2024-12-18 20:00:00,312.7
2024-12-18 21:00:00,364.47
2024-12-18 22:00:00,430.9
2024-12-18 23:00:00,496.93
2024-12-19 00:00:00,531.87
2024-12-19 01:00:00,532.95
2024-12-19 02:00:00,432.48
2024-12-19 03:00:00,364.65
2024-12-19 04:00:00,349.53
2024-12-19 05:00:00,381.37
2024-12-19 06:00:00,383.15
2024-12-19 07:00:00,411.33
2024-12-19 08:00:00,417.93
2024-12-19 09:00:00,504.8
2024-12-19 10:00:00,508.35
2024-12-19 11:00:00,401.18
2024-12-19 12:00:00,281.65
2024-12-19 13:00:00,218.43
2024-12-19 14:00:00,163.48
2024-12-19 15:00:00,134.78
2024-12-19 16:00:00,144.45
2024-12-19 17:00:00,163.97
2024-12-19 18:00:00,161.48
2024-12-19 19:00:00,159.45
2024-12-19 20:00:00,171.42
2024-12-19 21:00:00,209.12
2024-12-19 22:00:00,246.35
2024-12-19 23:00:00,471.03
2024-12-20 00:00:00,511.43
2024-12-20 01:00:00,464.72
2024-12-20 02:00:00,358.55
2024-12-20 03:00:00,323.97
2024-12-20 04:00:00,284.57
2024-12-20 05:00:00,269.93
2024-12-20 06:00:00,281.38
2024-12-20 07:00:00,293.05
2024-12-20 08:00:00,302.43
2024-12-20 09:00:00,365.9
2024-12-20 10:00:00,399.82
2024-12-20 11:00:00,400.18
2024-12-20 12:00:00,315.87
2024-12-20 13:00:00,221.32
2024-12-20 14:00:00,166.1
2024-12-20 15:00:00,138.93
2024-12-20 16:00:00,126.48
2024-12-20 17:00:00,148.23
2024-12-20 18:00:00,168.33
2024-12-20 19:00:00,187.77
2024-12-20 20:00:00,217.0
2024-12-20 21:00:00,270.1
2024-12-20 22:00:00,259.13
2024-12-20 23:00:00,228.25
2024-12-21 00:00:00,207.83
2024-12-21 01:00:00,187.75
2024-12-21 02:00:00,179.58
2024-12-21 03:00:00,164.43
2024-12-21 04:00:00,179.4
2024-12-21 05:00:00,174.32
2024-12-21 06:00:00,189.13
2024-12-21 07:00:00,214.25
2024-12-21 08:00:00,231.92
2024-12-21 09:00:00,242.38
2024-12-21 10:00:00,252.9
2024-12-21 11:00:00,188.53
2024-12-21 12:00:00,144.82
2024-12-21 13:00:00,106.55
2024-12-21 14:00:00,121.65
2024-12-21 15:00:00,93.93
2024-12-21 16:00:00,92.47
2024-12-21 17:00:00,114.02
2024-12-21 18:00:00,139.47
2024-12-21 19:00:00,155.67
2024-12-21 20:00:00,176.75
2024-12-21 21:00:00,230.13
2024-12-21 22:00:00,271.47
2024-12-21 23:00:00,297.97
2024-12-22 00:00:00,327.12
2024-12-22 01:00:00,290.12
2024-12-22 02:00:00,283.0
2024-12-22 03:00:00,242.93
2024-12-22 04:00:00,259.1
2024-12-22 05:00:00,326.92
2024-12-22 06:00:00,318.68
2024-12-22 07:00:00,347.23
2024-12-22 08:00:00,367.17
2024-12-22 09:00:00,425.27
2024-12-22 10:00:00,455.82
2024-12-22 11:00:00,365.6
2024-12-22 12:00:00,235.83
2024-12-22 13:00:00,216.95
2024-12-22 14:00:00,213.75
2024-12-22 15:00:00,198.87
2024-12-22 16:00:00,159.78
2024-12-22 17:00:00,155.05
2024-12-22 18:00:00,174.25
2024-12-22 19:00:00,199.18
2024-12-22 20:00:00,209.58
2024-12-22 21:00:00,240.15
2024-12-22 22:00:00,315.87
2024-12-22 23:00:00,354.87
2024-12-23 00:00:00,391.17
2024-12-23 01:00:00,422.92
2024-12-23 02:00:00,325.32
2024-12-23 03:00:00,245.75
2024-12-23 04:00:00,257.9
2024-12-23 05:00:00,230.1
2024-12-23 06:00:00,222.27
2024-12-23 07:00:00,244.13
2024-12-23 08:00:00,293.37
2024-12-23 09:00:00,351.82
2024-12-23 10:00:00,366.83
2024-12-23 11:00:00,346.0
2024-12-23 12:00:00,336.58
2024-12-23 13:00:00,276.12
2024-12-23 14:00:00,261.52
2024-12-23 15:00:00,234.0
2024-12-23 16:00:00,196.18
2024-12-23 17:00:00,174.88
2024-12-23 18:00:00,193.45
2024-12-23 19:00:00,221.92
2024-12-23 20:00:00,242.57
2024-12-23 21:00:00,266.28
2024-12-23 22:00:00,301.85
2024-12-23 23:00:00,277.1
2024-12-24 00:00:00,247.28
2024-12-24 01:00:00,240.77
2024-12-24 02:00:00,237.87
2024-12-24 03:00:00,250.17
2024-12-24 04:00:00,221.87
2024-12-24 05:00:00,192.82
2024-12-24 06:00:00,200.37
2024-12-24 07:00:00,176.05
2024-12-24 08:00:00,173.38
2024-12-24 09:00:00,175.55
2024-12-24 10:00:00,194.85
2024-12-24 11:00:00,149.93
2024-12-24 12:00:00,133.93
2024-12-24 13:00:00,142.22
2024-12-24 14:00:00,101.62
2024-12-24 15:00:00,72.42
2024-12-24 16:00:00,98.1
2024-12-24 17:00:00,116.02
2024-12-24 18:00:00,117.12
2024-12-24 19:00:00,152.63
2024-12-24 20:00:00,150.68
2024-12-24 21:00:00,145.13
2024-12-24 22:00:00,185.2
2024-12-24 23:00:00,233.15
2024-12-25 00:00:00,220.8
2024-12-25 01:00:00,195.2
2024-12-25 02:00:00,159.6
2024-12-25 03:00:00,177.08
2024-12-25 04:00:00,186.9
2024-12-25 05:00:00,175.45
2024-12-25 06:00:00,156.75
2024-12-25 07:00:00,168.85
2024-12-25 08:00:00,186.47
2024-12-25 09:00:00,206.45
2024-12-25 10:00:00,174.65
2024-12-25 11:00:00,127.8
2024-12-25 12:00:00,148.5
2024-12-25 13:00:00,144.08
2024-12-25 14:00:00,113.85
2024-12-25 15:00:00,96.77
2024-12-25 16:00:00,97.63
2024-12-25 17:00:00,110.0
2024-12-25 18:00:00,117.8
2024-12-25 19:00:00,142.63
2024-12-25 20:00:00,165.82
2024-12-25 21:00:00,171.82
2024-12-25 22:00:00,170.58
2024-12-25 23:00:00,178.53
2024-12-26 00:00:00,189.65
2024-12-26 01:00:00,208.82
2024-12-26 02:00:00,201.88
2024-12-26 03:00:00,205.48
2024-12-26 04:00:00,193.03
2024-12-26 05:00:00,173.05
2024-12-26 06:00:00,144.38
2024-12-26 07:00:00,151.7
2024-12-26 08:00:00,197.52
2024-12-26 09:00:00,212.15
2024-12-26 10:00:00,231.77
2024-12-26 11:00:00,223.85
2024-12-26 12:00:00,171.98
2024-12-26 13:00:00,124.35
2024-12-26 14:00:00,103.93
2024-12-26 15:00:00,90.62
2024-12-26 16:00:00,97.5
2024-12-26 17:00:00,101.55
2024-12-26 18:00:00,135.8
2024-12-26 19:00:00,186.65
2024-12-26 20:00:00,183.0
2024-12-26 21:00:00,188.6
2024-12-26 22:00:00,224.23
2024-12-26 23:00:00,234.92
2024-12-27 00:00:00,232.82
2024-12-27 01:00:00,218.98
2024-12-27 02:00:00,210.58
2024-12-27 03:00:00,229.15
2024-12-27 04:00:00,224.55
2024-12-27 05:00:00,249.88
2024-12-27 06:00:00,231.33
2024-12-27 07:00:00,182.83
2024-12-27 08:00:00,132.17
2024-12-27 09:00:00,107.77
2024-12-27 10:00:00,46.4
2024-12-27 11:00:00,80.72
2024-12-27 12:00:00,123.95
2024-12-27 13:00:00,129.5
2024-12-27 14:00:00,76.68
2024-12-27 15:00:00,63.42
2024-12-27 16:00:00,64.77
2024-12-27 17:00:00,54.77
2024-12-27 18:00:00,42.93
2024-12-27 19:00:00,48.17
2024-12-27 20:00:00,47.77
2024-12-27 21:00:00,31.35
2024-12-27 22:00:00,36.8
2024-12-27 23:00:00,50.07
2024-12-28 00:00:00,45.2
2024-12-28 01:00:00,46.63
2024-12-28 02:00:00,39.95
2024-12-28 03:00:00,46.18
2024-12-28 04:00:00,34.63
2024-12-28 05:00:00,40.75
2024-12-28 06:00:00,35.92
2024-12-28 07:00:00,36.35
2024-12-28 08:00:00,43.27
2024-12-28 09:00:00,65.22
2024-12-28 10:00:00,69.04
2024-12-28 11:00:00,88.37
2024-12-28 12:00:00,125.13
2024-12-28 13:00:00,128.8
2024-12-28 14:00:00,76.87
2024-12-28 15:00:00,69.77
2024-12-28 16:00:00,75.37
2024-12-28 17:00:00,80.6
2024-12-28 18:00:00,95.93
2024-12-28 19:00:00,103.6
2024-12-28 20:00:00,117.03
2024-12-28 21:00:00,129.8
2024-12-28 22:00:00,125.98
2024-12-28 23:00:00,113.48
2024-12-29 00:00:00,103.78
2024-12-29 01:00:00,86.18
2024-12-29 02:00:00,75.95
2024-12-29 03:00:00,77.58
2024-12-29 04:00:00,84.67
2024-12-29 05:00:00,80.52
2024-12-29 06:00:00,75.13
2024-12-29 07:00:00,82.18
2024-12-29 08:00:00,100.95
2024-12-29 09:00:00,105.1
2024-12-29 10:00:00,109.7
2024-12-29 11:00:00,104.67
2024-12-29 12:00:00,77.72
2024-12-29 13:00:00,60.83
2024-12-29 14:00:00,53.55
2024-12-29 15:00:00,49.25
2024-12-29 16:00:00,49.42
2024-12-29 17:00:00,53.92
2024-12-29 18:00:00,70.48
2024-12-29 19:00:00,73.35
2024-12-29 20:00:00,83.68
2024-12-29 21:00:00,65.05
2024-12-29 22:00:00,58.48
2024-12-29 23:00:00,62.77
2024-12-30 00:00:00,65.05
2024-12-30 01:00:00,59.98
2024-12-30 02:00:00,60.57
2024-12-30 03:00:00,59.88
2024-12-30 04:00:00,53.6
2024-12-30 05:00:00,51.62
2024-12-30 06:00:00,57.23
2024-12-30 07:00:00,58.8
2024-12-30 08:00:00,70.6
2024-12-30 09:00:00,76.2
2024-12-30 10:00:00,76.67
2024-12-30 11:00:00,78.85
2024-12-30 12:00:00,80.72
2024-12-30 13:00:00,78.8
2024-12-30 14:00:00,79.09
2024-12-30 15:00:00,76.17
2024-12-30 16:00:00,77.82
2024-12-30 17:00:00,81.6
2024-12-30 18:00:00,96.0
2024-12-30 19:00:00,101.18
2024-12-30 20:00:00,96.7
2024-12-30 21:00:00,139.15
2024-12-30 22:00:00,132.27
2024-12-30 23:00:00,140.13
2024-12-31 00:00:00,141.87
2024-12-31 01:00:00,91.33
2024-12-31 02:00:00,82.18
2024-12-31 03:00:00,86.17
2024-12-31 04:00:00,87.33
2024-12-31 05:00:00,111.17
2024-12-31 06:00:00,116.83
2024-12-31 07:00:00,131.63
2024-12-31 08:00:00,121.4
2024-12-31 09:00:00,118.15
2024-12-31 10:00:00,131.67
2024-12-31 11:00:00,150.68
2024-12-31 12:00:00,187.88
2024-12-31 13:00:00,199.92
2024-12-31 14:00:00,187.2
2024-12-31 15:00:00,178.57
2024-12-31 16:00:00,185.63
2024-12-31 17:00:00,190.23
2024-12-31 18:00:00,143.52
2024-12-31 19:00:00,138.17
2024-12-31 20:00:00,133.52
2024-12-31 21:00:00,163.8
2024-12-31 22:00:00,215.8
2024-12-31 23:00:00,235.63
2025-01-01 00:00:00,180.77
2025-01-01 01:00:00,141.67
2025-01-01 02:00:00,127.45
2025-01-01 03:00:00,95.8
2025-01-01 04:00:00,94.83
2025-01-01 05:00:00,130.07
2025-01-01 06:00:00,139.17
2025-01-01 07:00:00,115.93
2025-01-01 08:00:00,101.93
2025-01-01 09:00:00,113.68
2025-01-01 10:00:00,108.08
2025-01-01 11:00:00,130.24
2025-01-01 12:00:00,149.7
2025-01-01 13:00:00,138.9
2025-01-01 14:00:00,129.88
2025-01-01 15:00:00,122.83
2025-01-01 16:00:00,118.65
2025-01-01 17:00:00,151.65
2025-01-01 18:00:00,152.72
2025-01-01 19:00:00,148.42
2025-01-01 20:00:00,162.12
2025-01-01 21:00:00,169.72
2025-01-01 22:00:00,183.73
2025-01-01 23:00:00,184.93
2025-01-02 00:00:00,137.43
2025-01-02 01:00:00,132.32
2025-01-02 02:00:00,132.87
2025-01-02 03:00:00,135.22
2025-01-02 04:00:00,122.45
2025-01-02 05:00:00,148.63
2025-01-02 06:00:00,153.23
2025-01-02 07:00:00,128.78
2025-01-02 08:00:00,117.12
2025-01-02 09:00:00,138.03
2025-01-02 10:00:00,161.42
2025-01-02 11:00:00,201.98
2025-01-02 12:00:00,184.08
2025-01-02 13:00:00,158.22
2025-01-02 14:00:00,153.87
2025-01-02 15:00:00,173.22
2025-01-02 16:00:00,178.2
2025-01-02 17:00:00,175.02
2025-01-02 18:00:00,167.9
2025-01-02 19:00:00,153.32
2025-01-02 20:00:00,200.48
2025-01-02 21:00:00,224.35
2025-01-02 22:00:00,248.12
2025-01-02 23:00:00,277.2
2025-01-03 00:00:00,176.8
2025-01-03 01:00:00,166.08
2025-01-03 02:00:00,183.38
2025-01-03 03:00:00,199.48
2025-01-03 04:00:00,205.53
2025-01-03 05:00:00,151.15
2025-01-03 06:00:00,107.7
2025-01-03 07:00:00,103.83
2025-01-03 08:00:00,97.7
2025-01-03 09:00:00,133.17
2025-01-03 10:00:00,162.8
2025-01-03 11:00:00,220.42
2025-01-03 12:00:00,272.52
2025-01-03 13:00:00,336.68
2025-01-03 14:00:00,344.17
2025-01-03 15:00:00,271.85
2025-01-03 16:00:00,206.68
2025-01-03 17:00:00,218.03
2025-01-03 18:00:00,198.65
2025-01-03 19:00:00,206.13
2025-01-03 20:00:00,218.42
2025-01-03 21:00:00,249.05
2025-01-03 22:00:00,347.17
2025-01-03 23:00:00,458.98
2025-01-04 00:00:00,478.8
2025-01-04 01:00:00,374.43
2025-01-04 02:00:00,196.15
2025-01-04 03:00:00,136.6
2025-01-04 04:00:00,96.57
2025-01-04 05:00:00,108.12
2025-01-04 06:00:00,108.0
2025-01-04 07:00:00,97.57
2025-01-04 08:00:00,119.38
2025-01-04 09:00:00,194.92
2025-01-04 10:00:00,276.45
2025-01-04 11:00:00,363.07
2025-01-04 12:00:00,499.33
2025-01-04 13:00:00,484.67
2025-01-04 14:00:00,394.98
2025-01-04 15:00:00,303.92
2025-01-04 16:00:00,312.78
2025-01-04 17:00:00,341.3
2025-01-04 18:00:00,330.82
2025-01-04 19:00:00,302.37
2025-01-04 20:00:00,235.53
2025-01-04 21:00:00,213.62
2025-01-04 22:00:00,218.12
2025-01-04 23:00:00,218.3
2025-01-05 00:00:00,191.23
2025-01-05 01:00:00,176.3
2025-01-05 02:00:00,167.45
2025-01-05 03:00:00,174.95
2025-01-05 04:00:00,176.0
2025-01-05 05:00:00,140.38
2025-01-05 06:00:00,125.47
2025-01-05 07:00:00,119.47
2025-01-05 08:00:00,102.78
2025-01-05 09:00:00,93.55
2025-01-05 10:00:00,137.15
2025-01-05 11:00:00,130.95
2025-01-05 12:00:00,106.47
2025-01-05 13:00:00,126.03
2025-01-05 14:00:00,133.25
2025-01-05 15:00:00,144.87
2025-01-05 16:00:00,192.68
2025-01-05 17:00:00,186.78
2025-01-05 18:00:00,170.28
2025-01-05 19:00:00,182.08
2025-01-05 20:00:00,171.33
2025-01-05 21:00:00,198.02
2025-01-05 22:00:00,193.18
2025-01-05 23:00:00,196.13
2025-01-06 00:00:00,185.92
2025-01-06 01:00:00,159.45
2025-01-06 02:00:00,124.98
2025-01-06 03:00:00,127.8
2025-01-06 04:00:00,135.12
2025-01-06 05:00:00,135.93
2025-01-06 06:00:00,134.17
2025-01-06 07:00:00,134.22
2025-01-06 08:00:00,167.3
2025-01-06 09:00:00,203.92
2025-01-06 10:00:00,237.0
2025-01-06 11:00:00,220.62
2025-01-06 12:00:00,214.07
2025-01-06 13:00:00,216.1
2025-01-06 14:00:00,187.43
2025-01-06 15:00:00,146.97
2025-01-06 16:00:00,136.98
2025-01-06 17:00:00,134.35
2025-01-06 18:00:00,165.87
2025-01-06 19:00:00,157.0
2025-01-06 20:00:00,153.43
2025-01-06 21:00:00,145.2
2025-01-06 22:00:00,142.4
2025-01-06 23:00:00,158.13
2025-01-07 00:00:00,146.77
2025-01-07 01:00:00,108.45
2025-01-07 02:00:00,97.02
2025-01-07 03:00:00,105.22
2025-01-07 04:00:00,109.57
2025-01-07 05:00:00,100.65
2025-01-07 06:00:00,88.5
2025-01-07 07:00:00,107.43
2025-01-07 08:00:00,120.5
2025-01-07 09:00:00,131.82
2025-01-07 10:00:00,141.02
2025-01-07 11:00:00,146.78
2025-01-07 12:00:00,164.97
2025-01-07 13:00:00,177.97
2025-01-07 14:00:00,156.37
2025-01-07 22:00:00,250.14
2025-01-07 23:00:00,214.72
2025-01-08 00:00:00,195.78
2025-01-08 01:00:00,137.28
2025-01-08 02:00:00,92.7
2025-01-08 03:00:00,80.32
2025-01-08 04:00:00,81.03
2025-01-08 05:00:00,108.37
2025-01-08 06:00:00,119.15
2025-01-08 07:00:00,114.2
2025-01-08 08:00:00,127.53
2025-01-08 09:00:00,133.27
2025-01-08 10:00:00,112.75
2025-01-08 11:00:00,106.42
2025-01-08 12:00:00,98.97
2025-01-08 13:00:00,99.58
2025-01-08 14:00:00,70.42
2025-01-08 15:00:00,61.67
2025-01-08 16:00:00,56.68
2025-01-08 17:00:00,71.42
2025-01-08 18:00:00,110.93
2025-01-08 19:00:00,126.02
2025-01-08 20:00:00,203.38
2025-01-08 21:00:00,281.27
2025-01-08 22:00:00,318.72
2025-01-08 23:00:00,354.28
2025-01-09 00:00:00,389.42
2025-01-09 01:00:00,404.57
2025-01-09 02:00:00,380.23
2025-01-09 03:00:00,341.05
2025-01-09 04:00:00,269.93
2025-01-09 05:00:00,198.27
2025-01-09 06:00:00,177.95
2025-01-09 07:00:00,216.63
2025-01-09 08:00:00,206.53
2025-01-09 09:00:00,255.05
2025-01-09 10:00:00,281.95
2025-01-09 11:00:00,421.78
2025-01-09 12:00:00,504.87
2025-01-09 13:00:00,382.81
2025-01-09 14:00:00,222.55
2025-01-09 15:00:00,211.85
2025-01-09 16:00:00,204.72
2025-01-09 17:00:00,193.93
2025-01-09 18:00:00,201.88
2025-01-09 19:00:00,251.98
2025-01-09 20:00:00,320.13
2025-01-09 21:00:00,415.93
2025-01-09 22:00:00,533.43
2025-01-09 23:00:00,623.5
2025-01-10 00:00:00,518.02
2025-01-10 01:00:00,516.77
2025-01-10 02:00:00,452.82
2025-01-10 03:00:00,353.37
2025-01-10 04:00:00,351.13
2025-01-10 05:00:00,338.68
2025-01-10 06:00:00,216.03
2025-01-10 07:00:00,83.72
2025-01-10 08:00:00,59.77
2025-01-10 09:00:00,88.18
2025-01-10 10:00:00,123.3
2025-01-10 11:00:00,166.77
2025-01-10 12:00:00,234.25
2025-01-10 13:00:00,250.02
2025-01-10 14:00:00,250.93
2025-01-10 15:00:00,233.87
2025-01-10 16:00:00,211.17
2025-01-10 17:00:00,220.82
2025-01-10 18:00:00,226.08
2025-01-10 19:00:00,207.58
2025-01-10 20:00:00,254.8
2025-01-10 21:00:00,264.83
2025-01-10 22:00:00,262.65
2025-01-10 23:00:00,295.95
2025-01-11 00:00:00,260.92
2025-01-11 01:00:00,181.48
2025-01-11 02:00:00,118.95
2025-01-11 03:00:00,84.83
2025-01-11 04:00:00,100.83
2025-01-11 05:00:00,91.03
2025-01-11 06:00:00,95.4
2025-01-11 07:00:00,96.13
2025-01-11 08:00:00,96.39
2025-01-11 09:00:00,143.67
2025-01-11 10:00:00,178.32
2025-01-11 11:00:00,192.07
2025-01-11 12:00:00,162.62
2025-01-11 13:00:00,156.38
2025-01-11 14:00:00,162.1
2025-01-11 15:00:00,179.4
2025-01-11 16:00:00,186.82
2025-01-11 17:00:00,192.88
2025-01-11 18:00:00,183.07
2025-01-11 19:00:00,141.42
2025-01-11 20:00:00,133.75
2025-01-11 21:00:00,138.97
2025-01-11 22:00:00,104.48
2025-01-11 23:00:00,93.48
2025-01-12 00:00:00,120.55
2025-01-12 01:00:00,153.58
2025-01-12 02:00:00,141.2
2025-01-12 03:00:00,105.7
2025-01-12 04:00:00,78.32
2025-01-12 05:00:00,66.67
2025-01-12 06:00:00,70.65
2025-01-12 07:00:00,112.07
2025-01-12 08:00:00,139.68
2025-01-12 09:00:00,140.67
2025-01-12 10:00:00,169.57
2025-01-12 11:00:00,159.65
2025-01-12 12:00:00,179.37
2025-01-12 13:00:00,156.85
2025-01-12 14:00:00,137.1
2025-01-12 15:00:00,110.08
2025-01-12 16:00:00,105.87
2025-01-12 17:00:00,107.48
2025-01-12 18:00:00,137.35
2025-01-12 19:00:00,145.62
2025-01-12 20:00:00,166.63
2025-01-12 21:00:00,182.02
2025-01-12 22:00:00,162.63
2025-01-12 23:00:00,163.53
2025-01-13 00:00:00,151.68
2025-01-13 01:00:00,123.22
2025-01-13 02:00:00,107.82
2025-01-13 03:00:00,80.38
2025-01-13 04:00:00,58.22
2025-01-13 05:00:00,47.95
2025-01-13 06:00:00,49.87
2025-01-13 07:00:00,43.73
2025-01-13 08:00:00,69.67
2025-01-13 09:00:00,101.05
2025-01-13 10:00:00,112.32
2025-01-13 11:00:00,110.0
2025-01-13 12:00:00,105.17
2025-01-13 13:00:00,91.35
2025-01-13 14:00:00,84.28
2025-01-13 15:00:00,104.83
2025-01-13 16:00:00,106.17
2025-01-13 17:00:00,110.32
2025-01-13 18:00:00,105.82
2025-01-13 19:00:00,152.92
2025-01-13 20:00:00,142.73
2025-01-13 21:00:00,152.48
2025-01-13 22:00:00,190.17
2025-01-13 23:00:00,171.05
2025-01-14 00:00:00,152.93
2025-01-14 01:00:00,123.82
2025-01-14 02:00:00,103.42
2025-01-14 03:00:00,96.77
2025-01-14 04:00:00,98.83
2025-01-14 05:00:00,101.2
2025-01-14 06:00:00,121.38
2025-01-14 07:00:00,106.73
2025-01-14 08:00:00,104.58
2025-01-14 09:00:00,107.92
2025-01-14 10:00:00,138.48
2025-01-14 11:00:00,145.43
2025-01-14 12:00:00,153.78
2025-01-14 13:00:00,148.0
2025-01-14 14:00:00,136.43
2025-01-14 15:00:00,127.25
2025-01-14 16:00:00,114.38
2025-01-14 17:00:00,138.55
2025-01-14 18:00:00,137.8
2025-01-14 19:00:00,146.65
2025-01-14 20:00:00,153.47
2025-01-14 21:00:00,149.98
2025-01-14 22:00:00,191.1
2025-01-14 23:00:00,261.0
2025-01-15 00:00:00,338.42
2025-01-15 01:00:00,385.53
2025-01-15 02:00:00,443.47
2025-01-15 03:00:00,403.9
2025-01-15 04:00:00,408.92
2025-01-15 05:00:00,417.17
2025-01-15 06:00:00,396.2
2025-01-15 07:00:00,339.63
2025-01-15 08:00:00,397.22
2025-01-15 09:00:00,279.52
2025-01-15 10:00:00,274.48
2025-01-15 11:00:00,284.93
2025-01-15 12:00:00,287.15
2025-01-15 13:00:00,335.6
2025-01-15 14:00:00,325.0
2025-01-15 15:00:00,318.67
2025-01-15 16:00:00,261.55
2025-01-15 17:00:00,163.17
2025-01-15 18:00:00,159.8
2025-01-15 19:00:00,171.48
2025-01-15 20:00:00,152.9
2025-01-15 21:00:00,151.87
2025-01-15 22:00:00,142.38
2025-01-15 23:00:00,146.83
2025-01-16 00:00:00,128.93
2025-01-16 01:00:00,163.4
2025-01-16 02:00:00,202.02
2025-01-16 03:00:00,152.2
2025-01-16 04:00:00,157.02
2025-01-16 05:00:00,142.33
2025-01-16 06:00:00,65.57
2025-01-16 07:00:00,53.62
2025-01-16 08:00:00,71.32
2025-01-16 09:00:00,125.68
2025-01-16 10:00:00,145.07
2025-01-16 11:00:00,122.83
2025-01-16 12:00:00,112.48
2025-01-16 13:00:00,144.32
2025-01-16 14:00:00,190.67
2025-01-16 15:00:00,129.33
2025-01-16 16:00:00,68.07
2025-01-16 17:00:00,163.9
2025-01-16 18:00:00,179.9
2025-01-16 19:00:00,205.4
2025-01-16 20:00:00,219.2
2025-01-16 21:00:00,274.85
2025-01-16 22:00:00,319.17
2025-01-16 23:00:00,280.23
2025-01-17 00:00:00,228.27
2025-01-17 01:00:00,182.02
2025-01-17 02:00:00,136.55
2025-01-17 03:00:00,108.08
2025-01-17 04:00:00,133.4
2025-01-17 05:00:00,117.82
2025-01-17 06:00:00,89.93
2025-01-17 07:00:00,87.68
2025-01-17 08:00:00,84.0
2025-01-17 09:00:00,99.55
2025-01-17 10:00:00,128.28
2025-01-17 11:00:00,150.13
2025-01-17 12:00:00,130.78
2025-01-17 13:00:00,127.75
2025-01-17 14:00:00,117.53
2025-01-17 15:00:00,87.53
2025-01-17 16:00:00,85.05
2025-01-17 17:00:00,85.53
2025-01-17 18:00:00,95.88
2025-01-17 19:00:00,98.95
2025-01-17 20:00:00,114.9
2025-01-17 21:00:00,120.2
2025-01-17 22:00:00,90.12
2025-01-17 23:00:00,102.08
2025-01-18 00:00:00,109.67
2025-01-18 01:00:00,108.75
2025-01-18 02:00:00,102.45
2025-01-18 03:00:00,90.97
2025-01-18 04:00:00,77.17
2025-01-18 05:00:00,83.12
2025-01-18 06:00:00,86.1
2025-01-18 07:00:00,101.22
2025-01-18 08:00:00,111.03
2025-01-18 09:00:00,115.72
2025-01-18 10:00:00,122.1
2025-01-18 11:00:00,162.43
2025-01-18 12:00:00,163.92
2025-01-18 13:00:00,179.7
2025-01-18 14:00:00,185.15
2025-01-18 15:00:00,169.1
2025-01-18 16:00:00,137.97
2025-01-18 17:00:00,119.57
2025-01-18 18:00:00,143.35
2025-01-18 19:00:00,153.88
2025-01-18 20:00:00,161.0
2025-01-18 21:00:00,172.38
2025-01-18 22:00:00,184.9
2025-01-18 23:00:00,225.12
2025-01-19 00:00:00,247.9
2025-01-19 01:00:00,223.15
2025-01-19 02:00:00,176.53
2025-01-19 03:00:00,169.18
2025-01-19 04:00:00,163.53
2025-01-19 05:00:00,159.18
2025-01-19 06:00:00,165.25
2025-01-19 07:00:00,142.52
2025-01-19 08:00:00,163.23
2025-01-19 09:00:00,195.43
2025-01-19 10:00:00,265.87
2025-01-19 11:00:00,241.42
2025-01-19 12:00:00,162.98
2025-01-19 13:00:00,107.18
2025-01-19 14:00:00,112.33
2025-01-19 15:00:00,108.82
2025-01-19 16:00:00,97.57
2025-01-19 17:00:00,125.03
2025-01-19 18:00:00,139.47
2025-01-19 19:00:00,141.58
2025-01-19 20:00:00,162.62
2025-01-19 21:00:00,207.65
2025-01-19 22:00:00,296.6
2025-01-19 23:00:00,346.97
2025-01-20 00:00:00,300.8
2025-01-20 01:00:00,144.78
2025-01-20 02:00:00,109.0
2025-01-20 03:00:00,124.37
2025-01-20 04:00:00,123.78
2025-01-20 05:00:00,124.33
2025-01-20 06:00:00,133.53
2025-01-20 07:00:00,126.68
2025-01-20 08:00:00,119.85
2025-01-20 09:00:00,134.17
2025-01-20 10:00:00,119.1
2025-01-20 11:00:00,97.77
2025-01-20 12:00:00,76.62
2025-01-20 13:00:00,75.33
2025-01-20 14:00:00,86.93
2025-01-20 15:00:00,88.78
2025-01-20 16:00:00,88.15
2025-01-20 17:00:00,111.17
2025-01-20 18:00:00,134.47
2025-01-20 19:00:00,152.68
2025-01-20 20:00:00,184.17
2025-01-20 21:00:00,218.98
2025-01-20 22:00:00,216.17
2025-01-20 23:00:00,165.57
2025-01-21 00:00:00,140.5
2025-01-21 01:00:00,127.05
2025-01-21 02:00:00,124.12
2025-01-21 03:00:00,118.57
2025-01-21 04:00:00,123.77
2025-01-21 05:00:00,127.33
2025-01-21 06:00:00,133.0
2025-01-21 07:00:00,133.42
2025-01-21 08:00:00,122.87
2025-01-21 09:00:00,109.67
2025-01-21 10:00:00,108.02
2025-01-21 11:00:00,110.67
2025-01-21 12:00:00,122.33
2025-01-21 13:00:00,120.22
2025-01-21 14:00:00,101.87
2025-01-21 15:00:00,67.55
2025-01-21 16:00:00,58.87
2025-01-21 17:00:00,66.48
2025-01-21 18:00:00,85.55
2025-01-21 19:00:00,110.63
2025-01-21 20:00:00,142.2
2025-01-21 21:00:00,143.53
2025-01-21 22:00:00,105.88
2025-01-21 23:00:00,120.75
2025-01-22 00:00:00,125.68
2025-01-22 01:00:00,109.33
2025-01-22 02:00:00,91.28
2025-01-22 03:00:00,88.22
2025-01-22 04:00:00,90.98
2025-01-22 05:00:00,95.25
2025-01-22 06:00:00,105.08
2025-01-22 07:00:00,130.42
2025-01-22 08:00:00,117.3
2025-01-22 09:00:00,118.27
2025-01-22 10:00:00,112.25
2025-01-22 11:00:00,104.17
2025-01-22 12:00:00,89.62
2025-01-22 13:00:00,72.13
2025-01-22 14:00:00,61.57
2025-01-22 15:00:00,52.48
2025-01-22 16:00:00,73.68
2025-01-22 17:00:00,59.63
2025-01-22 18:00:00,63.42
2025-01-22 19:00:00,78.5
2025-01-22 20:00:00,106.02
2025-01-22 21:00:00,120.18
2025-01-22 22:00:00,155.33
2025-01-22 23:00:00,192.15
2025-01-23 00:00:00,201.2
2025-01-23 01:00:00,159.32
2025-01-23 02:00:00,145.63
2025-01-23 03:00:00,135.77
2025-01-23 04:00:00,138.0
2025-01-23 05:00:00,135.35
2025-01-23 06:00:00,129.83
2025-01-23 07:00:00,112.9
2025-01-23 08:00:00,125.17
2025-01-23 09:00:00,107.22
2025-01-23 10:00:00,127.53
2025-01-23 11:00:00,131.02
2025-01-23 12:00:00,82.63
2025-01-23 13:00:00,52.48
2025-01-23 14:00:00,36.58
2025-01-23 15:00:00,35.73
2025-01-23 16:00:00,38.7
2025-01-23 17:00:00,39.62
2025-01-23 18:00:00,57.47
2025-01-23 19:00:00,71.25
2025-01-23 20:00:00,82.22
2025-01-23 21:00:00,103.02
2025-01-23 22:00:00,97.4
2025-01-23 23:00:00,72.27
2025-01-24 00:00:00,82.38
2025-01-24 01:00:00,76.85
2025-01-24 02:00:00,66.42
2025-01-24 03:00:00,78.45
2025-01-24 04:00:00,70.25
2025-01-24 05:00:00,63.8
2025-01-24 06:00:00,73.98
2025-01-24 07:00:00,76.88
2025-01-24 08:00:00,93.02
2025-01-24 09:00:00,86.53
2025-01-24 10:00:00,110.32
2025-01-24 11:00:00,90.22
2025-01-24 12:00:00,66.9
2025-01-24 13:00:00,55.88
2025-01-24 14:00:00,53.32
2025-01-24 15:00:00,35.23
2025-01-24 16:00:00,36.85
2025-01-24 17:00:00,38.72
2025-01-24 18:00:00,47.37
2025-01-24 19:00:00,54.1
2025-01-24 20:00:00,78.02
2025-01-24 21:00:00,73.48
2025-01-24 22:00:00,86.87
2025-01-24 23:00:00,89.0
2025-01-25 00:00:00,71.97
2025-01-25 01:00:00,81.78
2025-01-25 02:00:00,68.77
2025-01-25 03:00:00,66.05
2025-01-25 04:00:00,80.32
2025-01-25 05:00:00,74.33
2025-01-25 06:00:00,58.65
2025-01-25 07:00:00,55.87
2025-01-25 08:00:00,64.67
2025-01-25 09:00:00,62.15
2025-01-25 10:00:00,63.78
2025-01-25 11:00:00,78.53
2025-01-25 12:00:00,52.9
2025-01-25 13:00:00,45.05
2025-01-25 14:00:00,49.52
2025-01-25 15:00:00,34.25
2025-01-25 16:00:00,34.88
2025-01-25 17:00:00,51.41
2025-01-25 18:00:00,63.73
2025-01-25 19:00:00,84.6
2025-01-25 20:00:00,120.8
2025-01-25 21:00:00,153.77
2025-01-25 22:00:00,153.98
2025-01-25 23:00:00,127.55
2025-01-26 00:00:00,131.38
2025-01-26 01:00:00,116.9
2025-01-26 02:00:00,103.95
2025-01-26 03:00:00,90.42
2025-01-26 04:00:00,87.8
2025-01-26 05:00:00,93.3
2025-01-26 06:00:00,94.38
2025-01-26 07:00:00,99.77
2025-01-26 08:00:00,86.47
2025-01-26 09:00:00,84.05
2025-01-26 10:00:00,96.52
2025-01-26 11:00:00,79.43
2025-01-26 12:00:00,59.38
2025-01-26 13:00:00,68.5
2025-01-26 14:00:00,65.38
2025-01-26 15:00:00,37.67
2025-01-26 16:00:00,37.03
2025-01-26 17:00:00,43.15
2025-01-26 18:00:00,70.02
2025-01-26 19:00:00,75.65
2025-01-26 20:00:00,115.23
2025-01-26 21:00:00,158.9
2025-01-26 22:00:00,197.2
2025-01-26 23:00:00,209.82
2025-01-27 00:00:00,202.82
2025-01-27 01:00:00,167.68
2025-01-27 02:00:00,135.43
2025-01-27 03:00:00,114.55
2025-01-27 04:00:00,134.92
2025-01-27 05:00:00,108.55
2025-01-27 06:00:00,85.93
2025-01-27 07:00:00,105.18
2025-01-27 08:00:00,114.73
2025-01-27 09:00:00,97.85
2025-01-27 10:00:00,77.55
2025-01-27 11:00:00,75.63
2025-01-27 12:00:00,82.05
2025-01-27 13:00:00,83.88
2025-01-27 14:00:00,73.08
2025-01-27 15:00:00,56.2
2025-01-27 16:00:00,64.8
2025-01-27 17:00:00,64.67
2025-01-27 18:00:00,76.8
2025-01-27 19:00:00,92.63
2025-01-27 20:00:00,105.48
2025-01-27 21:00:00,144.27
2025-01-27 22:00:00,159.32
2025-01-27 23:00:00,154.9
2025-01-28 00:00:00,139.55
2025-01-28 01:00:00,124.05
2025-01-28 02:00:00,103.92
2025-01-28 03:00:00,92.72
2025-01-28 04:00:00,99.58
2025-01-28 05:00:00,104.57
2025-01-28 06:00:00,113.22
2025-01-28 07:00:00,116.75
2025-01-28 08:00:00,108.5
2025-01-28 09:00:00,123.78
2025-01-28 10:00:00,147.35
2025-01-28 11:00:00,144.65
2025-01-28 12:00:00,125.22
2025-01-28 13:00:00,115.18
2025-01-28 14:00:00,101.98
2025-01-28 15:00:00,74.02
2025-01-28 16:00:00,62.18
2025-01-28 17:00:00,66.85
2025-01-28 18:00:00,75.32
2025-01-28 19:00:00,100.28
2025-01-28 20:00:00,127.32
2025-01-28 21:00:00,175.88
2025-01-28 22:00:00,183.02
2025-01-28 23:00:00,250.42
2025-01-29 00:00:00,304.45
2025-01-29 01:00:00,294.52
2025-01-29 02:00:00,323.75
2025-01-29 03:00:00,267.68
2025-01-29 04:00:00,204.6
2025-01-29 05:00:00,217.47
2025-01-29 06:00:00,204.37
2025-01-29 07:00:00,245.93
2025-01-29 08:00:00,355.87
2025-01-29 09:00:00,365.72
2025-01-29 10:00:00,356.55
2025-01-29 11:00:00,317.53
2025-01-29 12:00:00,218.85
2025-01-29 13:00:00,154.93
2025-01-29 14:00:00,142.15
2025-01-29 15:00:00,118.22
2025-01-29 16:00:00,108.17
2025-01-29 17:00:00,105.47
2025-01-29 18:00:00,126.1
2025-01-29 19:00:00,162.15
2025-01-29 20:00:00,208.1
2025-01-29 21:00:00,205.17
2025-01-29 22:00:00,216.28
2025-01-29 23:00:00,227.0
2025-01-30 00:00:00,229.0
2025-01-30 01:00:00,197.63
2025-01-30 02:00:00,191.52
2025-01-30 03:00:00,199.38
2025-01-30 04:00:00,199.3
2025-01-30 05:00:00,190.07
2025-01-30 06:00:00,178.85
2025-01-30 07:00:00,200.6
2025-01-30 08:00:00,194.47
2025-01-30 09:00:00,202.17
2025-01-30 10:00:00,191.62
2025-01-30 11:00:00,159.75
2025-01-30 12:00:00,138.8
2025-01-30 13:00:00,114.37
2025-01-30 14:00:00,119.23
2025-01-30 15:00:00,83.78
2025-01-30 16:00:00,78.53
2025-01-30 17:00:00,70.9
2025-01-30 18:00:00,90.35
2025-01-30 19:00:00,117.82
2025-01-30 20:00:00,133.65
2025-01-30 21:00:00,143.83
2025-01-30 22:00:00,149.53
2025-01-30 23:00:00,150.18
2025-01-31 00:00:00,152.78
2025-01-31 01:00:00,148.63
2025-01-31 02:00:00,227.18
2025-01-31 03:00:00,255.8
2025-01-31 04:00:00,279.73
2025-01-31 05:00:00,233.85
2025-01-31 06:00:00,208.95
2025-01-31 07:00:00,205.23
2025-01-31 08:00:00,199.48
2025-01-31 09:00:00,180.3
2025-01-31 10:00:00,178.0
2025-01-31 11:00:00,183.67
2025-01-31 12:00:00,171.02
2025-01-31 13:00:00,167.57
2025-01-31 14:00:00,130.23
2025-01-31 15:00:00,132.18
2025-01-31 16:00:00,176.25
2025-01-31 17:00:00,172.53
2025-01-31 18:00:00,178.7
2025-01-31 19:00:00,176.9
2025-01-31 20:00:00,194.88
2025-01-31 21:00:00,221.08
2025-01-31 22:00:00,205.58
2025-01-31 23:00:00,203.67
2025-02-01 00:00:00,181.22
2025-02-01 01:00:00,140.45
2025-02-01 02:00:00,132.85
2025-02-01 03:00:00,113.83
2025-02-01 04:00:00,77.73
2025-02-01 05:00:00,94.47
2025-02-01 06:00:00,92.88
2025-02-01 07:00:00,79.65
2025-02-01 08:00:00,79.12
2025-02-01 09:00:00,125.78
2025-02-01 10:00:00,170.5
2025-02-01 11:00:00,208.7
2025-02-01 12:00:00,206.18
2025-02-01 13:00:00,225.55
2025-02-01 14:00:00,282.88
2025-02-01 15:00:00,251.7
2025-02-01 16:00:00,179.17
2025-02-01 17:00:00,95.08
2025-02-01 18:00:00,103.58
2025-02-01 19:00:00,117.4
2025-02-01 20:00:00,156.93
2025-02-01 21:00:00,188.1
2025-02-01 22:00:00,165.52
2025-02-01 23:00:00,146.28
2025-02-02 00:00:00,137.0
2025-02-02 01:00:00,129.87
2025-02-02 02:00:00,131.58
2025-02-02 03:00:00,127.77
2025-02-02 04:00:00,136.93
2025-02-02 05:00:00,152.7
2025-02-02 06:00:00,126.68
2025-02-02 07:00:00,103.33
2025-02-02 08:00:00,115.48
2025-02-02 09:00:00,136.27
2025-02-02 10:00:00,149.97
2025-02-02 11:00:00,167.38
2025-02-02 12:00:00,167.67
2025-02-02 13:00:00,161.88
2025-02-02 14:00:00,152.3
2025-02-02 15:00:00,141.95
2025-02-02 16:00:00,165.8
2025-02-02 17:00:00,155.1
2025-02-02 18:00:00,156.87
2025-02-02 19:00:00,132.62
2025-02-02 20:00:00,128.92
2025-02-02 21:00:00,138.97
2025-02-02 22:00:00,143.78
2025-02-02 23:00:00,146.22
2025-02-03 00:00:00,140.83
2025-02-03 01:00:00,117.2
2025-02-03 02:00:00,91.95
2025-02-03 03:00:00,102.65
2025-02-03 04:00:00,106.92
2025-02-03 05:00:00,75.4
2025-02-03 06:00:00,93.87
2025-02-03 07:00:00,107.63
2025-02-03 08:00:00,108.13
2025-02-03 09:00:00,112.8
2025-02-03 10:00:00,116.93
2025-02-03 11:00:00,115.9
2025-02-03 12:00:00,120.05
2025-02-03 13:00:00,114.38
2025-02-03 14:00:00,81.03
2025-02-03 15:00:00,59.32
2025-02-03 16:00:00,45.05
2025-02-03 17:00:00,48.47
2025-02-03 18:00:00,55.0
2025-02-03 19:00:00,74.37
2025-02-03 20:00:00,91.05
2025-02-03 21:00:00,92.88
2025-02-03 22:00:00,106.5
2025-02-03 23:00:00,123.88
2025-02-04 00:00:00,137.17
2025-02-04 01:00:00,128.5
2025-02-04 02:00:00,113.25
2025-02-04 03:00:00,98.48
2025-02-04 04:00:00,86.25
2025-02-04 05:00:00,88.18
2025-02-04 06:00:00,108.07
2025-02-04 07:00:00,108.8
2025-02-04 08:00:00,117.77
2025-02-04 09:00:00,118.47
2025-02-04 10:00:00,228.17
2025-02-04 11:00:00,259.23
2025-02-04 12:00:00,182.5
2025-02-04 13:00:00,133.98
2025-02-04 14:00:00,140.48
2025-02-04 15:00:00,143.83
2025-02-04 16:00:00,163.1
2025-02-04 17:00:00,193.73
2025-02-04 18:00:00,191.83
2025-02-04 19:00:00,192.62
2025-02-04 20:00:00,206.88
2025-02-04 21:00:00,247.8
2025-02-04 22:00:00,227.32
2025-02-04 23:00:00,177.73
2025-02-05 00:00:00,179.3
2025-02-05 01:00:00,152.73
2025-02-05 02:00:00,145.23
2025-02-05 03:00:00,123.93
2025-02-05 04:00:00,111.48
2025-02-05 05:00:00,120.37
2025-02-05 06:00:00,119.5
2025-02-05 07:00:00,92.8
2025-02-05 08:00:00,94.67
2025-02-05 09:00:00,86.2
2025-02-05 10:00:00,81.1
2025-02-05 11:00:00,92.02
2025-02-05 12:00:00,74.42
2025-02-05 13:00:00,57.63
2025-02-05 14:00:00,64.52
2025-02-05 15:00:00,44.37
2025-02-05 16:00:00,39.05
2025-02-05 17:00:00,41.4
2025-02-05 18:00:00,58.72
2025-02-05 19:00:00,72.0
2025-02-05 20:00:00,92.87
2025-02-05 21:00:00,112.8
2025-02-05 22:00:00,106.13
2025-02-05 23:00:00,110.88
2025-02-06 00:00:00,105.22
2025-02-06 01:00:00,102.05
2025-02-06 02:00:00,118.12
2025-02-06 03:00:00,96.12
2025-02-06 04:00:00,92.65
2025-02-06 05:00:00,83.35
2025-02-06 06:00:00,86.9
2025-02-06 07:00:00,115.42
2025-02-06 08:00:00,131.38
2025-02-06 09:00:00,121.47
2025-02-06 10:00:00,102.33
2025-02-06 11:00:00,80.48
2025-02-06 12:00:00,46.28
2025-02-06 13:00:00,31.83
2025-02-06 14:00:00,46.13
2025-02-06 15:00:00,38.27
2025-02-06 16:00:00,28.5
2025-02-06 17:00:00,43.42
2025-02-06 18:00:00,56.72
2025-02-06 19:00:00,70.42
2025-02-06 20:00:00,74.22
2025-02-06 21:00:00,66.22
2025-02-06 22:00:00,66.72
2025-02-06 23:00:00,70.5
2025-02-07 00:00:00,74.93
2025-02-07 01:00:00,79.38
2025-02-07 02:00:00,89.65
2025-02-07 03:00:00,92.93
2025-02-07 04:00:00,100.58
2025-02-07 05:00:00,72.48
2025-02-07 06:00:00,55.83
2025-02-07 07:00:00,64.65
2025-02-07 08:00:00,67.43
2025-02-07 09:00:00,81.72
2025-02-07 10:00:00,79.05
2025-02-07 11:00:00,68.4
2025-02-07 12:00:00,35.7
2025-02-07 13:00:00,39.83
2025-02-07 14:00:00,45.17
2025-02-07 15:00:00,27.97
2025-02-07 16:00:00,30.72
2025-02-07 17:00:00,28.07
2025-02-07 18:00:00,41.77
2025-02-07 19:00:00,37.48
2025-02-07 20:00:00,52.63
2025-02-07 21:00:00,62.88
2025-02-07 22:00:00,71.05
2025-02-07 23:00:00,57.72
2025-02-08 00:00:00,60.3
2025-02-08 01:00:00,70.32
2025-02-08 02:00:00,68.43
2025-02-08 03:00:00,58.7
2025-02-08 04:00:00,80.72
2025-02-08 05:00:00,75.28
2025-02-08 06:00:00,59.95
2025-02-08 07:00:00,65.15
2025-02-08 08:00:00,68.67
2025-02-08 09:00:00,70.35
2025-02-08 10:00:00,71.5
2025-02-08 11:00:00,86.82
2025-02-08 12:00:00,69.73
2025-02-08 13:00:00,57.33
2025-02-08 14:00:00,79.65
2025-02-08 15:00:00,54.87
2025-02-08 16:00:00,48.23
2025-02-08 17:00:00,59.73
2025-02-08 18:00:00,61.07
2025-02-08 19:00:00,68.97
2025-02-08 20:00:00,90.67
2025-02-08 21:00:00,129.95
2025-02-08 22:00:00,164.68
2025-02-08 23:00:00,157.75
2025-02-09 00:00:00,106.32
2025-02-09 01:00:00,96.33
2025-02-09 02:00:00,93.12
2025-02-09 03:00:00,86.17
2025-02-09 04:00:00,89.92
2025-02-09 05:00:00,96.35
2025-02-09 06:00:00,101.28
2025-02-09 07:00:00,116.7
2025-02-09 08:00:00,127.9
2025-02-09 09:00:00,135.53
2025-02-09 10:00:00,115.2
2025-02-09 11:00:00,116.12
2025-02-09 12:00:00,97.65
2025-02-09 13:00:00,75.35
2025-02-09 14:00:00,91.83
2025-02-09 15:00:00,66.18
2025-02-09 16:00:00,65.37
2025-02-09 17:00:00,65.4
2025-02-09 18:00:00,69.55
2025-02-09 19:00:00,77.63
2025-02-09 20:00:00,102.3
2025-02-09 21:00:00,129.83
2025-02-09 22:00:00,169.98
2025-02-09 23:00:00,213.15
2025-02-10 00:00:00,212.43
2025-02-10 01:00:00,169.7
2025-02-10 02:00:00,126.9
2025-02-10 03:00:00,118.27
2025-02-10 04:00:00,152.83
2025-02-10 05:00:00,139.48
2025-02-10 06:00:00,129.75
2025-02-10 07:00:00,122.88
2025-02-10 08:00:00,151.05
2025-02-10 09:00:00,196.65
2025-02-10 10:00:00,155.9
2025-02-10 11:00:00,164.95
2025-02-10 12:00:00,85.23
2025-02-10 13:00:00,65.1
2025-02-10 14:00:00,69.27
2025-02-10 15:00:00,59.45
2025-02-10 16:00:00,58.1
2025-02-10 17:00:00,66.6
2025-02-10 18:00:00,83.4
2025-02-10 19:00:00,77.57
2025-02-10 20:00:00,98.42
2025-02-10 21:00:00,130.92
2025-02-10 22:00:00,160.47
2025-02-10 23:00:00,141.47
2025-02-11 00:00:00,129.52
2025-02-11 01:00:00,129.52
2025-02-11 02:00:00,126.4
2025-02-11 03:00:00,117.2
2025-02-11 04:00:00,136.08
2025-02-11 05:00:00,148.83
2025-02-11 06:00:00,166.88
2025-02-11 07:00:00,168.72
2025-02-11 08:00:00,181.13
2025-02-11 09:00:00,220.62
2025-02-11 10:00:00,211.52
2025-02-11 11:00:00,141.15
2025-02-11 12:00:00,90.75
2025-02-11 13:00:00,65.27
2025-02-11 14:00:00,71.8
2025-02-11 15:00:00,57.48
2025-02-11 16:00:00,44.85
2025-02-11 17:00:00,48.62
2025-02-11 18:00:00,45.83
2025-02-11 19:00:00,63.17
2025-02-11 20:00:00,62.97
2025-02-11 21:00:00,88.47
2025-02-11 22:00:00,92.67
2025-02-11 23:00:00,105.28
2025-02-12 00:00:00,122.25
2025-02-12 01:00:00,144.22
2025-02-12 02:00:00,155.73
2025-02-12 03:00:00,149.2
2025-02-12 04:00:00,126.82
2025-02-12 05:00:00,107.85
2025-02-12 06:00:00,84.67
2025-02-12 07:00:00,78.27
2025-02-12 08:00:00,74.0
2025-02-12 09:00:00,55.13
2025-02-12 10:00:00,42.75
2025-02-12 11:00:00,55.32
2025-02-12 12:00:00,37.48
2025-02-12 13:00:00,33.87
2025-02-12 14:00:00,38.63
2025-02-12 15:00:00,25.48
2025-02-12 16:00:00,25.93
2025-02-12 17:00:00,21.85
2025-02-12 18:00:00,31.3
2025-02-12 19:00:00,30.65
2025-02-12 20:00:00,42.6
2025-02-12 21:00:00,44.42
2025-02-12 22:00:00,46.92
2025-02-12 23:00:00,46.5
2025-02-13 00:00:00,49.27
2025-02-13 01:00:00,56.82
2025-02-13 02:00:00,54.82
2025-02-13 03:00:00,64.45
2025-02-13 04:00:00,68.3
2025-02-13 05:00:00,66.85
2025-02-13 06:00:00,42.5
2025-02-13 07:00:00,51.12
2025-02-13 08:00:00,54.28
2025-02-13 09:00:00,47.92
2025-02-13 10:00:00,50.62
2025-02-13 11:00:00,48.62
2025-02-13 12:00:00,33.87
2025-02-13 13:00:00,42.3
2025-02-13 14:00:00,40.33
2025-02-13 15:00:00,28.37
2025-02-13 16:00:00,25.83
2025-02-13 17:00:00,31.47
2025-02-13 18:00:00,31.47
2025-02-13 19:00:00,35.52
2025-02-13 20:00:00,38.55
2025-02-13 21:00:00,39.58
2025-02-13 22:00:00,44.68
2025-02-13 23:00:00,47.03
2025-02-14 00:00:00,44.48
2025-02-14 01:00:00,49.15
2025-02-14 02:00:00,53.93
2025-02-14 03:00:00,54.22
2025-02-14 04:00:00,63.48
2025-02-14 05:00:00,61.0
2025-02-14 06:00:00,48.7
2025-02-14 07:00:00,44.05
2025-02-14 08:00:00,57.22
2025-02-14 09:00:00,46.58
2025-02-14 10:00:00,49.3
2025-02-14 11:00:00,54.47
2025-02-14 12:00:00,25.67
2025-02-14 13:00:00,27.7
2025-02-14 14:00:00,41.5
2025-02-14 15:00:00,29.68
2025-02-14 16:00:00,24.8
2025-02-14 17:00:00,31.5
2025-02-14 18:00:00,43.88
2025-02-14 19:00:00,53.45
2025-02-14 20:00:00,65.32
2025-02-14 21:00:00,60.85
2025-02-14 22:00:00,60.18
2025-02-14 23:00:00,82.98
2025-02-15 00:00:00,91.77
2025-02-15 01:00:00,84.82
2025-02-15 02:00:00,69.65
2025-02-15 03:00:00,75.45
2025-02-15 04:00:00,97.7
2025-02-15 05:00:00,86.75
2025-02-15 06:00:00,66.98
2025-02-15 07:00:00,71.67
2025-02-15 08:00:00,72.42
2025-02-15 09:00:00,95.28
2025-02-15 10:00:00,66.08
2025-02-15 11:00:00,97.33
2025-02-15 12:00:00,80.15
2025-02-15 13:00:00,76.78
2025-02-15 14:00:00,74.05
2025-02-15 15:00:00,62.85
2025-02-15 16:00:00,46.96
2025-02-15 17:00:00,47.1
2025-02-15 18:00:00,55.05
2025-02-15 19:00:00,63.32
2025-02-15 20:00:00,89.65
2025-02-15 21:00:00,171.15
2025-02-15 22:00:00,180.25
2025-02-15 23:00:00,177.3
2025-02-16 00:00:00,199.82
2025-02-16 01:00:00,211.5
2025-02-16 02:00:00,220.82
2025-02-16 03:00:00,226.52
2025-02-16 04:00:00,250.82
2025-02-16 05:00:00,271.05
2025-02-16 06:00:00,217.32
2025-02-16 07:00:00,196.68
2025-02-16 08:00:00,193.12
2025-02-16 09:00:00,207.42
2025-02-16 10:00:00,179.67
2025-02-16 11:00:00,162.17
2025-02-16 12:00:00,81.23
2025-02-16 13:00:00,84.23
2025-02-16 14:00:00,65.38
2025-02-16 15:00:00,85.43
2025-02-16 16:00:00,73.53
2025-02-16 17:00:00,66.68
2025-02-16 18:00:00,56.98
2025-02-16 19:00:00,85.25
2025-02-16 20:00:00,104.8
2025-02-16 21:00:00,102.0
2025-02-16 22:00:00,87.43
2025-02-16 23:00:00,78.68
2025-02-17 00:00:00,99.78
2025-02-17 01:00:00,87.8
2025-02-17 02:00:00,90.4
2025-02-17 03:00:00,87.12
2025-02-17 04:00:00,85.1
2025-02-17 05:00:00,86.57
2025-02-17 06:00:00,84.72
2025-02-17 07:00:00,78.62
2025-02-17 08:00:00,106.22
2025-02-17 09:00:00,112.6
2025-02-17 10:00:00,88.23
2025-02-17 11:00:00,90.42
2025-02-17 12:00:00,68.65
2025-02-17 13:00:00,87.55
2025-02-17 14:00:00,96.7
2025-02-17 15:00:00,63.08
2025-02-17 16:00:00,33.25
2025-02-17 17:00:00,42.13
2025-02-17 18:00:00,56.9
2025-02-17 19:00:00,52.15
2025-02-17 20:00:00,59.32
2025-02-17 21:00:00,89.32
2025-02-17 22:00:00,115.3
2025-02-17 23:00:00,144.32
2025-02-18 00:00:00,130.87
2025-02-18 01:00:00,107.97
2025-02-18 02:00:00,82.98
2025-02-18 03:00:00,77.5
2025-02-18 04:00:00,83.27
2025-02-18 05:00:00,76.38
2025-02-18 06:00:00,76.45
2025-02-18 07:00:00,67.92
2025-02-18 08:00:00,103.6
2025-02-18 09:00:00,146.88
2025-02-18 10:00:00,140.92
2025-02-18 11:00:00,95.4
2025-02-18 12:00:00,59.33
2025-02-18 13:00:00,42.2
2025-02-18 14:00:00,40.03
2025-02-18 15:00:00,19.95
2025-02-18 16:00:00,21.63
2025-02-18 17:00:00,32.37
2025-02-18 18:00:00,34.08
2025-02-18 19:00:00,41.32
2025-02-18 20:00:00,50.18
2025-02-18 21:00:00,55.5
2025-02-18 22:00:00,82.38
2025-02-18 23:00:00,82.9
2025-02-19 00:00:00,91.92
2025-02-19 01:00:00,86.53
2025-02-19 02:00:00,81.55
2025-02-19 03:00:00,77.62
2025-02-19 04:00:00,86.33
2025-02-19 05:00:00,85.3
2025-02-19 06:00:00,72.07
2025-02-19 07:00:00,58.53
2025-02-19 08:00:00,67.87
2025-02-19 09:00:00,102.63
2025-02-19 10:00:00,102.42
2025-02-19 11:00:00,104.13
2025-02-19 12:00:00,64.7
2025-02-19 13:00:00,53.57
2025-02-19 14:00:00,64.95
2025-02-19 15:00:00,82.03
2025-02-19 16:00:00,70.37
2025-02-19 17:00:00,60.8
2025-02-19 18:00:00,57.03
2025-02-19 19:00:00,67.75
2025-02-19 20:00:00,83.57
2025-02-19 21:00:00,82.2
2025-02-19 22:00:00,74.82
2025-02-19 23:00:00,68.63
2025-02-20 00:00:00,74.15
2025-02-20 01:00:00,87.38
2025-02-20 02:00:00,74.35
2025-02-20 03:00:00,73.25
2025-02-20 04:00:00,68.35
2025-02-20 05:00:00,79.1
2025-02-20 06:00:00,72.28
2025-02-20 07:00:00,48.72
2025-02-20 08:00:00,88.9
2025-02-20 09:00:00,128.33
2025-02-20 10:00:00,103.78
2025-02-20 11:00:00,62.13
2025-02-20 12:00:00,55.55
2025-02-20 13:00:00,46.12
2025-02-20 14:00:00,49.35
2025-02-20 15:00:00,43.0
2025-02-20 16:00:00,31.35
2025-02-20 17:00:00,22.47
2025-02-20 18:00:00,25.58
2025-02-20 19:00:00,30.03
2025-02-20 20:00:00,37.02
2025-02-20 21:00:00,41.02
2025-02-20 22:00:00,55.57
2025-02-20 23:00:00,63.38
2025-02-21 00:00:00,68.3
2025-02-21 01:00:00,36.53
2025-02-21 02:00:00,35.88
2025-02-21 03:00:00,65.12
2025-02-21 04:00:00,55.82
2025-02-21 05:00:00,56.67
2025-02-21 06:00:00,76.85
2025-02-21 07:00:00,78.42
2025-02-21 08:00:00,79.67
2025-02-21 09:00:00,77.85
2025-02-21 10:00:00,74.33
2025-02-21 11:00:00,79.68
2025-02-21 12:00:00,71.52
2025-02-21 13:00:00,108.82
2025-02-21 14:00:00,113.1
2025-02-21 15:00:00,82.98
2025-02-21 16:00:00,65.03
2025-02-21 17:00:00,64.22
2025-02-21 18:00:00,67.82
2025-02-21 19:00:00,69.98
2025-02-21 20:00:00,91.78
2025-02-21 21:00:00,93.05
2025-02-21 22:00:00,89.12
2025-02-21 23:00:00,83.1
2025-02-22 00:00:00,66.37
2025-02-22 01:00:00,65.42
2025-02-22 02:00:00,57.35
2025-02-22 03:00:00,52.45
2025-02-22 04:00:00,47.0
2025-02-22 05:00:00,44.32
2025-02-22 06:00:00,45.95
2025-02-22 07:00:00,33.1
2025-02-22 08:00:00,38.33
2025-02-22 09:00:00,40.33
2025-02-22 10:00:00,45.07
2025-02-22 11:00:00,49.0
2025-02-22 12:00:00,73.02
2025-02-22 13:00:00,89.25
2025-02-22 14:00:00,65.65
2025-02-22 15:00:00,45.03
2025-02-22 16:00:00,35.35
2025-02-22 17:00:00,29.62
2025-02-22 18:00:00,33.52
2025-02-22 19:00:00,48.68
2025-02-22 20:00:00,67.97
2025-02-22 21:00:00,67.03
2025-02-22 22:00:00,69.38
2025-02-22 23:00:00,61.8
2025-02-23 00:00:00,57.7
2025-02-23 01:00:00,57.65
2025-02-23 02:00:00,54.68
2025-02-23 03:00:00,56.13
2025-02-23 04:00:00,81.5
2025-02-23 05:00:00,73.8
2025-02-23 06:00:00,57.55
2025-02-23 07:00:00,49.3
2025-02-23 08:00:00,52.37
2025-02-23 09:00:00,48.92
2025-02-23 10:00:00,51.98
2025-02-23 11:00:00,51.92
2025-02-23 12:00:00,54.47
2025-02-23 13:00:00,42.75
2025-02-23 14:00:00,44.42
2025-02-23 15:00:00,41.62
2025-02-23 16:00:00,33.02
2025-02-23 17:00:00,34.8
2025-02-23 18:00:00,41.65
2025-02-23 19:00:00,53.15
2025-02-23 20:00:00,69.48
2025-02-23 21:00:00,82.07
2025-02-23 22:00:00,87.47
2025-02-23 23:00:00,88.0
2025-02-24 00:00:00,84.5
2025-02-24 01:00:00,79.45
2025-02-24 02:00:00,71.48
2025-02-24 03:00:00,65.93
2025-02-24 04:00:00,68.9
2025-02-24 05:00:00,75.55
2025-02-24 06:00:00,76.98
2025-02-24 07:00:00,121.3
2025-02-24 08:00:00,113.0
2025-02-24 09:00:00,102.7
2025-02-24 10:00:00,78.87
2025-02-24 11:00:00,85.93
2025-02-24 12:00:00,54.27
2025-02-24 13:00:00,60.72
2025-02-24 14:00:00,66.03
2025-02-24 15:00:00,40.75
2025-02-24 16:00:00,34.47
2025-02-24 17:00:00,28.63
2025-02-24 18:00:00,38.71
2025-02-24 19:00:00,55.62
2025-02-24 20:00:00,68.67
2025-02-24 21:00:00,71.3
2025-02-24 22:00:00,93.05
2025-02-24 23:00:00,91.27
2025-02-25 00:00:00,115.67
2025-02-25 01:00:00,103.5
2025-02-25 02:00:00,94.48
2025-02-25 03:00:00,92.78
2025-02-25 04:00:00,88.43
2025-02-25 05:00:00,85.78
2025-02-25 06:00:00,115.55
2025-02-25 07:00:00,138.0
2025-02-25 08:00:00,129.37
2025-02-25 09:00:00,98.38
2025-02-25 10:00:00,85.33
2025-02-25 11:00:00,97.45
2025-02-25 12:00:00,64.53
2025-02-25 13:00:00,65.03
2025-02-25 14:00:00,60.62
2025-02-25 15:00:00,43.47
2025-02-25 16:00:00,34.02
2025-02-25 17:00:00,34.63
2025-02-25 18:00:00,54.18
2025-02-25 19:00:00,54.68
2025-02-25 20:00:00,61.23
2025-02-25 21:00:00,81.05
2025-02-25 22:00:00,102.15
2025-02-25 23:00:00,131.28
2025-02-26 00:00:00,146.27
2025-02-26 01:00:00,117.45
2025-02-26 02:00:00,98.07
2025-02-26 03:00:00,92.38
2025-02-26 04:00:00,101.07
2025-02-26 05:00:00,120.97
2025-02-26 06:00:00,198.58
2025-02-26 07:00:00,274.08
2025-02-26 08:00:00,325.27
2025-02-26 09:00:00,239.65
2025-02-26 10:00:00,173.15
2025-02-26 11:00:00,146.87
2025-02-26 12:00:00,105.0
2025-02-26 13:00:00,66.47
2025-02-26 14:00:00,66.45
2025-02-26 15:00:00,59.5
2025-02-26 16:00:00,49.38
2025-02-26 17:00:00,84.78
2025-02-26 18:00:00,100.98
2025-02-26 19:00:00,101.18
2025-02-26 20:00:00,87.25
2025-02-26 21:00:00,102.55
2025-02-26 22:00:00,116.03
2025-02-26 23:00:00,135.95
2025-02-27 00:00:00,124.35
2025-02-27 01:00:00,125.0
2025-02-27 02:00:00,119.23
2025-02-27 03:00:00,108.88
2025-02-27 04:00:00,100.92
2025-02-27 05:00:00,166.88
2025-02-27 06:00:00,162.35
2025-02-27 07:00:00,136.5
2025-02-27 08:00:00,89.23
2025-02-27 09:00:00,44.18
2025-02-27 10:00:00,24.18
2025-02-27 11:00:00,10.98
2025-02-27 12:00:00,41.43
2025-02-27 13:00:00,41.52
2025-02-27 14:00:00,52.3
2025-02-27 15:00:00,23.85
2025-02-27 16:00:00,13.88
2025-02-27 17:00:00,24.33
2025-02-27 18:00:00,23.15
2025-02-27 19:00:00,40.18
2025-02-27 20:00:00,50.05
2025-02-27 21:00:00,45.18
2025-02-27 22:00:00,37.5
2025-02-27 23:00:00,42.65
2025-02-28 00:00:00,54.3
2025-02-28 01:00:00,44.67
2025-02-28 02:00:00,34.5
2025-02-28 03:00:00,32.38
2025-02-28 04:00:00,42.45
2025-02-28 05:00:00,54.6
2025-02-28 06:00:00,48.25
2025-02-28 07:00:00,53.05
2025-02-28 08:00:00,55.22
2025-02-28 09:00:00,59.87
2025-02-28 10:00:00,63.58
2025-02-28 11:00:00,65.12
2025-02-28 12:00:00,48.17
2025-02-28 13:00:00,42.25
2025-02-28 14:00:00,60.05
2025-02-28 15:00:00,58.7
2025-02-28 16:00:00,58.05
2025-02-28 17:00:00,55.08
2025-02-28 18:00:00,50.33
2025-02-28 19:00:00,46.18
2025-02-28 20:00:00,51.1
2025-02-28 21:00:00,42.2
2025-02-28 22:00:00,54.9
2025-02-28 23:00:00,66.18
2025-03-01 00:00:00,46.73
2025-03-01 01:00:00,44.45
2025-03-01 02:00:00,71.92
2025-03-01 03:00:00,78.43
2025-03-01 04:00:00,42.43
2025-03-01 05:00:00,31.85
2025-03-01 06:00:00,46.15
2025-03-01 07:00:00,31.32
2025-03-01 08:00:00,59.63
2025-03-01 09:00:00,68.77
2025-03-01 10:00:00,67.28
2025-03-01 11:00:00,66.18
2025-03-01 12:00:00,68.95
2025-03-01 13:00:00,84.33
2025-03-01 14:00:00,76.48
2025-03-01 15:00:00,50.53
2025-03-01 16:00:00,46.37
2025-03-01 17:00:00,42.32
2025-03-01 18:00:00,32.82
2025-03-01 19:00:00,47.08
2025-03-01 20:00:00,51.87
2025-03-01 21:00:00,61.05
2025-03-01 22:00:00,76.25
2025-03-01 23:00:00,79.73
2025-03-02 00:00:00,83.4
2025-03-02 01:00:00,74.2
2025-03-02 02:00:00,73.45
2025-03-02 03:00:00,51.72
2025-03-02 04:00:00,50.53
2025-03-02 05:00:00,38.02
2025-03-02 06:00:00,32.0
2025-03-02 07:00:00,30.73
2025-03-02 08:00:00,41.0
2025-03-02 09:00:00,43.85
2025-03-02 10:00:00,56.43
2025-03-02 11:00:00,70.13
2025-03-02 12:00:00,36.9
2025-03-02 13:00:00,16.95
2025-03-02 14:00:00,24.47
2025-03-02 15:00:00,22.17
2025-03-02 16:00:00,18.25
2025-03-02 17:00:00,10.82
2025-03-02 18:00:00,17.58
2025-03-02 19:00:00,34.85
2025-03-02 20:00:00,50.75
2025-03-02 21:00:00,35.68
2025-03-02 22:00:00,59.27
2025-03-02 23:00:00,48.22
2025-03-03 00:00:00,66.18
2025-03-03 01:00:00,71.88
2025-03-03 02:00:00,65.7
2025-03-03 03:00:00,46.45
2025-03-03 04:00:00,40.25
2025-03-03 05:00:00,43.18
2025-03-03 06:00:00,46.72
2025-03-03 07:00:00,64.27
2025-03-03 08:00:00,70.0
2025-03-03 09:00:00,54.2
2025-03-03 10:00:00,63.68
2025-03-03 11:00:00,70.1
2025-03-03 12:00:00,52.03
2025-03-03 13:00:00,64.93
2025-03-03 14:00:00,49.23
2025-03-03 15:00:00,50.2
2025-03-03 16:00:00,43.85
2025-03-03 17:00:00,54.53
2025-03-03 18:00:00,50.67
2025-03-03 19:00:00,41.42
2025-03-03 20:00:00,40.88
2025-03-03 21:00:00,75.75
2025-03-03 22:00:00,81.23
2025-03-03 23:00:00,64.08
2025-03-04 00:00:00,67.77
2025-03-04 01:00:00,74.0
2025-03-04 02:00:00,66.68
2025-03-04 03:00:00,49.85
2025-03-04 04:00:00,65.18
2025-03-04 05:00:00,83.13
2025-03-04 06:00:00,64.03
2025-03-04 07:00:00,54.88
2025-03-04 08:00:00,42.03
2025-03-04 09:00:00,35.18
2025-03-04 10:00:00,48.38
2025-03-04 11:00:00,55.8
2025-03-04 12:00:00,55.83
2025-03-04 13:00:00,48.77
2025-03-04 14:00:00,54.72
2025-03-04 15:00:00,48.58
2025-03-04 16:00:00,30.65
2025-03-04 17:00:00,27.33
2025-03-04 18:00:00,34.57
2025-03-04 19:00:00,25.45
2025-03-04 20:00:00,20.92
2025-03-04 21:00:00,36.37
2025-03-04 22:00:00,31.15
2025-03-04 23:00:00,40.08
2025-03-05 00:00:00,31.53
2025-03-05 01:00:00,31.02
2025-03-05 02:00:00,25.92
2025-03-05 03:00:00,24.73
2025-03-05 04:00:00,20.28
2025-03-05 05:00:00,23.22
2025-03-05 06:00:00,20.55
2025-03-05 07:00:00,20.67
2025-03-05 08:00:00,22.63
2025-03-05 09:00:00,25.68
2025-03-05 10:00:00,29.8
2025-03-05 11:00:00,36.07
2025-03-05 12:00:00,24.32
2025-03-05 13:00:00,24.75
2025-03-05 14:00:00,25.52
2025-03-05 15:00:00,20.18
2025-03-05 16:00:00,12.45
2025-03-05 17:00:00,15.57
2025-03-05 18:00:00,12.53
2025-03-05 19:00:00,19.98
2025-03-05 20:00:00,20.05
2025-03-05 21:00:00,23.82
2025-03-05 22:00:00,24.02
2025-03-05 23:00:00,25.4
2025-03-06 00:00:00,29.13
2025-03-06 01:00:00,41.22
2025-03-06 02:00:00,52.5
2025-03-06 03:00:00,47.52
2025-03-06 04:00:00,46.65
2025-03-06 05:00:00,41.73
2025-03-06 06:00:00,48.2
2025-03-06 07:00:00,48.12
2025-03-06 08:00:00,50.73
2025-03-06 09:00:00,43.53
2025-03-06 10:00:00,45.1
2025-03-06 11:00:00,42.83
2025-03-06 12:00:00,24.92
2025-03-06 13:00:00,21.72
2025-03-06 14:00:00,27.43
2025-03-06 15:00:00,27.2
2025-03-06 16:00:00,9.15
2025-03-06 17:00:00,13.5
2025-03-06 18:00:00,26.0
2025-03-06 19:00:00,28.92
2025-03-06 20:00:00,36.52
2025-03-06 21:00:00,76.02
2025-03-06 22:00:00,91.98
2025-03-06 23:00:00,107.18
2025-03-07 00:00:00,128.68
2025-03-07 01:00:00,119.45
2025-03-07 02:00:00,99.57
2025-03-07 03:00:00,91.55
2025-03-07 04:00:00,87.25
2025-03-07 05:00:00,89.0
2025-03-07 06:00:00,80.5
2025-03-07 07:00:00,129.42
2025-03-07 08:00:00,147.12
2025-03-07 09:00:00,125.07
2025-03-07 10:00:00,67.02
2025-03-07 11:00:00,77.98
2025-03-07 12:00:00,43.32
2025-03-07 13:00:00,31.57
2025-03-07 14:00:00,18.08
2025-03-07 15:00:00,21.05
2025-03-07 16:00:00,7.22
2025-03-07 17:00:00,10.28
2025-03-07 18:00:00,16.95
2025-03-07 19:00:00,23.78
2025-03-07 20:00:00,34.0
2025-03-07 21:00:00,73.8
2025-03-07 22:00:00,71.02
2025-03-07 23:00:00,82.12
2025-03-08 00:00:00,69.35
2025-03-08 01:00:00,77.93
2025-03-08 02:00:00,95.13
2025-03-08 03:00:00,97.35
2025-03-08 04:00:00,97.48
2025-03-08 05:00:00,86.28
2025-03-08 06:00:00,81.85
2025-03-08 07:00:00,74.62
2025-03-08 08:00:00,48.25
2025-03-08 09:00:00,66.45
2025-03-08 10:00:00,68.03
2025-03-08 11:00:00,59.78
2025-03-08 12:00:00,41.03
2025-03-08 13:00:00,33.38
2025-03-08 14:00:00,32.25
2025-03-08 15:00:00,45.15
2025-03-08 16:00:00,40.17
2025-03-08 17:00:00,38.7
2025-03-08 18:00:00,48.25
2025-03-08 19:00:00,37.65
2025-03-08 20:00:00,30.8
2025-03-08 21:00:00,53.08
2025-03-08 22:00:00,75.43
2025-03-08 23:00:00,80.88
2025-03-09 00:00:00,82.97
2025-03-09 01:00:00,87.37
2025-03-09 02:00:00,111.05
2025-03-09 03:00:00,101.47
2025-03-09 04:00:00,85.48
2025-03-09 05:00:00,89.73
2025-03-09 06:00:00,111.65
2025-03-09 07:00:00,110.95
2025-03-09 08:00:00,148.52
2025-03-09 09:00:00,150.18
2025-03-09 10:00:00,104.87
2025-03-09 11:00:00,85.97
2025-03-09 12:00:00,57.12
2025-03-09 13:00:00,39.42
2025-03-09 14:00:00,47.17
2025-03-09 15:00:00,53.37
2025-03-09 16:00:00,48.7
2025-03-09 17:00:00,41.05
2025-03-09 18:00:00,48.55
2025-03-09 19:00:00,58.13
2025-03-09 20:00:00,83.75
2025-03-09 21:00:00,84.55
2025-03-09 22:00:00,108.63
2025-03-09 23:00:00,161.17
2025-03-10 00:00:00,142.52
2025-03-10 01:00:00,114.4
2025-03-10 02:00:00,88.02
2025-03-10 03:00:00,65.93
2025-03-10 04:00:00,66.88
2025-03-10 05:00:00,68.37
2025-03-10 06:00:00,80.52
2025-03-10 07:00:00,105.48
2025-03-10 08:00:00,119.42
2025-03-10 09:00:00,114.88
2025-03-10 10:00:00,92.33
2025-03-10 11:00:00,83.52
2025-03-10 12:00:00,71.83
2025-03-10 13:00:00,64.58
2025-03-10 14:00:00,53.45
2025-03-10 15:00:00,59.88
2025-03-10 16:00:00,47.83
2025-03-10 17:00:00,55.68
2025-03-10 18:00:00,55.05
2025-03-10 19:00:00,63.72
2025-03-10 20:00:00,81.38
2025-03-10 21:00:00,108.83
2025-03-10 22:00:00,125.93
2025-03-10 23:00:00,129.83
2025-03-11 00:00:00,128.83
2025-03-11 01:00:00,121.3
2025-03-11 02:00:00,127.77
2025-03-11 03:00:00,152.97
2025-03-11 04:00:00,120.88
2025-03-11 05:00:00,124.62
2025-03-11 06:00:00,144.7
2025-03-11 07:00:00,144.58
2025-03-11 08:00:00,148.52
2025-03-11 09:00:00,130.58
2025-03-11 10:00:00,120.8
2025-03-11 11:00:00,127.58
2025-03-11 12:00:00,82.78
2025-03-11 13:00:00,94.85
2025-03-11 14:00:00,94.07
2025-03-11 15:00:00,68.17
2025-03-11 16:00:00,51.4
2025-03-11 17:00:00,48.52
2025-03-11 18:00:00,65.88
2025-03-11 19:00:00,70.43
2025-03-11 20:00:00,89.77
2025-03-11 21:00:00,105.47
2025-03-11 22:00:00,122.53
2025-03-11 23:00:00,137.58
2025-03-12 00:00:00,135.68
2025-03-12 01:00:00,132.83
2025-03-12 02:00:00,146.03
2025-03-12 03:00:00,128.82
2025-03-12 04:00:00,100.93
2025-03-12 05:00:00,112.07
2025-03-12 06:00:00,138.35
2025-03-12 07:00:00,131.55
2025-03-12 08:00:00,113.48
2025-03-12 09:00:00,77.73
2025-03-12 10:00:00,63.37
2025-03-12 11:00:00,65.53
2025-03-12 12:00:00,43.63
2025-03-12 13:00:00,30.28
2025-03-12 14:00:00,30.52
2025-03-12 15:00:00,42.42
2025-03-12 16:00:00,22.4
2025-03-12 17:00:00,34.25
2025-03-12 18:00:00,44.43
2025-03-12 19:00:00,48.37
2025-03-12 20:00:00,60.42
2025-03-12 21:00:00,66.04
2025-03-12 22:00:00,71.37
2025-03-12 23:00:00,78.3
2025-03-13 00:00:00,77.97
2025-03-13 01:00:00,59.57
2025-03-13 02:00:00,63.88
2025-03-13 03:00:00,84.53
2025-03-13 04:00:00,66.17
2025-03-13 05:00:00,66.07
2025-03-13 06:00:00,77.23
2025-03-13 07:00:00,88.15
2025-03-13 08:00:00,69.47
2025-03-13 09:00:00,120.18
2025-03-13 10:00:00,99.11
2025-03-13 11:00:00,52.6
2025-03-13 12:00:00,65.35
2025-03-13 13:00:00,78.28
2025-03-13 14:00:00,62.82
2025-03-13 15:00:00,56.07
2025-03-13 16:00:00,51.52
2025-03-13 17:00:00,56.77
2025-03-13 18:00:00,70.62
2025-03-13 19:00:00,49.13
2025-03-13 20:00:00,43.93
2025-03-13 21:00:00,58.97
2025-03-13 22:00:00,73.87
2025-03-13 23:00:00,80.72
2025-03-14 00:00:00,99.43
2025-03-14 01:00:00,175.67
2025-03-14 02:00:00,204.3
2025-03-14 03:00:00,213.77
2025-03-14 04:00:00,204.0
2025-03-14 05:00:00,210.18
2025-03-14 06:00:00,200.55
2025-03-14 07:00:00,167.82
2025-03-14 08:00:00,173.95
2025-03-14 09:00:00,117.55
2025-03-14 10:00:00,85.4
2025-03-14 11:00:00,58.13
2025-03-14 12:00:00,49.23
2025-03-14 13:00:00,31.6
2025-03-14 14:00:00,54.87
2025-03-14 15:00:00,66.48
2025-03-14 16:00:00,41.57
2025-03-14 17:00:00,41.75
2025-03-14 18:00:00,29.15
2025-03-14 19:00:00,24.67
2025-03-14 20:00:00,32.63
2025-03-14 21:00:00,48.9
2025-03-14 22:00:00,54.97
2025-03-14 23:00:00,55.42
2025-03-15 00:00:00,47.4
2025-03-15 01:00:00,33.32
2025-03-15 02:00:00,18.28
2025-03-15 03:00:00,10.37
2025-03-15 04:00:00,11.35
2025-03-15 05:00:00,10.05
2025-03-15 06:00:00,4.02
2025-03-15 07:00:00,13.27
2025-03-15 08:00:00,8.08
2025-03-15 09:00:00,14.15
2025-03-15 10:00:00,25.4
2025-03-15 11:00:00,29.87
2025-03-15 12:00:00,23.87
2025-03-15 13:00:00,24.18
2025-03-15 14:00:00,25.2
2025-03-15 15:00:00,38.58
2025-03-15 16:00:00,32.23
2025-03-15 17:00:00,52.45
2025-03-15 18:00:00,36.9
2025-03-15 19:00:00,30.0
2025-03-15 20:00:00,26.17
2025-03-15 21:00:00,20.5
2025-03-15 22:00:00,19.55
2025-03-15 23:00:00,17.55
2025-03-16 00:00:00,30.05
2025-03-16 01:00:00,41.62
2025-03-16 02:00:00,60.08
2025-03-16 03:00:00,132.42
2025-03-16 04:00:00,94.12
2025-03-16 05:00:00,65.7
2025-03-16 06:00:00,50.7
2025-03-16 07:00:00,53.93
2025-03-16 08:00:00,59.92
2025-03-16 09:00:00,39.87
2025-03-16 10:00:00,44.98
2025-03-16 11:00:00,48.68
2025-03-16 12:00:00,30.17
2025-03-16 13:00:00,29.72
2025-03-16 14:00:00,41.5
2025-03-16 15:00:00,39.87
2025-03-16 16:00:00,17.1
2025-03-16 17:00:00,19.68
2025-03-16 18:00:00,22.77
2025-03-16 19:00:00,19.05
2025-03-16 20:00:00,32.15
2025-03-16 21:00:00,32.6
2025-03-16 22:00:00,38.17
2025-03-16 23:00:00,39.52
2025-03-17 00:00:00,43.63
2025-03-17 01:00:00,46.73
2025-03-17 02:00:00,47.58
2025-03-17 03:00:00,45.68
2025-03-17 04:00:00,51.97
2025-03-17 05:00:00,51.63
2025-03-17 06:00:00,61.2
2025-03-17 07:00:00,52.72
2025-03-17 08:00:00,40.63
2025-03-17 09:00:00,40.43
2025-03-17 10:00:00,39.32
2025-03-17 11:00:00,30.9
2025-03-17 12:00:00,25.78
2025-03-17 13:00:00,36.58
2025-03-17 14:00:00,36.97
2025-03-17 15:00:00,39.47
2025-03-17 16:00:00,25.1
2025-03-17 17:00:00,42.17
2025-03-17 18:00:00,37.15
2025-03-17 19:00:00,41.98
2025-03-17 20:00:00,56.55
2025-03-17 21:00:00,66.62
2025-03-17 22:00:00,59.33
2025-03-17 23:00:00,66.98
2025-03-18 00:00:00,60.93
2025-03-18 01:00:00,50.72
2025-03-18 02:00:00,55.63
2025-03-18 03:00:00,68.8
2025-03-18 04:00:00,80.47
2025-03-18 05:00:00,89.2
2025-03-18 06:00:00,57.1
2025-03-18 07:00:00,66.58
2025-03-18 08:00:00,51.52
2025-03-18 09:00:00,54.95
2025-03-18 10:00:00,48.45
2025-03-18 11:00:00,30.45
2025-03-18 12:00:00,36.6
2025-03-18 13:00:00,94.53
2025-03-18 14:00:00,75.72
2025-03-18 15:00:00,67.57
2025-03-18 16:00:00,47.35
2025-03-18 17:00:00,35.03
2025-03-18 18:00:00,20.37
2025-03-18 19:00:00,12.85
2025-03-18 20:00:00,21.6
2025-03-18 21:00:00,41.65
2025-03-18 22:00:00,50.45
2025-03-18 23:00:00,72.1
2025-03-19 00:00:00,93.45
2025-03-19 01:00:00,81.77
2025-03-19 02:00:00,63.1
2025-03-19 03:00:00,72.9
2025-03-19 04:00:00,89.57
2025-03-19 05:00:00,85.73
2025-03-19 06:00:00,61.92
2025-03-19 07:00:00,80.92
2025-03-19 08:00:00,91.18
2025-03-19 09:00:00,76.82
2025-03-19 10:00:00,70.8
2025-03-19 11:00:00,62.42
2025-03-19 12:00:00,45.4
2025-03-19 13:00:00,27.68
2025-03-19 14:00:00,31.3
2025-03-19 15:00:00,23.57
2025-03-19 16:00:00,15.73
2025-03-19 17:00:00,26.9
2025-03-19 18:00:00,19.78
2025-03-19 19:00:00,39.45
2025-03-19 20:00:00,51.87
2025-03-19 21:00:00,54.5
2025-03-19 22:00:00,57.58
2025-03-19 23:00:00,50.33
2025-03-20 00:00:00,63.0
2025-03-20 01:00:00,66.03
2025-03-20 02:00:00,86.47
2025-03-20 03:00:00,82.13
2025-03-20 04:00:00,73.92
2025-03-20 05:00:00,58.4
2025-03-20 06:00:00,60.88
2025-03-20 07:00:00,66.32
2025-03-20 08:00:00,87.93
2025-03-20 09:00:00,105.87
2025-03-20 10:00:00,105.85
2025-03-20 11:00:00,81.95
2025-03-20 12:00:00,53.08
2025-03-20 13:00:00,23.78
2025-03-20 14:00:00,22.72
2025-03-20 15:00:00,21.68
2025-03-20 16:00:00,11.62
2025-03-20 17:00:00,14.1
2025-03-20 18:00:00,19.77
2025-03-20 19:00:00,40.57
2025-03-20 20:00:00,52.9
2025-03-20 21:00:00,50.37
2025-03-20 22:00:00,65.57
2025-03-20 23:00:00,70.07
2025-03-21 00:00:00,73.73
2025-03-21 01:00:00,63.0
2025-03-21 02:00:00,50.38
2025-03-21 03:00:00,63.67
2025-03-21 04:00:00,78.92
2025-03-21 05:00:00,59.48
2025-03-21 06:00:00,51.92
2025-03-21 07:00:00,48.05
2025-03-21 08:00:00,50.35
2025-03-21 09:00:00,41.72
2025-03-21 10:00:00,60.95
2025-03-21 11:00:00,47.58
2025-03-21 12:00:00,23.07
2025-03-21 13:00:00,25.38
2025-03-21 14:00:00,23.87
2025-03-21 15:00:00,30.15
2025-03-21 16:00:00,26.63
2025-03-21 17:00:00,15.03
2025-03-21 18:00:00,18.47
2025-03-21 19:00:00,42.07
2025-03-21 20:00:00,44.55
2025-03-21 21:00:00,66.5
2025-03-21 22:00:00,70.95
2025-03-21 23:00:00,58.35
2025-03-22 00:00:00,65.7
2025-03-22 01:00:00,62.37
2025-03-22 02:00:00,50.25
2025-03-22 03:00:00,53.67
2025-03-22 04:00:00,82.42
2025-03-22 05:00:00,102.85
2025-03-22 06:00:00,80.62
2025-03-22 07:00:00,56.4
2025-03-22 08:00:00,99.25
2025-03-22 09:00:00,87.17
2025-03-22 10:00:00,100.73
2025-03-22 11:00:00,65.95
2025-03-22 12:00:00,43.7
2025-03-22 13:00:00,22.53
2025-03-22 14:00:00,29.98
2025-03-22 15:00:00,37.67
2025-03-22 16:00:00,33.7
2025-03-22 17:00:00,30.65
2025-03-22 18:00:00,39.43
2025-03-22 19:00:00,43.32
2025-03-22 20:00:00,49.48
2025-03-22 21:00:00,67.82
2025-03-22 22:00:00,74.8
2025-03-22 23:00:00,91.15
2025-03-23 00:00:00,105.33
2025-03-23 01:00:00,93.98
2025-03-23 02:00:00,87.0
2025-03-23 03:00:00,60.9
2025-03-23 04:00:00,67.37
2025-03-23 05:00:00,89.73
2025-03-23 06:00:00,86.33
2025-03-23 07:00:00,81.67
2025-03-23 08:00:00,109.12
2025-03-23 09:00:00,122.22
2025-03-23 10:00:00,93.67
2025-03-23 11:00:00,82.82
2025-03-23 12:00:00,57.97
2025-03-23 13:00:00,56.85
2025-03-23 14:00:00,59.62
2025-03-23 15:00:00,55.4
2025-03-23 16:00:00,41.2
2025-03-23 17:00:00,34.53
2025-03-23 18:00:00,35.5
2025-03-23 19:00:00,52.98
2025-03-23 20:00:00,60.45
2025-03-23 21:00:00,79.02
2025-03-23 22:00:00,77.97
2025-03-23 23:00:00,89.43
2025-03-24 00:00:00,99.22
2025-03-24 01:00:00,102.88
2025-03-24 02:00:00,99.43
2025-03-24 03:00:00,110.1
2025-03-24 04:00:00,137.5
2025-03-24 05:00:00,171.47
2025-03-24 06:00:00,173.47
2025-03-24 07:00:00,141.72
2025-03-24 08:00:00,134.32
2025-03-24 09:00:00,109.23
2025-03-24 10:00:00,73.25
2025-03-24 11:00:00,44.87
2025-03-24 12:00:00,36.97
2025-03-24 13:00:00,33.78
2025-03-24 14:00:00,43.42
2025-03-24 15:00:00,52.85
2025-03-24 16:00:00,32.3
2025-03-24 17:00:00,47.88
2025-03-24 18:00:00,49.95
2025-03-24 19:00:00,64.23
2025-03-24 20:00:00,71.42
2025-03-24 21:00:00,87.73
2025-03-24 22:00:00,116.53
2025-03-24 23:00:00,130.28
2025-03-25 00:00:00,133.88
2025-03-25 01:00:00,154.45
2025-03-25 02:00:00,194.52
2025-03-25 03:00:00,226.77
2025-03-25 04:00:00,166.35
2025-03-25 05:00:00,147.4
2025-03-25 06:00:00,132.55
2025-03-25 07:00:00,137.48
2025-03-25 08:00:00,156.23
2025-03-25 09:00:00,126.9
2025-03-25 10:00:00,110.73
2025-03-25 11:00:00,103.87
2025-03-25 12:00:00,86.58
2025-03-25 13:00:00,51.93
2025-03-25 14:00:00,49.53
2025-03-25 15:00:00,73.77
2025-03-25 16:00:00,53.73
2025-03-25 17:00:00,32.92
2025-03-25 18:00:00,32.45
2025-03-25 19:00:00,40.67
2025-03-25 20:00:00,63.93
2025-03-25 21:00:00,119.72
2025-03-25 22:00:00,118.6
2025-03-25 23:00:00,135.73
2025-03-26 00:00:00,150.42
2025-03-26 01:00:00,148.7
2025-03-26 02:00:00,142.12
2025-03-26 03:00:00,156.57
2025-03-26 04:00:00,150.32
2025-03-26 05:00:00,155.95
2025-03-26 06:00:00,144.57
2025-03-26 07:00:00,130.03
2025-03-26 08:00:00,136.13
2025-03-26 09:00:00,121.35
2025-03-26 10:00:00,104.88
2025-03-26 11:00:00,57.57
2025-03-26 12:00:00,42.15
2025-03-26 13:00:00,54.37
2025-03-26 14:00:00,102.77
2025-03-26 15:00:00,61.78
2025-03-26 16:00:00,28.97
2025-03-26 17:00:00,39.03
2025-03-26 18:00:00,45.83
2025-03-26 19:00:00,51.97
2025-03-26 20:00:00,77.88
2025-03-26 21:00:00,94.95
2025-03-26 22:00:00,137.7
2025-03-26 23:00:00,174.07
2025-03-27 00:00:00,147.78
2025-03-27 01:00:00,125.18
2025-03-27 02:00:00,124.98
2025-03-27 03:00:00,142.65
2025-03-27 04:00:00,172.85
2025-03-27 05:00:00,201.97
2025-03-27 06:00:00,163.33
2025-03-27 07:00:00,143.25
2025-03-27 08:00:00,122.17
2025-03-27 09:00:00,64.88
2025-03-27 10:00:00,92.08
2025-03-27 11:00:00,65.42
2025-03-27 12:00:00,57.2
2025-03-27 13:00:00,59.73
2025-03-27 14:00:00,56.42
2025-03-27 15:00:00,54.37
2025-03-27 16:00:00,31.58
2025-03-27 17:00:00,32.13
2025-03-27 18:00:00,33.0
2025-03-27 19:00:00,45.08
2025-03-27 20:00:00,37.48
2025-03-27 21:00:00,54.67
2025-03-27 22:00:00,68.5
2025-03-27 23:00:00,81.2
2025-03-28 00:00:00,92.1
2025-03-28 01:00:00,122.02
2025-03-28 02:00:00,162.27
2025-03-28 03:00:00,76.38
2025-03-28 04:00:00,38.0
2025-03-28 05:00:00,24.68
2025-03-28 06:00:00,29.85
2025-03-28 07:00:00,37.0
2025-03-28 08:00:00,59.28
2025-03-28 09:00:00,65.95
2025-03-28 10:00:00,55.15
2025-03-28 11:00:00,33.73
2025-03-28 12:00:00,43.53
2025-03-28 13:00:00,33.6
2025-03-28 14:00:00,36.7
2025-03-28 15:00:00,40.53
2025-03-28 16:00:00,34.4
2025-03-28 17:00:00,44.9
2025-03-28 18:00:00,42.13
2025-03-28 19:00:00,47.0
2025-03-28 20:00:00,104.15
2025-03-28 21:00:00,62.03
2025-03-28 22:00:00,34.45
2025-03-28 23:00:00,22.32
2025-03-29 00:00:00,25.52
2025-03-29 01:00:00,33.35
2025-03-29 02:00:00,41.47
2025-03-29 03:00:00,35.52
2025-03-29 04:00:00,33.15
2025-03-29 05:00:00,36.93
2025-03-29 06:00:00,38.28
2025-03-29 07:00:00,42.22
2025-03-29 08:00:00,36.3
2025-03-29 09:00:00,48.22
2025-03-29 10:00:00,45.18
2025-03-29 11:00:00,27.8
2025-03-29 12:00:00,30.6
2025-03-29 13:00:00,21.68
2025-03-29 14:00:00,23.57
2025-03-29 15:00:00,19.9
2025-03-29 16:00:00,15.88
2025-03-29 17:00:00,13.32
2025-03-29 18:00:00,20.48
2025-03-29 19:00:00,21.62
2025-03-29 20:00:00,28.9
2025-03-29 21:00:00,36.42
2025-03-29 22:00:00,36.83
2025-03-29 23:00:00,42.53
2025-03-30 00:00:00,64.03
2025-03-30 01:00:00,59.98
2025-03-30 02:00:00,46.57
2025-03-30 03:00:00,61.17
2025-03-30 04:00:00,61.95
2025-03-30 05:00:00,63.5
2025-03-30 06:00:00,63.0
2025-03-30 07:00:00,64.27
2025-03-30 08:00:00,39.12
2025-03-30 09:00:00,36.7
2025-03-30 10:00:00,19.53
2025-03-30 11:00:00,9.95
2025-03-30 12:00:00,12.13
2025-03-30 13:00:00,9.03
2025-03-30 14:00:00,10.35
2025-03-30 15:00:00,12.13
2025-03-30 16:00:00,4.98
2025-03-30 17:00:00,11.13
2025-03-30 18:00:00,7.09
2025-03-30 19:00:00,24.88
2025-03-30 20:00:00,36.93
2025-03-30 21:00:00,70.02
2025-03-30 22:00:00,83.57
2025-03-30 23:00:00,96.78
2025-03-31 00:00:00,69.88
2025-03-31 01:00:00,50.9
2025-03-31 02:00:00,52.68
2025-03-31 03:00:00,50.17
2025-03-31 04:00:00,52.97
2025-03-31 05:00:00,54.25
2025-03-31 06:00:00,155.62
2025-03-31 07:00:00,190.3
2025-03-31 08:00:00,169.03
2025-03-31 09:00:00,132.38
2025-03-31 10:00:00,73.65
2025-03-31 11:00:00,80.58
2025-03-31 12:00:00,35.52
2025-03-31 13:00:00,10.17
2025-03-31 14:00:00,3.12
2025-03-31 15:00:00,10.79
2025-03-31 16:00:00,3.49
2025-03-31 17:00:00,4.98
2025-03-31 18:00:00,10.02
2025-03-31 19:00:00,28.28
2025-03-31 20:00:00,43.77
2025-03-31 21:00:00,38.68
2025-03-31 22:00:00,38.83
2025-03-31 23:00:00,65.2
2025-04-01 00:00:00,53.72
2025-04-01 01:00:00,36.87
2025-04-01 02:00:00,49.6
2025-04-01 03:00:00,57.63
2025-04-01 04:00:00,89.4
2025-04-01 05:00:00,54.17
2025-04-01 06:00:00,74.77
2025-04-01 07:00:00,116.78
2025-04-01 08:00:00,86.2
2025-04-01 09:00:00,78.93
2025-04-01 10:00:00,105.1
2025-04-01 11:00:00,60.97
2025-04-01 12:00:00,36.45
2025-04-01 13:00:00,26.1
2025-04-01 14:00:00,27.47
2025-04-01 15:00:00,34.73
2025-04-01 16:00:00,28.67
2025-04-01 17:00:00,28.73
2025-04-01 18:00:00,35.25
2025-04-01 19:00:00,52.92
2025-04-01 20:00:00,68.95
2025-04-01 21:00:00,77.8
2025-04-01 22:00:00,79.2
2025-04-01 23:00:00,71.23
2025-04-02 00:00:00,81.57
2025-04-02 01:00:00,71.9
2025-04-02 02:00:00,75.57
2025-04-02 03:00:00,85.05
2025-04-02 04:00:00,81.38
2025-04-02 05:00:00,82.07
2025-04-02 06:00:00,128.83
2025-04-02 07:00:00,178.15
2025-04-02 08:00:00,292.55
2025-04-02 09:00:00,216.67
2025-04-02 10:00:00,83.45
2025-04-02 11:00:00,57.0
2025-04-02 12:00:00,55.25
2025-04-02 13:00:00,48.28
2025-04-02 14:00:00,38.98
2025-04-02 15:00:00,50.42
2025-04-02 16:00:00,28.42
2025-04-02 17:00:00,37.22
2025-04-02 18:00:00,38.38
2025-04-02 19:00:00,46.82
2025-04-02 20:00:00,60.37
2025-04-02 21:00:00,84.2
2025-04-02 22:00:00,95.88
2025-04-02 23:00:00,89.28
2025-04-03 00:00:00,96.73
2025-04-03 01:00:00,102.12
2025-04-03 02:00:00,99.78
2025-04-03 03:00:00,107.78
2025-04-03 04:00:00,92.4
2025-04-03 05:00:00,94.85
2025-04-03 06:00:00,89.6
2025-04-03 07:00:00,89.67
2025-04-03 08:00:00,93.3
2025-04-03 09:00:00,87.92
2025-04-03 10:00:00,87.45
2025-04-03 11:00:00,68.55
2025-04-03 12:00:00,33.48
2025-04-03 13:00:00,33.63
2025-04-03 14:00:00,25.72
2025-04-03 15:00:00,36.97
2025-04-03 16:00:00,28.83
2025-04-03 17:00:00,27.77
2025-04-03 18:00:00,45.57
2025-04-03 19:00:00,43.87
2025-04-03 20:00:00,51.07
2025-04-03 21:00:00,64.57
2025-04-03 22:00:00,64.0
2025-04-03 23:00:00,82.92
2025-04-04 00:00:00,88.23
2025-04-04 01:00:00,69.62
2025-04-04 02:00:00,91.72
2025-04-04 03:00:00,126.12
2025-04-04 04:00:00,117.02
2025-04-04 05:00:00,101.15
2025-04-04 06:00:00,102.15
2025-04-04 07:00:00,126.33
2025-04-04 08:00:00,145.73
2025-04-04 09:00:00,102.4
2025-04-04 10:00:00,80.65
2025-04-04 11:00:00,80.7
2025-04-04 12:00:00,76.65
2025-04-04 13:00:00,47.58
2025-04-04 14:00:00,35.65
2025-04-04 15:00:00,42.63
2025-04-04 16:00:00,43.57
2025-04-04 17:00:00,38.38
2025-04-04 18:00:00,50.57
2025-04-04 19:00:00,49.73
2025-04-04 20:00:00,53.5
2025-04-04 21:00:00,59.02
2025-04-04 22:00:00,55.57
2025-04-04 23:00:00,58.3
2025-04-05 00:00:00,46.53
2025-04-05 01:00:00,45.73
2025-04-05 02:00:00,38.85
2025-04-05 03:00:00,36.0
2025-04-05 04:00:00,54.28
2025-04-05 05:00:00,53.72
2025-04-05 06:00:00,64.25
2025-04-05 07:00:00,81.7
2025-04-05 08:00:00,121.12
2025-04-05 09:00:00,97.73
2025-04-05 10:00:00,85.3
2025-04-05 11:00:00,64.18
2025-04-05 12:00:00,45.02
2025-04-05 13:00:00,42.02
2025-04-05 14:00:00,41.8
2025-04-05 15:00:00,46.82
2025-04-05 16:00:00,35.98
2025-04-05 17:00:00,35.9
2025-04-05 18:00:00,36.93
2025-04-05 19:00:00,55.97
2025-04-05 20:00:00,53.27
2025-04-05 21:00:00,71.05
2025-04-05 22:00:00,69.83
2025-04-05 23:00:00,71.65
2025-04-06 00:00:00,91.63
2025-04-06 01:00:00,80.62
2025-04-06 02:00:00,77.47
2025-04-06 03:00:00,74.47
2025-04-06 04:00:00,88.63
2025-04-06 05:00:00,154.17
2025-04-06 06:00:00,194.43
2025-04-06 07:00:00,191.33
2025-04-06 08:00:00,116.82
2025-04-06 09:00:00,105.52
2025-04-06 10:00:00,79.8
2025-04-06 11:00:00,47.57
2025-04-06 12:00:00,48.88
2025-04-06 13:00:00,23.62
2025-04-06 14:00:00,18.02
2025-04-06 15:00:00,24.1
2025-04-06 16:00:00,18.78
2025-04-06 17:00:00,37.85
2025-04-06 18:00:00,50.52
2025-04-06 19:00:00,48.33
2025-04-06 20:00:00,45.72
2025-04-06 21:00:00,49.93
2025-04-06 22:00:00,86.33
2025-04-06 23:00:00,140.58
2025-04-07 00:00:00,186.25
2025-04-07 01:00:00,163.5
2025-04-07 02:00:00,156.92
2025-04-07 03:00:00,139.45
2025-04-07 04:00:00,161.4
2025-04-07 05:00:00,148.32
2025-04-07 06:00:00,134.68
2025-04-07 07:00:00,151.92
2025-04-07 08:00:00,168.28
2025-04-07 09:00:00,98.72
2025-04-07 10:00:00,104.97
2025-04-07 11:00:00,93.35
2025-04-07 12:00:00,60.48
2025-04-07 13:00:00,56.38
2025-04-07 14:00:00,52.22
2025-04-07 15:00:00,72.72
2025-04-07 16:00:00,47.93
2025-04-07 17:00:00,51.22
2025-04-07 18:00:00,56.52
2025-04-07 19:00:00,60.03
2025-04-07 20:00:00,84.6
2025-04-07 21:00:00,116.88
2025-04-07 22:00:00,175.7
2025-04-07 23:00:00,141.45
2025-04-08 00:00:00,102.82
2025-04-08 01:00:00,100.15
2025-04-08 02:00:00,88.95
2025-04-08 03:00:00,78.25
2025-04-08 04:00:00,81.53
2025-04-08 05:00:00,83.28
2025-04-08 06:00:00,67.55
2025-04-08 07:00:00,68.87
2025-04-08 08:00:00,93.45
2025-04-08 09:00:00,110.35
2025-04-08 10:00:00,127.3
2025-04-08 11:00:00,102.0
2025-04-08 12:00:00,92.35
2025-04-08 13:00:00,82.38
2025-04-08 14:00:00,85.53
2025-04-08 15:00:00,85.52
2025-04-08 16:00:00,83.02
2025-04-08 17:00:00,89.75
2025-04-08 18:00:00,99.12
2025-04-08 19:00:00,105.22
2025-04-08 20:00:00,118.48
2025-04-08 21:00:00,119.87
2025-04-08 22:00:00,110.67
2025-04-08 23:00:00,108.75
2025-04-09 00:00:00,107.93
2025-04-09 01:00:00,97.97
2025-04-09 02:00:00,90.05
2025-04-09 03:00:00,74.65
2025-04-09 04:00:00,82.55
2025-04-09 05:00:00,68.68
2025-04-09 06:00:00,79.6
2025-04-09 07:00:00,74.35
2025-04-09 08:00:00,76.58
2025-04-09 09:00:00,86.12
2025-04-09 10:00:00,101.43
2025-04-09 11:00:00,124.83
2025-04-09 12:00:00,103.83
2025-04-09 13:00:00,80.83
2025-04-09 14:00:00,78.05
2025-04-09 15:00:00,75.3
2025-04-09 16:00:00,86.45
2025-04-09 17:00:00,113.67
2025-04-09 18:00:00,125.9
2025-04-09 19:00:00,105.02
2025-04-09 20:00:00,110.3
2025-04-09 21:00:00,98.98
2025-04-09 22:00:00,97.05
2025-04-09 23:00:00,81.87
2025-04-10 00:00:00,56.7
2025-04-10 01:00:00,68.32
2025-04-10 02:00:00,60.5
2025-04-10 03:00:00,48.6
2025-04-10 04:00:00,30.65
2025-04-10 05:00:00,26.35
2025-04-10 06:00:00,39.3
2025-04-10 07:00:00,57.47
2025-04-10 08:00:00,68.22
2025-04-10 09:00:00,81.1
2025-04-10 10:00:00,76.77
2025-04-10 11:00:00,78.8
2025-04-10 12:00:00,64.47
2025-04-10 13:00:00,76.43
2025-04-10 14:00:00,91.37
2025-04-10 15:00:00,77.4
2025-04-10 16:00:00,63.35
2025-04-10 17:00:00,93.82
2025-04-10 18:00:00,78.08
2025-04-10 19:00:00,6.57
2025-04-10 20:00:00,13.25
2025-04-10 21:00:00,23.45
2025-04-10 22:00:00,24.47
2025-04-10 23:00:00,23.37
2025-04-11 00:00:00,34.43
2025-04-11 01:00:00,23.1
2025-04-11 02:00:00,19.98
2025-04-11 03:00:00,16.45
2025-04-11 04:00:00,15.55
2025-04-11 05:00:00,25.22
2025-04-11 06:00:00,28.62
2025-04-11 07:00:00,22.8
2025-04-11 08:00:00,26.28
2025-04-11 09:00:00,41.98
2025-04-11 10:00:00,46.95
2025-04-11 11:00:00,45.17
2025-04-11 12:00:00,41.87
2025-04-11 13:00:00,51.27
2025-04-11 14:00:00,46.57
2025-04-11 15:00:00,52.25
2025-04-11 16:00:00,45.45
2025-04-11 17:00:00,43.93
2025-04-11 18:00:00,62.33
2025-04-11 19:00:00,81.8
2025-04-11 21:00:00,1.2
2025-04-11 22:00:00,0.91
2025-04-11 23:00:00,8.3
2025-04-12 00:00:00,16.33
2025-04-12 01:00:00,20.12
2025-04-12 02:00:00,12.25
2025-04-12 03:00:00,14.42
2025-04-12 04:00:00,25.78
2025-04-12 05:00:00,34.08
2025-04-12 06:00:00,40.32
2025-04-12 07:00:00,32.03
2025-04-12 08:00:00,23.85
2025-04-12 09:00:00,34.3
2025-04-12 10:00:00,46.97
2025-04-12 11:00:00,38.37
2025-04-12 12:00:00,32.62
2025-04-12 13:00:00,35.05
2025-04-12 14:00:00,37.37
2025-04-12 15:00:00,44.7
2025-04-12 16:00:00,39.92
2025-04-12 17:00:00,37.65
2025-04-12 18:00:00,43.57
2025-04-12 19:00:00,44.12
2025-04-12 20:00:00,62.43
2025-04-12 21:00:00,69.58
2025-04-12 22:00:00,17.88
2025-04-12 23:00:00,15.85
2025-04-13 00:00:00,39.12
2025-04-13 01:00:00,48.22
2025-04-13 02:00:00,46.37
2025-04-13 03:00:00,41.08
2025-04-13 04:00:00,39.23
2025-04-13 05:00:00,34.18
2025-04-13 06:00:00,36.17
2025-04-13 07:00:00,53.78
2025-04-13 08:00:00,174.7
2025-04-13 09:00:00,135.47
2025-04-13 10:00:00,86.0
2025-04-13 11:00:00,78.9
2025-04-13 12:00:00,73.78
2025-04-13 13:00:00,53.38
2025-04-13 14:00:00,41.77
2025-04-13 15:00:00,56.5
2025-04-13 16:00:00,46.4
2025-04-13 17:00:00,38.52
2025-04-13 18:00:00,45.75
2025-04-13 19:00:00,53.28
2025-04-13 20:00:00,70.77
2025-04-13 21:00:00,115.33
2025-04-13 22:00:00,98.03
2025-04-13 23:00:00,104.88
2025-04-14 00:00:00,98.32
2025-04-14 01:00:00,87.13
2025-04-14 02:00:00,115.45
2025-04-14 03:00:00,75.72
2025-04-14 04:00:00,69.18
2025-04-14 05:00:00,79.85
2025-04-14 06:00:00,81.98
2025-04-14 07:00:00,69.38
2025-04-14 08:00:00,64.8
2025-04-14 09:00:00,67.93
2025-04-14 10:00:00,69.53
2025-04-14 11:00:00,81.75
2025-04-14 12:00:00,126.18
2025-04-14 13:00:00,97.23
2025-04-14 14:00:00,53.67
2025-04-14 15:00:00,49.63
2025-04-14 16:00:00,47.13
2025-04-14 17:00:00,36.13
2025-04-14 18:00:00,44.0
2025-04-14 19:00:00,43.2
2025-04-14 20:00:00,47.6
2025-04-14 21:00:00,48.2
2025-04-14 22:00:00,59.27
2025-04-14 23:00:00,52.55
2025-04-15 00:00:00,55.58
2025-04-15 01:00:00,54.77
2025-04-15 02:00:00,68.3
2025-04-15 03:00:00,63.93
2025-04-15 04:00:00,56.55
2025-04-15 05:00:00,48.77
2025-04-15 06:00:00,53.77
2025-04-15 07:00:00,43.32
2025-04-15 08:00:00,43.47
2025-04-15 09:00:00,64.97
2025-04-15 10:00:00,52.83
2025-04-15 11:00:00,46.17
2025-04-15 12:00:00,38.78
2025-04-15 13:00:00,49.18
2025-04-15 14:00:00,52.6
2025-04-15 15:00:00,64.68
2025-04-15 16:00:00,48.98
2025-04-15 17:00:00,57.82
2025-04-15 18:00:00,54.67
2025-04-15 19:00:00,60.77
2025-04-15 20:00:00,71.5
2025-04-15 21:00:00,67.07
2025-04-15 22:00:00,71.8
2025-04-15 23:00:00,77.87
2025-04-16 00:00:00,79.18
2025-04-16 01:00:00,90.97
2025-04-16 02:00:00,71.48
2025-04-16 03:00:00,65.08
2025-04-16 04:00:00,68.38
2025-04-16 05:00:00,55.83
2025-04-16 06:00:00,58.58
2025-04-16 07:00:00,83.85
2025-04-16 08:00:00,102.97
2025-04-16 09:00:00,80.62
2025-04-16 10:00:00,63.95
2025-04-16 11:00:00,93.05
2025-04-16 12:00:00,77.8
2025-04-16 13:00:00,68.62
2025-04-16 14:00:00,72.47
2025-04-16 15:00:00,83.75
2025-04-16 16:00:00,72.53
2025-04-16 17:00:00,76.12
2025-04-16 18:00:00,79.35
2025-04-16 19:00:00,75.15
2025-04-16 20:00:00,78.33
2025-04-16 21:00:00,76.77
2025-04-16 22:00:00,81.8
2025-04-16 23:00:00,97.78
2025-04-17 00:00:00,76.57
2025-04-17 01:00:00,57.0
2025-04-17 02:00:00,52.78
2025-04-17 03:00:00,66.18
2025-04-17 04:00:00,110.82
2025-04-17 05:00:00,48.72
2025-04-17 06:00:00,39.0
2025-04-17 07:00:00,27.43
2025-04-17 08:00:00,32.93
2025-04-17 09:00:00,40.48
2025-04-17 10:00:00,59.8
2025-04-17 11:00:00,83.92
2025-04-17 12:00:00,88.75
2025-04-17 13:00:00,68.83
2025-04-17 14:00:00,57.4
2025-04-17 15:00:00,74.23
2025-04-17 16:00:00,67.1
2025-04-17 17:00:00,58.3
2025-04-17 18:00:00,67.75
2025-04-17 19:00:00,73.55
2025-04-17 20:00:00,85.02
2025-04-17 21:00:00,101.82
2025-04-17 22:00:00,125.38
2025-04-17 23:00:00,136.43
2025-04-18 00:00:00,92.98
2025-04-18 01:00:00,71.22
2025-04-18 02:00:00,57.23
2025-04-18 03:00:00,49.73
2025-04-18 04:00:00,43.63
2025-04-18 05:00:00,36.2
2025-04-18 06:00:00,47.32
2025-04-18 07:00:00,46.77
2025-04-18 08:00:00,56.32
2025-04-18 09:00:00,64.57
2025-04-18 10:00:00,70.98
2025-04-18 11:00:00,79.8
2025-04-18 12:00:00,84.33
2025-04-18 13:00:00,79.07
2025-04-18 14:00:00,84.23
2025-04-18 15:00:00,88.17
2025-04-18 16:00:00,78.83
2025-04-18 17:00:00,79.98
2025-04-18 18:00:00,80.55
2025-04-18 19:00:00,82.8
2025-04-18 20:00:00,86.83
2025-04-18 21:00:00,59.03
2025-04-18 22:00:00,30.33
2025-04-18 23:00:00,23.78
2025-04-19 00:00:00,21.98
2025-04-19 01:00:00,12.45
2025-04-19 02:00:00,12.18
2025-04-19 03:00:00,10.48
2025-04-19 04:00:00,11.27
2025-04-19 05:00:00,20.8
2025-04-19 06:00:00,27.32
2025-04-19 07:00:00,40.83
2025-04-19 08:00:00,51.55
2025-04-19 09:00:00,62.25
2025-04-19 10:00:00,68.82
2025-04-19 11:00:00,69.35
2025-04-19 12:00:00,71.35
2025-04-19 13:00:00,70.32
2025-04-19 14:00:00,80.17
2025-04-19 15:00:00,81.5
2025-04-19 16:00:00,65.7
2025-04-19 17:00:00,56.47
2025-04-19 18:00:00,54.2
2025-04-19 19:00:00,41.02
2025-04-19 20:00:00,40.0
2025-04-19 21:00:00,39.57
2025-04-19 22:00:00,32.77
2025-04-19 23:00:00,31.92
2025-04-20 00:00:00,38.58
2025-04-20 01:00:00,36.87
2025-04-20 02:00:00,32.18
2025-04-20 03:00:00,34.97
2025-04-20 04:00:00,37.8
2025-04-20 05:00:00,25.92
2025-04-20 06:00:00,22.35
2025-04-20 07:00:00,22.22
2025-04-20 08:00:00,35.48
2025-04-20 09:00:00,39.1
2025-04-20 10:00:00,58.53
2025-04-20 11:00:00,71.02
2025-04-20 12:00:00,80.55
2025-04-20 13:00:00,74.88
2025-04-20 14:00:00,83.3
2025-04-20 15:00:00,67.23
2025-04-20 16:00:00,70.53
2025-04-20 17:00:00,76.83
2025-04-20 18:00:00,69.13
2025-04-20 19:00:00,65.3
2025-04-20 20:00:00,67.73
2025-04-20 21:00:00,64.22
2025-04-20 22:00:00,67.57
2025-04-20 23:00:00,81.08
2025-04-21 00:00:00,71.9
2025-04-21 01:00:00,78.75
2025-04-21 02:00:00,70.85
2025-04-21 03:00:00,70.23
2025-04-21 04:00:00,75.78
2025-04-21 05:00:00,75.83
2025-04-21 06:00:00,76.62
2025-04-21 07:00:00,67.85
2025-04-21 08:00:00,74.67
2025-04-21 09:00:00,84.93
2025-04-21 10:00:00,94.93
2025-04-21 11:00:00,93.0
2025-04-21 12:00:00,135.17
2025-04-21 13:00:00,181.03
2025-04-21 14:00:00,167.58
2025-04-21 15:00:00,143.55
2025-04-21 16:00:00,105.83
2025-04-21 17:00:00,21.24
2025-04-21 18:00:00,19.22
2025-04-21 19:00:00,29.72
2025-04-21 20:00:00,8.21
2025-04-21 21:00:00,11.82
2025-04-21 22:00:00,26.87
2025-04-21 23:00:00,9.0
2025-04-22 00:00:00,21.05
2025-04-22 01:00:00,28.58
2025-04-22 02:00:00,61.2
2025-04-22 03:00:00,92.23
2025-04-22 04:00:00,93.1
2025-04-22 05:00:00,103.92
2025-04-22 06:00:00,133.28
2025-04-22 07:00:00,113.67
2025-04-22 08:00:00,83.28
2025-04-22 09:00:00,99.22
2025-04-22 10:00:00,119.2
2025-04-22 11:00:00,87.65
2025-04-22 12:00:00,63.87
2025-04-22 13:00:00,47.65
2025-04-22 14:00:00,34.43
2025-04-22 15:00:00,42.78
2025-04-22 16:00:00,30.93
2025-04-22 17:00:00,33.38
2025-04-22 18:00:00,30.42
2025-04-22 19:00:00,40.17
2025-04-22 20:00:00,33.98
2025-04-22 21:00:00,52.33
2025-04-22 22:00:00,50.42
2025-04-22 23:00:00,56.35
2025-04-23 00:00:00,74.55
2025-04-23 01:00:00,78.7
2025-04-23 02:00:00,70.52
2025-04-23 03:00:00,66.2
2025-04-23 04:00:00,94.47
2025-04-23 05:00:00,92.57
2025-04-23 09:00:00,100.83
2025-04-23 10:00:00,100.8
2025-04-23 11:00:00,70.02
2025-04-23 12:00:00,55.12
2025-04-23 13:00:00,42.92
2025-04-23 14:00:00,36.98
2025-04-23 15:00:00,40.67
2025-04-23 16:00:00,28.03
2025-04-23 17:00:00,32.33
2025-04-23 18:00:00,33.47
2025-04-23 19:00:00,40.5
2025-04-23 20:00:00,57.4
2025-04-23 21:00:00,85.28
2025-04-23 22:00:00,102.22
2025-04-23 23:00:00,100.08
2025-04-24 00:00:00,119.88
2025-04-24 01:00:00,135.28
2025-04-24 02:00:00,150.05
2025-04-24 03:00:00,186.73
2025-04-24 04:00:00,216.08
2025-04-24 05:00:00,177.47
2025-04-24 06:00:00,121.32
2025-04-24 07:00:00,95.95
2025-04-24 08:00:00,69.47
2025-04-24 09:00:00,73.88
2025-04-24 10:00:00,108.3
2025-04-24 11:00:00,127.02
2025-04-24 12:00:00,99.43
2025-04-24 13:00:00,65.9
2025-04-24 14:00:00,60.32
2025-04-24 15:00:00,72.83
2025-04-24 16:00:00,45.37
2025-04-24 17:00:00,41.82
2025-04-24 18:00:00,46.28
2025-04-24 19:00:00,29.77
2025-04-24 20:00:00,23.62
2025-04-24 21:00:00,50.83
2025-04-24 22:00:00,60.97
2025-04-24 23:00:00,77.15
2025-04-25 00:00:00,104.72
2025-04-25 01:00:00,158.95
2025-04-25 02:00:00,219.25
2025-04-25 03:00:00,154.68
2025-04-25 04:00:00,120.57
2025-04-25 05:00:00,118.23
2025-04-25 06:00:00,99.68
2025-04-25 07:00:00,99.43
2025-04-25 08:00:00,135.12
2025-04-25 09:00:00,169.78
2025-04-25 10:00:00,169.73
2025-04-25 11:00:00,149.28
2025-04-25 12:00:00,114.27
2025-04-25 13:00:00,74.23
2025-04-25 14:00:00,43.48
2025-04-25 15:00:00,68.92
2025-04-25 16:00:00,39.23
2025-04-25 17:00:00,38.77
2025-04-25 18:00:00,68.03
2025-04-25 19:00:00,109.32
2025-04-25 20:00:00,142.27
2025-04-25 21:00:00,132.38
2025-04-25 22:00:00,142.72
2025-04-25 23:00:00,142.78
2025-04-26 00:00:00,87.27
2025-04-26 01:00:00,80.08
2025-04-26 02:00:00,101.63
2025-04-26 03:00:00,108.93
2025-04-26 04:00:00,147.62
2025-04-26 05:00:00,146.38
2025-04-26 06:00:00,130.22
2025-04-26 07:00:00,149.62
2025-04-26 08:00:00,161.73
2025-04-26 09:00:00,187.5
2025-04-26 10:00:00,131.85
2025-04-26 11:00:00,106.57
2025-04-26 12:00:00,76.7
2025-04-26 13:00:00,49.03
2025-04-26 14:00:00,60.85
2025-04-26 15:00:00,120.55
2025-04-26 16:00:00,58.22
2025-04-26 17:00:00,3.66
2025-04-26 18:00:00,12.48
2025-04-26 19:00:00,40.63
2025-04-26 20:00:00,56.43
2025-04-26 21:00:00,64.28
2025-04-26 22:00:00,51.92
2025-04-26 23:00:00,41.28
2025-04-27 00:00:00,61.1
2025-04-27 01:00:00,55.63
2025-04-27 02:00:00,49.22
2025-04-27 03:00:00,56.97
2025-04-27 04:00:00,74.08
2025-04-27 05:00:00,79.32
2025-04-27 06:00:00,90.9
2025-04-27 07:00:00,108.5
2025-04-27 08:00:00,106.63
2025-04-27 09:00:00,106.05
2025-04-27 10:00:00,114.55
2025-04-27 11:00:00,124.22
2025-04-27 12:00:00,108.68
2025-04-27 13:00:00,116.58
2025-04-27 14:00:00,72.52
2025-04-27 15:00:00,68.58
2025-04-27 16:00:00,41.75
2025-04-27 17:00:00,75.12
2025-04-27 18:00:00,68.13
2025-04-27 19:00:00,75.22
2025-04-27 20:00:00,77.47
2025-04-27 21:00:00,107.65
2025-04-27 22:00:00,97.25
2025-04-27 23:00:00,122.0
2025-04-28 00:00:00,127.03
2025-04-28 01:00:00,136.13
2025-04-28 02:00:00,112.33
2025-04-28 03:00:00,105.37
2025-04-28 04:00:00,90.88
2025-04-28 05:00:00,83.02
2025-04-28 06:00:00,91.97
2025-04-28 07:00:00,173.57
2025-04-28 08:00:00,276.07
2025-04-28 09:00:00,164.43
2025-04-28 10:00:00,162.65
2025-04-28 11:00:00,143.56
2025-04-28 12:00:00,107.63
2025-04-28 13:00:00,99.55
2025-04-28 14:00:00,97.38
2025-04-28 15:00:00,107.25
2025-04-28 16:00:00,92.33
2025-04-28 17:00:00,133.82
2025-04-28 18:00:00,92.15
2025-04-28 19:00:00,60.68
2025-04-28 20:00:00,69.48
2025-04-28 21:00:00,73.85
2025-04-28 22:00:00,60.02
2025-04-28 23:00:00,64.7
2025-04-29 00:00:00,62.33
2025-04-29 01:00:00,59.28
2025-04-29 02:00:00,58.83
2025-04-29 03:00:00,74.35
2025-04-29 04:00:00,61.18
2025-04-29 05:00:00,54.97
2025-04-29 06:00:00,56.9
2025-04-29 07:00:00,53.12
2025-04-29 08:00:00,53.13
2025-04-29 09:00:00,57.72
2025-04-29 10:00:00,67.75
2025-04-29 11:00:00,70.23
2025-04-29 12:00:00,74.75
2025-04-29 13:00:00,61.5
2025-04-29 14:00:00,77.05
2025-04-29 15:00:00,76.25
2025-04-29 16:00:00,54.95
2025-04-29 17:00:00,53.57
2025-04-29 18:00:00,50.75
2025-04-29 19:00:00,54.28
2025-04-29 20:00:00,59.03
2025-04-29 21:00:00,61.2
2025-04-29 22:00:00,59.4
2025-04-29 23:00:00,71.68
2025-04-30 00:00:00,64.9
2025-04-30 01:00:00,77.72
2025-04-30 02:00:00,85.67
2025-04-30 03:00:00,74.07
2025-04-30 04:00:00,70.53
2025-04-30 05:00:00,68.8
2025-04-30 06:00:00,57.78
2025-04-30 07:00:00,58.52
2025-04-30 08:00:00,69.12
2025-04-30 09:00:00,65.23
2025-04-30 10:00:00,79.07
2025-04-30 11:00:00,89.68
2025-04-30 12:00:00,77.25
2025-04-30 13:00:00,56.67
2025-04-30 14:00:00,70.67
2025-04-30 15:00:00,89.27
2025-04-30 16:00:00,69.78
2025-04-30 17:00:00,84.78
2025-04-30 18:00:00,131.97
2025-04-30 19:00:00,109.9
2025-04-30 20:00:00,46.2
2025-04-30 21:00:00,16.25
2025-04-30 22:00:00,20.67
2025-04-30 23:00:00,24.63
2025-05-01 00:00:00,31.78
2025-05-01 01:00:00,47.05
2025-05-01 02:00:00,52.15
2025-05-01 03:00:00,63.65
2025-05-01 04:00:00,64.52
2025-05-01 05:00:00,61.37
2025-05-01 06:00:00,58.65
2025-05-01 07:00:00,64.7
2025-05-01 08:00:00,75.68
2025-05-01 09:00:00,75.4
2025-05-01 10:00:00,80.05
2025-05-01 11:00:00,77.55
2025-05-01 12:00:00,78.77
2025-05-01 13:00:00,69.62
2025-05-01 14:00:00,72.82
2025-05-01 15:00:00,72.15
2025-05-01 16:00:00,73.5
2025-05-01 17:00:00,70.23
2025-05-01 18:00:00,66.6
2025-05-01 19:00:00,64.63
2025-05-01 20:00:00,62.72
2025-05-01 21:00:00,60.9
2025-05-01 22:00:00,73.02
2025-05-01 23:00:00,67.03
2025-05-02 00:00:00,54.37
2025-05-02 01:00:00,78.32
2025-05-02 02:00:00,106.73
2025-05-02 03:00:00,67.02
2025-05-02 04:00:00,54.78
2025-05-02 05:00:00,105.32
2025-05-02 06:00:00,16.19
2025-05-02 07:00:00,17.62
2025-05-02 08:00:00,16.1
2025-05-02 09:00:00,10.6
2025-05-02 10:00:00,25.2
2025-05-02 11:00:00,28.03
2025-05-02 12:00:00,23.55
2025-05-02 13:00:00,47.32
2025-05-02 14:00:00,51.72
2025-05-02 15:00:00,44.53
2025-05-02 16:00:00,28.87
2025-05-02 17:00:00,19.47
2025-05-02 18:00:00,38.75
2025-05-02 19:00:00,36.07
2025-05-02 20:00:00,47.75
2025-05-02 21:00:00,52.88
2025-05-02 22:00:00,68.68
2025-05-02 23:00:00,81.88
2025-05-03 00:00:00,158.7
2025-05-03 01:00:00,232.07
2025-05-03 02:00:00,116.62
2025-05-03 03:00:00,82.02
2025-05-03 04:00:00,75.53
2025-05-03 05:00:00,84.67
2025-05-03 06:00:00,99.07
2025-05-03 07:00:00,113.45
2025-05-03 08:00:00,105.38
2025-05-03 09:00:00,76.05
2025-05-03 10:00:00,77.97
2025-05-03 11:00:00,60.07
2025-05-03 12:00:00,79.97
2025-05-03 13:00:00,85.48
2025-05-03 14:00:00,56.27
2025-05-03 15:00:00,69.62
2025-05-03 16:00:00,70.92
2025-05-03 17:00:00,46.07
2025-05-03 18:00:00,40.55
2025-05-03 19:00:00,101.7
2025-05-03 20:00:00,101.67
2025-05-03 21:00:00,94.9
2025-05-03 22:00:00,105.72
2025-05-03 23:00:00,124.9
2025-05-04 00:00:00,109.47
2025-05-04 01:00:00,105.5
2025-05-04 02:00:00,98.92
2025-05-04 03:00:00,127.2
2025-05-04 04:00:00,162.9
2025-05-04 05:00:00,167.9
2025-05-04 06:00:00,189.65
2025-05-04 07:00:00,182.2
2025-05-04 08:00:00,161.97
2025-05-04 09:00:00,152.37
2025-05-04 10:00:00,130.53
2025-05-04 11:00:00,108.27
2025-05-04 12:00:00,83.62
2025-05-04 13:00:00,71.73
2025-05-04 14:00:00,55.07
2025-05-04 15:00:00,57.5
2025-05-04 16:00:00,37.0
2025-05-04 17:00:00,37.82
2025-05-04 18:00:00,20.6
2025-05-04 19:00:00,31.23
2025-05-04 20:00:00,45.75
2025-05-04 21:00:00,60.32
2025-05-04 22:00:00,83.93
2025-05-04 23:00:00,65.88
2025-05-05 00:00:00,46.48
2025-05-05 01:00:00,37.38
2025-05-05 02:00:00,28.12
2025-05-05 03:00:00,24.25
2025-05-05 04:00:00,23.52
2025-05-05 05:00:00,47.97
2025-05-05 06:00:00,24.87
2025-05-05 07:00:00,31.17
2025-05-05 08:00:00,38.82
2025-05-05 09:00:00,37.53
2025-05-05 10:00:00,47.23
2025-05-05 11:00:00,42.12
2025-05-05 12:00:00,31.92
2025-05-05 13:00:00,30.75
2025-05-05 14:00:00,32.33
2025-05-05 15:00:00,44.83
2025-05-05 16:00:00,33.85
2025-05-05 17:00:00,31.28
2025-05-05 18:00:00,38.73
2025-05-05 19:00:00,38.57
2025-05-05 20:00:00,64.97
2025-05-05 21:00:00,72.7
2025-05-05 22:00:00,41.28
2025-05-05 23:00:00,51.6
2025-05-06 00:00:00,55.23
2025-05-06 01:00:00,66.02
2025-05-06 02:00:00,59.22
2025-05-06 03:00:00,75.3
2025-05-06 04:00:00,40.37
2025-05-06 05:00:00,47.65
2025-05-06 06:00:00,56.72
2025-05-06 07:00:00,83.23
2025-05-06 08:00:00,54.1
2025-05-06 09:00:00,31.5
2025-05-06 10:00:00,51.67
2025-05-06 11:00:00,60.98
2025-05-06 12:00:00,66.28
2025-05-06 13:00:00,61.52
2025-05-06 14:00:00,64.18
2025-05-06 15:00:00,51.45
2025-05-06 16:00:00,48.18
2025-05-06 17:00:00,34.02
2025-05-06 18:00:00,26.05
2025-05-06 19:00:00,26.82
2025-05-06 20:00:00,33.18
2025-05-06 21:00:00,47.15
2025-05-06 22:00:00,61.33
2025-05-06 23:00:00,64.25
2025-05-07 00:00:00,64.28
2025-05-07 01:00:00,62.52
2025-05-07 02:00:00,54.35
2025-05-07 03:00:00,44.63
2025-05-07 04:00:00,51.5
2025-05-07 05:00:00,56.7
2025-05-07 06:00:00,102.63
2025-05-07 07:00:00,62.72
2025-05-07 08:00:00,63.58
2025-05-07 09:00:00,55.45
2025-05-07 10:00:00,66.23
2025-05-07 11:00:00,69.48
2025-05-07 12:00:00,67.87
2025-05-07 13:00:00,57.07
2025-05-07 14:00:00,48.72
2025-05-07 15:00:00,44.87
2025-05-07 16:00:00,44.72
2025-05-07 17:00:00,27.73
2025-05-07 18:00:00,21.75
2025-05-07 19:00:00,35.22
2025-05-07 20:00:00,46.05
2025-05-07 21:00:00,50.6
2025-05-07 22:00:00,59.48
2025-05-07 23:00:00,78.73
2025-05-08 00:00:00,79.32
2025-05-08 01:00:00,83.45
2025-05-08 02:00:00,120.77
2025-05-08 03:00:00,147.4
2025-05-08 04:00:00,133.83
2025-05-08 05:00:00,112.85
2025-05-08 06:00:00,114.92
2025-05-08 07:00:00,132.97
2025-05-08 08:00:00,124.55
2025-05-08 09:00:00,93.05
2025-05-08 10:00:00,63.32
2025-05-08 11:00:00,63.72
2025-05-08 12:00:00,60.8
2025-05-08 13:00:00,64.03
2025-05-08 14:00:00,65.15
2025-05-08 15:00:00,48.83
2025-05-08 16:00:00,37.93
2025-05-08 17:00:00,45.5
2025-05-08 18:00:00,50.43
2025-05-08 19:00:00,46.18
2025-05-08 20:00:00,57.32
2025-05-08 21:00:00,64.58
2025-05-08 22:00:00,109.55
2025-05-08 23:00:00,110.73
2025-05-09 00:00:00,96.85
2025-05-09 01:00:00,115.18
2025-05-09 02:00:00,137.18
2025-05-09 03:00:00,114.67
2025-05-09 04:00:00,66.75
2025-05-09 05:00:00,59.4
2025-05-09 06:00:00,65.37
2025-05-09 07:00:00,122.5
2025-05-09 08:00:00,134.15
2025-05-09 09:00:00,76.72
2025-05-09 10:00:00,74.98
2025-05-09 11:00:00,59.08
2025-05-09 12:00:00,34.1
2025-05-09 13:00:00,37.55
2025-05-09 14:00:00,29.92
2025-05-09 15:00:00,36.17
2025-05-09 16:00:00,23.8
2025-05-09 17:00:00,33.8
2025-05-09 18:00:00,29.32
2025-05-09 19:00:00,33.52
2025-05-09 20:00:00,36.98
2025-05-09 21:00:00,45.23
2025-05-09 22:00:00,49.97
2025-05-09 23:00:00,67.57
2025-05-10 00:00:00,71.52
2025-05-10 01:00:00,76.38
2025-05-10 02:00:00,108.98
2025-05-10 03:00:00,122.57
2025-05-10 04:00:00,126.62
2025-05-10 05:00:00,108.15
2025-05-10 06:00:00,108.25
2025-05-10 07:00:00,163.95
2025-05-10 08:00:00,170.03
2025-05-10 09:00:00,165.03
2025-05-10 10:00:00,77.2
2025-05-10 11:00:00,51.9
2025-05-10 12:00:00,59.8
2025-05-10 13:00:00,24.8
2025-05-10 14:00:00,63.55
2025-05-10 15:00:00,75.03
2025-05-10 16:00:00,42.33
2025-05-10 17:00:00,31.42
2025-05-10 18:00:00,39.92
2025-05-10 19:00:00,62.45
2025-05-10 20:00:00,61.58
2025-05-10 21:00:00,51.73
2025-05-10 22:00:00,59.55
2025-05-10 23:00:00,77.73
2025-05-11 00:00:00,70.93
2025-05-11 01:00:00,62.2
2025-05-11 02:00:00,60.83
2025-05-11 03:00:00,58.5
2025-05-11 04:00:00,74.57
2025-05-11 05:00:00,65.4
2025-05-11 06:00:00,43.72
2025-05-11 07:00:00,42.52
2025-05-11 08:00:00,58.63
2025-05-11 09:00:00,79.47
2025-05-11 10:00:00,71.97
2025-05-11 11:00:00,65.37
2025-05-11 12:00:00,56.12
2025-05-11 13:00:00,31.75
2025-05-11 14:00:00,36.65
2025-05-11 15:00:00,44.2
2025-05-11 16:00:00,42.72
2025-05-11 17:00:00,45.7
2025-05-11 18:00:00,55.15
2025-05-11 19:00:00,54.45
2025-05-11 20:00:00,65.07
2025-05-11 21:00:00,45.42
2025-05-11 22:00:00,25.17
2025-05-11 23:00:00,14.63
2025-05-12 00:00:00,20.23
2025-05-12 01:00:00,25.55
2025-05-12 02:00:00,46.68
2025-05-12 03:00:00,46.02
2025-05-12 04:00:00,42.68
2025-05-12 05:00:00,43.1
2025-05-12 06:00:00,43.12
2025-05-12 07:00:00,39.97
2025-05-12 08:00:00,52.78
2025-05-12 09:00:00,55.37
2025-05-12 10:00:00,90.38
2025-05-12 11:00:00,68.83
2025-05-12 12:00:00,47.95
2025-05-12 13:00:00,29.1
2025-05-12 14:00:00,43.12
2025-05-12 15:00:00,72.37
2025-05-12 16:00:00,132.3
2025-05-12 17:00:00,84.39
2025-05-12 18:00:00,53.2
2025-05-12 19:00:00,9.24
2025-05-12 20:00:00,5.88
2025-05-12 21:00:00,17.77
2025-05-12 22:00:00,30.28
2025-05-12 23:00:00,33.63
2025-05-13 00:00:00,43.33
2025-05-13 01:00:00,33.32
2025-05-13 02:00:00,26.19
2025-05-13 04:00:00,0.0
2025-05-13 05:00:00,9.43
2025-05-13 06:00:00,7.12
2025-05-13 07:00:00,59.95
2025-05-13 08:00:00,97.62
2025-05-13 09:00:00,62.78
2025-05-13 10:00:00,54.73
2025-05-13 11:00:00,23.7
2025-05-13 12:00:00,5.55
2025-05-13 13:00:00,16.23
2025-05-13 14:00:00,27.03
2025-05-13 15:00:00,63.2
2025-05-13 16:00:00,56.42
2025-05-13 17:00:00,76.0
2025-05-13 18:00:00,9.02
2025-05-13 19:00:00,12.05
2025-05-13 20:00:00,0.0
2025-05-13 22:00:00,13.43
2025-05-13 23:00:00,27.83
2025-05-14 00:00:00,48.98
2025-05-14 01:00:00,58.37
2025-05-14 02:00:00,40.42
2025-05-14 03:00:00,45.78
2025-05-14 04:00:00,37.83
2025-05-14 05:00:00,28.02
2025-05-14 06:00:00,35.33
2025-05-14 07:00:00,50.03
2025-05-14 08:00:00,54.73
2025-05-14 09:00:00,61.1
2025-05-14 10:00:00,70.13
2025-05-14 11:00:00,82.73
2025-05-14 12:00:00,52.48
2025-05-14 13:00:00,6.44
2025-05-14 14:00:00,14.13
2025-05-14 15:00:00,24.02
2025-05-14 16:00:00,28.42
2025-05-14 17:00:00,51.58
2025-05-14 18:00:00,62.95
2025-05-14 19:00:00,67.08
2025-05-14 20:00:00,58.28
2025-05-14 21:00:00,37.75
2025-05-14 22:00:00,115.72
2025-05-14 23:00:00,383.73
2025-05-15 00:00:00,475.47
2025-05-15 01:00:00,512.0
2025-05-15 02:00:00,515.47
2025-05-15 03:00:00,435.27
2025-05-15 04:00:00,401.33
2025-05-15 05:00:00,360.83
2025-05-15 06:00:00,359.85
2025-05-15 07:00:00,362.37
2025-05-15 08:00:00,388.52
2025-05-15 09:00:00,317.12
2025-05-15 10:00:00,181.88
2025-05-15 11:00:00,133.95
2025-05-15 12:00:00,109.87
2025-05-15 13:00:00,108.97
2025-05-15 14:00:00,37.77
2025-05-15 15:00:00,74.33
2025-05-15 16:00:00,105.62
2025-05-15 17:00:00,79.5
2025-05-15 18:00:00,68.48
2025-05-15 19:00:00,63.38
2025-05-15 20:00:00,80.9
2025-05-15 21:00:00,99.18
2025-05-15 22:00:00,80.18
2025-05-15 23:00:00,84.4
2025-05-16 00:00:00,102.98
2025-05-16 01:00:00,109.23
2025-05-16 02:00:00,158.97
2025-05-16 03:00:00,202.97
2025-05-16 04:00:00,138.55
2025-05-16 05:00:00,114.43
2025-05-16 06:00:00,90.55
2025-05-16 07:00:00,68.75
2025-05-16 08:00:00,100.42
2025-05-16 09:00:00,127.47
2025-05-16 10:00:00,81.77
2025-05-16 11:00:00,82.28
2025-05-16 12:00:00,86.32
2025-05-16 13:00:00,70.05
2025-05-16 14:00:00,137.2
2025-05-16 15:00:00,100.8
2025-05-16 16:00:00,62.43
2025-05-16 17:00:00,66.56
2025-05-16 18:00:00,7.5
2025-05-16 19:00:00,44.72
2025-05-16 20:00:00,68.37
2025-05-16 21:00:00,63.0
2025-05-16 22:00:00,62.1
2025-05-16 23:00:00,47.27
2025-05-17 00:00:00,23.88
2025-05-17 01:00:00,19.38
2025-05-17 02:00:00,24.05
2025-05-17 03:00:00,32.9
2025-05-17 04:00:00,53.07
2025-05-17 05:00:00,62.62
2025-05-17 06:00:00,100.1
2025-05-17 07:00:00,152.95
2025-05-17 08:00:00,72.3
2025-05-17 09:00:00,34.42
2025-05-17 10:00:00,39.83
2025-05-17 11:00:00,45.93
2025-05-17 12:00:00,77.2
2025-05-17 13:00:00,81.25
2025-05-17 14:00:00,83.0
2025-05-17 15:00:00,85.2
2025-05-17 16:00:00,12.07
2025-05-17 17:00:00,13.06
2025-05-17 18:00:00,28.15
2025-05-17 19:00:00,9.7
2025-05-17 20:00:00,32.85
2025-05-17 21:00:00,58.77
2025-05-17 22:00:00,52.78
2025-05-17 23:00:00,42.45
2025-05-18 00:00:00,33.85
2025-05-18 01:00:00,9.63
2025-05-18 02:00:00,10.48
2025-05-18 03:00:00,21.47
2025-05-18 04:00:00,30.07
2025-05-18 05:00:00,56.08
2025-05-18 06:00:00,98.92
2025-05-18 07:00:00,134.38
2025-05-18 08:00:00,92.03
2025-05-18 09:00:00,69.13
2025-05-18 10:00:00,84.45
2025-05-18 11:00:00,90.92
2025-05-18 12:00:00,73.8
2025-05-18 13:00:00,86.08
2025-05-18 14:00:00,132.6
2025-05-18 15:00:00,139.47
2025-05-18 16:00:00,178.67
2025-05-18 17:00:00,81.92
2025-05-18 18:00:00,48.73
2025-05-18 19:00:00,61.53
2025-05-18 20:00:00,57.65
2025-05-18 21:00:00,78.77
2025-05-18 22:00:00,107.52
2025-05-18 23:00:00,100.77
2025-05-19 00:00:00,88.55
2025-05-19 01:00:00,87.97
2025-05-19 02:00:00,60.77
2025-05-19 03:00:00,61.17
2025-05-19 04:00:00,62.73
2025-05-19 05:00:00,56.33
2025-05-19 06:00:00,75.27
2025-05-19 07:00:00,86.23
2025-05-19 08:00:00,81.15
2025-05-19 09:00:00,75.52
2025-05-19 10:00:00,76.78
2025-05-19 11:00:00,65.55
2025-05-19 12:00:00,69.77
2025-05-19 13:00:00,72.4
2025-05-19 14:00:00,82.15
2025-05-19 15:00:00,110.2
2025-05-19 16:00:00,110.53
2025-05-19 17:00:00,96.47
2025-05-19 18:00:00,85.12
2025-05-19 19:00:00,82.25
2025-05-19 20:00:00,64.57
2025-05-19 21:00:00,68.52
2025-05-19 22:00:00,71.23
2025-05-19 23:00:00,92.43
2025-05-20 00:00:00,97.67
2025-05-20 01:00:00,98.78
2025-05-20 02:00:00,100.38
2025-05-20 03:00:00,77.97
2025-05-20 04:00:00,47.5
2025-05-20 05:00:00,46.05
2025-05-20 06:00:00,43.32
2025-05-20 07:00:00,51.98
2025-05-20 08:00:00,69.72
2025-05-20 09:00:00,67.33
2025-05-20 10:00:00,86.28
2025-05-20 11:00:00,87.57
2025-05-20 12:00:00,88.97
2025-05-20 13:00:00,101.83
2025-05-20 14:00:00,95.37
2025-05-20 15:00:00,93.88
2025-05-20 16:00:00,103.85
2025-05-20 17:00:00,120.38
2025-05-20 18:00:00,131.52
2025-05-20 19:00:00,107.58
2025-05-20 20:00:00,70.1
2025-05-20 21:00:00,55.97
2025-05-20 22:00:00,48.05
2025-05-20 23:00:00,41.38
2025-05-21 00:00:00,60.18
2025-05-21 01:00:00,84.28
2025-05-21 02:00:00,80.37
2025-05-21 03:00:00,71.12
2025-05-21 04:00:00,68.8
2025-05-21 05:00:00,51.98
2025-05-21 06:00:00,34.38
2025-05-21 07:00:00,38.27
2025-05-21 08:00:00,59.82
2025-05-21 09:00:00,84.62
2025-05-21 10:00:00,99.05
2025-05-21 11:00:00,97.32
2025-05-21 12:00:00,91.05
2025-05-21 13:00:00,67.02
2025-05-21 14:00:00,52.65
2025-05-21 15:00:00,60.2
2025-05-21 16:00:00,72.42
2025-05-21 17:00:00,93.57
2025-05-21 18:00:00,105.85
2025-05-21 19:00:00,92.72
2025-05-21 20:00:00,153.43
2025-05-21 21:00:00,40.17
2025-05-21 22:00:00,75.62
2025-05-21 23:00:00,24.21
2025-05-22 02:00:00,2.13
2025-05-22 03:00:00,8.63
2025-05-22 04:00:00,30.73
2025-05-22 05:00:00,44.63
2025-05-22 06:00:00,33.47
2025-05-22 07:00:00,28.13
2025-05-22 08:00:00,22.76
2025-05-22 10:00:00,13.87
2025-05-22 11:00:00,20.62
2025-05-22 12:00:00,37.07
2025-05-22 13:00:00,56.92
2025-05-22 14:00:00,41.18
2025-05-22 15:00:00,46.95
2025-05-22 16:00:00,44.67
2025-05-22 17:00:00,18.32
2025-05-22 18:00:00,15.35
2025-05-22 19:00:00,26.43
2025-05-22 20:00:00,28.82
2025-05-22 21:00:00,45.7
2025-05-22 22:00:00,48.2
2025-05-22 23:00:00,59.12
2025-05-23 00:00:00,55.8
2025-05-23 01:00:00,32.25
2025-05-23 02:00:00,21.48
2025-05-23 03:00:00,33.77
2025-05-23 04:00:00,28.52
2025-05-23 05:00:00,41.12
2025-05-23 06:00:00,54.13
2025-05-23 07:00:00,52.68
2025-05-23 08:00:00,39.97
2025-05-23 09:00:00,33.85
2025-05-23 10:00:00,8.37
2025-05-23 11:00:00,24.33
2025-05-23 12:00:00,37.57
2025-05-23 13:00:00,36.37
2025-05-23 14:00:00,63.4
2025-05-23 15:00:00,66.9
2025-05-23 16:00:00,60.97
2025-05-23 17:00:00,58.75
2025-05-23 18:00:00,27.0
2025-05-23 19:00:00,12.62
2025-05-23 20:00:00,26.4
2025-05-23 21:00:00,34.6
2025-05-23 22:00:00,54.2
2025-05-23 23:00:00,67.45
2025-05-24 00:00:00,69.98
2025-05-24 01:00:00,73.37
2025-05-24 02:00:00,54.85
2025-05-24 03:00:00,36.27
2025-05-24 04:00:00,32.62
2025-05-24 05:00:00,41.38
2025-05-24 06:00:00,48.55
2025-05-24 07:00:00,60.15
2025-05-24 08:00:00,72.75
2025-05-24 09:00:00,73.95
2025-05-24 10:00:00,73.62
2025-05-24 11:00:00,67.15
2025-05-24 12:00:00,81.57
2025-05-24 13:00:00,294.42
2025-05-24 14:00:00,181.38
2025-05-24 15:00:00,79.73
2025-05-24 16:00:00,64.42
2025-05-24 17:00:00,62.25
2025-05-24 18:00:00,53.97
2025-05-24 19:00:00,57.67
2025-05-24 20:00:00,50.6
2025-05-24 21:00:00,40.93
2025-05-24 22:00:00,59.18
2025-05-24 23:00:00,60.98
2025-05-25 00:00:00,49.03
2025-05-25 01:00:00,52.4
2025-05-25 02:00:00,375.64
2025-05-26 17:00:00,43.45
2025-05-26 18:00:00,31.65
2025-05-26 19:00:00,25.35
2025-05-26 20:00:00,25.98
2025-05-26 21:00:00,81.4
2025-05-26 22:00:00,56.92
2025-05-26 23:00:00,43.37
2025-05-27 00:00:00,46.75
2025-05-27 01:00:00,44.22
2025-05-27 02:00:00,37.08
2025-05-27 03:00:00,38.27
2025-05-27 04:00:00,41.92
2025-05-27 05:00:00,29.85
2025-05-27 06:00:00,41.63
2025-05-27 07:00:00,41.02
2025-05-27 08:00:00,29.25
2025-05-27 09:00:00,25.53
2025-05-27 10:00:00,41.23
2025-05-27 11:00:00,44.4
2025-05-27 12:00:00,44.23
2025-05-27 13:00:00,55.53
2025-05-27 14:00:00,45.13
2025-05-27 15:00:00,53.55
2025-05-27 16:00:00,64.07
2025-05-27 17:00:00,66.88
2025-05-27 18:00:00,57.32
2025-05-27 19:00:00,72.35
2025-05-27 20:00:00,67.2
2025-05-27 21:00:00,72.47
2025-05-27 22:00:00,49.77
2025-05-27 23:00:00,47.13
2025-05-28 00:00:00,53.68
2025-05-28 01:00:00,52.43
2025-05-28 02:00:00,44.92
2025-05-28 03:00:00,57.38
2025-05-28 04:00:00,47.7
2025-05-28 05:00:00,43.35
2025-05-28 06:00:00,44.37
2025-05-28 07:00:00,35.05
2025-05-28 08:00:00,34.1
2025-05-28 09:00:00,48.1
2025-05-28 10:00:00,43.37
2025-05-28 11:00:00,45.27
2025-05-28 12:00:00,45.82
2025-05-28 13:00:00,45.93
2025-05-28 14:00:00,53.42
2025-05-28 15:00:00,69.83
2025-05-28 16:00:00,70.5
2025-05-28 17:00:00,69.27
2025-05-28 18:00:00,77.2
2025-05-28 19:00:00,78.02
2025-05-28 20:00:00,73.97
2025-05-28 21:00:00,83.03
2025-05-28 22:00:00,82.75
2025-05-28 23:00:00,46.9
2025-05-29 00:00:00,48.62
2025-05-29 01:00:00,37.83
2025-05-29 02:00:00,43.7
2025-05-29 03:00:00,49.67
2025-05-29 04:00:00,59.47
2025-05-29 05:00:00,59.63
2025-05-29 06:00:00,55.6
2025-05-29 07:00:00,57.52
2025-05-29 08:00:00,44.1
2025-05-29 09:00:00,36.09
2025-05-29 10:00:00,34.22
2025-05-29 11:00:00,33.22
2025-05-29 12:00:00,52.58
2025-05-29 13:00:00,62.48
2025-05-29 14:00:00,70.75
2025-05-29 15:00:00,82.45
2025-05-29 16:00:00,71.12
2025-05-29 17:00:00,67.73
2025-05-29 18:00:00,26.47
2025-05-29 19:00:00,8.6
2025-05-29 20:00:00,24.25
2025-05-29 21:00:00,33.97
2025-05-29 22:00:00,29.68
2025-05-29 23:00:00,38.7
2025-05-30 00:00:00,37.12
2025-05-30 01:00:00,35.8
2025-05-30 02:00:00,59.2
2025-05-30 03:00:00,95.57
2025-05-30 04:00:00,71.88
2025-05-30 05:00:00,54.32
2025-05-30 06:00:00,55.18
2025-05-30 07:00:00,64.05
2025-05-30 08:00:00,67.57
2025-05-30 09:00:00,80.9
2025-05-30 10:00:00,63.02
2025-05-30 11:00:00,56.32
2025-05-30 12:00:00,52.88
2025-05-30 13:00:00,42.18
2025-05-30 14:00:00,34.92
2025-05-30 15:00:00,33.45
2025-05-30 16:00:00,62.22
2025-05-30 17:00:00,53.47
2025-05-30 18:00:00,45.83
2025-05-30 19:00:00,51.08
2025-05-30 20:00:00,50.15
2025-05-30 21:00:00,54.7
2025-05-30 22:00:00,56.8
2025-05-30 23:00:00,58.13
2025-05-31 00:00:00,55.93
2025-05-31 01:00:00,59.83
2025-05-31 02:00:00,61.22
2025-05-31 03:00:00,71.78
2025-05-31 04:00:00,66.67
2025-05-31 05:00:00,82.75
2025-05-31 06:00:00,83.62
2025-05-31 07:00:00,107.17
2025-05-31 08:00:00,143.02
2025-05-31 09:00:00,109.73
2025-05-31 10:00:00,93.22
2025-05-31 11:00:00,92.8
2025-05-31 12:00:00,80.23
2025-05-31 13:00:00,72.05
2025-05-31 14:00:00,75.58
2025-05-31 15:00:00,102.2
2025-05-31 16:00:00,100.07
2025-05-31 17:00:00,38.65
2025-05-31 18:00:00,31.35
2025-05-31 19:00:00,36.08
2025-05-31 20:00:00,54.07
2025-05-31 21:00:00,47.88
2025-05-31 22:00:00,57.6
2025-05-31 23:00:00,50.2
2025-06-01 00:00:00,42.8
2025-06-01 01:00:00,37.67
2025-06-01 02:00:00,38.67
2025-06-01 03:00:00,38.0
2025-06-01 04:00:00,41.87
2025-06-01 05:00:00,40.45
2025-06-01 06:00:00,34.55
2025-06-01 07:00:00,36.12
2025-06-01 08:00:00,43.93
2025-06-01 09:00:00,53.25
2025-06-01 10:00:00,56.3
2025-06-01 11:00:00,50.63
2025-06-01 12:00:00,70.1
2025-06-01 13:00:00,73.02
2025-06-01 14:00:00,80.97
2025-06-01 15:00:00,78.72
2025-06-01 16:00:00,74.45
2025-06-01 17:00:00,75.82
2025-06-01 18:00:00,13.43
2025-06-01 19:00:00,14.8
2025-06-01 20:00:00,24.48
2025-06-01 21:00:00,33.18
2025-06-01 22:00:00,35.3
2025-06-01 23:00:00,31.17
2025-06-02 00:00:00,27.13
2025-06-02 01:00:00,29.9
2025-06-02 02:00:00,35.02
2025-06-02 03:00:00,24.07
2025-06-02 04:00:00,45.02
2025-06-02 05:00:00,35.02
2025-06-02 06:00:00,27.63
2025-06-02 07:00:00,47.53
2025-06-02 08:00:00,69.32
2025-06-02 09:00:00,43.95
2025-06-02 10:00:00,46.3
2025-06-02 11:00:00,43.4
2025-06-02 12:00:00,58.35
2025-06-02 13:00:00,40.4
2025-06-02 14:00:00,47.0
2025-06-02 15:00:00,53.78
2025-06-02 16:00:00,37.67
2025-06-02 17:00:00,52.97
2025-06-02 18:00:00,65.3
2025-06-02 19:00:00,46.02
2025-06-02 20:00:00,19.3
2025-06-02 21:00:00,16.47
2025-06-02 22:00:00,12.07
2025-06-02 23:00:00,27.3
2025-06-03 00:00:00,32.67
2025-06-03 01:00:00,38.2
2025-06-03 02:00:00,36.67
2025-06-03 03:00:00,34.48
2025-06-03 04:00:00,57.45
2025-06-03 05:00:00,42.38
2025-06-03 06:00:00,19.18
2025-06-03 07:00:00,16.38
2025-06-03 08:00:00,22.1
2025-06-03 09:00:00,47.12
2025-06-03 10:00:00,60.88
2025-06-03 11:00:00,55.52
2025-06-03 12:00:00,50.33
2025-06-03 13:00:00,38.28
2025-06-03 14:00:00,39.02
2025-06-03 15:00:00,23.78
2025-06-03 16:00:00,26.88
2025-06-03 17:00:00,30.45
2025-06-03 18:00:00,34.03
2025-06-03 19:00:00,34.83
2025-06-03 20:00:00,35.45
2025-06-03 21:00:00,42.17
2025-06-03 22:00:00,48.6
2025-06-03 23:00:00,50.07
2025-06-04 00:00:00,30.67
2025-06-04 01:00:00,33.42
2025-06-04 02:00:00,38.27
2025-06-04 03:00:00,49.62
2025-06-04 04:00:00,68.82
2025-06-04 05:00:00,62.48
2025-06-04 06:00:00,76.38
2025-06-04 07:00:00,112.02
2025-06-04 08:00:00,105.98
2025-06-04 09:00:00,64.88
2025-06-04 10:00:00,60.2
2025-06-04 11:00:00,72.17
2025-06-04 12:00:00,77.17
2025-06-04 13:00:00,74.93
2025-06-04 14:00:00,60.55
2025-06-04 15:00:00,34.45
2025-06-04 16:00:00,30.2
2025-06-04 17:00:00,31.98
2025-06-04 18:00:00,23.55
2025-06-04 19:00:00,27.52
2025-06-04 20:00:00,24.88
2025-06-04 21:00:00,27.63
2025-06-04 22:00:00,29.8
2025-06-04 23:00:00,38.8
2025-06-05 00:00:00,45.7
2025-06-05 01:00:00,66.6
2025-06-05 02:00:00,63.3
2025-06-05 03:00:00,85.37
2025-06-05 04:00:00,54.92
2025-06-05 05:00:00,37.95
2025-06-05 06:00:00,38.73
2025-06-05 07:00:00,51.15
2025-06-05 08:00:00,79.1
2025-06-05 09:00:00,62.85
2025-06-05 10:00:00,68.07
2025-06-05 11:00:00,79.9
2025-06-05 12:00:00,76.93
2025-06-05 13:00:00,75.6
2025-06-05 14:00:00,58.52
2025-06-05 15:00:00,58.27
2025-06-05 16:00:00,56.48
2025-06-05 17:00:00,51.52
2025-06-05 18:00:00,46.22
2025-06-05 19:00:00,32.32
2025-06-05 20:00:00,32.3
2025-06-05 21:00:00,30.73
2025-06-05 22:00:00,26.25
2025-06-05 23:00:00,30.38
2025-06-06 00:00:00,30.05
2025-06-06 01:00:00,25.55
2025-06-06 02:00:00,35.87
2025-06-06 03:00:00,24.53
2025-06-06 04:00:00,19.28
2025-06-06 05:00:00,26.85
2025-06-06 06:00:00,26.5
2025-06-06 07:00:00,25.27
2025-06-06 08:00:00,42.22
2025-06-06 09:00:00,32.43
2025-06-06 10:00:00,49.35
2025-06-06 11:00:00,48.3
2025-06-06 12:00:00,85.52
2025-06-06 13:00:00,119.42
2025-06-06 14:00:00,89.83
2025-06-06 15:00:00,36.4
2025-06-06 16:00:00,25.45
2025-06-06 17:00:00,35.22
2025-06-06 18:00:00,39.42
2025-06-06 19:00:00,40.8
2025-06-06 20:00:00,48.28
2025-06-06 21:00:00,48.73
2025-06-06 22:00:00,47.9
2025-06-06 23:00:00,49.77
2025-06-07 00:00:00,57.85
2025-06-07 01:00:00,52.83
2025-06-07 02:00:00,57.53
2025-06-07 03:00:00,59.18
2025-06-07 04:00:00,57.8
2025-06-07 05:00:00,65.7
2025-06-07 06:00:00,68.92
2025-06-07 07:00:00,58.57
2025-06-07 08:00:00,43.48
2025-06-07 09:00:00,44.2
2025-06-07 10:00:00,46.07
2025-06-07 11:00:00,66.08
2025-06-07 12:00:00,79.9
2025-06-07 13:00:00,75.87
2025-06-07 14:00:00,77.07
2025-06-07 15:00:00,101.91
2025-06-07 16:00:00,119.68
2025-06-07 17:00:00,98.96
2025-06-07 18:00:00,81.43
2025-06-07 19:00:00,70.0
2025-06-07 20:00:00,44.87
2025-06-07 21:00:00,55.5
2025-06-07 22:00:00,59.2
2025-06-07 23:00:00,63.57
2025-06-08 00:00:00,74.54
2025-06-08 01:00:00,64.25
2025-06-08 02:00:00,59.11
2025-06-08 03:00:00,65.08
2025-06-08 04:00:00,61.06
2025-06-08 05:00:00,50.63
2025-06-08 06:00:00,42.35
2025-06-08 07:00:00,47.46
2025-06-08 08:00:00,52.38
2025-06-08 09:00:00,44.14
2025-06-08 10:00:00,65.35
2025-06-08 11:00:00,62.71
2025-06-08 12:00:00,70.0
2025-06-08 13:00:00,64.59
2025-06-08 14:00:00,72.0
2025-06-08 15:00:00,75.24
2025-06-08 16:00:00,79.61
2025-06-08 17:00:00,79.16
2025-06-08 18:00:00,77.68
2025-06-08 19:00:00,91.17
2025-06-08 20:00:00,79.33
2025-06-08 21:00:00,82.17
2025-06-08 22:00:00,81.68
2025-06-08 23:00:00,65.39
2025-06-09 00:00:00,80.12
2025-06-09 01:00:00,77.0
2025-06-09 02:00:00,79.14
2025-06-09 03:00:00,74.63
2025-06-09 04:00:00,69.14
2025-06-09 05:00:00,69.51
2025-06-09 06:00:00,130.1
2025-06-09 07:00:00,105.58
2025-06-09 08:00:00,111.12
2025-06-09 09:00:00,89.93
2025-06-09 10:00:00,33.03
2025-06-09 11:00:00,52.17
2025-06-09 12:00:00,74.17
2025-06-09 13:00:00,71.52
2025-06-09 14:00:00,75.3
2025-06-09 15:00:00,78.0
2025-06-09 16:00:00,71.9
2025-06-09 17:00:00,70.55
2025-06-09 18:00:00,63.19
2025-06-09 19:00:00,48.23
2025-06-09 20:00:00,26.14
2025-06-09 21:00:00,29.45
2025-06-09 22:00:00,45.1
2025-06-09 23:00:00,38.32
2025-06-10 00:00:00,53.94
2025-06-10 01:00:00,44.75
2025-06-10 02:00:00,51.92
2025-06-10 03:00:00,45.29
2025-06-10 04:00:00,50.47
2025-06-10 05:00:00,61.29
2025-06-10 06:00:00,47.2
2025-06-10 07:00:00,36.29
2025-06-10 08:00:00,42.41
2025-06-10 09:00:00,45.61
2025-06-10 10:00:00,53.88
2025-06-10 11:00:00,64.33
2025-06-10 12:00:00,58.54
2025-06-10 13:00:00,62.71
2025-06-10 14:00:00,68.19
2025-06-10 15:00:00,67.9
2025-06-10 16:00:00,66.3
2025-06-10 17:00:00,92.6
2025-06-10 18:00:00,73.04
2025-06-10 19:00:00,71.53
2025-06-10 20:00:00,35.0
2025-06-10 21:00:00,27.27
2025-06-10 22:00:00,28.52
2025-06-10 23:00:00,48.35
2025-06-11 00:00:00,50.38
2025-06-11 01:00:00,55.38
2025-06-11 02:00:00,63.23
2025-06-11 03:00:00,63.37
2025-06-11 04:00:00,72.95
2025-06-11 05:00:00,64.13
2025-06-11 06:00:00,46.92
2025-06-11 07:00:00,37.82
2025-06-11 08:00:00,33.38
2025-06-11 09:00:00,43.62
2025-06-11 10:00:00,52.57
2025-06-11 11:00:00,53.88
2025-06-11 12:00:00,58.75
2025-06-11 13:00:00,64.35
2025-06-11 14:00:00,82.73
2025-06-11 15:00:00,119.28
2025-06-11 16:00:00,119.7
2025-06-11 17:00:00,84.58
2025-06-11 18:00:00,88.25
2025-06-11 19:00:00,94.23
2025-06-11 20:00:00,87.93
2025-06-11 21:00:00,80.58
2025-06-11 22:00:00,72.63
2025-06-11 23:00:00,62.7
2025-06-12 00:00:00,51.15
2025-06-12 01:00:00,47.15
2025-06-12 02:00:00,48.68
2025-06-12 03:00:00,42.67
2025-06-12 04:00:00,44.88
2025-06-12 05:00:00,49.62
2025-06-12 06:00:00,49.78
2025-06-12 07:00:00,52.82
2025-06-12 08:00:00,64.78
2025-06-12 09:00:00,71.42
2025-06-12 10:00:00,89.57
2025-06-12 11:00:00,89.18
2025-06-12 12:00:00,87.97
2025-06-12 13:00:00,80.22
2025-06-12 14:00:00,79.68
2025-06-12 15:00:00,83.33
2025-06-12 16:00:00,88.27
2025-06-12 17:00:00,93.47
2025-06-12 18:00:00,78.88
2025-06-12 19:00:00,73.5
2025-06-12 20:00:00,68.57
2025-06-12 21:00:00,73.6
2025-06-12 22:00:00,66.12
2025-06-12 23:00:00,52.95
2025-06-13 00:00:00,56.92
2025-06-13 01:00:00,57.65
2025-06-13 02:00:00,50.58
2025-06-13 03:00:00,47.12
2025-06-13 04:00:00,43.93
2025-06-13 05:00:00,45.02
2025-06-13 06:00:00,50.08
2025-06-13 07:00:00,53.77
2025-06-13 08:00:00,53.7
2025-06-13 09:00:00,63.77
2025-06-13 10:00:00,71.68
2025-06-13 11:00:00,72.98
2025-06-13 12:00:00,87.35
2025-06-13 13:00:00,82.37
2025-06-13 14:00:00,49.47
2025-06-13 15:00:00,42.68
2025-06-13 16:00:00,45.55
2025-06-13 17:00:00,41.37
2025-06-13 18:00:00,41.18
2025-06-13 19:00:00,34.4
2025-06-13 20:00:00,29.88
2025-06-13 21:00:00,30.68
2025-06-13 22:00:00,28.98
2025-06-13 23:00:00,33.55
2025-06-14 00:00:00,29.44
2025-06-14 01:00:00,28.15
2025-06-14 02:00:00,25.17
2025-06-14 03:00:00,40.03
2025-06-14 04:00:00,45.23
2025-06-14 05:00:00,72.42
2025-06-14 06:00:00,95.2
2025-06-14 07:00:00,45.92
2025-06-14 08:00:00,51.83
2025-06-14 09:00:00,67.32
2025-06-14 10:00:00,73.78
2025-06-14 11:00:00,82.45
2025-06-14 12:00:00,78.52
2025-06-14 13:00:00,77.27
2025-06-14 14:00:00,72.0
2025-06-14 15:00:00,76.75
2025-06-14 16:00:00,78.28
2025-06-14 17:00:00,93.1
2025-06-14 18:00:00,85.93
2025-06-14 19:00:00,70.3
2025-06-14 20:00:00,68.17
2025-06-14 21:00:00,59.0
2025-06-14 22:00:00,49.83
2025-06-14 23:00:00,44.92
2025-06-15 00:00:00,58.18
2025-06-15 01:00:00,62.9
2025-06-15 02:00:00,60.0
2025-06-15 03:00:00,51.65
2025-06-15 04:00:00,27.69
2025-06-15 07:00:00,1.05
2025-06-15 08:00:00,24.12
2025-06-15 09:00:00,44.43
2025-06-15 10:00:00,30.2
2025-06-15 11:00:00,55.87
2025-06-15 12:00:00,48.53
2025-06-15 13:00:00,53.05
2025-06-15 14:00:00,22.95
2025-06-15 15:00:00,22.63
2025-06-15 16:00:00,27.78
2025-06-15 17:00:00,26.93
2025-06-15 18:00:00,25.7
2025-06-15 19:00:00,20.95
2025-06-15 20:00:00,21.07
2025-06-15 21:00:00,23.27
2025-06-15 22:00:00,38.82
2025-06-15 23:00:00,98.25
2025-06-16 00:00:00,90.87
2025-06-16 01:00:00,118.25
2025-06-16 02:00:00,66.47
2025-06-16 03:00:00,19.93
2025-06-16 04:00:00,26.22
2025-06-16 05:00:00,50.72
2025-06-16 06:00:00,48.02
2025-06-16 07:00:00,29.8
2025-06-16 08:00:00,44.57
2025-06-16 09:00:00,54.1
2025-06-16 10:00:00,48.7
2025-06-16 11:00:00,32.1
2025-06-16 12:00:00,45.1
2025-06-16 13:00:00,47.32
2025-06-16 14:00:00,33.4
2025-06-16 15:00:00,36.23
2025-06-16 16:00:00,30.2
2025-06-16 17:00:00,44.42
2025-06-16 18:00:00,36.55
2025-06-16 19:00:00,32.1
2025-06-16 20:00:00,41.73
2025-06-16 21:00:00,60.2
2025-06-16 22:00:00,27.58
2025-06-16 23:00:00,34.07
2025-06-17 00:00:00,33.77
2025-06-17 01:00:00,37.38
2025-06-17 02:00:00,23.98
2025-06-17 03:00:00,22.9
2025-06-17 04:00:00,23.47
2025-06-17 05:00:00,14.08
2025-06-17 06:00:00,16.68
2025-06-17 07:00:00,29.85
2025-06-17 08:00:00,34.07
2025-06-17 09:00:00,45.15
2025-06-17 10:00:00,77.4
2025-06-17 11:00:00,72.4
2025-06-17 12:00:00,88.88
2025-06-17 13:00:00,78.82
2025-06-17 14:00:00,60.27
2025-06-17 15:00:00,54.15
2025-06-17 16:00:00,12.0
2025-06-17 17:00:00,2.33
2025-06-17 18:00:00,11.4
2025-06-17 19:00:00,9.52
2025-06-17 20:00:00,4.6
2025-06-17 21:00:00,1.09
2025-06-17 22:00:00,14.9
2025-06-17 23:00:00,14.33
2025-06-18 00:00:00,23.83
2025-06-18 01:00:00,19.62
2025-06-18 02:00:00,23.0
2025-06-18 03:00:00,25.17
2025-06-18 04:00:00,32.7
2025-06-18 05:00:00,27.78
2025-06-18 06:00:00,54.13
2025-06-18 07:00:00,45.55
2025-06-18 08:00:00,41.03
2025-06-18 09:00:00,33.92
2025-06-18 10:00:00,39.25
2025-06-18 11:00:00,53.4
2025-06-18 12:00:00,86.02
2025-06-18 13:00:00,99.92
2025-06-18 14:00:00,112.93
2025-06-18 15:00:00,115.23
2025-06-18 16:00:00,97.63
2025-06-18 17:00:00,88.62
2025-06-18 18:00:00,45.2
2025-06-18 19:00:00,11.65
2025-06-18 20:00:00,1.4
2025-06-18 21:00:00,0.0
2025-06-18 22:00:00,16.58
2025-06-18 23:00:00,17.61
2025-06-19 00:00:00,5.32
2025-06-19 01:00:00,14.6
2025-06-19 02:00:00,48.65
2025-06-19 03:00:00,101.83
2025-06-19 04:00:00,40.35
2025-06-19 05:00:00,45.2
2025-06-19 06:00:00,24.27
2025-06-19 07:00:00,22.32
2025-06-19 08:00:00,30.75
2025-06-19 09:00:00,45.23
2025-06-19 10:00:00,53.05
2025-06-19 11:00:00,22.38
2025-06-19 12:00:00,28.18
2025-06-19 13:00:00,26.72
2025-06-19 14:00:00,25.17
2025-06-19 15:00:00,29.98
2025-06-19 16:00:00,34.67
2025-06-19 17:00:00,30.08
2025-06-19 18:00:00,30.37
2025-06-19 19:00:00,33.47
2025-06-19 20:00:00,19.72
2025-06-19 21:00:00,23.92
2025-06-19 22:00:00,24.32
2025-06-19 23:00:00,31.62
2025-06-20 00:00:00,27.25
2025-06-20 01:00:00,17.22
2025-06-20 02:00:00,9.88
2025-06-20 03:00:00,4.21
2025-06-20 04:00:00,14.33
2025-06-20 05:00:00,8.2
2025-06-20 06:00:00,10.95
2025-06-20 07:00:00,8.72
2025-06-20 08:00:00,21.35
2025-06-20 09:00:00,39.9
2025-06-20 10:00:00,45.48
2025-06-20 11:00:00,45.4
2025-06-20 12:00:00,37.08
2025-06-20 13:00:00,37.77
2025-06-20 14:00:00,42.87
2025-06-20 15:00:00,24.37
2025-06-20 16:00:00,32.85
2025-06-20 17:00:00,32.33
2025-06-20 18:00:00,19.35
2025-06-20 19:00:00,22.57
2025-06-20 20:00:00,25.0
2025-06-20 21:00:00,18.45
2025-06-20 22:00:00,24.7
2025-06-20 23:00:00,28.08
2025-06-21 00:00:00,30.13
2025-06-21 01:00:00,31.42
2025-06-21 02:00:00,34.85
2025-06-21 03:00:00,34.03
2025-06-21 04:00:00,39.53
2025-06-21 05:00:00,37.45
2025-06-21 06:00:00,30.18
2025-06-21 07:00:00,28.5
2025-06-21 08:00:00,22.35
2025-06-21 09:00:00,24.08
2025-06-21 10:00:00,34.5
2025-06-21 11:00:00,43.13
2025-06-21 12:00:00,63.23
2025-06-21 13:00:00,56.03
2025-06-21 14:00:00,55.45
2025-06-21 15:00:00,61.32
2025-06-21 16:00:00,45.28
2025-06-21 17:00:00,18.73
2025-06-21 18:00:00,14.34
2025-06-21 19:00:00,11.28
2025-06-21 20:00:00,24.7
2025-06-21 21:00:00,18.08
2025-06-21 22:00:00,23.47
2025-06-21 23:00:00,27.35
2025-06-22 00:00:00,25.63
2025-06-22 01:00:00,33.53
2025-06-22 02:00:00,24.17
2025-06-22 03:00:00,22.76
2025-06-22 10:00:00,23.03
2025-06-22 11:00:00,25.3
2025-06-22 12:00:00,31.68
2025-06-22 13:00:00,41.2
2025-06-22 14:00:00,71.45
2025-06-22 15:00:00,69.97
2025-06-22 16:00:00,60.7
2025-06-22 17:00:00,40.95
2025-06-22 18:00:00,39.83
2025-06-22 19:00:00,33.58
2025-06-22 20:00:00,24.13
2025-06-22 21:00:00,36.37
2025-06-22 22:00:00,37.52
2025-06-22 23:00:00,24.37
2025-06-23 00:00:00,26.77
2025-06-23 01:00:00,38.78
2025-06-23 02:00:00,38.28
2025-06-23 03:00:00,31.72
2025-06-23 04:00:00,26.15
2025-06-23 05:00:00,33.15
2025-06-23 06:00:00,39.2
2025-06-23 07:00:00,40.83
2025-06-23 08:00:00,50.95
2025-06-23 09:00:00,45.82
2025-06-23 10:00:00,54.77
2025-06-23 11:00:00,80.03
2025-06-23 12:00:00,99.85
2025-06-23 13:00:00,73.75
2025-06-23 14:00:00,71.1
2025-06-23 15:00:00,70.88
2025-06-23 16:00:00,51.4
2025-06-23 17:00:00,52.95
2025-06-23 18:00:00,40.32
2025-06-23 19:00:00,24.9
2025-06-23 20:00:00,14.68
2025-06-23 21:00:00,21.93
2025-06-23 22:00:00,15.92
2025-06-23 23:00:00,19.5
2025-06-24 00:00:00,26.72
2025-06-24 01:00:00,34.07
2025-06-24 02:00:00,21.7
2025-06-24 03:00:00,23.4
2025-06-24 04:00:00,21.85
2025-06-24 05:00:00,25.07
2025-06-24 06:00:00,30.18
2025-06-24 07:00:00,26.88
2025-06-24 08:00:00,39.17
2025-06-24 09:00:00,36.0
2025-06-24 10:00:00,32.72
2025-06-24 11:00:00,39.02
2025-06-24 12:00:00,40.12
2025-06-24 13:00:00,51.4
2025-06-24 14:00:00,57.53
2025-06-24 15:00:00,59.92
2025-06-24 16:00:00,50.25
2025-06-24 17:00:00,44.68
2025-06-24 18:00:00,35.22
2025-06-24 19:00:00,37.7
2025-06-24 20:00:00,35.3
2025-06-24 21:00:00,51.53
2025-06-24 22:00:00,50.28
2025-06-24 23:00:00,44.03
2025-06-25 00:00:00,72.33
2025-06-25 01:00:00,49.88
2025-06-25 02:00:00,54.55
2025-06-25 03:00:00,55.4
2025-06-25 04:00:00,49.72
2025-06-25 05:00:00,52.33
2025-06-25 06:00:00,54.65
2025-06-25 07:00:00,77.7
2025-06-25 08:00:00,70.72
2025-06-25 09:00:00,61.43
2025-06-25 10:00:00,61.67
2025-06-25 11:00:00,106.57
2025-06-25 12:00:00,82.67
2025-06-25 13:00:00,88.33
2025-06-25 14:00:00,110.4
2025-06-25 15:00:00,88.95
2025-06-25 16:00:00,98.98
2025-06-25 17:00:00,100.57
2025-06-25 18:00:00,82.62
2025-06-25 19:00:00,62.0
2025-06-25 20:00:00,45.48
2025-06-25 21:00:00,35.32
2025-06-25 22:00:00,18.77
2025-06-25 23:00:00,38.1
2025-06-26 00:00:00,40.68
2025-06-26 01:00:00,39.03
2025-06-26 02:00:00,31.15
2025-06-26 03:00:00,29.4
2025-06-26 04:00:00,19.78
2025-06-26 05:00:00,33.4
2025-06-26 06:00:00,33.93
2025-06-26 07:00:00,26.88
2025-06-26 08:00:00,30.85
2025-06-26 09:00:00,30.88
2025-06-26 10:00:00,37.62
2025-06-26 11:00:00,52.28
2025-06-26 12:00:00,36.85
2025-06-26 13:00:00,24.37
2025-06-26 14:00:00,18.98
2025-06-26 15:00:00,24.8
2025-06-26 16:00:00,30.73
2025-06-26 17:00:00,46.93
2025-06-26 18:00:00,44.5
2025-06-26 19:00:00,36.55
2025-06-26 20:00:00,24.48
2025-06-26 21:00:00,8.22
2025-06-26 22:00:00,9.08
2025-06-26 23:00:00,7.98
2025-06-27 00:00:00,15.98
2025-06-27 01:00:00,26.38
2025-06-27 02:00:00,32.63
2025-06-27 03:00:00,27.1
2025-06-27 04:00:00,15.62
2025-06-27 05:00:00,8.92
2025-06-27 06:00:00,5.04
2025-06-27 07:00:00,7.15
2025-06-27 08:00:00,17.68
2025-06-27 09:00:00,11.8
2025-06-27 10:00:00,47.4
2025-06-27 11:00:00,40.68
2025-06-27 12:00:00,39.23
2025-06-27 13:00:00,26.92
2025-06-27 14:00:00,15.21
2025-06-27 15:00:00,12.68
2025-06-27 16:00:00,16.02
2025-06-27 17:00:00,31.4
2025-06-27 18:00:00,27.23
2025-06-27 19:00:00,46.72
2025-06-27 20:00:00,33.37
2025-06-27 21:00:00,29.67
2025-06-27 22:00:00,19.9
2025-06-27 23:00:00,4.9
2025-06-28 00:00:00,7.7
2025-06-28 01:00:00,9.5
2025-06-28 02:00:00,4.13
2025-06-28 07:00:00,26.0
2025-06-28 08:00:00,40.98
2025-06-28 09:00:00,53.53
2025-06-28 10:00:00,56.72
2025-06-28 11:00:00,75.53
2025-06-28 12:00:00,60.35
2025-06-28 13:00:00,46.57
2025-06-28 14:00:00,38.75
2025-06-28 15:00:00,35.52
2025-06-28 16:00:00,15.15
2025-06-28 17:00:00,2.05
2025-06-28 18:00:00,11.37
2025-06-28 19:00:00,22.1
2025-06-28 20:00:00,26.35
2025-06-28 21:00:00,21.55
2025-06-28 22:00:00,13.6
2025-06-28 23:00:00,15.9
2025-06-29 00:00:00,5.74
2025-06-29 01:00:00,23.72
2025-06-29 02:00:00,18.35
2025-06-29 03:00:00,27.08
2025-06-29 04:00:00,33.03
2025-06-29 05:00:00,12.32
2025-06-29 06:00:00,10.8
2025-06-29 07:00:00,30.15
2025-06-29 08:00:00,25.87
2025-06-29 09:00:00,38.32
2025-06-29 10:00:00,73.83
2025-06-29 11:00:00,84.15
2025-06-29 12:00:00,52.75
2025-06-29 13:00:00,54.83
2025-06-29 14:00:00,28.85
2025-06-29 15:00:00,37.38
2025-06-29 16:00:00,31.25
2025-06-29 17:00:00,28.97
2025-06-29 18:00:00,29.45
2025-06-29 19:00:00,27.65
2025-06-29 20:00:00,15.78
2025-06-29 21:00:00,9.07
2025-06-29 22:00:00,22.03
2025-06-29 23:00:00,24.25
2025-06-30 00:00:00,9.84
2025-06-30 01:00:00,14.17
2025-06-30 02:00:00,10.12
2025-06-30 03:00:00,20.45
2025-06-30 04:00:00,10.63
2025-06-30 05:00:00,5.6
2025-06-30 06:00:00,7.73
2025-06-30 07:00:00,10.53
2025-06-30 08:00:00,0.35
2025-06-30 09:00:00,16.8
2025-06-30 10:00:00,33.05
2025-06-30 11:00:00,40.85
2025-06-30 12:00:00,54.42
2025-06-30 13:00:00,55.47
2025-06-30 14:00:00,47.28
2025-06-30 15:00:00,56.8
2025-06-30 16:00:00,49.48
2025-06-30 17:00:00,49.42
2025-06-30 18:00:00,56.48
2025-06-30 19:00:00,54.05
2025-06-30 20:00:00,44.1
2025-06-30 21:00:00,35.22
2025-06-30 22:00:00,39.22
2025-06-30 23:00:00,9.85
2025-07-01 00:00:00,20.92
2025-07-01 01:00:00,35.07
2025-07-01 02:00:00,81.03
2025-07-01 03:00:00,72.67
2025-07-01 04:00:00,22.65
2025-07-01 05:00:00,28.83
2025-07-01 06:00:00,22.83
2025-07-01 07:00:00,19.68
2025-07-01 08:00:00,25.15
2025-07-01 09:00:00,23.05
2025-07-01 10:00:00,10.87
2025-07-01 11:00:00,43.07
2025-07-01 12:00:00,78.68
2025-07-01 13:00:00,40.02
2025-07-01 14:00:00,31.25
2025-07-01 15:00:00,27.88
2025-07-01 16:00:00,24.2
2025-07-01 17:00:00,31.88
2025-07-01 18:00:00,34.3
2025-07-01 19:00:00,45.37
2025-07-01 20:00:00,43.95
2025-07-01 21:00:00,25.7
2025-07-01 22:00:00,25.55
2025-07-01 23:00:00,27.98
2025-07-02 00:00:00,9.8
2025-07-02 01:00:00,7.5
2025-07-02 02:00:00,11.93
2025-07-02 03:00:00,27.22
2025-07-02 04:00:00,53.72
2025-07-02 05:00:00,76.25
2025-07-02 06:00:00,92.17
2025-07-02 07:00:00,59.02
2025-07-02 08:00:00,26.93
2025-07-02 09:00:00,16.72
2025-07-02 10:00:00,31.62
2025-07-02 11:00:00,26.27
2025-07-02 12:00:00,38.7
2025-07-02 13:00:00,38.43
2025-07-02 14:00:00,33.52
2025-07-02 15:00:00,19.35
2025-07-02 16:00:00,19.72
2025-07-02 17:00:00,28.32
2025-07-02 18:00:00,25.87
2025-07-02 19:00:00,25.43
2025-07-02 20:00:00,23.3
2025-07-02 21:00:00,28.93
2025-07-02 22:00:00,27.72
2025-07-02 23:00:00,15.45
2025-07-03 00:00:00,22.2
2025-07-03 01:00:00,21.42
2025-07-03 02:00:00,21.33
2025-07-03 03:00:00,21.18
2025-07-03 04:00:00,18.18
2025-07-03 05:00:00,18.22
2025-07-03 06:00:00,12.73
2025-07-03 07:00:00,5.54
2025-07-03 08:00:00,13.52
2025-07-03 09:00:00,26.32
2025-07-03 10:00:00,40.43
2025-07-03 11:00:00,54.17
2025-07-03 12:00:00,38.8
2025-07-03 13:00:00,37.92
2025-07-03 14:00:00,31.2
2025-07-03 15:00:00,28.12
2025-07-03 16:00:00,33.08
2025-07-03 17:00:00,18.23
2025-07-03 18:00:00,27.83
2025-07-03 19:00:00,31.72
2025-07-03 20:00:00,25.32
2025-07-03 21:00:00,32.18
2025-07-03 22:00:00,37.42
2025-07-03 23:00:00,30.83
2025-07-04 00:00:00,24.65
2025-07-04 01:00:00,23.62
2025-07-04 02:00:00,35.7
2025-07-04 03:00:00,22.48
2025-07-04 04:00:00,22.05
2025-07-04 05:00:00,20.75
2025-07-04 06:00:00,17.03
2025-07-04 07:00:00,9.68
2025-07-04 08:00:00,7.87
2025-07-04 09:00:00,38.32
2025-07-04 10:00:00,31.04
2025-07-04 11:00:00,40.57
2025-07-04 12:00:00,50.33
2025-07-04 13:00:00,56.55
2025-07-04 14:00:00,66.18
2025-07-04 15:00:00,23.42
2025-07-04 16:00:00,32.8
2025-07-04 17:00:00,30.35
2025-07-04 18:00:00,26.68
2025-07-04 19:00:00,14.63
2025-07-04 20:00:00,16.45
2025-07-04 21:00:00,36.27
2025-07-04 22:00:00,39.63
2025-07-04 23:00:00,35.77
2025-07-05 00:00:00,34.37
2025-07-05 01:00:00,24.78
2025-07-05 02:00:00,19.12
2025-07-05 03:00:00,25.13
2025-07-05 04:00:00,30.95
2025-07-05 05:00:00,37.6
2025-07-05 06:00:00,40.38
2025-07-05 07:00:00,17.55
2025-07-05 08:00:00,12.85
2025-07-05 09:00:00,8.83
2025-07-05 10:00:00,16.38
2025-07-05 11:00:00,43.12
2025-07-05 12:00:00,54.03
2025-07-05 13:00:00,49.72
2025-07-05 14:00:00,45.18
2025-07-05 15:00:00,46.4
2025-07-05 16:00:00,49.4
2025-07-05 17:00:00,38.8
2025-07-05 18:00:00,24.28
2025-07-05 19:00:00,36.3
2025-07-05 20:00:00,25.23
2025-07-05 21:00:00,30.53
2025-07-05 22:00:00,28.15
2025-07-05 23:00:00,36.75
2025-07-06 00:00:00,38.07
2025-07-06 01:00:00,28.15
2025-07-06 02:00:00,22.6
2025-07-06 03:00:00,28.77
2025-07-06 04:00:00,19.05
2025-07-06 05:00:00,27.12
2025-07-06 06:00:00,25.18
2025-07-06 07:00:00,26.45
2025-07-06 08:00:00,14.95
2025-07-06 09:00:00,5.5
2025-07-06 10:00:00,13.48
2025-07-06 11:00:00,15.32
2025-07-06 12:00:00,24.17
2025-07-06 13:00:00,38.4
2025-07-06 14:00:00,48.52
2025-07-06 15:00:00,38.87
2025-07-06 16:00:00,40.75
2025-07-06 17:00:00,60.88
2025-07-06 18:00:00,61.52
2025-07-06 19:00:00,54.47
2025-07-06 20:00:00,43.08
2025-07-06 21:00:00,48.48
2025-07-06 22:00:00,81.12
2025-07-06 23:00:00,102.08
2025-07-07 00:00:00,71.8
2025-07-07 01:00:00,32.92
2025-07-07 05:00:00,5.16
2025-07-07 06:00:00,8.98
2025-07-07 07:00:00,5.74
2025-07-07 08:00:00,14.5
2025-07-07 09:00:00,9.48
2025-07-07 10:00:00,12.49
2025-07-07 11:00:00,11.94
2025-07-07 12:00:00,23.65
2025-07-07 13:00:00,44.15
2025-07-07 14:00:00,42.53
2025-07-07 15:00:00,44.28
2025-07-07 16:00:00,32.38
2025-07-07 17:00:00,51.78
2025-07-07 18:00:00,21.58
2025-07-07 19:00:00,7.77
2025-07-07 20:00:00,2.33
2025-07-07 21:00:00,4.64
2025-07-07 22:00:00,24.75
2025-07-07 23:00:00,28.17
2025-07-08 00:00:00,37.82
2025-07-08 01:00:00,27.98
2025-07-08 02:00:00,38.02
2025-07-08 03:00:00,21.47
2025-07-08 04:00:00,18.4
2025-07-08 05:00:00,13.15
2025-07-08 06:00:00,21.57
2025-07-08 07:00:00,35.43
2025-07-08 08:00:00,45.68
2025-07-08 09:00:00,32.0
2025-07-08 10:00:00,49.62
2025-07-08 11:00:00,43.73
2025-07-08 12:00:00,24.63
2025-07-08 13:00:00,25.03
2025-07-08 14:00:00,28.22
2025-07-08 15:00:00,30.52
2025-07-08 16:00:00,27.22
2025-07-08 17:00:00,44.8
2025-07-08 18:00:00,28.13
2025-07-08 19:00:00,44.37
2025-07-08 20:00:00,33.93
2025-07-08 21:00:00,32.68
2025-07-08 22:00:00,33.9
2025-07-08 23:00:00,35.4
2025-07-09 00:00:00,21.67
2025-07-09 01:00:00,1.25
2025-07-09 02:00:00,1.88
2025-07-09 03:00:00,6.82
2025-07-09 04:00:00,6.83
2025-07-09 05:00:00,0.45
2025-07-09 06:00:00,8.67
2025-07-09 07:00:00,14.11
2025-07-09 08:00:00,14.0
2025-07-09 09:00:00,26.2
2025-07-09 10:00:00,25.0
2025-07-09 11:00:00,37.5
2025-07-09 12:00:00,41.92
2025-07-09 13:00:00,35.15
2025-07-09 14:00:00,21.42
2025-07-09 15:00:00,29.28
2025-07-09 16:00:00,33.4
2025-07-09 17:00:00,23.15
2025-07-09 18:00:00,34.02
2025-07-09 19:00:00,67.47
2025-07-09 20:00:00,3.76
2025-07-10 00:00:00,3.17
2025-07-10 01:00:00,18.78
2025-07-10 02:00:00,14.9
2025-07-10 03:00:00,11.27
2025-07-10 04:00:00,10.53
2025-07-10 05:00:00,9.0
2025-07-10 07:00:00,4.09
2025-07-10 08:00:00,6.89
2025-07-10 09:00:00,16.4
2025-07-10 10:00:00,46.72
2025-07-10 11:00:00,23.77
2025-07-10 12:00:00,41.57
2025-07-10 13:00:00,36.15
2025-07-10 14:00:00,2.78
2025-07-10 15:00:00,4.0
2025-07-10 16:00:00,20.92
2025-07-10 17:00:00,18.27
2025-07-10 18:00:00,33.17
2025-07-10 19:00:00,36.38
2025-07-10 20:00:00,29.2
2025-07-10 21:00:00,31.92
2025-07-10 22:00:00,33.27
2025-07-10 23:00:00,14.3
2025-07-11 00:00:00,18.77
2025-07-11 01:00:00,37.08
2025-07-11 02:00:00,36.47
2025-07-11 03:00:00,42.75
2025-07-11 04:00:00,42.13
2025-07-11 05:00:00,43.78
2025-07-11 06:00:00,38.0
2025-07-11 07:00:00,28.62
2025-07-11 08:00:00,20.88
2025-07-11 09:00:00,25.12
2025-07-11 10:00:00,34.32
2025-07-11 11:00:00,37.92
2025-07-11 12:00:00,48.72
2025-07-11 13:00:00,18.22
2025-07-11 14:00:00,40.07
2025-07-11 15:00:00,27.75
2025-07-11 16:00:00,25.45
2025-07-11 17:00:00,43.15
2025-07-11 18:00:00,53.32
2025-07-11 19:00:00,65.48
2025-07-11 20:00:00,46.55
2025-07-11 21:00:00,42.55
2025-07-11 22:00:00,56.57
2025-07-11 23:00:00,43.13
2025-07-12 00:00:00,41.82
2025-07-12 01:00:00,40.13
2025-07-12 02:00:00,23.98
2025-07-12 03:00:00,17.72
2025-07-12 04:00:00,20.75
2025-07-12 05:00:00,11.92
2025-07-12 06:00:00,18.47
2025-07-12 07:00:00,19.68
2025-07-12 08:00:00,21.23
2025-07-12 09:00:00,12.12
2025-07-12 10:00:00,30.2
2025-07-12 11:00:00,42.68
2025-07-12 12:00:00,61.73
2025-07-12 13:00:00,71.93
2025-07-12 14:00:00,78.02
2025-07-12 15:00:00,70.45
2025-07-12 16:00:00,13.94
2025-07-12 17:00:00,2.04
2025-07-12 18:00:00,8.5
2025-07-12 19:00:00,9.48
2025-07-12 20:00:00,21.12
2025-07-12 21:00:00,22.42
2025-07-12 22:00:00,28.02
2025-07-12 23:00:00,31.7
2025-07-13 00:00:00,26.75
2025-07-13 01:00:00,15.9
2025-07-13 02:00:00,13.35
2025-07-13 03:00:00,16.83
2025-07-13 04:00:00,25.08
2025-07-13 05:00:00,44.87
2025-07-13 06:00:00,37.27
2025-07-13 07:00:00,20.17
2025-07-13 08:00:00,28.97
2025-07-13 09:00:00,7.23
2025-07-13 10:00:00,23.77
2025-07-13 11:00:00,21.58
2025-07-13 12:00:00,32.85
2025-07-13 13:00:00,64.73
2025-07-13 14:00:00,70.85
2025-07-13 15:00:00,55.82
2025-07-13 16:00:00,41.62
2025-07-13 17:00:00,29.9
2025-07-13 18:00:00,14.58
2025-07-13 19:00:00,17.6
2025-07-13 20:00:00,0.0
2025-07-13 21:00:00,10.89
2025-07-13 22:00:00,29.08
2025-07-13 23:00:00,37.17
2025-07-14 00:00:00,24.82
2025-07-14 01:00:00,20.97
2025-07-14 02:00:00,21.48
2025-07-14 03:00:00,21.81
2025-07-14 04:00:00,3.48
2025-07-14 05:00:00,40.47
2025-07-14 06:00:00,46.13
2025-07-14 07:00:00,34.08
2025-07-14 08:00:00,43.92
2025-07-14 09:00:00,31.67
2025-07-14 10:00:00,18.08
2025-07-14 11:00:00,10.68
2025-07-14 12:00:00,10.86
2025-07-14 13:00:00,16.98
2025-07-14 14:00:00,24.38
2025-07-14 15:00:00,34.55
2025-07-14 16:00:00,35.32
2025-07-14 17:00:00,28.6
2025-07-14 18:00:00,30.28
2025-07-14 19:00:00,12.32
2025-07-14 22:00:00,7.21
2025-07-14 23:00:00,22.88
2025-07-15 00:00:00,24.9
2025-07-15 01:00:00,19.5
2025-07-15 02:00:00,22.08
2025-07-15 03:00:00,6.69
2025-07-15 04:00:00,1.25
2025-07-15 05:00:00,6.25
2025-07-15 06:00:00,8.18
2025-07-15 07:00:00,28.63
2025-07-15 08:00:00,36.2
2025-07-15 09:00:00,40.72
2025-07-15 10:00:00,35.43
2025-07-15 11:00:00,24.92
2025-07-15 12:00:00,19.43
2025-07-15 13:00:00,22.0
2025-07-15 14:00:00,16.73
2025-07-15 15:00:00,27.93
2025-07-15 16:00:00,32.0
2025-07-15 17:00:00,32.75
2025-07-15 18:00:00,26.65
2025-07-15 19:00:00,22.32
2025-07-15 20:00:00,5.2
2025-07-15 21:00:00,6.63
2025-07-15 22:00:00,7.07
2025-07-15 23:00:00,13.4
2025-07-16 00:00:00,22.88
2025-07-16 01:00:00,31.83
2025-07-16 02:00:00,28.25
2025-07-16 03:00:00,33.5
2025-07-16 04:00:00,20.62
2025-07-16 05:00:00,5.59
2025-07-16 06:00:00,3.41
2025-07-16 07:00:00,11.13
2025-07-16 08:00:00,30.4
2025-07-16 09:00:00,47.1
2025-07-16 10:00:00,36.65
2025-07-16 11:00:00,35.67
2025-07-16 12:00:00,51.15
2025-07-16 13:00:00,38.95
2025-07-16 14:00:00,15.42
2025-07-16 15:00:00,9.16
2025-07-16 16:00:00,26.8
2025-07-16 17:00:00,43.25
2025-07-16 18:00:00,35.88
2025-07-16 19:00:00,31.42
2025-07-16 20:00:00,28.53
2025-07-16 21:00:00,22.98
2025-07-16 22:00:00,9.82
2025-07-16 23:00:00,5.11
2025-07-17 00:00:00,4.98
2025-07-17 01:00:00,23.8
2025-07-17 02:00:00,32.73
2025-07-17 03:00:00,32.78
2025-07-17 04:00:00,19.45
2025-07-17 05:00:00,12.03
2025-07-17 06:00:00,0.44
2025-07-17 08:00:00,5.29
2025-07-17 09:00:00,20.37
2025-07-17 10:00:00,33.3
2025-07-17 11:00:00,38.12
2025-07-17 12:00:00,37.62
2025-07-17 13:00:00,42.95
2025-07-17 14:00:00,34.97
2025-07-17 15:00:00,25.08
2025-07-17 16:00:00,30.27
2025-07-17 17:00:00,31.57
2025-07-17 18:00:00,36.7
2025-07-17 19:00:00,35.65
2025-07-17 20:00:00,29.08
2025-07-17 21:00:00,30.6
2025-07-17 22:00:00,27.66
2025-07-18 01:00:00,0.0
2025-07-18 02:00:00,12.4
2025-07-18 03:00:00,19.82
2025-07-18 04:00:00,20.42
2025-07-18 05:00:00,25.43
2025-07-18 06:00:00,21.28
2025-07-18 07:00:00,11.12
2025-07-18 08:00:00,18.8
2025-07-18 09:00:00,25.62
2025-07-18 10:00:00,34.73
2025-07-18 11:00:00,47.13
2025-07-18 12:00:00,47.75
2025-07-18 13:00:00,50.28
2025-07-18 14:00:00,46.38
2025-07-18 15:00:00,40.7
2025-07-18 16:00:00,28.77
2025-07-18 17:00:00,10.62
2025-07-18 18:00:00,2.1
2025-07-18 19:00:00,17.45
2025-07-18 20:00:00,24.85
2025-07-18 21:00:00,30.82
2025-07-18 22:00:00,29.18
2025-07-18 23:00:00,27.0
2025-07-19 00:00:00,7.86
2025-07-19 01:00:00,4.78
2025-07-19 02:00:00,6.92
2025-07-19 03:00:00,11.13
2025-07-19 04:00:00,24.48
2025-07-19 05:00:00,25.2
2025-07-19 06:00:00,17.3
2025-07-19 07:00:00,13.67
2025-07-19 08:00:00,11.3
2025-07-19 09:00:00,3.6
2025-07-19 10:00:00,10.75
2025-07-19 11:00:00,7.65
2025-07-19 12:00:00,27.7
2025-07-19 13:00:00,32.42
2025-07-19 14:00:00,31.05
2025-07-19 15:00:00,27.72
2025-07-19 16:00:00,54.37
2025-07-19 17:00:00,38.1
2025-07-19 18:00:00,10.67
2025-07-19 19:00:00,16.98
2025-07-19 20:00:00,12.32
2025-07-19 21:00:00,18.95
2025-07-19 22:00:00,18.72
2025-07-19 23:00:00,15.78
2025-07-20 00:00:00,20.3
2025-07-20 01:00:00,30.47
2025-07-20 02:00:00,87.7
2025-07-20 03:00:00,94.13
2025-07-20 04:00:00,87.53
2025-07-20 05:00:00,73.03
2025-07-20 06:00:00,61.45
2025-07-20 07:00:00,53.2
2025-07-20 08:00:00,48.0
2025-07-20 09:00:00,44.73
2025-07-20 10:00:00,50.3
2025-07-20 11:00:00,70.32
2025-07-20 12:00:00,54.53
2025-07-20 13:00:00,62.98
2025-07-20 14:00:00,63.83
2025-07-20 15:00:00,62.13
2025-07-20 16:00:00,59.77
2025-07-20 17:00:00,65.27
2025-07-20 18:00:00,52.42
2025-07-20 19:00:00,46.88
2025-07-20 20:00:00,46.4
2025-07-20 21:00:00,43.33
2025-07-20 22:00:00,45.65
2025-07-20 23:00:00,41.7
2025-07-21 00:00:00,39.17
2025-07-21 01:00:00,31.28
2025-07-21 02:00:00,35.08
2025-07-21 03:00:00,25.38
2025-07-21 04:00:00,23.37
2025-07-21 05:00:00,30.5
2025-07-21 06:00:00,20.77
2025-07-21 07:00:00,23.68
2025-07-21 08:00:00,26.28
2025-07-21 09:00:00,28.7
2025-07-21 10:00:00,38.78
2025-07-21 11:00:00,51.15
2025-07-21 16:00:00,26.0
2025-07-21 21:00:00,13.33
2025-07-21 22:00:00,15.25
2025-07-21 23:00:00,53.25
2025-07-22 00:00:00,86.5
2025-07-22 01:00:00,93.25
2025-07-22 02:00:00,30.0
2025-07-22 03:00:00,14.5
2025-07-22 04:00:00,24.5
2025-07-22 05:00:00,22.75
2025-07-22 06:00:00,55.5
2025-07-22 07:00:00,46.75
2025-07-22 08:00:00,48.25
2025-07-22 09:00:00,22.5
2025-07-22 10:00:00,40.33
2025-07-22 11:00:00,3.67
2025-07-22 12:00:00,11.5
2025-07-22 13:00:00,3.0
2025-07-22 14:00:00,19.25
2025-07-22 15:00:00,18.0
2025-07-22 16:00:00,34.25
2025-07-22 17:00:00,55.75
2025-07-22 18:00:00,59.5
2025-07-22 19:00:00,41.75
2025-07-22 20:00:00,31.0
2025-07-22 21:00:00,6.0
2025-07-22 22:00:00,12.25
2025-07-22 23:00:00,23.5
2025-07-23 00:00:00,15.75
2025-07-23 01:00:00,13.25
2025-07-23 02:00:00,8.5
2025-07-23 03:00:00,3.5
2025-07-23 05:00:00,1.0
2025-07-23 06:00:00,5.5
2025-07-23 07:00:00,35.0
2025-07-23 08:00:00,46.5
2025-07-23 09:00:00,16.0
2025-07-23 10:00:00,16.67
2025-07-23 11:00:00,11.0
2025-07-23 12:00:00,1.0
2025-07-23 13:00:00,10.75
2025-07-23 14:00:00,21.25
2025-07-23 15:00:00,56.5
2025-07-23 16:00:00,61.5
2025-07-23 17:00:00,53.25
2025-07-23 18:00:00,55.75
2025-07-23 19:00:00,35.5
2025-07-23 20:00:00,1.0
2025-07-23 21:00:00,12.75
2025-07-23 22:00:00,21.75
2025-07-23 23:00:00,19.0
2025-07-24 00:00:00,38.25
2025-07-24 01:00:00,32.5
2025-07-24 02:00:00,30.75
2025-07-24 03:00:00,12.0
2025-07-24 06:00:00,4.67
2025-07-24 07:00:00,12.25
2025-07-24 08:00:00,42.25
2025-07-24 09:00:00,48.0
2025-07-24 10:00:00,42.5
2025-07-24 11:00:00,38.5
2025-07-24 12:00:00,41.5
2025-07-24 13:00:00,27.75
2025-07-24 14:00:00,26.0
2025-07-24 15:00:00,24.25
2025-07-24 16:00:00,45.0
2025-07-24 17:00:00,56.0
2025-07-24 18:00:00,52.5
2025-07-24 19:00:00,47.25
2025-07-24 20:00:00,44.25
2025-07-24 21:00:00,37.5
2025-07-24 22:00:00,35.0
2025-07-24 23:00:00,26.5
2025-07-25 00:00:00,29.0
2025-07-25 01:00:00,45.75
2025-07-25 02:00:00,46.75
2025-07-25 03:00:00,45.25
2025-07-25 04:00:00,40.75
2025-07-25 05:00:00,33.25
2025-07-25 06:00:00,28.0
2025-07-25 07:00:00,16.5
2025-07-25 08:00:00,20.25
2025-07-25 09:00:00,43.75
2025-07-25 10:00:00,50.25
2025-07-25 11:00:00,34.25
2025-07-25 12:00:00,48.5
2025-07-25 13:00:00,48.75
2025-07-25 14:00:00,43.5
2025-07-25 15:00:00,27.75
2025-07-25 16:00:00,35.25
2025-07-25 17:00:00,37.25
2025-07-25 18:00:00,32.75
2025-07-25 19:00:00,32.0
2025-07-25 20:00:00,37.5
2025-07-25 21:00:00,34.75
2025-07-25 22:00:00,27.0
2025-07-25 23:00:00,19.75
2025-07-26 00:00:00,25.25
2025-07-26 01:00:00,26.5
2025-07-26 02:00:00,15.0
2025-07-26 03:00:00,13.5
2025-07-26 04:00:00,16.0
2025-07-26 05:00:00,33.25
2025-07-26 06:00:00,38.75
2025-07-26 07:00:00,14.75
2025-07-26 08:00:00,0.5
2025-07-26 09:00:00,11.75
2025-07-26 10:00:00,32.25
2025-07-26 11:00:00,44.0
2025-07-26 12:00:00,44.5
2025-07-26 13:00:00,39.25
2025-07-26 14:00:00,34.5
2025-07-26 15:00:00,39.75
2025-07-26 16:00:00,39.25
2025-07-26 17:00:00,35.25
2025-07-26 18:00:00,31.75
2025-07-26 19:00:00,33.75
2025-07-26 20:00:00,26.75
2025-07-26 21:00:00,28.75
2025-07-26 22:00:00,29.25
2025-07-26 23:00:00,29.25
2025-07-27 00:00:00,24.25
2025-07-27 01:00:00,28.0
2025-07-27 02:00:00,28.5
2025-07-27 03:00:00,62.5
2025-07-27 04:00:00,148.5
2025-07-27 05:00:00,120.5
2025-07-27 06:00:00,37.5
2025-07-27 07:00:00,10.75
2025-07-27 08:00:00,6.75
2025-07-27 09:00:00,1.5
2025-07-27 10:00:00,2.0
2025-07-27 11:00:00,13.5
2025-07-27 12:00:00,32.25
2025-07-27 13:00:00,34.75
2025-07-27 14:00:00,39.0
2025-07-27 15:00:00,40.75
2025-07-27 16:00:00,41.5
2025-07-27 17:00:00,21.25
2025-07-27 18:00:00,12.5
2025-07-27 19:00:00,25.0
2025-07-27 20:00:00,16.75
2025-07-27 21:00:00,24.0
2025-07-27 22:00:00,28.75
2025-07-27 23:00:00,21.0
2025-07-28 00:00:00,14.0
2025-07-28 01:00:00,9.75
2025-07-28 02:00:00,17.5
2025-07-28 03:00:00,8.25
2025-07-28 04:00:00,25.5
2025-07-28 05:00:00,28.75
2025-07-28 06:00:00,29.5
2025-07-28 07:00:00,35.5
2025-07-28 08:00:00,36.5
2025-07-28 09:00:00,20.25
2025-07-28 10:00:00,22.5
2025-07-28 11:00:00,16.0
2025-07-28 12:00:00,46.0
2025-07-28 13:00:00,72.0
2025-07-28 14:00:00,58.75
2025-07-28 15:00:00,70.5
2025-07-28 16:00:00,70.0
2025-07-28 17:00:00,50.0
2025-07-28 18:00:00,55.0
2025-07-28 19:00:00,57.5
2025-07-28 20:00:00,48.25
2025-07-28 21:00:00,40.75
2025-07-28 22:00:00,29.25
2025-07-28 23:00:00,32.25
2025-07-29 00:00:00,26.0
2025-07-29 01:00:00,35.75
2025-07-29 02:00:00,12.25
2025-07-29 03:00:00,16.5
2025-07-29 04:00:00,14.0
2025-07-29 05:00:00,5.33
2025-07-29 06:00:00,33.25
2025-07-29 07:00:00,28.75
2025-07-29 08:00:00,40.75
2025-07-29 09:00:00,27.5
2025-07-29 12:00:00,3.0
2025-07-29 13:00:00,5.0
2025-07-29 14:00:00,40.75
2025-07-29 15:00:00,39.25
2025-07-29 16:00:00,48.5
2025-07-29 17:00:00,48.25
2025-07-29 18:00:00,35.5
2025-07-29 19:00:00,25.5
2025-07-29 20:00:00,8.5
2025-07-29 21:00:00,4.0
2025-07-29 22:00:00,21.0
2025-07-29 23:00:00,34.5
2025-07-30 00:00:00,35.5
2025-07-30 01:00:00,32.25
2025-07-30 02:00:00,22.0
2025-07-30 03:00:00,3.67
2025-07-30 04:00:00,5.25
2025-07-30 05:00:00,11.25
2025-07-30 06:00:00,21.75
2025-07-30 07:00:00,44.0
2025-07-30 08:00:00,53.75
2025-07-30 09:00:00,47.75
2025-07-30 10:00:00,41.0
2025-07-30 11:00:00,33.75
2025-07-30 12:00:00,10.25
2025-07-30 13:00:00,23.25
2025-07-30 14:00:00,23.25
2025-07-30 15:00:00,29.75
2025-07-30 16:00:00,46.5
2025-07-30 17:00:00,28.0
2025-07-30 18:00:00,34.0
2025-07-30 19:00:00,41.25
2025-07-30 20:00:00,17.67
2025-07-30 22:00:00,6.0
2025-07-30 23:00:00,13.75
2025-07-31 00:00:00,19.25
2025-07-31 01:00:00,29.25
2025-07-31 02:00:00,12.25
2025-07-31 03:00:00,15.0
2025-07-31 04:00:00,5.0
2025-07-31 05:00:00,0.75
2025-07-31 07:00:00,4.33
2025-07-31 08:00:00,25.25
2025-07-31 09:00:00,51.75
2025-07-31 10:00:00,52.67
2025-07-31 11:00:00,38.25
2025-07-31 12:00:00,49.25
2025-07-31 13:00:00,60.0
2025-07-31 14:00:00,57.0
2025-07-31 16:00:00,24.0
2025-07-31 18:00:00,28.0
2025-07-31 19:00:00,26.0
2025-07-31 20:00:00,25.0
2025-07-31 21:00:00,8.5
2025-07-31 22:00:00,4.33
2025-07-31 23:00:00,6.25
2025-08-01 00:00:00,13.0
2025-08-01 01:00:00,30.5
2025-08-01 02:00:00,36.75
2025-08-01 03:00:00,30.75
2025-08-01 04:00:00,12.0
2025-08-01 05:00:00,5.0
2025-08-01 07:00:00,0.5
2025-08-01 08:00:00,10.0
2025-08-01 09:00:00,25.0
2025-08-01 10:00:00,53.75
2025-08-01 11:00:00,45.25
2025-08-01 12:00:00,48.5
2025-08-01 13:00:00,40.5
2025-08-01 14:00:00,14.25
2025-08-01 15:00:00,22.25
2025-08-01 16:00:00,16.25
2025-08-01 17:00:00,14.0
2025-08-01 18:00:00,35.75
2025-08-01 19:00:00,39.75
2025-08-01 20:00:00,30.0
2025-08-01 21:00:00,26.25
2025-08-01 22:00:00,14.0
2025-08-01 23:00:00,4.0
2025-08-02 01:00:00,8.5
2025-08-02 02:00:00,17.25
2025-08-02 03:00:00,30.5
2025-08-02 04:00:00,36.0
2025-08-02 05:00:00,23.5
2025-08-02 06:00:00,14.0
2025-08-02 07:00:00,6.25
2025-08-02 08:00:00,9.5
2025-08-02 09:00:00,21.75
2025-08-02 10:00:00,28.75
2025-08-02 11:00:00,39.25
2025-08-02 12:00:00,49.0
2025-08-02 13:00:00,46.75
2025-08-02 14:00:00,44.25
2025-08-02 15:00:00,25.5
2025-08-02 16:00:00,24.5
2025-08-02 17:00:00,17.75
2025-08-02 18:00:00,20.5
2025-08-02 19:00:00,37.0
2025-08-02 20:00:00,39.0
2025-08-02 21:00:00,32.25
2025-08-02 22:00:00,30.5
2025-08-02 23:00:00,19.33
2025-08-03 00:00:00,2.33
2025-08-03 01:00:00,1.0
2025-08-03 02:00:00,0.0
2025-08-03 03:00:00,10.33
2025-08-03 04:00:00,22.0
2025-08-03 05:00:00,22.75
2025-08-03 06:00:00,24.75
2025-08-03 07:00:00,28.0
2025-08-03 08:00:00,6.67
2025-08-03 09:00:00,13.5
2025-08-03 10:00:00,18.25
2025-08-03 11:00:00,29.5
2025-08-03 12:00:00,50.75
2025-08-03 13:00:00,55.25
2025-08-03 14:00:00,51.5
2025-08-03 15:00:00,50.0
2025-08-03 16:00:00,45.25
2025-08-03 17:00:00,31.75
2025-08-03 18:00:00,26.25
2025-08-03 19:00:00,25.67
2025-08-03 20:00:00,41.33
2025-08-03 21:00:00,47.25
2025-08-03 22:00:00,44.0
2025-08-03 23:00:00,38.75
2025-08-04 00:00:00,30.75
2025-08-04 01:00:00,20.5
2025-08-04 02:00:00,8.0
2025-08-04 03:00:00,12.5
2025-08-04 04:00:00,11.75
2025-08-04 05:00:00,36.75
2025-08-04 06:00:00,37.25
2025-08-04 07:00:00,41.25
2025-08-04 08:00:00,29.75
2025-08-04 09:00:00,18.75
2025-08-04 10:00:00,2.0
2025-08-04 11:00:00,15.5
2025-08-04 12:00:00,22.25
2025-08-04 13:00:00,34.5
2025-08-04 14:00:00,52.67
2025-08-04 15:00:00,42.75
2025-08-04 16:00:00,45.0
2025-08-04 17:00:00,34.25
2025-08-04 18:00:00,25.5
2025-08-04 19:00:00,9.75
2025-08-04 20:00:00,11.5
2025-08-04 21:00:00,20.5
2025-08-04 22:00:00,41.0
2025-08-04 23:00:00,42.0
2025-08-05 00:00:00,40.75
2025-08-05 01:00:00,32.0
2025-08-05 02:00:00,12.33
2025-08-05 03:00:00,3.0
2025-08-05 04:00:00,13.33
2025-08-05 05:00:00,15.75
2025-08-05 06:00:00,32.25
2025-08-05 07:00:00,39.5
2025-08-05 08:00:00,39.5
2025-08-05 09:00:00,35.0
2025-08-05 10:00:00,21.75
2025-08-05 11:00:00,4.33
2025-08-05 12:00:00,13.0
2025-08-05 13:00:00,17.75
2025-08-05 14:00:00,36.0
2025-08-05 15:00:00,46.5
2025-08-05 16:00:00,43.0
2025-08-05 17:00:00,33.5
2025-08-05 18:00:00,33.5
2025-08-05 19:00:00,19.0
2025-08-05 20:00:00,3.67
2025-08-05 21:00:00,0.75
2025-08-05 22:00:00,12.33
2025-08-05 23:00:00,41.0
2025-08-06 00:00:00,40.0
2025-08-06 01:00:00,32.5
2025-08-06 02:00:00,29.0
2025-08-06 03:00:00,12.0
2025-08-06 04:00:00,8.75
2025-08-06 05:00:00,5.67
2025-08-06 06:00:00,10.0
2025-08-06 07:00:00,28.5
2025-08-06 08:00:00,34.5
2025-08-06 09:00:00,34.0
2025-08-06 10:00:00,29.33
2025-08-06 11:00:00,35.25
2025-08-06 12:00:00,22.5
2025-08-06 13:00:00,14.75
2025-08-06 14:00:00,26.5
2025-08-06 15:00:00,39.5
2025-08-06 16:00:00,46.75
2025-08-06 17:00:00,45.5
2025-08-06 18:00:00,37.75
2025-08-06 19:00:00,40.5
2025-08-06 20:00:00,20.5
2025-08-06 21:00:00,14.5
2025-08-06 22:00:00,17.0
2025-08-06 23:00:00,12.67
2025-08-07 00:00:00,43.33
2025-08-07 01:00:00,40.75
2025-08-07 02:00:00,40.75
2025-08-07 03:00:00,38.25
2025-08-07 04:00:00,20.5
2025-08-07 05:00:00,5.75
2025-08-07 06:00:00,2.33
2025-08-07 07:00:00,3.25
2025-08-07 08:00:00,30.0
2025-08-07 09:00:00,42.0
2025-08-07 10:00:00,42.5
2025-08-07 11:00:00,36.0
2025-08-07 12:00:00,47.25
2025-08-07 13:00:00,27.75
2025-08-07 14:00:00,14.75
2025-08-07 15:00:00,27.0
2025-08-07 16:00:00,21.33
2025-08-07 17:00:00,30.0
2025-08-07 18:00:00,26.0
2025-08-07 19:00:00,24.5
2025-08-07 20:00:00,23.0
2025-08-07 21:00:00,33.25
2025-08-07 22:00:00,30.75
2025-08-07 23:00:00,16.5
2025-08-08 00:00:00,15.33
2025-08-08 01:00:00,20.67
2025-08-08 02:00:00,34.67
2025-08-08 03:00:00,27.75
2025-08-08 04:00:00,25.5
2025-08-08 05:00:00,20.25
2025-08-08 06:00:00,7.25
2025-08-08 07:00:00,10.25
2025-08-08 08:00:00,5.75
2025-08-08 09:00:00,16.0
2025-08-08 10:00:00,39.25
2025-08-08 11:00:00,32.25
2025-08-08 12:00:00,47.25
2025-08-08 13:00:00,39.25
2025-08-08 14:00:00,46.25
2025-08-08 15:00:00,36.0
2025-08-08 16:00:00,31.5
2025-08-08 17:00:00,28.0
2025-08-08 18:00:00,24.0
2025-08-08 19:00:00,29.5
2025-08-08 20:00:00,27.5
2025-08-08 21:00:00,41.0
2025-08-08 22:00:00,30.75
2025-08-08 23:00:00,8.0
2025-08-09 03:00:00,7.75
2025-08-09 04:00:00,10.25
2025-08-09 05:00:00,7.25
2025-08-09 06:00:00,21.75
2025-08-09 07:00:00,23.0
2025-08-09 11:00:00,13.0
2025-08-09 12:00:00,25.0
2025-08-09 13:00:00,22.67
2025-08-09 14:00:00,25.33
2025-08-09 15:00:00,14.5
2025-08-09 16:00:00,5.5
2025-08-09 17:00:00,5.0
2025-08-09 18:00:00,12.75
2025-08-09 19:00:00,25.25
2025-08-09 20:00:00,37.25
2025-08-09 21:00:00,35.0
2025-08-09 22:00:00,35.5
2025-08-09 23:00:00,32.5
2025-08-10 00:00:00,14.75
2025-08-10 01:00:00,20.0
2025-08-10 02:00:00,25.75
2025-08-10 03:00:00,26.5
2025-08-10 04:00:00,41.75
2025-08-10 05:00:00,42.25
2025-08-10 06:00:00,36.25
2025-08-10 07:00:00,39.25
2025-08-10 08:00:00,28.75
2025-08-10 09:00:00,20.5
2025-08-10 10:00:00,31.25
2025-08-10 11:00:00,44.25
2025-08-10 12:00:00,42.5
2025-08-10 13:00:00,45.5
2025-08-10 14:00:00,44.5
2025-08-10 15:00:00,46.0
2025-08-10 16:00:00,36.5
2025-08-10 17:00:00,16.75
2025-08-10 18:00:00,20.0
2025-08-10 19:00:00,15.25
2025-08-10 20:00:00,22.5
2025-08-10 21:00:00,41.0
2025-08-10 22:00:00,48.75
2025-08-10 23:00:00,36.25
2025-08-11 00:00:00,36.75
2025-08-11 01:00:00,23.75
2025-08-11 02:00:00,1.75
2025-08-11 03:00:00,2.5
2025-08-11 04:00:00,5.0
2025-08-11 05:00:00,28.0
2025-08-11 06:00:00,32.75
2025-08-11 07:00:00,31.75
2025-08-11 08:00:00,25.25
2025-08-11 09:00:00,28.75
2025-08-11 10:00:00,15.75
2025-08-11 11:00:00,29.25
2025-08-11 12:00:00,17.25
2025-08-11 13:00:00,29.75
2025-08-11 14:00:00,32.0
2025-08-11 15:00:00,44.75
2025-08-11 16:00:00,37.0
2025-08-11 17:00:00,41.0
2025-08-11 18:00:00,25.25
2025-08-11 19:00:00,26.75
2025-08-11 20:00:00,34.5
2025-08-11 21:00:00,42.25
2025-08-11 22:00:00,80.25
2025-08-11 23:00:00,58.0
2025-08-12 00:00:00,50.75
2025-08-12 01:00:00,47.75
2025-08-12 02:00:00,35.5
2025-08-12 06:00:00,5.0
2025-08-12 07:00:00,15.75
2025-08-12 08:00:00,12.75
2025-08-12 09:00:00,10.5
2025-08-12 10:00:00,4.5
2025-08-12 11:00:00,1.0
2025-08-12 13:00:00,74.0
2025-08-12 14:00:00,84.5
2025-08-12 15:00:00,82.5
2025-08-12 16:00:00,60.5
2025-08-12 17:00:00,46.75
2025-08-12 18:00:00,37.25
2025-08-12 19:00:00,33.0
2025-08-12 20:00:00,25.25
2025-08-12 21:00:00,26.0
2025-08-12 22:00:00,27.75
2025-08-12 23:00:00,39.0
2025-08-13 00:00:00,55.5
2025-08-13 01:00:00,47.5
2025-08-13 02:00:00,41.75
2025-08-13 03:00:00,29.75
2025-08-13 04:00:00,16.0
2025-08-13 05:00:00,15.25
2025-08-13 06:00:00,29.75
2025-08-13 07:00:00,34.75
2025-08-13 08:00:00,42.5
2025-08-13 09:00:00,37.0
2025-08-13 10:00:00,37.5
2025-08-13 11:00:00,31.25
2025-08-13 12:00:00,23.75
2025-08-13 13:00:00,21.25
2025-08-13 14:00:00,31.25
2025-08-13 15:00:00,33.25
2025-08-13 16:00:00,45.0
2025-08-13 17:00:00,43.0
2025-08-13 18:00:00,40.5
2025-08-13 19:00:00,41.0
2025-08-13 20:00:00,39.0
2025-08-13 21:00:00,33.5
2025-08-13 22:00:00,31.0
2025-08-13 23:00:00,37.0
2025-08-14 00:00:00,44.25
2025-08-14 01:00:00,67.0
2025-08-14 02:00:00,54.67
2025-08-14 03:00:00,28.0
2025-08-14 04:00:00,22.25
2025-08-14 05:00:00,9.5
2025-08-14 08:00:00,14.5
2025-08-14 09:00:00,24.0
2025-08-14 10:00:00,19.0
2025-08-14 11:00:00,8.0
2025-08-14 12:00:00,14.5
2025-08-14 13:00:00,6.67
2025-08-14 14:00:00,8.0
2025-08-14 15:00:00,9.25
2025-08-14 16:00:00,12.25
2025-08-14 17:00:00,44.5
2025-08-14 18:00:00,49.75
2025-08-14 19:00:00,53.0
2025-08-14 20:00:00,49.5
2025-08-14 21:00:00,34.25
2025-08-14 22:00:00,21.75
2025-08-14 23:00:00,31.25
2025-08-15 00:00:00,7.5
2025-08-15 01:00:00,25.75
2025-08-15 02:00:00,36.75
2025-08-15 03:00:00,45.0
2025-08-15 04:00:00,65.5
2025-08-15 05:00:00,43.0
2025-08-15 06:00:00,21.25
2025-08-15 07:00:00,33.75
2025-08-15 08:00:00,54.75
2025-08-15 09:00:00,52.5
2025-08-15 10:00:00,81.0
2025-08-15 11:00:00,90.5
2025-08-15 12:00:00,68.0
2025-08-15 13:00:00,37.0
2025-08-15 14:00:00,39.0
2025-08-15 15:00:00,30.0
2025-08-15 16:00:00,32.5
2025-08-15 17:00:00,35.75
2025-08-15 18:00:00,39.5
2025-08-15 19:00:00,56.5
2025-08-15 20:00:00,48.5
2025-08-15 21:00:00,58.5
2025-08-15 22:00:00,73.5
2025-08-15 23:00:00,48.75
2025-08-16 00:00:00,53.0
2025-08-16 01:00:00,39.75
2025-08-16 02:00:00,50.0
2025-08-16 03:00:00,76.25
2025-08-16 04:00:00,84.25
2025-08-16 05:00:00,62.25
2025-08-16 06:00:00,64.75
2025-08-16 07:00:00,51.75
2025-08-16 08:00:00,33.0
2025-08-16 09:00:00,33.25
2025-08-16 10:00:00,36.25
2025-08-16 11:00:00,50.25
2025-08-16 12:00:00,55.0
2025-08-16 13:00:00,50.5
2025-08-16 14:00:00,58.5
2025-08-16 15:00:00,62.75
2025-08-16 16:00:00,51.75
2025-08-16 17:00:00,17.75
2025-08-16 18:00:00,9.0
2025-08-16 19:00:00,29.0
2025-08-16 20:00:00,46.0
2025-08-16 21:00:00,64.0
2025-08-16 22:00:00,68.75
2025-08-16 23:00:00,77.0
2025-08-17 00:00:00,84.5
2025-08-17 01:00:00,51.75
2025-08-17 02:00:00,37.25
2025-08-17 03:00:00,23.75
2025-08-17 04:00:00,30.0
2025-08-17 05:00:00,48.25
2025-08-17 06:00:00,42.0
2025-08-17 07:00:00,46.25
2025-08-17 08:00:00,38.75
2025-08-17 09:00:00,38.0
2025-08-17 10:00:00,36.0
2025-08-17 11:00:00,46.75
2025-08-17 12:00:00,53.5
2025-08-17 13:00:00,70.75
2025-08-17 14:00:00,58.0
2025-08-17 15:00:00,50.5
2025-08-17 16:00:00,7.0
2025-08-17 17:00:00,6.33
2025-08-17 18:00:00,18.75
2025-08-17 19:00:00,27.75
2025-08-17 20:00:00,18.75
2025-08-17 21:00:00,44.5
2025-08-17 22:00:00,64.0
2025-08-17 23:00:00,42.75
2025-08-18 00:00:00,35.25
2025-08-18 01:00:00,49.5
2025-08-18 02:00:00,20.75
2025-08-18 03:00:00,16.5
2025-08-18 04:00:00,28.75
2025-08-18 05:00:00,53.75
2025-08-18 06:00:00,32.5
2025-08-18 07:00:00,43.0
2025-08-18 08:00:00,50.5
2025-08-18 09:00:00,50.0
2025-08-18 10:00:00,26.33
2025-08-18 11:00:00,12.0
2025-08-18 12:00:00,22.5
2025-08-18 13:00:00,36.25
2025-08-18 14:00:00,38.5
2025-08-18 15:00:00,48.5
2025-08-18 16:00:00,34.75
2025-08-18 17:00:00,30.5
2025-08-18 18:00:00,24.25
2025-08-18 19:00:00,19.75
2025-08-18 20:00:00,18.25
2025-08-18 21:00:00,31.25
2025-08-18 22:00:00,45.25
2025-08-18 23:00:00,50.75
2025-08-19 00:00:00,88.75
2025-08-19 01:00:00,84.5
2025-08-19 02:00:00,46.25
2025-08-19 03:00:00,50.25
2025-08-19 04:00:00,82.25
2025-08-19 05:00:00,80.75
2025-08-19 06:00:00,61.5
2025-08-19 07:00:00,73.5
2025-08-19 08:00:00,56.0
2025-08-19 09:00:00,33.0
2025-08-19 10:00:00,33.75
2025-08-19 11:00:00,33.0
2025-08-19 12:00:00,22.75
2025-08-19 13:00:00,29.25
2025-08-19 14:00:00,23.25
2025-08-19 15:00:00,21.0
2025-08-19 16:00:00,22.75
2025-08-19 17:00:00,25.75
2025-08-19 18:00:00,20.75
2025-08-19 19:00:00,18.0
2025-08-19 20:00:00,12.25
2025-08-19 21:00:00,16.25
2025-08-19 22:00:00,34.75
2025-08-19 23:00:00,73.5
2025-08-20 00:00:00,103.75
2025-08-20 01:00:00,135.0
2025-08-20 02:00:00,121.0
2025-08-20 03:00:00,50.5
2025-08-20 04:00:00,1.75
2025-08-20 05:00:00,0.0
2025-08-20 06:00:00,2.0
2025-08-20 07:00:00,9.75
2025-08-20 08:00:00,32.0
2025-08-20 09:00:00,32.75
2025-08-20 10:00:00,33.5
2025-08-20 11:00:00,31.25
2025-08-20 12:00:00,25.25
2025-08-20 13:00:00,19.75
2025-08-20 14:00:00,11.75
2025-08-20 15:00:00,20.25
2025-08-20 16:00:00,28.25
2025-08-20 17:00:00,25.25
2025-08-20 18:00:00,27.25
2025-08-20 19:00:00,20.25
2025-08-20 20:00:00,16.25
2025-08-20 21:00:00,8.75
2025-08-20 22:00:00,13.0
2025-08-20 23:00:00,6.0
2025-08-21 00:00:00,13.25
2025-08-21 01:00:00,29.0
2025-08-21 02:00:00,30.0
2025-08-21 03:00:00,30.0
2025-08-21 04:00:00,25.5
2025-08-21 05:00:00,23.25
2025-08-21 06:00:00,35.5
2025-08-21 07:00:00,26.25
2025-08-21 08:00:00,19.33
2025-08-21 09:00:00,41.0
2025-08-21 10:00:00,44.75
2025-08-21 11:00:00,40.25
2025-08-21 12:00:00,41.25
2025-08-21 13:00:00,38.0
2025-08-21 14:00:00,16.0
2025-08-21 15:00:00,51.5
2025-08-21 16:00:00,26.5
2025-08-21 17:00:00,33.5
2025-08-21 18:00:00,43.25
2025-08-21 19:00:00,26.0
2025-08-21 20:00:00,32.0
2025-08-21 21:00:00,31.75
2025-08-21 22:00:00,27.0
2025-08-21 23:00:00,19.0
2025-08-22 00:00:00,18.75
2025-08-22 01:00:00,25.75
2025-08-22 02:00:00,52.0
2025-08-22 03:00:00,72.0
2025-08-22 04:00:00,104.0
2025-08-22 05:00:00,86.25
2025-08-22 06:00:00,27.5
2025-08-22 07:00:00,25.5
2025-08-22 08:00:00,37.0
2025-08-22 09:00:00,21.0
2025-08-22 10:00:00,67.0
2025-08-22 11:00:00,97.75
2025-08-22 12:00:00,80.5
2025-08-22 13:00:00,18.33
2025-08-22 14:00:00,1.0
2025-08-22 15:00:00,14.5
2025-08-22 16:00:00,18.25
2025-08-22 17:00:00,27.25
2025-08-22 18:00:00,42.5
2025-08-22 19:00:00,37.75
2025-08-22 20:00:00,37.25
2025-08-22 21:00:00,45.0
2025-08-22 22:00:00,41.75
2025-08-22 23:00:00,38.0
2025-08-23 00:00:00,42.25
2025-08-23 01:00:00,41.0
2025-08-23 02:00:00,29.5
2025-08-23 03:00:00,23.5
2025-08-23 04:00:00,30.75
2025-08-23 05:00:00,19.25
2025-08-23 06:00:00,25.0
2025-08-23 07:00:00,18.5
2025-08-23 08:00:00,44.5
2025-08-23 09:00:00,46.5
2025-08-23 10:00:00,41.75
2025-08-23 11:00:00,37.0
2025-08-23 12:00:00,79.5
2025-08-23 13:00:00,83.25
2025-08-23 14:00:00,70.75
2025-08-23 15:00:00,50.5
2025-08-23 16:00:00,47.0
2025-08-23 17:00:00,27.0
2025-08-23 18:00:00,281.0
2025-08-23 19:00:00,177.0
2025-08-23 20:00:00,142.5
2025-08-23 22:00:00,15.25
2025-08-23 23:00:00,33.0
2025-08-24 02:00:00,23.0
2025-08-24 03:00:00,12.5
2025-08-24 04:00:00,34.5
2025-08-24 10:00:00,8.0
2025-08-24 11:00:00,32.0
2025-08-24 12:00:00,84.0
2025-08-24 13:00:00,5.0
2025-08-24 14:00:00,60.0
2025-08-24 15:00:00,8.67
2025-08-24 16:00:00,12.0
2025-08-24 17:00:00,141.33
2025-08-24 19:00:00,47.5
2025-08-24 21:00:00,71.5
2025-08-24 22:00:00,21.0
2025-08-25 00:00:00,267.0
2025-08-25 01:00:00,3.0
2025-08-25 02:00:00,0.0
2025-08-25 03:00:00,66.0
2025-08-25 04:00:00,26.5
2025-08-25 05:00:00,16.33
2025-08-25 07:00:00,26.0
2025-08-25 08:00:00,9.0
2025-08-25 09:00:00,12.0
2025-08-25 12:00:00,8.0
2025-08-25 16:00:00,27.0
2025-08-25 17:00:00,15.25
2025-08-25 18:00:00,20.67
2025-08-25 19:00:00,20.25
2025-08-25 20:00:00,18.5
2025-08-25 21:00:00,43.75
2025-08-25 22:00:00,43.5
2025-08-25 23:00:00,38.25
2025-08-26 00:00:00,27.5
2025-08-26 01:00:00,12.5
2025-08-26 02:00:00,1.33
2025-08-26 03:00:00,4.25
2025-08-26 04:00:00,8.25
2025-08-26 05:00:00,26.67
2025-08-26 06:00:00,30.0
2025-08-26 07:00:00,30.75
2025-08-26 08:00:00,27.5
2025-08-26 09:00:00,16.5
2025-08-26 10:00:00,5.0
2025-08-26 11:00:00,15.5
2025-08-26 12:00:00,21.67
2025-08-26 13:00:00,28.25
2025-08-26 14:00:00,47.67
2025-08-26 15:00:00,39.0
2025-08-26 16:00:00,41.5
2025-08-26 17:00:00,14.67
2025-08-26 19:00:00,3.0
2025-08-26 20:00:00,8.0
2025-08-26 21:00:00,12.5
2025-08-26 22:00:00,44.0
2025-08-26 23:00:00,75.5
2025-08-27 00:00:00,69.0
2025-08-27 01:00:00,47.75
2025-08-27 02:00:00,33.0
2025-08-27 03:00:00,30.0
2025-08-27 04:00:00,59.75
2025-08-27 05:00:00,25.25
2025-08-27 06:00:00,44.33
2025-08-27 07:00:00,48.75
2025-08-27 08:00:00,47.5
2025-08-27 09:00:00,41.0
2025-08-27 10:00:00,25.25
2025-08-27 11:00:00,21.5
2025-08-27 12:00:00,3.75
2025-08-27 13:00:00,0.0
2025-08-27 14:00:00,12.0
2025-08-27 15:00:00,34.25
2025-08-27 16:00:00,33.0
2025-08-27 17:00:00,39.0
2025-08-27 18:00:00,49.5
2025-08-27 19:00:00,14.0
2025-08-27 20:00:00,18.0
2025-08-27 21:00:00,24.5
2025-08-27 22:00:00,30.67
2025-08-27 23:00:00,51.67
2025-08-28 00:00:00,58.25
2025-08-28 01:00:00,63.25
2025-08-28 02:00:00,64.75
2025-08-28 03:00:00,69.75
2025-08-28 04:00:00,60.0
2025-08-28 05:00:00,82.75
2025-08-28 06:00:00,131.25
2025-08-28 07:00:00,130.0
2025-08-28 08:00:00,95.25
2025-08-28 09:00:00,89.25
2025-08-28 10:00:00,69.25
2025-08-28 11:00:00,33.0
2025-08-28 12:00:00,44.25
2025-08-28 13:00:00,37.0
2025-08-28 14:00:00,35.0
2025-08-28 15:00:00,49.75
2025-08-28 16:00:00,80.5
2025-08-28 17:00:00,43.0
2025-08-28 18:00:00,47.67
2025-08-28 19:00:00,43.5
2025-08-28 20:00:00,35.5
2025-08-28 21:00:00,23.75
2025-08-28 22:00:00,33.75
2025-08-28 23:00:00,40.0
2025-08-29 00:00:00,49.0
2025-08-29 01:00:00,61.75
2025-08-29 02:00:00,50.25
2025-08-29 03:00:00,59.5
2025-08-29 04:00:00,55.75
2025-08-29 05:00:00,27.25
2025-08-29 06:00:00,44.75
2025-08-29 07:00:00,28.0
2025-08-29 08:00:00,30.75
2025-08-29 09:00:00,38.25
2025-08-29 10:00:00,39.0
2025-08-29 11:00:00,36.5
2025-08-29 12:00:00,56.5
2025-08-29 13:00:00,76.75
2025-08-29 14:00:00,39.25
2025-08-29 15:00:00,19.75
2025-08-29 16:00:00,39.5
2025-08-29 17:00:00,27.5
2025-08-29 18:00:00,24.0
2025-08-29 19:00:00,30.25
2025-08-29 20:00:00,15.75
2025-08-29 21:00:00,6.0
2025-08-29 22:00:00,7.5
2025-08-29 23:00:00,19.75
2025-08-30 00:00:00,21.25
2025-08-30 01:00:00,40.5
2025-08-30 02:00:00,42.25
2025-08-30 03:00:00,28.25
2025-08-30 04:00:00,14.0
2025-08-30 05:00:00,10.5
2025-08-30 06:00:00,2.0
2025-08-30 07:00:00,2.5
2025-08-30 08:00:00,13.25
2025-08-30 09:00:00,35.0
2025-08-30 10:00:00,51.75
2025-08-30 11:00:00,48.75
2025-08-30 12:00:00,40.0
2025-08-30 13:00:00,32.5
2025-08-30 14:00:00,33.75
2025-08-30 15:00:00,27.0
2025-08-30 16:00:00,22.25
2025-08-30 17:00:00,21.0
2025-08-30 18:00:00,30.75
2025-08-30 19:00:00,21.25
2025-08-30 20:00:00,31.25
2025-08-30 21:00:00,38.75
2025-08-30 22:00:00,24.75
2025-08-30 23:00:00,24.5
2025-08-31 00:00:00,28.5
2025-08-31 01:00:00,24.0
2025-08-31 02:00:00,51.0
2025-08-31 03:00:00,39.5
2025-08-31 04:00:00,34.0
2025-08-31 05:00:00,31.0
2025-08-31 06:00:00,18.0
2025-08-31 07:00:00,15.25
2025-08-31 08:00:00,2.0
2025-08-31 09:00:00,3.0
2025-08-31 10:00:00,19.25
2025-08-31 11:00:00,45.0
2025-08-31 12:00:00,37.75
2025-08-31 13:00:00,34.0
2025-08-31 14:00:00,18.25
2025-08-31 15:00:00,24.0
2025-08-31 16:00:00,24.25
2025-08-31 17:00:00,26.75
2025-08-31 18:00:00,29.25
2025-08-31 19:00:00,33.0
2025-08-31 20:00:00,35.5
2025-08-31 21:00:00,33.33
2025-08-31 22:00:00,32.75
2025-08-31 23:00:00,10.0
2025-09-01 00:00:00,4.75
2025-09-01 01:00:00,7.25
2025-09-01 02:00:00,4.25
2025-09-01 03:00:00,12.33
2025-09-01 04:00:00,21.0
2025-09-01 05:00:00,23.67
2025-09-01 06:00:00,17.5
2025-09-01 07:00:00,11.0
2025-09-01 08:00:00,1.5
2025-09-01 09:00:00,2.0
2025-09-01 10:00:00,12.5
2025-09-01 11:00:00,19.33
2025-09-01 12:00:00,37.25
2025-09-01 13:00:00,44.67
2025-09-01 14:00:00,25.67
2025-09-01 15:00:00,22.25
2025-09-01 16:00:00,53.5
2025-09-01 17:00:00,0.0
2025-09-01 18:00:00,1.0
2025-09-01 19:00:00,8.5
2025-09-01 20:00:00,8.25
2025-09-01 21:00:00,3.5
2025-09-02 00:00:00,7.0
2025-09-02 01:00:00,14.5
2025-09-02 03:00:00,21.75
2025-09-02 04:00:00,19.5
2025-09-02 05:00:00,12.5
2025-09-02 06:00:00,4.0
2025-09-02 07:00:00,7.5
2025-09-02 08:00:00,2.75
2025-09-02 09:00:00,15.5
2025-09-02 10:00:00,34.67
2025-09-02 12:00:00,47.0
2025-09-02 13:00:00,23.5
2025-09-02 14:00:00,10.25
2025-09-02 15:00:00,7.75
2025-09-02 16:00:00,15.0
2025-09-02 17:00:00,47.0
2025-09-02 18:00:00,7.0
2025-09-02 19:00:00,31.5
2025-09-02 20:00:00,29.0
2025-09-02 21:00:00,16.25
2025-09-02 22:00:00,15.5
2025-09-02 23:00:00,2.25
2025-09-03 00:00:00,13.0
2025-09-03 01:00:00,33.5
2025-09-03 02:00:00,33.67
2025-09-03 03:00:00,34.0
2025-09-03 04:00:00,28.5
2025-09-03 05:00:00,12.25
2025-09-03 06:00:00,11.75
2025-09-03 07:00:00,7.25
2025-09-03 08:00:00,1.5
2025-09-03 09:00:00,4.67
2025-09-03 10:00:00,37.25
2025-09-03 11:00:00,66.75
2025-09-03 12:00:00,64.75
2025-09-03 13:00:00,55.25
2025-09-03 14:00:00,31.0
2025-09-03 20:00:00,9.0
2025-09-03 21:00:00,24.5
2025-09-03 22:00:00,14.5
2025-09-03 23:00:00,12.25
2025-09-04 00:00:00,5.0
2025-09-04 04:00:00,5.0
2025-09-04 05:00:00,13.0
2025-09-04 06:00:00,19.25
2025-09-04 07:00:00,12.75
2025-09-04 08:00:00,13.0
2025-09-04 09:00:00,3.33
2025-09-04 10:00:00,5.75
2025-09-04 11:00:00,25.25
2025-09-04 12:00:00,22.0
2025-09-04 13:00:00,38.5
2025-09-04 14:00:00,42.25
2025-09-04 15:00:00,60.25
2025-09-04 16:00:00,7.5
2025-09-04 17:00:00,5.0
2025-09-04 18:00:00,2.0
2025-09-04 19:00:00,1.0
2025-09-04 20:00:00,10.25
2025-09-04 21:00:00,22.5
2025-09-04 22:00:00,34.75
2025-09-04 23:00:00,39.75
2025-09-05 00:00:00,36.5
2025-09-05 01:00:00,34.25
2025-09-05 02:00:00,17.25
2025-09-05 03:00:00,23.75
2025-09-05 04:00:00,19.25
2025-09-05 05:00:00,4.5
2025-09-05 06:00:00,38.75
2025-09-05 07:00:00,42.0
2025-09-05 08:00:00,33.0
2025-09-05 09:00:00,27.75
2025-09-05 10:00:00,17.33
2025-09-05 11:00:00,17.0
2025-09-05 12:00:00,24.5
2025-09-05 13:00:00,27.5
2025-09-05 14:00:00,27.0
2025-09-05 15:00:00,46.25
2025-09-05 16:00:00,19.67
2025-09-05 17:00:00,7.0
2025-09-05 18:00:00,12.25
2025-09-05 19:00:00,19.0
2025-09-05 20:00:00,47.5
2025-09-05 21:00:00,21.0
2025-09-05 22:00:00,64.0
2025-09-05 23:00:00,72.75
2025-09-06 00:00:00,38.0
2025-09-06 01:00:00,26.5
2025-09-06 02:00:00,27.25
2025-09-06 03:00:00,12.25
2025-09-06 04:00:00,11.75
2025-09-06 05:00:00,17.0
2025-09-06 06:00:00,21.0
2025-09-06 07:00:00,37.25
2025-09-06 08:00:00,46.25
2025-09-06 09:00:00,41.25
2025-09-06 10:00:00,50.0
2025-09-06 11:00:00,54.5
2025-09-06 12:00:00,47.0
2025-09-06 13:00:00,48.25
2025-09-06 14:00:00,18.0
2025-09-06 15:00:00,46.75
2025-09-06 16:00:00,33.5
2025-09-06 17:00:00,34.5
2025-09-06 18:00:00,32.5
2025-09-06 19:00:00,32.25
2025-09-06 20:00:00,38.75
2025-09-06 21:00:00,39.5
2025-09-06 22:00:00,41.5
2025-09-06 23:00:00,38.0
2025-09-07 00:00:00,34.0
2025-09-07 01:00:00,30.25
2025-09-07 02:00:00,23.75
2025-09-07 03:00:00,30.25
2025-09-07 04:00:00,30.5
2025-09-07 05:00:00,23.5
2025-09-07 06:00:00,25.5
2025-09-07 07:00:00,29.5
2025-09-07 08:00:00,24.25
2025-09-07 09:00:00,28.75
2025-09-07 10:00:00,33.0
2025-09-07 11:00:00,23.25
2025-09-07 12:00:00,28.5
2025-09-07 13:00:00,41.75
2025-09-07 14:00:00,22.25
2025-09-07 15:00:00,11.5
2025-09-07 16:00:00,20.0
2025-09-07 17:00:00,26.25
2025-09-07 18:00:00,27.5
2025-09-07 19:00:00,24.25
2025-09-07 20:00:00,29.0
2025-09-07 21:00:00,23.0
2025-09-07 22:00:00,31.25
2025-09-07 23:00:00,45.0
2025-09-08 00:00:00,49.0
2025-09-08 01:00:00,45.75
2025-09-08 02:00:00,28.0
2025-09-08 03:00:00,20.75
2025-09-08 04:00:00,20.0
2025-09-08 05:00:00,25.5
2025-09-08 06:00:00,42.33
2025-09-08 07:00:00,25.25
2025-09-08 08:00:00,25.25
2025-09-08 09:00:00,28.25
2025-09-08 10:00:00,34.5
2025-09-08 11:00:00,38.5
2025-09-08 12:00:00,33.75
2025-09-08 13:00:00,26.0
2025-09-08 14:00:00,23.5
2025-09-08 15:00:00,19.75
2025-09-08 16:00:00,14.75
2025-09-08 17:00:00,10.5
2025-09-08 18:00:00,13.25
2025-09-08 19:00:00,24.25
2025-09-08 20:00:00,32.5
2025-09-08 21:00:00,118.0
2025-09-08 22:00:00,118.75
2025-09-08 23:00:00,135.75
2025-09-09 00:00:00,197.5
2025-09-09 01:00:00,191.75
2025-09-09 02:00:00,129.25
2025-09-09 03:00:00,37.25
2025-09-09 04:00:00,17.0
2025-09-09 05:00:00,26.5
2025-09-09 06:00:00,20.25
2025-09-09 07:00:00,28.0
2025-09-09 08:00:00,43.75
2025-09-09 09:00:00,39.75
2025-09-09 10:00:00,57.75
2025-09-09 11:00:00,31.5
2025-09-09 12:00:00,30.75
2025-09-09 13:00:00,36.75
2025-09-09 14:00:00,13.75
2025-09-09 15:00:00,29.75
2025-09-09 16:00:00,16.75
2025-09-09 17:00:00,16.75
2025-09-09 18:00:00,13.75
2025-09-09 19:00:00,17.75
2025-09-09 20:00:00,16.0
2025-09-09 21:00:00,28.5
2025-09-09 22:00:00,22.5
2025-09-09 23:00:00,22.0
2025-09-10 00:00:00,22.25
2025-09-10 01:00:00,17.5
2025-09-10 02:00:00,21.25
2025-09-10 03:00:00,19.0
2025-09-10 04:00:00,26.5
2025-09-10 05:00:00,13.0
2025-09-10 06:00:00,16.0
2025-09-10 07:00:00,21.75
2025-09-10 08:00:00,21.25
2025-09-10 09:00:00,21.5
2025-09-10 10:00:00,21.5
2025-09-10 11:00:00,28.5
2025-09-10 12:00:00,27.0
2025-09-10 13:00:00,28.0
2025-09-10 14:00:00,30.75
2025-09-10 15:00:00,25.5
2025-09-10 16:00:00,19.75
2025-09-10 17:00:00,19.75
2025-09-10 18:00:00,23.5
2025-09-10 19:00:00,17.5
2025-09-10 20:00:00,14.5
2025-09-10 21:00:00,24.5
2025-09-10 22:00:00,15.5
2025-09-10 23:00:00,13.75
2025-09-11 00:00:00,27.25
2025-09-11 01:00:00,21.25
2025-09-11 02:00:00,23.25
2025-09-11 03:00:00,24.5
2025-09-11 04:00:00,20.25
2025-09-11 05:00:00,24.25
2025-09-11 06:00:00,23.0
2025-09-11 07:00:00,16.75
2025-09-11 08:00:00,28.75
2025-09-11 09:00:00,25.25
2025-09-11 10:00:00,37.75
2025-09-11 11:00:00,35.75
2025-09-11 12:00:00,33.5
2025-09-11 13:00:00,39.25
2025-09-11 14:00:00,35.5
2025-09-11 15:00:00,30.75
2025-09-11 16:00:00,11.0
2025-09-11 17:00:00,10.75
2025-09-11 18:00:00,26.25
2025-09-11 19:00:00,42.5
2025-09-11 20:00:00,44.25
2025-09-11 21:00:00,32.5
2025-09-11 22:00:00,26.75
2025-09-11 23:00:00,29.25
2025-09-12 00:00:00,29.5
2025-09-12 01:00:00,34.0
2025-09-12 02:00:00,25.5
2025-09-12 03:00:00,24.25
2025-09-12 04:00:00,18.25
2025-09-12 05:00:00,25.25
2025-09-12 06:00:00,19.0
2025-09-12 07:00:00,25.25
2025-09-12 08:00:00,20.25
2025-09-12 09:00:00,26.75
2025-09-12 10:00:00,29.75
2025-09-12 11:00:00,30.75
2025-09-12 12:00:00,24.25
2025-09-12 13:00:00,27.0
2025-09-12 14:00:00,23.75
2025-09-12 15:00:00,18.75
2025-09-12 16:00:00,20.5
2025-09-12 17:00:00,13.75
2025-09-12 18:00:00,19.75
2025-09-12 19:00:00,21.5
2025-09-12 20:00:00,17.75
2025-09-12 21:00:00,29.75
2025-09-12 22:00:00,22.75
2025-09-12 23:00:00,21.25
2025-09-13 00:00:00,26.5
2025-09-13 01:00:00,17.5
2025-09-13 02:00:00,18.25
2025-09-13 03:00:00,24.0
2025-09-13 04:00:00,22.25
2025-09-13 05:00:00,15.75
2025-09-13 06:00:00,25.5
2025-09-13 07:00:00,16.75
2025-09-13 08:00:00,24.75
2025-09-13 09:00:00,23.0
2025-09-13 10:00:00,31.25
2025-09-13 11:00:00,40.5
2025-09-13 12:00:00,21.5
2025-09-13 13:00:00,23.75
2025-09-13 14:00:00,29.0
2025-09-13 15:00:00,21.75
2025-09-13 16:00:00,14.25
2025-09-13 17:00:00,21.0
2025-09-13 18:00:00,13.0
2025-09-13 19:00:00,17.5
2025-09-13 20:00:00,17.25
2025-09-13 21:00:00,32.25
2025-09-13 22:00:00,31.25
2025-09-13 23:00:00,33.25
2025-09-14 00:00:00,36.25
2025-09-14 01:00:00,33.75
2025-09-14 02:00:00,43.25
2025-09-14 03:00:00,41.25
2025-09-14 04:00:00,30.5
2025-09-14 05:00:00,26.25
2025-09-14 06:00:00,27.5
2025-09-14 07:00:00,30.25
2025-09-14 08:00:00,41.75
2025-09-14 09:00:00,34.5
2025-09-14 10:00:00,25.25
2025-09-14 11:00:00,24.25
2025-09-14 12:00:00,37.0
2025-09-14 13:00:00,27.25
2025-09-14 14:00:00,27.0
2025-09-14 15:00:00,23.5
2025-09-14 16:00:00,27.25
2025-09-14 17:00:00,24.5
2025-09-14 18:00:00,24.75
2025-09-14 19:00:00,27.75
2025-09-14 20:00:00,32.5
2025-09-14 21:00:00,30.5
2025-09-14 22:00:00,28.5
2025-09-14 23:00:00,28.25
2025-09-15 00:00:00,29.75
2025-09-15 01:00:00,27.75
2025-09-15 02:00:00,25.0
2025-09-15 03:00:00,36.5
2025-09-15 04:00:00,30.25
2025-09-15 05:00:00,30.0
2025-09-15 06:00:00,38.0
2025-09-15 07:00:00,24.0
2025-09-15 08:00:00,19.75
2025-09-15 09:00:00,24.25
2025-09-15 10:00:00,38.25
2025-09-15 11:00:00,34.5
2025-09-15 12:00:00,35.0
2025-09-15 13:00:00,43.5
2025-09-15 14:00:00,53.75
2025-09-15 15:00:00,67.5
2025-09-15 16:00:00,31.5
2025-09-15 17:00:00,5.67
2025-09-15 19:00:00,3.0
2025-09-15 20:00:00,8.75
2025-09-15 21:00:00,18.0
2025-09-15 22:00:00,20.25
2025-09-15 23:00:00,17.0
2025-09-16 00:00:00,25.5
2025-09-16 01:00:00,37.5
2025-09-16 02:00:00,33.0
2025-09-16 03:00:00,35.0
2025-09-16 04:00:00,29.25
2025-09-16 05:00:00,21.75
2025-09-16 06:00:00,18.0
2025-09-16 07:00:00,16.5
2025-09-16 08:00:00,27.5
2025-09-16 09:00:00,16.25
2025-09-16 10:00:00,37.0
2025-09-16 11:00:00,35.75
2025-09-16 12:00:00,34.5
2025-09-16 13:00:00,62.5
2025-09-16 14:00:00,76.75
2025-09-16 15:00:00,42.5
2025-09-16 16:00:00,34.0
2025-09-16 17:00:00,42.0
2025-09-16 18:00:00,14.25
2025-09-16 19:00:00,18.5
2025-09-16 20:00:00,29.75
2025-09-16 21:00:00,41.5
2025-09-16 22:00:00,48.5
2025-09-16 23:00:00,49.25
2025-09-17 00:00:00,37.75
2025-09-17 01:00:00,41.75
2025-09-17 02:00:00,38.0
2025-09-17 03:00:00,33.25
2025-09-17 04:00:00,35.25
2025-09-17 05:00:00,32.25
2025-09-17 06:00:00,26.25
2025-09-17 07:00:00,30.75
2025-09-17 08:00:00,29.25
2025-09-17 09:00:00,40.75
2025-09-17 10:00:00,53.5
2025-09-17 11:00:00,53.25
2025-09-17 12:00:00,43.0
2025-09-17 13:00:00,45.25
2025-09-17 14:00:00,39.5
2025-09-17 15:00:00,47.25
2025-09-17 16:00:00,35.75
2025-09-17 17:00:00,20.5
2025-09-17 18:00:00,41.75
2025-09-17 19:00:00,31.0
2025-09-17 20:00:00,54.25
2025-09-17 21:00:00,65.5
2025-09-17 22:00:00,66.25
2025-09-17 23:00:00,63.5
2025-09-18 00:00:00,53.75
2025-09-18 01:00:00,51.25
2025-09-18 02:00:00,50.0
2025-09-18 03:00:00,45.75
2025-09-18 04:00:00,37.25
2025-09-18 05:00:00,47.0
2025-09-18 06:00:00,23.75
2025-09-18 07:00:00,13.5
2025-09-18 08:00:00,9.25
2025-09-18 09:00:00,18.75
2025-09-18 10:00:00,36.0
2025-09-18 11:00:00,49.75
2025-09-18 12:00:00,62.75
2025-09-18 13:00:00,46.75
2025-09-18 14:00:00,41.5
2025-09-18 15:00:00,40.25
2025-09-18 16:00:00,43.0
2025-09-18 17:00:00,42.75
2025-09-18 18:00:00,47.25
2025-09-18 19:00:00,38.75
2025-09-18 20:00:00,46.25
2025-09-18 21:00:00,51.5
2025-09-18 22:00:00,51.5
2025-09-18 23:00:00,56.25
2025-09-19 00:00:00,58.25
2025-09-19 01:00:00,83.0
2025-09-19 02:00:00,80.5
2025-09-19 03:00:00,77.25
2025-09-19 04:00:00,60.25
2025-09-19 05:00:00,58.5
2025-09-19 06:00:00,63.25
2025-09-19 07:00:00,62.25
2025-09-19 08:00:00,56.75
2025-09-19 09:00:00,48.0
2025-09-19 10:00:00,54.75
2025-09-19 11:00:00,43.25
2025-09-19 12:00:00,33.5
2025-09-19 13:00:00,32.5
2025-09-19 14:00:00,40.5
2025-09-19 15:00:00,29.0
2025-09-19 16:00:00,28.75
2025-09-19 17:00:00,27.0
2025-09-19 18:00:00,27.5
2025-09-19 19:00:00,25.0
2025-09-19 20:00:00,30.75
2025-09-19 21:00:00,34.0
2025-09-19 22:00:00,37.5
2025-09-19 23:00:00,36.0
2025-09-20 00:00:00,27.0
2025-09-20 01:00:00,26.5
2025-09-20 02:00:00,29.25
2025-09-20 03:00:00,37.25
2025-09-20 04:00:00,35.25
2025-09-20 05:00:00,32.75
2025-09-20 06:00:00,34.75
2025-09-20 07:00:00,39.0
2025-09-20 08:00:00,32.75
2025-09-20 09:00:00,29.25
2025-09-20 10:00:00,37.25
2025-09-20 11:00:00,48.75
2025-09-20 12:00:00,26.25
2025-09-20 13:00:00,30.75
2025-09-20 14:00:00,33.25
2025-09-20 15:00:00,38.25
2025-09-20 16:00:00,22.5
2025-09-20 17:00:00,24.0
2025-09-20 18:00:00,21.0
2025-09-20 19:00:00,27.25
2025-09-20 20:00:00,30.5
2025-09-20 21:00:00,30.5
2025-09-20 22:00:00,33.5
2025-09-20 23:00:00,29.25
2025-09-21 00:00:00,33.5
2025-09-21 01:00:00,24.75
2025-09-21 02:00:00,33.25
2025-09-21 03:00:00,27.75
2025-09-21 04:00:00,29.25
2025-09-21 05:00:00,26.5
2025-09-21 06:00:00,30.5
2025-09-21 07:00:00,31.5
2025-09-21 08:00:00,40.25
2025-09-21 09:00:00,34.75
2025-09-21 10:00:00,45.25
2025-09-21 11:00:00,49.5
2025-09-21 12:00:00,40.75
2025-09-21 13:00:00,38.75
2025-09-21 14:00:00,38.5
2025-09-21 15:00:00,38.5
2025-09-21 16:00:00,31.5
2025-09-21 17:00:00,30.5
2025-09-21 18:00:00,32.25
2025-09-21 19:00:00,32.25
2025-09-21 20:00:00,27.5
2025-09-21 21:00:00,34.25
2025-09-21 22:00:00,32.75
2025-09-21 23:00:00,39.0
2025-09-22 00:00:00,31.25
2025-09-22 01:00:00,33.75
2025-09-22 02:00:00,30.0
2025-09-22 03:00:00,32.75
2025-09-22 04:00:00,33.25
2025-09-22 05:00:00,32.0
2025-09-22 06:00:00,33.75
2025-09-22 07:00:00,36.25
2025-09-22 08:00:00,45.25
2025-09-22 09:00:00,39.0
2025-09-22 10:00:00,55.5
2025-09-22 11:00:00,46.5
2025-09-22 12:00:00,31.0
2025-09-22 13:00:00,28.0
2025-09-22 14:00:00,24.5
2025-09-22 15:00:00,34.5
2025-09-22 16:00:00,21.25
2025-09-22 17:00:00,24.75
2025-09-22 18:00:00,30.0
2025-09-22 19:00:00,27.5
2025-09-22 20:00:00,33.75
2025-09-22 21:00:00,33.5
2025-09-22 22:00:00,34.5
2025-09-22 23:00:00,32.25
2025-09-23 00:00:00,30.0
2025-09-23 01:00:00,27.0
2025-09-23 02:00:00,32.0
2025-09-23 03:00:00,33.0
2025-09-23 04:00:00,31.25
2025-09-23 05:00:00,37.5
2025-09-23 06:00:00,28.0
2025-09-23 07:00:00,37.25
2025-09-23 08:00:00,36.75
2025-09-23 09:00:00,32.25
2025-09-23 10:00:00,36.0
2025-09-23 11:00:00,34.75
2025-09-23 12:00:00,34.75
2025-09-23 13:00:00,52.25
2025-09-23 14:00:00,33.5
2025-09-23 15:00:00,27.25
2025-09-23 16:00:00,25.75
2025-09-23 17:00:00,40.5
2025-09-23 18:00:00,32.75
2025-09-23 19:00:00,11.75
2025-09-23 20:00:00,12.25
2025-09-23 21:00:00,13.75
2025-09-23 22:00:00,20.75
2025-09-23 23:00:00,15.0
2025-09-24 00:00:00,14.75
2025-09-24 01:00:00,12.5
2025-09-24 02:00:00,27.75
2025-09-24 03:00:00,32.5
2025-09-24 04:00:00,39.0
2025-09-24 05:00:00,30.75
2025-09-24 06:00:00,24.75
2025-09-24 07:00:00,26.75
2025-09-24 08:00:00,22.75
2025-09-24 09:00:00,21.75
2025-09-24 10:00:00,32.75
2025-09-24 11:00:00,30.5
2025-09-24 12:00:00,27.5
2025-09-24 13:00:00,29.0
2025-09-24 14:00:00,27.75
2025-09-24 15:00:00,31.75
2025-09-24 16:00:00,20.75
2025-09-24 17:00:00,24.5
2025-09-24 18:00:00,25.0
2025-09-24 19:00:00,22.0
2025-09-24 20:00:00,22.75
2025-09-24 21:00:00,28.25
2025-09-24 22:00:00,22.25
2025-09-24 23:00:00,27.75
2025-09-25 00:00:00,23.25
2025-09-25 01:00:00,32.25
2025-09-25 02:00:00,27.75
2025-09-25 03:00:00,35.25
2025-09-25 04:00:00,30.5
2025-09-25 05:00:00,33.25
2025-09-25 06:00:00,30.25
2025-09-25 07:00:00,28.5
2025-09-25 08:00:00,24.25
2025-09-25 09:00:00,17.75
2025-09-25 10:00:00,33.75
2025-09-25 11:00:00,41.0
2025-09-25 12:00:00,27.5
2025-09-25 13:00:00,25.5
2025-09-25 14:00:00,27.25
2025-09-25 15:00:00,29.25
2025-09-25 16:00:00,29.0
2025-09-25 17:00:00,28.25
2025-09-25 18:00:00,25.5
2025-09-25 19:00:00,27.0
2025-09-25 20:00:00,36.75
2025-09-25 21:00:00,29.0
2025-09-25 22:00:00,34.75
2025-09-25 23:00:00,33.5
2025-09-26 00:00:00,36.0
2025-09-26 01:00:00,32.0
2025-09-26 02:00:00,38.0
2025-09-26 03:00:00,32.5
2025-09-26 04:00:00,40.25
2025-09-26 05:00:00,35.75
2025-09-26 06:00:00,30.0
2025-09-26 07:00:00,27.25
2025-09-26 08:00:00,29.25
2025-09-26 09:00:00,41.25
2025-09-26 10:00:00,41.0
2025-09-26 11:00:00,39.5
2025-09-26 12:00:00,38.0
2025-09-26 13:00:00,37.0
2025-09-26 14:00:00,36.5
2025-09-26 15:00:00,37.0
2025-09-26 16:00:00,31.25
2025-09-26 17:00:00,32.25
2025-09-26 18:00:00,23.75
2025-09-26 19:00:00,30.75
2025-09-26 20:00:00,33.75
2025-09-26 21:00:00,35.0
2025-09-26 22:00:00,26.5
2025-09-26 23:00:00,31.5
2025-09-27 00:00:00,32.75
2025-09-27 01:00:00,31.5
2025-09-27 02:00:00,37.5
2025-09-27 03:00:00,37.5
2025-09-27 04:00:00,41.5
2025-09-27 05:00:00,48.75
2025-09-27 06:00:00,43.25
2025-09-27 07:00:00,41.0
2025-09-27 08:00:00,53.0
2025-09-27 09:00:00,50.75
2025-09-27 10:00:00,68.0
2025-09-27 11:00:00,67.75
2025-09-27 12:00:00,73.5
2025-09-27 13:00:00,87.25
2025-09-27 14:00:00,92.0
2025-09-27 15:00:00,77.0
2025-09-27 16:00:00,75.25
2025-09-27 17:00:00,69.25
2025-09-27 18:00:00,86.0
2025-09-27 19:00:00,71.0
2025-09-27 20:00:00,72.5
2025-09-27 21:00:00,82.25
2025-09-27 22:00:00,88.75
2025-09-27 23:00:00,110.0
2025-09-28 00:00:00,102.25
2025-09-28 01:00:00,114.0
2025-09-28 02:00:00,35.0
2025-09-28 03:00:00,29.25
2025-09-28 04:00:00,19.5
2025-09-28 05:00:00,18.75
2025-09-28 06:00:00,23.0
2025-09-28 07:00:00,18.5
2025-09-28 08:00:00,28.0
2025-09-28 09:00:00,19.25
2025-09-28 10:00:00,27.75
2025-09-28 11:00:00,55.0
2025-09-28 12:00:00,39.33
2025-09-28 13:00:00,29.25
2025-09-28 14:00:00,32.5
2025-09-28 15:00:00,33.25
2025-09-28 16:00:00,20.75
2025-09-28 17:00:00,20.75
2025-09-28 18:00:00,25.0
2025-09-28 19:00:00,21.5
2025-09-28 20:00:00,21.0
2025-09-28 21:00:00,29.0
2025-09-28 22:00:00,27.0
2025-09-28 23:00:00,31.0
2025-09-29 00:00:00,28.75
2025-09-29 01:00:00,32.5
2025-09-29 02:00:00,41.5
2025-09-29 03:00:00,42.25
2025-09-29 04:00:00,33.25
2025-09-29 05:00:00,30.0
2025-09-29 06:00:00,27.25
2025-09-29 07:00:00,26.0
2025-09-29 08:00:00,36.75
2025-09-29 09:00:00,23.25
2025-09-29 10:00:00,26.25
2025-09-29 11:00:00,29.5
2025-09-29 12:00:00,30.0
2025-09-29 13:00:00,41.75
2025-09-29 14:00:00,48.5
2025-09-29 15:00:00,33.25
2025-09-29 16:00:00,35.5
2025-09-29 17:00:00,38.75
2025-09-29 18:00:00,40.25
2025-09-29 19:00:00,61.25
2025-09-29 20:00:00,70.0
2025-09-29 21:00:00,34.0
2025-09-29 22:00:00,29.0
2025-09-29 23:00:00,35.5
2025-09-30 00:00:00,50.75
2025-09-30 01:00:00,57.0
2025-09-30 02:00:00,69.5
2025-09-30 03:00:00,46.5
2025-09-30 04:00:00,38.75
2025-09-30 05:00:00,43.25
2025-09-30 06:00:00,46.25
2025-09-30 07:00:00,48.25
2025-09-30 08:00:00,41.75
2025-09-30 09:00:00,44.25
2025-09-30 10:00:00,62.25
2025-09-30 11:00:00,70.33
2025-09-30 13:00:00,5.5
2025-09-30 14:00:00,15.5
2025-09-30 15:00:00,19.5
2025-09-30 16:00:00,34.0
2025-09-30 17:00:00,33.5
2025-09-30 18:00:00,28.25
2025-09-30 19:00:00,32.5
2025-09-30 20:00:00,38.25
2025-09-30 21:00:00,45.0
2025-09-30 22:00:00,31.5
2025-09-30 23:00:00,19.75
2025-10-01 00:00:00,16.0
2025-10-01 01:00:00,17.67
2025-10-01 02:00:00,8.0
2025-10-01 03:00:00,18.25
2025-10-01 04:00:00,18.0
2025-10-01 05:00:00,35.75
2025-10-01 06:00:00,36.75
2025-10-01 07:00:00,40.5
2025-10-01 08:00:00,55.25
2025-10-01 09:00:00,39.5
2025-10-01 10:00:00,45.0
2025-10-01 11:00:00,52.25
2025-10-01 12:00:00,65.33
2025-10-01 13:00:00,56.5
2025-10-01 14:00:00,63.25
2025-10-01 15:00:00,75.75
2025-10-01 16:00:00,66.5
2025-10-01 17:00:00,67.5
2025-10-01 18:00:00,72.0
2025-10-01 19:00:00,60.0
2025-10-01 20:00:00,62.25
2025-10-01 21:00:00,68.0
2025-10-01 22:00:00,62.5
2025-10-01 23:00:00,62.75
2025-10-02 00:00:00,38.75
2025-10-02 01:00:00,25.75
2025-10-02 02:00:00,24.25
2025-10-02 03:00:00,25.0
2025-10-02 04:00:00,24.25
2025-10-02 05:00:00,28.5
2025-10-02 06:00:00,28.75
2025-10-02 07:00:00,32.75
2025-10-02 08:00:00,45.75
2025-10-02 09:00:00,55.25
2025-10-02 10:00:00,36.25
2025-10-02 11:00:00,58.5
2025-10-02 12:00:00,72.75
2025-10-02 13:00:00,75.5
2025-10-02 14:00:00,82.5
2025-10-02 15:00:00,81.5
2025-10-02 16:00:00,39.75
2025-10-02 17:00:00,35.5
2025-10-02 18:00:00,21.0
2025-10-02 19:00:00,26.33
2025-10-02 20:00:00,56.75
2025-10-02 21:00:00,73.5
2025-10-02 22:00:00,72.0
2025-10-02 23:00:00,29.5
2025-10-03 00:00:00,19.0
2025-10-03 01:00:00,21.5
2025-10-03 02:00:00,35.75
2025-10-03 03:00:00,38.25
2025-10-03 04:00:00,52.25
2025-10-03 05:00:00,54.0
2025-10-03 06:00:00,44.5
2025-10-03 07:00:00,35.0
2025-10-03 08:00:00,32.75
2025-10-03 09:00:00,34.0
2025-10-03 10:00:00,53.5
2025-10-03 11:00:00,52.5
2025-10-03 12:00:00,40.75
2025-10-03 13:00:00,44.5
2025-10-03 14:00:00,36.0
2025-10-03 15:00:00,34.0
2025-10-03 16:00:00,21.0
2025-10-03 17:00:00,21.67
2025-10-03 18:00:00,34.5
2025-10-03 19:00:00,28.0
2025-10-03 20:00:00,21.25
2025-10-03 21:00:00,30.75
2025-10-03 22:00:00,41.0
2025-10-03 23:00:00,49.5
2025-10-04 00:00:00,45.75
2025-10-04 01:00:00,43.25
2025-10-04 02:00:00,52.0
2025-10-04 03:00:00,49.25
2025-10-04 04:00:00,51.5
2025-10-04 05:00:00,52.5
2025-10-04 06:00:00,49.5
2025-10-04 07:00:00,50.25
2025-10-04 08:00:00,113.25
2025-10-04 09:00:00,137.75
2025-10-04 10:00:00,70.75
2025-10-04 11:00:00,55.75
2025-10-04 12:00:00,53.75
2025-10-04 13:00:00,68.0
2025-10-04 14:00:00,47.0
2025-10-04 15:00:00,51.25
2025-10-04 16:00:00,43.5
2025-10-04 17:00:00,58.0
2025-10-04 18:00:00,71.0
2025-10-04 19:00:00,80.0
2025-10-04 20:00:00,84.5
2025-10-04 21:00:00,84.25
2025-10-04 22:00:00,76.0
2025-10-04 23:00:00,71.0
2025-10-05 00:00:00,70.25
2025-10-05 01:00:00,66.25
2025-10-05 02:00:00,70.75
2025-10-05 03:00:00,65.5
2025-10-05 04:00:00,78.5
2025-10-05 05:00:00,77.25
2025-10-05 06:00:00,79.0
2025-10-05 07:00:00,67.75
2025-10-05 08:00:00,59.25
2025-10-05 09:00:00,31.25
2025-10-05 10:00:00,38.5
2025-10-05 11:00:00,67.5
2025-10-05 12:00:00,90.25
2025-10-05 13:00:00,83.0
2025-10-05 14:00:00,94.75
2025-10-05 15:00:00,77.75
2025-10-05 16:00:00,66.25
2025-10-05 17:00:00,58.5
2025-10-05 18:00:00,56.0
2025-10-05 19:00:00,57.25
2025-10-05 20:00:00,62.5
2025-10-05 21:00:00,63.75
2025-10-05 22:00:00,66.75
2025-10-05 23:00:00,71.25
2025-10-06 00:00:00,15.25
2025-10-06 01:00:00,16.5
2025-10-06 03:00:00,0.0
2025-10-06 04:00:00,13.75
2025-10-06 05:00:00,22.75
2025-10-06 06:00:00,20.0
2025-10-06 07:00:00,25.25
2025-10-06 08:00:00,30.5
2025-10-06 09:00:00,35.0
2025-10-06 10:00:00,42.0
2025-10-06 11:00:00,50.5
2025-10-06 12:00:00,50.75
2025-10-06 13:00:00,36.5
2025-10-06 14:00:00,31.25
2025-10-06 15:00:00,17.25
2025-10-06 16:00:00,19.5
2025-10-06 17:00:00,24.0
2025-10-06 18:00:00,34.75
2025-10-06 19:00:00,43.5
2025-10-06 20:00:00,39.75
2025-10-06 21:00:00,28.5
2025-10-06 22:00:00,33.75
2025-10-06 23:00:00,26.25
2025-10-07 00:00:00,20.5
2025-10-07 01:00:00,15.5
2025-10-07 02:00:00,20.25
2025-10-07 03:00:00,25.25
2025-10-07 04:00:00,19.0
2025-10-07 05:00:00,17.75
2025-10-07 06:00:00,14.0
2025-10-07 07:00:00,11.0
2025-10-07 08:00:00,19.5
2025-10-07 09:00:00,13.75
2025-10-07 10:00:00,21.5
2025-10-07 11:00:00,27.75
2025-10-07 12:00:00,21.25
2025-10-07 13:00:00,30.75
2025-10-07 14:00:00,34.75
2025-10-07 15:00:00,27.75
2025-10-07 16:00:00,28.33
2025-10-07 18:00:00,8.0
2025-10-07 19:00:00,14.33
2025-10-07 20:00:00,31.5
2025-10-07 21:00:00,54.5
2025-10-07 22:00:00,26.5
2025-10-07 23:00:00,30.0
2025-10-08 00:00:00,31.75
2025-10-08 01:00:00,28.0
2025-10-08 02:00:00,42.5
2025-10-08 03:00:00,31.75
2025-10-08 04:00:00,37.0
2025-10-08 05:00:00,31.75
2025-10-08 06:00:00,20.0
2025-10-08 07:00:00,25.5
2025-10-08 08:00:00,30.25
2025-10-08 09:00:00,30.5
2025-10-08 10:00:00,32.75
2025-10-08 11:00:00,27.75
2025-10-08 12:00:00,42.25
2025-10-08 13:00:00,37.25
2025-10-08 14:00:00,47.25
2025-10-08 15:00:00,38.75
2025-10-08 16:00:00,30.0
2025-10-08 17:00:00,33.0
2025-10-08 18:00:00,25.75
2025-10-08 19:00:00,34.75
2025-10-08 20:00:00,47.0
2025-10-08 21:00:00,30.75
2025-10-08 22:00:00,29.5
2025-10-08 23:00:00,34.5
2025-10-09 00:00:00,32.5
2025-10-09 01:00:00,21.0
2025-10-09 02:00:00,27.25
2025-10-09 03:00:00,30.0
2025-10-09 04:00:00,33.75
2025-10-09 05:00:00,35.25
2025-10-09 06:00:00,28.5
2025-10-09 07:00:00,19.0
2025-10-09 08:00:00,34.25
2025-10-09 09:00:00,36.5
2025-10-09 10:00:00,44.5
2025-10-09 11:00:00,33.75
2025-10-09 12:00:00,34.25
2025-10-09 13:00:00,45.25
2025-10-09 14:00:00,37.25
2025-10-09 15:00:00,31.25
2025-10-09 16:00:00,33.5
2025-10-09 17:00:00,29.75
2025-10-09 18:00:00,31.25
2025-10-09 19:00:00,35.25
2025-10-09 20:00:00,44.25
2025-10-09 21:00:00,63.5
2025-10-09 22:00:00,58.75
2025-10-09 23:00:00,62.25
2025-10-10 00:00:00,59.25
2025-10-10 01:00:00,59.75
2025-10-10 02:00:00,47.75
2025-10-10 03:00:00,41.5
2025-10-10 04:00:00,33.25
2025-10-10 05:00:00,48.25
2025-10-10 06:00:00,46.5
2025-10-10 07:00:00,49.0
2025-10-10 08:00:00,47.0
2025-10-10 09:00:00,48.25
2025-10-10 10:00:00,70.0
2025-10-10 11:00:00,77.0
2025-10-10 12:00:00,57.25
2025-10-10 13:00:00,71.25
2025-10-10 14:00:00,61.5
2025-10-10 15:00:00,51.0
2025-10-10 16:00:00,44.0
2025-10-10 17:00:00,50.75
2025-10-10 18:00:00,56.0
2025-10-10 19:00:00,68.25
2025-10-10 20:00:00,60.75
2025-10-10 21:00:00,74.75
2025-10-10 22:00:00,78.75
2025-10-10 23:00:00,91.75
2025-10-11 00:00:00,95.75
2025-10-11 01:00:00,121.75
2025-10-11 02:00:00,126.0
2025-10-11 03:00:00,126.25
2025-10-11 04:00:00,112.75
2025-10-11 05:00:00,95.25
2025-10-11 06:00:00,74.5
2025-10-11 07:00:00,78.25
2025-10-11 08:00:00,71.5
2025-10-11 09:00:00,61.75
2025-10-11 10:00:00,59.75
2025-10-11 11:00:00,57.5
2025-10-11 12:00:00,57.5
2025-10-11 13:00:00,56.75
2025-10-11 14:00:00,59.75
2025-10-11 15:00:00,64.0
2025-10-11 16:00:00,53.25
2025-10-11 17:00:00,59.0
2025-10-11 18:00:00,60.5
2025-10-11 19:00:00,58.25
2025-10-11 20:00:00,57.5
2025-10-11 21:00:00,78.75
2025-10-11 22:00:00,80.25
2025-10-11 23:00:00,69.25
2025-10-12 00:00:00,60.0
2025-10-12 01:00:00,50.0
2025-10-12 02:00:00,75.0
2025-10-12 03:00:00,89.25
2025-10-12 04:00:00,76.25
2025-10-12 05:00:00,59.25
2025-10-12 06:00:00,58.25
2025-10-12 07:00:00,64.5
2025-10-12 08:00:00,65.5
2025-10-12 09:00:00,68.25
2025-10-12 10:00:00,81.75
2025-10-12 11:00:00,81.5
2025-10-12 12:00:00,53.0
2025-10-12 13:00:00,56.25
2025-10-12 14:00:00,46.0
2025-10-12 15:00:00,35.25
2025-10-12 16:00:00,29.0
2025-10-12 17:00:00,48.5
2025-10-12 18:00:00,52.5
2025-10-12 19:00:00,53.25
2025-10-12 20:00:00,77.75
2025-10-12 21:00:00,84.75
2025-10-12 22:00:00,69.5
2025-10-12 23:00:00,66.0
2025-10-13 00:00:00,73.75
2025-10-13 01:00:00,63.5
2025-10-13 02:00:00,62.75
2025-10-13 03:00:00,62.5
2025-10-13 04:00:00,75.25
2025-10-13 05:00:00,84.75
2025-10-13 06:00:00,86.5
2025-10-13 07:00:00,75.25
2025-10-13 08:00:00,100.75
2025-10-13 09:00:00,76.25
2025-10-13 10:00:00,78.0
2025-10-13 11:00:00,73.75
2025-10-13 12:00:00,54.25
2025-10-13 13:00:00,61.0
2025-10-13 14:00:00,60.5
2025-10-13 15:00:00,51.75
2025-10-13 16:00:00,54.25
2025-10-13 17:00:00,57.0
2025-10-13 18:00:00,62.0
2025-10-13 19:00:00,68.75
2025-10-13 20:00:00,79.5
2025-10-13 21:00:00,96.75
2025-10-13 22:00:00,107.5
2025-10-13 23:00:00,109.75
2025-10-14 00:00:00,111.75
2025-10-14 01:00:00,123.0
2025-10-14 02:00:00,98.0
2025-10-14 03:00:00,94.25
2025-10-14 04:00:00,80.75
2025-10-14 05:00:00,78.25
2025-10-14 06:00:00,71.75
2025-10-14 07:00:00,74.75
2025-10-14 08:00:00,73.75
2025-10-14 09:00:00,88.25
2025-10-14 10:00:00,86.75
2025-10-14 11:00:00,70.5
2025-10-14 12:00:00,54.0
2025-10-14 13:00:00,59.0
2025-10-14 14:00:00,66.5
2025-10-14 15:00:00,43.5
2025-10-14 16:00:00,44.5
2025-10-14 17:00:00,59.25
2025-10-14 18:00:00,48.25
2025-10-14 19:00:00,49.5
2025-10-14 20:00:00,71.5
2025-10-14 21:00:00,90.0
2025-10-14 22:00:00,83.75
2025-10-14 23:00:00,84.5
2025-10-15 00:00:00,89.0
2025-10-15 01:00:00,100.25
2025-10-15 02:00:00,113.5
2025-10-15 03:00:00,97.5
2025-10-15 04:00:00,80.0
2025-10-15 05:00:00,76.5
2025-10-15 06:00:00,74.5
2025-10-15 07:00:00,69.75
2025-10-15 08:00:00,92.0
2025-10-15 09:00:00,109.5
2025-10-15 10:00:00,93.5
2025-10-15 11:00:00,74.75
2025-10-15 12:00:00,61.5
2025-10-15 13:00:00,70.0
2025-10-15 14:00:00,67.0
2025-10-15 15:00:00,56.75
2025-10-15 16:00:00,46.25
2025-10-15 17:00:00,45.25
2025-10-15 18:00:00,55.25
2025-10-15 19:00:00,57.75
2025-10-15 20:00:00,70.5
2025-10-15 21:00:00,82.5
2025-10-15 22:00:00,100.5
2025-10-15 23:00:00,104.0
2025-10-16 00:00:00,100.5
2025-10-16 01:00:00,126.5
2025-10-16 02:00:00,144.5
2025-10-16 03:00:00,140.5
2025-10-16 04:00:00,130.25
2025-10-16 05:00:00,125.25
2025-10-16 06:00:00,117.5
2025-10-16 07:00:00,118.5
2025-10-16 08:00:00,131.0
2025-10-16 09:00:00,109.5
2025-10-16 10:00:00,104.0
2025-10-16 11:00:00,118.5
2025-10-16 12:00:00,68.25
2025-10-16 13:00:00,75.5
2025-10-16 14:00:00,74.5
2025-10-16 15:00:00,62.5
2025-10-16 16:00:00,65.25
2025-10-16 17:00:00,65.75
2025-10-16 18:00:00,71.25
2025-10-16 19:00:00,69.25
2025-10-16 20:00:00,84.5
2025-10-16 21:00:00,113.75
2025-10-16 22:00:00,130.75
2025-10-16 23:00:00,164.5
2025-10-17 00:00:00,155.75
2025-10-17 01:00:00,132.0
2025-10-17 02:00:00,109.25
2025-10-17 03:00:00,105.25
2025-10-17 04:00:00,99.5
2025-10-17 05:00:00,106.75
2025-10-17 06:00:00,118.75
2025-10-17 07:00:00,137.5
2025-10-17 08:00:00,138.75
2025-10-17 09:00:00,111.25
2025-10-17 10:00:00,110.25
2025-10-17 11:00:00,113.0
2025-10-17 12:00:00,118.25
2025-10-17 13:00:00,102.0
2025-10-17 14:00:00,99.75
2025-10-17 15:00:00,79.75
2025-10-17 16:00:00,72.25
2025-10-17 17:00:00,71.25
2025-10-17 18:00:00,78.0
2025-10-17 19:00:00,80.0
2025-10-17 20:00:00,90.75
2025-10-17 21:00:00,98.5
2025-10-17 22:00:00,121.0
2025-10-17 23:00:00,134.0
2025-10-18 00:00:00,153.75
2025-10-18 01:00:00,157.5
2025-10-18 02:00:00,162.5
2025-10-18 03:00:00,144.5
2025-10-18 04:00:00,132.25
2025-10-18 05:00:00,127.0
2025-10-18 06:00:00,140.75
2025-10-18 07:00:00,139.75
2025-10-18 08:00:00,140.5
2025-10-18 09:00:00,140.5
2025-10-18 10:00:00,152.25
2025-10-18 11:00:00,115.5
2025-10-18 12:00:00,87.0
2025-10-18 13:00:00,76.75
2025-10-18 14:00:00,79.0
2025-10-18 15:00:00,77.0
2025-10-18 16:00:00,74.0
2025-10-18 17:00:00,83.5
2025-10-18 18:00:00,84.25
2025-10-18 19:00:00,95.75
2025-10-18 20:00:00,122.0
2025-10-18 21:00:00,128.0
2025-10-18 22:00:00,138.25
2025-10-18 23:00:00,156.75
2025-10-19 00:00:00,198.25
2025-10-19 01:00:00,213.5
2025-10-19 02:00:00,186.0
2025-10-19 03:00:00,152.25
2025-10-19 04:00:00,158.25
2025-10-19 05:00:00,188.75
2025-10-19 06:00:00,179.75
2025-10-19 07:00:00,159.25
2025-10-19 08:00:00,155.5
2025-10-19 09:00:00,169.25
2025-10-19 10:00:00,190.75
2025-10-19 11:00:00,198.75
2025-10-19 12:00:00,118.0
2025-10-19 13:00:00,104.0
2025-10-19 14:00:00,93.0
2025-10-19 15:00:00,97.0
2025-10-19 16:00:00,94.75
2025-10-19 17:00:00,93.5
2025-10-19 18:00:00,93.0
2025-10-19 19:00:00,115.0
2025-10-19 20:00:00,172.25
2025-10-19 21:00:00,203.25
2025-10-19 22:00:00,202.5
2025-10-19 23:00:00,244.25
2025-10-20 00:00:00,309.75
2025-10-20 01:00:00,294.5
2025-10-20 02:00:00,280.75
2025-10-20 03:00:00,254.25
2025-10-20 04:00:00,205.0
2025-10-20 05:00:00,180.25
2025-10-20 06:00:00,176.5
2025-10-20 07:00:00,233.5
2025-10-20 08:00:00,301.5
2025-10-20 09:00:00,276.5
2025-10-20 10:00:00,259.5
2025-10-20 11:00:00,268.25
2025-10-20 12:00:00,153.0
2025-10-20 13:00:00,121.25
2025-10-20 14:00:00,94.5
2025-10-20 15:00:00,81.0
2025-10-20 16:00:00,78.75
2025-10-20 17:00:00,87.25
2025-10-20 18:00:00,76.0
2025-10-20 19:00:00,108.75
2025-10-20 20:00:00,158.75
2025-10-20 21:00:00,276.0
2025-10-20 22:00:00,453.0
2025-10-20 23:00:00,762.33
2025-10-21 03:00:00,759.75
2025-10-21 04:00:00,398.75
2025-10-21 05:00:00,374.5
2025-10-21 06:00:00,398.5
2025-10-21 07:00:00,378.25
2025-10-21 08:00:00,343.25
2025-10-21 09:00:00,262.25
2025-10-21 10:00:00,178.75
2025-10-21 11:00:00,109.0
2025-10-21 12:00:00,70.0
2025-10-21 13:00:00,90.0
2025-10-21 14:00:00,104.5
2025-10-21 15:00:00,93.5
2025-10-21 16:00:00,97.0
2025-10-21 17:00:00,98.5
2025-10-21 18:00:00,141.0
2025-10-21 19:00:00,178.0
2025-10-21 20:00:00,172.25
2025-10-21 21:00:00,274.75
2025-10-21 22:00:00,312.5
2025-10-21 23:00:00,362.5
2025-10-22 00:00:00,424.25
2025-10-22 01:00:00,426.0
2025-10-22 02:00:00,337.0
2025-10-22 03:00:00,241.5
2025-10-22 04:00:00,187.75
2025-10-22 05:00:00,152.75
2025-10-22 06:00:00,154.5
2025-10-22 07:00:00,163.0
2025-10-22 08:00:00,188.0
2025-10-22 09:00:00,264.0
2025-10-22 10:00:00,312.5
2025-10-22 11:00:00,303.25
2025-10-22 12:00:00,207.25
2025-10-22 13:00:00,179.0
2025-10-22 14:00:00,133.5
2025-10-22 15:00:00,107.5
2025-10-22 16:00:00,103.5
2025-10-22 17:00:00,97.0
2025-10-22 18:00:00,108.5
2025-10-22 19:00:00,93.25
2025-10-22 20:00:00,103.0
2025-10-22 21:00:00,128.25
2025-10-22 22:00:00,161.5
2025-10-22 23:00:00,165.25
2025-10-23 00:00:00,168.0
2025-10-23 01:00:00,154.5
2025-10-23 02:00:00,142.25
2025-10-23 03:00:00,144.5
2025-10-23 04:00:00,136.25
2025-10-23 05:00:00,147.25
2025-10-23 06:00:00,161.75
2025-10-23 07:00:00,144.0
2025-10-23 08:00:00,136.5
2025-10-23 09:00:00,136.5
2025-10-23 10:00:00,145.75
2025-10-23 11:00:00,151.75
2025-10-23 12:00:00,143.0
2025-10-23 13:00:00,153.0
2025-10-23 14:00:00,144.0
2025-10-23 15:00:00,95.5
2025-10-23 16:00:00,63.25
2025-10-23 17:00:00,67.5
2025-10-23 18:00:00,74.5
2025-10-23 19:00:00,82.75
2025-10-23 20:00:00,95.75
2025-10-23 21:00:00,123.5
2025-10-23 22:00:00,153.5
2025-10-23 23:00:00,201.75
2025-10-24 00:00:00,207.75
2025-10-24 01:00:00,222.75
2025-10-24 02:00:00,227.0
2025-10-24 03:00:00,215.0
2025-10-24 04:00:00,208.0
2025-10-24 05:00:00,166.0
2025-10-24 06:00:00,141.0
2025-10-24 07:00:00,113.0
2025-10-24 08:00:00,98.5
2025-10-24 09:00:00,81.25
2025-10-24 10:00:00,116.0
2025-10-24 11:00:00,122.25
2025-10-24 12:00:00,111.5
2025-10-24 13:00:00,108.0
2025-10-24 14:00:00,71.5
2025-10-24 15:00:00,65.5
2025-10-24 16:00:00,71.5
2025-10-24 17:00:00,73.75
2025-10-24 18:00:00,65.0
2025-10-24 19:00:00,61.25
2025-10-24 20:00:00,67.0
2025-10-24 21:00:00,82.5
2025-10-24 22:00:00,101.25
2025-10-24 23:00:00,128.0
2025-10-25 00:00:00,184.5
2025-10-25 01:00:00,177.0
2025-10-25 02:00:00,158.25
2025-10-25 03:00:00,152.0
2025-10-25 04:00:00,145.5
2025-10-25 05:00:00,158.75
2025-10-25 06:00:00,156.75
2025-10-25 07:00:00,158.75
2025-10-25 08:00:00,181.75
2025-10-25 09:00:00,189.75
2025-10-25 10:00:00,176.25
2025-10-25 11:00:00,218.5
2025-10-25 12:00:00,129.25
2025-10-25 13:00:00,136.25
2025-10-25 14:00:00,109.5
2025-10-25 15:00:00,102.25
2025-10-25 16:00:00,95.75
2025-10-25 17:00:00,98.5
2025-10-25 18:00:00,103.75
2025-10-25 19:00:00,119.25
2025-10-25 20:00:00,142.0
2025-10-25 21:00:00,187.75
2025-10-25 22:00:00,184.75
2025-10-25 23:00:00,181.25
2025-10-26 00:00:00,187.25
2025-10-26 01:00:00,205.25
2025-10-26 02:00:00,211.75
2025-10-26 03:00:00,185.0
2025-10-26 04:00:00,177.5
2025-10-26 05:00:00,179.75
2025-10-26 06:00:00,156.0
2025-10-26 07:00:00,144.25
2025-10-26 08:00:00,156.5
2025-10-26 09:00:00,150.0
2025-10-26 10:00:00,110.0
2025-10-26 11:00:00,183.25
2025-10-26 12:00:00,160.25
2025-10-26 13:00:00,129.5
2025-10-26 14:00:00,106.0
2025-10-26 15:00:00,71.25
2025-10-26 16:00:00,72.25
2025-10-26 17:00:00,61.0
2025-10-26 18:00:00,69.0
2025-10-26 19:00:00,78.25
2025-10-26 20:00:00,96.25
2025-10-26 21:00:00,117.5
2025-10-26 22:00:00,125.0
2025-10-26 23:00:00,155.0
2025-10-27 00:00:00,179.25
2025-10-27 01:00:00,166.0
2025-10-27 02:00:00,154.25
2025-10-27 03:00:00,135.5
2025-10-27 04:00:00,133.5
2025-10-27 05:00:00,130.75
2025-10-27 06:00:00,157.0
2025-10-27 07:00:00,184.25
2025-10-27 08:00:00,200.75
2025-10-27 09:00:00,253.5
2025-10-27 10:00:00,160.5
2025-10-27 11:00:00,166.5
2025-10-27 12:00:00,147.0
2025-10-27 13:00:00,130.25
2025-10-27 14:00:00,126.5
2025-10-27 15:00:00,107.5
2025-10-27 16:00:00,102.5
2025-10-27 17:00:00,87.75
2025-10-27 18:00:00,101.75
2025-10-27 19:00:00,130.75
2025-10-27 20:00:00,132.5
2025-10-27 21:00:00,124.75
2025-10-27 22:00:00,122.0
2025-10-27 23:00:00,130.0
2025-10-28 00:00:00,141.5
2025-10-28 01:00:00,133.0
2025-10-28 02:00:00,126.75
2025-10-28 03:00:00,115.0
2025-10-28 04:00:00,113.0
2025-10-28 05:00:00,115.0
2025-10-28 06:00:00,133.75
2025-10-28 07:00:00,162.0
2025-10-28 08:00:00,182.5
2025-10-28 09:00:00,181.75
2025-10-28 10:00:00,178.75
2025-10-28 11:00:00,137.5
2025-10-28 12:00:00,86.75
2025-10-28 13:00:00,114.25
2025-10-28 14:00:00,109.0
2025-10-28 15:00:00,88.25
2025-10-28 16:00:00,84.0
2025-10-28 17:00:00,87.5
2025-10-28 18:00:00,113.25
2025-10-28 19:00:00,109.0
2025-10-28 20:00:00,112.5
2025-10-28 21:00:00,105.5
2025-10-28 22:00:00,107.75
2025-10-28 23:00:00,106.5
2025-10-29 00:00:00,94.25
2025-10-29 01:00:00,77.0
2025-10-29 02:00:00,64.5
2025-10-29 03:00:00,56.5
2025-10-29 04:00:00,68.5
2025-10-29 05:00:00,98.25
2025-10-29 06:00:00,109.0
2025-10-29 07:00:00,118.5
2025-10-29 08:00:00,128.75
2025-10-29 09:00:00,142.75
2025-10-29 10:00:00,137.75
2025-10-29 11:00:00,119.5
2025-10-29 12:00:00,132.75
2025-10-29 13:00:00,151.5
2025-10-29 14:00:00,157.5
2025-10-29 15:00:00,174.75
2025-10-29 16:00:00,212.75
2025-10-29 17:00:00,202.5
2025-10-29 18:00:00,179.25
2025-10-29 19:00:00,173.75
2025-10-29 20:00:00,172.75
2025-10-29 21:00:00,194.5
2025-10-29 22:00:00,220.25
2025-10-29 23:00:00,220.5
2025-10-30 00:00:00,230.0
2025-10-30 01:00:00,226.5
2025-10-30 02:00:00,241.0
2025-10-30 03:00:00,241.0
2025-10-30 04:00:00,248.0
2025-10-30 05:00:00,245.0
2025-10-30 06:00:00,266.5
2025-10-30 07:00:00,260.25
2025-10-30 08:00:00,266.0
2025-10-30 09:00:00,284.0
2025-10-30 10:00:00,333.0
2025-10-30 11:00:00,314.75
2025-10-30 12:00:00,146.75
2025-10-30 13:00:00,143.75
2025-10-30 14:00:00,119.0
2025-10-30 15:00:00,116.5
2025-10-30 16:00:00,111.5
2025-10-30 17:00:00,83.5
2025-10-30 18:00:00,81.0
2025-10-30 19:00:00,88.75
2025-10-30 20:00:00,94.5
2025-10-30 21:00:00,76.75
2025-10-30 22:00:00,76.75
2025-10-30 23:00:00,73.75
2025-10-31 00:00:00,64.25
2025-10-31 01:00:00,70.0
2025-10-31 02:00:00,61.5
2025-10-31 03:00:00,60.0
2025-10-31 04:00:00,58.0
2025-10-31 05:00:00,56.5
2025-10-31 06:00:00,51.5
2025-10-31 07:00:00,49.0
2025-10-31 08:00:00,63.25
2025-10-31 09:00:00,89.0
2025-10-31 10:00:00,121.25
2025-10-31 11:00:00,101.75
2025-10-31 12:00:00,112.0
2025-10-31 13:00:00,107.5
2025-10-31 14:00:00,105.0
2025-10-31 15:00:00,81.0
2025-10-31 16:00:00,76.0
2025-10-31 17:00:00,86.5
2025-10-31 18:00:00,78.0
2025-10-31 19:00:00,85.0
2025-10-31 20:00:00,106.5
2025-10-31 21:00:00,114.25
2025-10-31 22:00:00,140.0
2025-10-31 23:00:00,134.75
2025-11-01 00:00:00,127.5
2025-11-01 01:00:00,123.75
2025-11-01 02:00:00,108.5
2025-11-01 03:00:00,106.75
2025-11-01 04:00:00,98.75
2025-11-01 05:00:00,95.5
2025-11-01 06:00:00,141.75
2025-11-01 07:00:00,151.5
2025-11-01 08:00:00,188.75
2025-11-01 09:00:00,261.25
2025-11-01 10:00:00,312.75
2025-11-01 11:00:00,321.0
2025-11-01 12:00:00,218.5
2025-11-01 13:00:00,221.25
2025-11-01 14:00:00,235.25
2025-11-01 15:00:00,219.0
2025-11-01 16:00:00,128.0
2025-11-01 17:00:00,120.75
2025-11-01 18:00:00,154.75
2025-11-01 19:00:00,240.25
2025-11-01 20:00:00,271.75
2025-11-01 21:00:00,272.75
2025-11-01 22:00:00,248.0
2025-11-01 23:00:00,235.5
2025-11-02 00:00:00,207.5
2025-11-02 01:00:00,201.75
2025-11-02 02:00:00,171.25
2025-11-02 03:00:00,180.25
2025-11-02 04:00:00,252.5
2025-11-02 05:00:00,325.5
2025-11-02 06:00:00,332.5
2025-11-02 07:00:00,296.75
2025-11-02 08:00:00,307.5
2025-11-02 09:00:00,301.75
2025-11-02 10:00:00,274.75
2025-11-02 11:00:00,260.0
2025-11-02 12:00:00,177.75
2025-11-02 13:00:00,124.75
2025-11-02 14:00:00,87.5
2025-11-02 15:00:00,87.75
2025-11-02 16:00:00,94.5
2025-11-02 17:00:00,104.25
2025-11-02 18:00:00,104.0
2025-11-02 19:00:00,103.25
2025-11-02 20:00:00,132.75
2025-11-02 21:00:00,151.25
2025-11-02 22:00:00,167.75
2025-11-02 23:00:00,161.5
2025-11-03 00:00:00,138.5
2025-11-03 01:00:00,143.25
2025-11-03 02:00:00,333.5
2025-11-03 03:00:00,289.0
2025-11-03 04:00:00,180.0
2025-11-03 05:00:00,153.0
2025-11-03 06:00:00,187.5
2025-11-03 07:00:00,183.5
2025-11-03 08:00:00,163.25
2025-11-03 09:00:00,181.5
2025-11-03 10:00:00,221.0
2025-11-03 11:00:00,335.25
2025-11-03 12:00:00,326.5
2025-11-03 13:00:00,252.0
2025-11-03 14:00:00,213.5
2025-11-03 15:00:00,179.75
2025-11-03 16:00:00,149.0
2025-11-03 17:00:00,134.25
2025-11-03 18:00:00,122.75
2025-11-03 19:00:00,124.25
2025-11-03 20:00:00,141.0
2025-11-03 21:00:00,144.5
2025-11-03 22:00:00,167.0
2025-11-03 23:00:00,160.0
2025-11-04 00:00:00,147.0
2025-11-04 01:00:00,134.5
2025-11-04 02:00:00,142.5
2025-11-04 03:00:00,136.5
2025-11-04 04:00:00,124.5
2025-11-04 05:00:00,147.0
2025-11-04 06:00:00,152.25
2025-11-04 07:00:00,140.5
2025-11-04 08:00:00,149.5
2025-11-04 09:00:00,150.75
2025-11-04 10:00:00,131.0
2025-11-04 11:00:00,102.75
2025-11-04 12:00:00,84.75
2025-11-04 13:00:00,115.75
2025-11-04 14:00:00,75.75
2025-11-04 15:00:00,54.0
2025-11-04 16:00:00,46.0
2025-11-04 17:00:00,49.0
2025-11-04 18:00:00,52.25
2025-11-04 19:00:00,49.5
2025-11-04 20:00:00,64.25
2025-11-04 21:00:00,96.75
2025-11-04 22:00:00,111.5
2025-11-04 23:00:00,90.25
2025-11-05 00:00:00,102.5
2025-11-05 01:00:00,104.5
2025-11-05 02:00:00,81.5
2025-11-05 03:00:00,75.25
2025-11-05 04:00:00,70.25
2025-11-05 05:00:00,84.0
2025-11-05 06:00:00,107.0
2025-11-05 07:00:00,103.0
2025-11-05 08:00:00,85.5
2025-11-05 09:00:00,37.5
2025-11-05 10:00:00,62.5
2025-11-05 13:00:00,163.5
2025-11-05 14:00:00,115.5
2025-11-05 15:00:00,88.25
2025-11-05 16:00:00,73.0
2025-11-05 17:00:00,72.25
2025-11-05 18:00:00,87.75
2025-11-05 19:00:00,84.75
2025-11-05 20:00:00,123.5
2025-11-05 21:00:00,165.75
2025-11-05 22:00:00,198.0
2025-11-05 23:00:00,277.75
2025-11-06 00:00:00,334.0
2025-11-06 01:00:00,267.25
2025-11-06 02:00:00,249.25
2025-11-06 03:00:00,185.0
2025-11-06 04:00:00,219.25
2025-11-06 05:00:00,238.5
2025-11-06 06:00:00,309.5
2025-11-06 07:00:00,344.25
2025-11-06 08:00:00,317.33
2025-11-06 09:00:00,222.0
2025-11-06 10:00:00,215.0
2025-11-06 11:00:00,126.5
2025-11-06 12:00:00,88.25
2025-11-06 13:00:00,92.75
2025-11-06 14:00:00,79.5
2025-11-06 15:00:00,63.5
2025-11-06 16:00:00,63.0
2025-11-06 17:00:00,59.25
2025-11-06 18:00:00,72.75
2025-11-06 19:00:00,77.25
2025-11-06 20:00:00,90.75
2025-11-06 21:00:00,117.75
2025-11-06 22:00:00,142.25
2025-11-06 23:00:00,180.0
2025-11-07 00:00:00,287.25
2025-11-07 01:00:00,386.75
2025-11-07 02:00:00,378.25
2025-11-07 03:00:00,412.0
2025-11-07 04:00:00,470.67
2025-11-07 05:00:00,481.0
2025-11-07 06:00:00,416.75
2025-11-07 07:00:00,291.25
2025-11-07 08:00:00,251.5
2025-11-07 09:00:00,195.75
2025-11-07 10:00:00,166.25
2025-11-07 11:00:00,176.25
2025-11-07 12:00:00,168.5
2025-11-07 13:00:00,128.0
2025-11-07 14:00:00,105.0
2025-11-07 15:00:00,81.75
2025-11-07 16:00:00,89.75
2025-11-07 17:00:00,103.25
2025-11-07 18:00:00,91.0
2025-11-07 19:00:00,95.0
2025-11-07 20:00:00,107.0
2025-11-07 21:00:00,126.0
2025-11-07 22:00:00,155.25
2025-11-07 23:00:00,194.0
2025-11-08 00:00:00,204.25
2025-11-08 01:00:00,296.75
2025-11-08 02:00:00,347.25
2025-11-08 03:00:00,368.25
2025-11-08 04:00:00,404.0
2025-11-08 05:00:00,414.5
2025-11-08 06:00:00,446.5
2025-11-08 07:00:00,428.25
2025-11-08 08:00:00,512.25
2025-11-08 09:00:00,463.25
2025-11-08 10:00:00,472.25
2025-11-08 11:00:00,364.75
2025-11-08 12:00:00,165.0
2025-11-08 13:00:00,187.25
2025-11-08 14:00:00,181.0
2025-11-08 15:00:00,173.5
2025-11-08 16:00:00,170.0
2025-11-08 17:00:00,187.0
2025-11-08 18:00:00,173.75
2025-11-08 19:00:00,173.25
2025-11-08 20:00:00,184.75
2025-11-08 21:00:00,176.5
2025-11-08 22:00:00,186.5
2025-11-08 23:00:00,198.25
2025-11-09 00:00:00,199.25
2025-11-09 01:00:00,239.75
2025-11-09 02:00:00,286.75
2025-11-09 03:00:00,320.5
2025-11-09 04:00:00,335.75
2025-11-09 05:00:00,368.0
2025-11-09 06:00:00,402.0
2025-11-09 07:00:00,394.25
2025-11-09 08:00:00,387.75
2025-11-09 09:00:00,322.25
2025-11-09 10:00:00,292.5
2025-11-09 11:00:00,264.25
2025-11-09 12:00:00,203.75
2025-11-09 13:00:00,148.0
2025-11-09 14:00:00,78.25
2025-11-09 15:00:00,70.0
2025-11-09 16:00:00,74.25
2025-11-09 17:00:00,87.25
2025-11-09 18:00:00,101.75
2025-11-09 19:00:00,104.75
2025-11-09 20:00:00,162.5
2025-11-09 21:00:00,213.5
2025-11-09 22:00:00,223.75
2025-11-09 23:00:00,220.0
2025-11-10 00:00:00,208.5
2025-11-10 01:00:00,238.0
2025-11-10 02:00:00,252.0
2025-11-10 03:00:00,273.75
2025-11-10 04:00:00,311.5
2025-11-10 05:00:00,344.75
2025-11-10 06:00:00,341.0
2025-11-10 07:00:00,373.0
2025-11-10 08:00:00,330.5
2025-11-10 09:00:00,289.5
2025-11-10 10:00:00,403.75
2025-11-10 11:00:00,402.0
2025-11-10 12:00:00,261.0
2025-11-10 13:00:00,191.0
2025-11-10 14:00:00,184.0
2025-11-10 15:00:00,165.0
2025-11-10 16:00:00,181.0
2025-11-10 17:00:00,188.5
2025-11-10 18:00:00,200.25
2025-11-10 19:00:00,250.5
2025-11-10 20:00:00,284.25
2025-11-10 21:00:00,368.25
2025-11-10 22:00:00,386.5
2025-11-10 23:00:00,422.25
2025-11-11 00:00:00,388.5
2025-11-11 01:00:00,393.75
2025-11-11 02:00:00,435.75
2025-11-11 03:00:00,418.5
2025-11-11 04:00:00,472.0
2025-11-11 05:00:00,446.75
2025-11-11 06:00:00,491.75
2025-11-11 07:00:00,461.5
2025-11-11 08:00:00,488.75
2025-11-11 09:00:00,412.25
2025-11-11 10:00:00,368.0
2025-11-11 11:00:00,339.25
2025-11-11 12:00:00,240.75
2025-11-11 13:00:00,242.25
2025-11-11 14:00:00,152.75
2025-11-11 15:00:00,135.25
2025-11-11 16:00:00,144.5
2025-11-11 17:00:00,155.75
2025-11-11 18:00:00,148.0
2025-11-11 19:00:00,156.0
2025-11-11 20:00:00,173.25
2025-11-11 21:00:00,206.25
2025-11-11 22:00:00,321.75
2025-11-11 23:00:00,415.25
2025-11-12 00:00:00,478.5
2025-11-12 01:00:00,532.5
2025-11-12 02:00:00,527.25
2025-11-12 03:00:00,476.25
2025-11-12 04:00:00,479.5
2025-11-12 05:00:00,458.25
2025-11-12 06:00:00,499.75
2025-11-12 07:00:00,478.5
2025-11-12 08:00:00,474.25
2025-11-12 09:00:00,457.25
2025-11-12 10:00:00,394.25
2025-11-12 11:00:00,349.0
2025-11-12 12:00:00,283.25
2025-11-12 13:00:00,215.0
2025-11-12 14:00:00,164.25
2025-11-12 15:00:00,150.25
2025-11-12 16:00:00,162.5
2025-11-12 17:00:00,160.0
2025-11-12 18:00:00,171.75
2025-11-12 19:00:00,173.25
2025-11-12 20:00:00,188.5
2025-11-12 21:00:00,218.5
2025-11-12 22:00:00,242.75
2025-11-12 23:00:00,255.75
2025-11-13 00:00:00,261.5
2025-11-13 01:00:00,305.5
2025-11-13 02:00:00,318.75
2025-11-13 03:00:00,318.25
2025-11-13 04:00:00,370.5
2025-11-13 05:00:00,395.75
2025-11-13 06:00:00,381.5
2025-11-13 07:00:00,408.25
2025-11-13 08:00:00,375.5
2025-11-13 09:00:00,356.25
2025-11-13 10:00:00,334.25
2025-11-13 11:00:00,276.75
2025-11-13 12:00:00,242.5
2025-11-13 13:00:00,202.75
2025-11-13 14:00:00,184.25
2025-11-13 15:00:00,162.25
2025-11-13 16:00:00,167.25
2025-11-13 17:00:00,165.5
2025-11-13 18:00:00,191.0
2025-11-13 19:00:00,226.25
2025-11-13 20:00:00,264.5
2025-11-13 21:00:00,295.25
2025-11-13 22:00:00,296.0
2025-11-13 23:00:00,272.0
2025-11-14 00:00:00,289.0
2025-11-14 01:00:00,236.0
2025-11-14 02:00:00,211.25
2025-11-14 03:00:00,219.5
2025-11-14 04:00:00,243.75
2025-11-14 05:00:00,278.25
2025-11-14 06:00:00,262.0
2025-11-14 07:00:00,269.0
2025-11-14 08:00:00,283.0
2025-11-14 09:00:00,241.75
2025-11-14 10:00:00,243.75
2025-11-14 11:00:00,236.0
2025-11-14 12:00:00,206.25
2025-11-14 13:00:00,214.5
2025-11-14 14:00:00,180.5
2025-11-14 15:00:00,145.5
2025-11-14 16:00:00,127.5
2025-11-14 17:00:00,145.75
2025-11-14 18:00:00,145.25
2025-11-14 19:00:00,168.5
2025-11-14 20:00:00,220.75
2025-11-14 21:00:00,285.75
2025-11-14 22:00:00,346.5
2025-11-14 23:00:00,289.0
2025-11-15 00:00:00,263.5
2025-11-15 01:00:00,293.25
2025-11-15 02:00:00,309.25
2025-11-15 03:00:00,314.5
2025-11-15 04:00:00,318.0
2025-11-15 05:00:00,349.25
2025-11-15 06:00:00,344.5
2025-11-15 07:00:00,377.75
2025-11-15 08:00:00,303.0
2025-11-15 09:00:00,270.25
2025-11-15 10:00:00,285.5
2025-11-15 11:00:00,268.5
2025-11-15 12:00:00,202.75
2025-11-15 13:00:00,188.5
2025-11-15 14:00:00,154.25
2025-11-15 15:00:00,116.5
2025-11-15 16:00:00,116.75
2025-11-15 17:00:00,124.5
2025-11-15 18:00:00,130.0
2025-11-15 19:00:00,143.25
2025-11-15 20:00:00,169.25
2025-11-15 21:00:00,192.25
2025-11-15 22:00:00,236.75
2025-11-15 23:00:00,299.25
2025-11-16 00:00:00,356.5
2025-11-16 01:00:00,367.25
2025-11-16 02:00:00,429.5
2025-11-16 03:00:00,412.75
2025-11-16 04:00:00,412.25
2025-11-16 05:00:00,395.75
2025-11-16 06:00:00,370.0
2025-11-16 07:00:00,362.25
2025-11-16 08:00:00,315.0
2025-11-16 09:00:00,294.5
2025-11-16 10:00:00,283.5
2025-11-16 11:00:00,242.5
2025-11-16 12:00:00,167.25
2025-11-16 13:00:00,101.5
2025-11-16 14:00:00,104.0
2025-11-16 15:00:00,118.5
2025-11-16 16:00:00,109.75
2025-11-16 17:00:00,103.75
2025-11-16 18:00:00,101.75
2025-11-16 19:00:00,111.75
2025-11-16 20:00:00,142.5
2025-11-16 21:00:00,167.5
2025-11-16 22:00:00,199.0
2025-11-16 23:00:00,229.25
2025-11-17 00:00:00,292.0
2025-11-17 01:00:00,326.25
2025-11-17 02:00:00,320.75
2025-11-17 03:00:00,370.5
2025-11-17 04:00:00,351.5
2025-11-17 05:00:00,311.75
2025-11-17 06:00:00,307.25
2025-11-17 07:00:00,283.25
2025-11-17 08:00:00,201.5
2025-11-17 09:00:00,191.75
2025-11-17 10:00:00,187.5
2025-11-17 11:00:00,185.25
2025-11-17 12:00:00,156.0
2025-11-17 13:00:00,156.5
2025-11-17 14:00:00,118.75
2025-11-17 15:00:00,98.75
2025-11-17 16:00:00,98.5
2025-11-17 17:00:00,101.0
2025-11-17 18:00:00,103.25
2025-11-17 19:00:00,96.5
2025-11-17 20:00:00,120.5
2025-11-17 21:00:00,133.5
2025-11-17 22:00:00,138.0
2025-11-17 23:00:00,221.75
2025-11-18 00:00:00,253.25
2025-11-18 01:00:00,287.5
2025-11-18 02:00:00,293.25
2025-11-18 03:00:00,272.0
2025-11-18 04:00:00,283.0
2025-11-18 05:00:00,299.0
2025-11-18 06:00:00,276.75
2025-11-18 07:00:00,274.25
2025-11-18 08:00:00,329.0
2025-11-18 09:00:00,395.75
2025-11-18 10:00:00,439.5
2025-11-18 11:00:00,413.5
2025-11-18 12:00:00,256.0
2025-11-18 13:00:00,233.0
2025-11-18 14:00:00,173.25
2025-11-18 15:00:00,134.5
2025-11-18 16:00:00,144.25
2025-11-18 17:00:00,149.25
2025-11-18 18:00:00,142.0
2025-11-18 19:00:00,154.25
2025-11-18 20:00:00,187.5
2025-11-18 21:00:00,217.25
2025-11-18 22:00:00,271.25
2025-11-18 23:00:00,281.0
2025-11-19 00:00:00,303.5
2025-11-19 01:00:00,357.75
2025-11-19 02:00:00,348.0
2025-11-19 03:00:00,328.0
2025-11-19 04:00:00,369.25
2025-11-19 05:00:00,368.0
2025-11-19 06:00:00,414.0
2025-11-19 07:00:00,458.75
2025-11-19 08:00:00,454.75
2025-11-19 09:00:00,526.5
2025-11-19 10:00:00,496.0
2025-11-19 11:00:00,444.0
2025-11-19 12:00:00,347.0
2025-11-19 13:00:00,200.0
2025-11-19 14:00:00,186.75
2025-11-19 15:00:00,167.25
2025-11-19 16:00:00,159.0
2025-11-19 17:00:00,148.0
2025-11-19 18:00:00,138.5
2025-11-19 19:00:00,146.5
2025-11-19 20:00:00,159.0
2025-11-19 21:00:00,231.75
2025-11-19 22:00:00,308.75
2025-11-19 23:00:00,323.5
2025-11-20 00:00:00,281.75
2025-11-20 01:00:00,314.5
2025-11-20 02:00:00,305.0
2025-11-20 03:00:00,322.5
2025-11-20 04:00:00,348.25
2025-11-20 05:00:00,337.0
2025-11-20 06:00:00,321.25
2025-11-20 07:00:00,318.25
2025-11-20 08:00:00,284.5
2025-11-20 09:00:00,296.25
2025-11-20 10:00:00,333.5
2025-11-20 11:00:00,295.5
2025-11-20 12:00:00,201.5
2025-11-20 13:00:00,173.0
2025-11-20 14:00:00,172.25
2025-11-20 15:00:00,124.5
2025-11-20 16:00:00,144.5
2025-11-20 17:00:00,145.0
2025-11-20 18:00:00,142.25
2025-11-20 19:00:00,155.25
2025-11-20 20:00:00,167.0
2025-11-20 21:00:00,185.0
2025-11-20 22:00:00,216.5
2025-11-20 23:00:00,211.5
2025-11-21 00:00:00,216.5
2025-11-21 01:00:00,225.0
2025-11-21 02:00:00,248.25
2025-11-21 03:00:00,416.75
2025-11-21 04:00:00,515.0
2025-11-21 05:00:00,597.0
2025-11-21 06:00:00,281.75
2025-11-21 07:00:00,244.5
2025-11-21 08:00:00,314.0
2025-11-21 09:00:00,282.25
2025-11-21 10:00:00,242.0
2025-11-21 11:00:00,201.5
2025-11-21 12:00:00,191.0
2025-11-21 13:00:00,129.5
2025-11-21 14:00:00,110.25
2025-11-21 15:00:00,100.25
2025-11-21 16:00:00,110.75
2025-11-21 17:00:00,114.0
2025-11-21 18:00:00,105.5
2025-11-21 19:00:00,145.0
2025-11-21 20:00:00,191.25
2025-11-21 21:00:00,194.75
2025-11-21 22:00:00,202.0
2025-11-21 23:00:00,192.5
2025-11-22 00:00:00,182.5
2025-11-22 01:00:00,216.25
2025-11-22 02:00:00,273.5
2025-11-22 03:00:00,285.5
2025-11-22 04:00:00,342.25
2025-11-22 05:00:00,315.75
2025-11-22 06:00:00,294.0
2025-11-22 07:00:00,303.75
2025-11-22 08:00:00,304.75
2025-11-22 09:00:00,330.75
2025-11-22 10:00:00,352.5
2025-11-22 11:00:00,275.75
2025-11-22 12:00:00,253.75
2025-11-22 13:00:00,198.25
2025-11-22 14:00:00,147.75
2025-11-22 15:00:00,150.75
2025-11-22 16:00:00,142.75
2025-11-22 17:00:00,152.75
2025-11-22 18:00:00,159.75
2025-11-22 19:00:00,180.75
2025-11-22 20:00:00,232.0
2025-11-22 21:00:00,297.0
2025-11-22 22:00:00,308.5
2025-11-22 23:00:00,283.5
2025-11-23 00:00:00,274.5
2025-11-23 01:00:00,293.5
2025-11-23 02:00:00,308.0
2025-11-23 03:00:00,336.25
2025-11-23 04:00:00,333.25
2025-11-23 05:00:00,290.75
2025-11-23 06:00:00,259.25
2025-11-23 07:00:00,273.0
2025-11-23 08:00:00,299.5
2025-11-23 09:00:00,327.0
2025-11-23 10:00:00,398.75
2025-11-23 11:00:00,421.75
2025-11-23 12:00:00,338.75
2025-11-23 13:00:00,231.25
2025-11-23 14:00:00,153.75
2025-11-23 15:00:00,162.5
2025-11-23 16:00:00,227.25
2025-11-23 17:00:00,196.75
2025-11-23 18:00:00,194.0
2025-11-23 19:00:00,209.25
2025-11-23 20:00:00,235.25
2025-11-23 21:00:00,262.75
2025-11-23 22:00:00,278.5
2025-11-23 23:00:00,292.25
2025-11-24 00:00:00,310.5
2025-11-24 01:00:00,286.25
2025-11-24 02:00:00,256.0
2025-11-24 03:00:00,248.25
2025-11-24 04:00:00,242.75
2025-11-24 05:00:00,227.25
2025-11-24 06:00:00,225.75
2025-11-24 07:00:00,253.25
2025-11-24 08:00:00,283.25
2025-11-24 09:00:00,324.0
2025-11-24 10:00:00,299.5
2025-11-24 11:00:00,321.0
2025-11-24 12:00:00,215.5
2025-11-24 13:00:00,184.0
2025-11-24 14:00:00,143.0
2025-11-24 15:00:00,157.67
2025-11-24 16:00:00,121.0
2025-11-24 17:00:00,131.5
2025-11-24 18:00:00,127.5
2025-11-24 19:00:00,140.75
2025-11-24 20:00:00,155.75
2025-11-24 21:00:00,173.75
2025-11-24 22:00:00,223.25
2025-11-24 23:00:00,217.75
2025-11-25 00:00:00,238.75
2025-11-25 01:00:00,235.0
2025-11-25 02:00:00,248.5
2025-11-25 03:00:00,224.0
2025-11-25 04:00:00,202.75
2025-11-25 05:00:00,208.75
2025-11-25 06:00:00,211.0
2025-11-25 07:00:00,261.75
2025-11-25 08:00:00,270.0
2025-11-25 09:00:00,255.75
2025-11-25 10:00:00,245.25
2025-11-25 11:00:00,210.25
2025-11-25 12:00:00,134.5
2025-11-25 13:00:00,140.0
2025-11-25 14:00:00,107.5
2025-11-25 15:00:00,86.25
2025-11-25 16:00:00,91.75
2025-11-25 17:00:00,102.25
2025-11-25 18:00:00,100.0
2025-11-25 19:00:00,109.5
2025-11-25 20:00:00,149.5
2025-11-25 21:00:00,178.5
2025-11-25 22:00:00,190.5
2025-11-25 23:00:00,195.75
2025-11-26 00:00:00,198.5
2025-11-26 01:00:00,218.0
2025-11-26 02:00:00,206.5
2025-11-26 03:00:00,184.0
2025-11-26 04:00:00,178.25
2025-11-26 05:00:00,185.5
2025-11-26 06:00:00,220.25
2025-11-26 07:00:00,208.0
2025-11-26 08:00:00,177.25
2025-11-26 09:00:00,178.0
2025-11-26 10:00:00,180.0
2025-11-26 11:00:00,181.5
2025-11-26 12:00:00,165.5
2025-11-26 13:00:00,132.5
2025-11-26 14:00:00,125.5
2025-11-26 15:00:00,107.5
2025-11-26 16:00:00,106.0
2025-11-26 17:00:00,110.25
2025-11-26 18:00:00,124.75
2025-11-26 19:00:00,117.75
2025-11-26 20:00:00,144.75
2025-11-26 21:00:00,148.5
2025-11-26 22:00:00,173.0
2025-11-26 23:00:00,186.5
2025-11-27 00:00:00,193.75
2025-11-27 01:00:00,242.25
2025-11-27 02:00:00,259.5
2025-11-27 03:00:00,242.75
2025-11-27 04:00:00,237.0
2025-11-27 05:00:00,232.0
2025-11-27 06:00:00,223.0
2025-11-27 07:00:00,222.75
2025-11-27 08:00:00,245.0
2025-11-27 09:00:00,360.25
2025-11-27 10:00:00,318.5
2025-11-27 11:00:00,220.0
2025-11-27 12:00:00,169.25
2025-11-27 13:00:00,159.25
2025-11-27 14:00:00,146.0
2025-11-27 15:00:00,117.75
2025-11-27 16:00:00,105.25
2025-11-27 17:00:00,108.75
2025-11-27 18:00:00,81.0
2025-11-27 19:00:00,98.5
2025-11-27 20:00:00,125.25
2025-11-27 21:00:00,180.0
2025-11-27 22:00:00,241.25
2025-11-27 23:00:00,248.25
2025-11-28 00:00:00,282.75
2025-11-28 01:00:00,324.5
2025-11-28 02:00:00,320.25
2025-11-28 03:00:00,339.5
2025-11-28 04:00:00,303.5
2025-11-28 05:00:00,259.25
2025-11-28 06:00:00,234.25
2025-11-28 07:00:00,262.75
2025-11-28 08:00:00,250.75
2025-11-28 09:00:00,248.0
2025-11-28 10:00:00,229.25
2025-11-28 11:00:00,226.25
2025-11-28 12:00:00,154.25
2025-11-28 13:00:00,120.25
2025-11-28 14:00:00,101.0
2025-11-28 15:00:00,88.25
2025-11-28 16:00:00,101.75
2025-11-28 17:00:00,104.0
2025-11-28 18:00:00,109.0
2025-11-28 19:00:00,112.0
2025-11-28 20:00:00,135.5
2025-11-28 21:00:00,151.25
2025-11-28 22:00:00,174.5
2025-11-28 23:00:00,198.25
2025-11-29 00:00:00,193.25
2025-11-29 01:00:00,216.0
2025-11-29 02:00:00,178.0
2025-11-29 03:00:00,144.75
2025-11-29 04:00:00,130.5
2025-11-29 05:00:00,131.0
2025-11-29 06:00:00,137.75
2025-11-29 07:00:00,135.75
2025-11-29 08:00:00,156.0
2025-11-29 09:00:00,121.75
2025-11-29 10:00:00,129.0
2025-11-29 11:00:00,119.25
2025-11-29 12:00:00,122.0
2025-11-29 13:00:00,93.5
2025-11-29 14:00:00,64.5
2025-11-29 15:00:00,58.0
2025-11-29 16:00:00,60.25
2025-11-29 17:00:00,71.0
2025-11-29 18:00:00,73.5
2025-11-29 19:00:00,93.0
2025-11-29 20:00:00,112.75
2025-11-29 21:00:00,117.0
2025-11-29 22:00:00,110.5
2025-11-29 23:00:00,106.5
2025-11-30 00:00:00,100.5
2025-11-30 01:00:00,96.0
2025-11-30 02:00:00,87.5
2025-11-30 03:00:00,125.0
2025-11-30 04:00:00,126.0
2025-11-30 05:00:00,114.0
2025-11-30 06:00:00,112.25
2025-11-30 07:00:00,112.75
2025-11-30 08:00:00,116.0
2025-11-30 09:00:00,111.0
2025-11-30 10:00:00,114.0
2025-11-30 11:00:00,129.25
2025-11-30 12:00:00,127.0
2025-11-30 13:00:00,102.0
2025-11-30 14:00:00,70.75
2025-11-30 15:00:00,65.25
2025-11-30 16:00:00,75.75
2025-11-30 17:00:00,100.0
2025-11-30 18:00:00,103.25
2025-11-30 19:00:00,110.75
2025-11-30 20:00:00,141.0
2025-11-30 21:00:00,176.75
2025-11-30 22:00:00,175.0
2025-11-30 23:00:00,138.75
2025-12-01 00:00:00,131.0
2025-12-01 01:00:00,139.5
2025-12-01 02:00:00,147.75
2025-12-01 03:00:00,138.75
2025-12-01 04:00:00,151.25
2025-12-01 05:00:00,145.0
2025-12-01 06:00:00,151.5
2025-12-01 07:00:00,157.75
2025-12-01 08:00:00,159.33
2025-12-01 09:00:00,207.0
2025-12-01 10:00:00,213.5
2025-12-01 11:00:00,154.25
2025-12-01 12:00:00,130.25
2025-12-01 13:00:00,103.5
2025-12-01 14:00:00,83.75
2025-12-01 15:00:00,96.75
2025-12-01 16:00:00,85.0
2025-12-01 17:00:00,94.75
2025-12-01 18:00:00,106.25
2025-12-01 19:00:00,128.0
2025-12-01 20:00:00,163.75
2025-12-01 21:00:00,212.75
2025-12-01 22:00:00,242.75
2025-12-01 23:00:00,277.0
2025-12-02 00:00:00,309.75
2025-12-02 01:00:00,323.5
2025-12-02 02:00:00,358.5
2025-12-02 03:00:00,374.25
2025-12-02 04:00:00,264.5
2025-12-02 05:00:00,200.0
2025-12-02 06:00:00,207.5
2025-12-02 07:00:00,303.5
2025-12-02 08:00:00,285.0
2025-12-02 09:00:00,285.75
2025-12-02 10:00:00,317.25
2025-12-02 11:00:00,357.75
2025-12-02 12:00:00,316.0
2025-12-02 13:00:00,255.25
2025-12-02 14:00:00,234.5
2025-12-02 15:00:00,216.75
2025-12-02 16:00:00,151.25
2025-12-02 17:00:00,141.25
2025-12-02 18:00:00,138.75
2025-12-02 19:00:00,138.75
2025-12-02 20:00:00,176.75
2025-12-02 21:00:00,243.25
2025-12-02 22:00:00,252.0
2025-12-02 23:00:00,221.5
2025-12-03 00:00:00,203.0
2025-12-03 01:00:00,204.5
2025-12-03 02:00:00,190.75
2025-12-03 03:00:00,176.5
2025-12-03 04:00:00,154.0
2025-12-03 05:00:00,144.0
2025-12-03 06:00:00,135.0
2025-12-03 07:00:00,161.75
2025-12-03 08:00:00,171.25
2025-12-03 09:00:00,170.5
2025-12-03 10:00:00,154.5
2025-12-03 11:00:00,147.5
2025-12-03 12:00:00,137.0
2025-12-03 13:00:00,102.0
2025-12-03 14:00:00,94.0
2025-12-03 15:00:00,81.5
2025-12-03 16:00:00,71.75
2025-12-03 17:00:00,79.25
2025-12-03 18:00:00,87.25
2025-12-03 19:00:00,90.75
2025-12-03 20:00:00,113.75
2025-12-03 21:00:00,147.0
2025-12-03 22:00:00,160.0
2025-12-03 23:00:00,165.75
2025-12-04 00:00:00,133.25
2025-12-04 01:00:00,140.75
2025-12-04 02:00:00,127.5
2025-12-04 03:00:00,132.25
2025-12-04 04:00:00,140.75
2025-12-04 05:00:00,154.5
2025-12-04 06:00:00,150.25
2025-12-04 07:00:00,155.25
2025-12-04 08:00:00,192.75
2025-12-04 09:00:00,179.0
2025-12-04 10:00:00,166.25
2025-12-04 11:00:00,144.25
2025-12-04 12:00:00,117.75
2025-12-04 13:00:00,104.5
2025-12-04 14:00:00,102.0
2025-12-04 15:00:00,91.25
2025-12-04 16:00:00,98.25
2025-12-04 17:00:00,106.5
2025-12-04 18:00:00,115.75
2025-12-04 19:00:00,120.75
2025-12-04 20:00:00,185.0
2025-12-04 21:00:00,247.0
2025-12-04 22:00:00,261.0
2025-12-04 23:00:00,243.25
2025-12-05 00:00:00,227.5
2025-12-05 01:00:00,211.25
2025-12-05 02:00:00,207.75
2025-12-05 03:00:00,161.5
2025-12-05 04:00:00,162.0
2025-12-05 05:00:00,179.0
2025-12-05 06:00:00,156.25
2025-12-05 07:00:00,145.5
2025-12-05 08:00:00,154.0
2025-12-05 09:00:00,151.75
2025-12-05 10:00:00,180.0
2025-12-05 11:00:00,165.25
2025-12-05 12:00:00,146.0
2025-12-05 13:00:00,142.0
2025-12-05 14:00:00,135.25
2025-12-05 15:00:00,123.25
2025-12-05 16:00:00,115.75
2025-12-05 17:00:00,118.5
2025-12-05 18:00:00,113.5
2025-12-05 19:00:00,124.5
2025-12-05 20:00:00,154.5
2025-12-05 21:00:00,184.0
2025-12-05 22:00:00,187.5
2025-12-05 23:00:00,189.0
2025-12-06 00:00:00,196.5
2025-12-06 01:00:00,181.75
2025-12-06 02:00:00,163.0
2025-12-06 03:00:00,164.25
2025-12-06 04:00:00,154.25
2025-12-06 05:00:00,163.25
2025-12-06 06:00:00,225.0
2025-12-06 07:00:00,219.25
2025-12-06 08:00:00,171.0
2025-12-06 09:00:00,129.0
2025-12-06 10:00:00,137.75
2025-12-06 11:00:00,157.25
2025-12-06 12:00:00,157.5
2025-12-06 13:00:00,138.25
2025-12-06 14:00:00,111.25
2025-12-06 15:00:00,82.5
2025-12-06 16:00:00,84.5
2025-12-06 17:00:00,98.75
2025-12-06 18:00:00,138.75
2025-12-06 19:00:00,157.25
2025-12-06 20:00:00,180.0
2025-12-06 21:00:00,188.75
2025-12-06 22:00:00,197.0
2025-12-06 23:00:00,162.5
2025-12-07 00:00:00,156.75
2025-12-07 01:00:00,144.5
2025-12-07 02:00:00,128.25
2025-12-07 03:00:00,132.0
2025-12-07 04:00:00,142.5
2025-12-07 05:00:00,156.25
2025-12-07 06:00:00,149.25
2025-12-07 07:00:00,149.75
2025-12-07 08:00:00,151.0
2025-12-07 09:00:00,159.0
2025-12-07 10:00:00,192.25
2025-12-07 11:00:00,183.25
2025-12-07 12:00:00,155.5
2025-12-07 13:00:00,139.75
2025-12-07 14:00:00,124.0
2025-12-07 15:00:00,114.5
2025-12-07 16:00:00,121.0
2025-12-07 17:00:00,144.75
2025-12-07 18:00:00,150.75
2025-12-07 19:00:00,165.0
2025-12-07 20:00:00,197.5
2025-12-07 21:00:00,203.0
2025-12-07 22:00:00,174.75
2025-12-07 23:00:00,161.25
2025-12-08 00:00:00,151.75
2025-12-08 01:00:00,151.5
2025-12-08 02:00:00,157.0
2025-12-08 03:00:00,138.0
2025-12-08 04:00:00,138.75
2025-12-08 05:00:00,123.25
2025-12-08 06:00:00,128.25
2025-12-08 07:00:00,147.75
2025-12-08 08:00:00,147.75
2025-12-08 09:00:00,168.25
2025-12-08 10:00:00,169.75
2025-12-08 11:00:00,165.5
2025-12-08 12:00:00,141.25
2025-12-08 13:00:00,102.25
2025-12-08 14:00:00,82.0
2025-12-08 15:00:00,72.25
2025-12-08 16:00:00,71.25
2025-12-08 17:00:00,80.25
2025-12-08 18:00:00,94.25
2025-12-08 19:00:00,120.5
2025-12-08 20:00:00,138.75
2025-12-08 21:00:00,181.5
2025-12-08 22:00:00,188.75
2025-12-08 23:00:00,194.0
2025-12-09 00:00:00,167.0
2025-12-09 01:00:00,133.0
2025-12-09 02:00:00,124.25
2025-12-09 03:00:00,116.0
2025-12-09 04:00:00,104.75
2025-12-09 05:00:00,102.0
2025-12-09 06:00:00,116.0
2025-12-09 07:00:00,141.5
2025-12-09 08:00:00,153.5
2025-12-09 09:00:00,136.5
2025-12-09 10:00:00,151.0
2025-12-09 11:00:00,124.75
2025-12-09 12:00:00,121.0
2025-12-09 13:00:00,99.25
2025-12-09 14:00:00,68.5
2025-12-09 15:00:00,54.5
2025-12-09 16:00:00,51.75
2025-12-09 17:00:00,56.5
2025-12-09 18:00:00,80.0
2025-12-09 19:00:00,92.25
2025-12-09 20:00:00,131.75
2025-12-09 21:00:00,165.75
2025-12-09 22:00:00,185.0
2025-12-09 23:00:00,154.25
2025-12-10 00:00:00,137.0
2025-12-10 01:00:00,119.25
2025-12-10 02:00:00,109.0
2025-12-10 03:00:00,116.0
2025-12-10 04:00:00,107.25
2025-12-10 05:00:00,100.0
2025-12-10 06:00:00,95.0
2025-12-10 07:00:00,97.75
2025-12-10 08:00:00,96.5
2025-12-10 09:00:00,101.5
2025-12-10 10:00:00,120.5
2025-12-10 11:00:00,102.25
2025-12-10 12:00:00,92.25
2025-12-10 13:00:00,87.25
2025-12-10 14:00:00,71.25
2025-12-10 15:00:00,61.0
2025-12-10 16:00:00,53.25
2025-12-10 17:00:00,68.25
2025-12-10 18:00:00,71.5
2025-12-10 19:00:00,79.75
2025-12-10 20:00:00,109.75
2025-12-10 21:00:00,125.75
2025-12-10 22:00:00,156.5
2025-12-10 23:00:00,173.5
2025-12-11 00:00:00,191.25
2025-12-11 01:00:00,227.5
2025-12-11 02:00:00,247.75
2025-12-11 03:00:00,220.25
2025-12-11 04:00:00,186.75
2025-12-11 05:00:00,162.25
2025-12-11 06:00:00,129.0
2025-12-11 07:00:00,119.25
2025-12-11 08:00:00,126.5
2025-12-11 09:00:00,145.0
2025-12-11 10:00:00,185.0
2025-12-11 11:00:00,182.75
2025-12-11 12:00:00,132.75
2025-12-11 13:00:00,137.25
2025-12-11 14:00:00,119.5
2025-12-11 15:00:00,87.25
2025-12-11 16:00:00,68.5
2025-12-11 17:00:00,84.25
2025-12-11 18:00:00,80.25
2025-12-11 19:00:00,94.75
2025-12-11 20:00:00,148.0
2025-12-11 21:00:00,164.0
2025-12-11 22:00:00,183.25
2025-12-11 23:00:00,230.5
2025-12-12 00:00:00,243.0
2025-12-12 01:00:00,268.25
2025-12-12 02:00:00,270.5
2025-12-12 03:00:00,279.75
2025-12-12 04:00:00,285.0
2025-12-12 05:00:00,304.5
2025-12-12 06:00:00,291.75
2025-12-12 07:00:00,270.0
2025-12-12 08:00:00,264.25
2025-12-12 09:00:00,250.25
2025-12-12 10:00:00,268.75
2025-12-12 11:00:00,230.5
2025-12-12 12:00:00,191.0
2025-12-12 13:00:00,179.0
2025-12-12 14:00:00,149.25
2025-12-12 15:00:00,125.5
2025-12-12 16:00:00,135.5
2025-12-12 17:00:00,174.25
2025-12-12 18:00:00,183.75
2025-12-12 19:00:00,195.25
2025-12-12 20:00:00,218.25
2025-12-12 21:00:00,252.5
2025-12-12 22:00:00,284.0
2025-12-12 23:00:00,361.5
2025-12-13 00:00:00,363.0
2025-12-13 01:00:00,412.0
2025-12-13 02:00:00,383.25
2025-12-13 03:00:00,379.0
2025-12-13 04:00:00,370.5
2025-12-13 05:00:00,343.0
2025-12-13 06:00:00,364.5
2025-12-13 07:00:00,351.75
2025-12-13 08:00:00,365.0
2025-12-13 09:00:00,436.75
2025-12-13 10:00:00,489.5
2025-12-13 11:00:00,479.75
2025-12-13 12:00:00,429.25
2025-12-13 13:00:00,385.25
2025-12-13 14:00:00,319.75
2025-12-13 15:00:00,339.0
2025-12-13 16:00:00,338.5
2025-12-13 17:00:00,336.5
2025-12-13 18:00:00,351.5
2025-12-13 19:00:00,366.25
2025-12-13 20:00:00,381.75
2025-12-13 21:00:00,399.75
2025-12-13 22:00:00,411.75
2025-12-13 23:00:00,386.25
2025-12-14 00:00:00,415.0
2025-12-14 01:00:00,436.0
2025-12-14 02:00:00,404.75
2025-12-14 03:00:00,538.0
2025-12-14 04:00:00,622.0
2025-12-14 05:00:00,451.5
2025-12-14 06:00:00,383.75
2025-12-14 07:00:00,364.0
2025-12-14 08:00:00,335.5
2025-12-14 09:00:00,360.0
2025-12-14 10:00:00,619.0
2025-12-14 11:00:00,715.0
2025-12-14 12:00:00,692.75
2025-12-14 13:00:00,600.75
2025-12-14 14:00:00,344.5
2025-12-14 15:00:00,373.25
2025-12-14 16:00:00,338.75
2025-12-14 17:00:00,389.75
2025-12-14 18:00:00,387.0
2025-12-14 19:00:00,334.25
2025-12-14 20:00:00,378.75
2025-12-14 21:00:00,346.25
2025-12-14 22:00:00,320.5
2025-12-14 23:00:00,350.75
2025-12-15 00:00:00,367.25
2025-12-15 01:00:00,369.75
2025-12-15 02:00:00,407.5
2025-12-15 03:00:00,435.5
2025-12-15 04:00:00,449.5
2025-12-15 05:00:00,414.5
2025-12-15 06:00:00,402.75
2025-12-15 07:00:00,342.25
2025-12-15 08:00:00,288.75
2025-12-15 09:00:00,272.25
2025-12-15 10:00:00,283.5
2025-12-15 11:00:00,298.25
2025-12-15 12:00:00,284.5
2025-12-15 13:00:00,238.5
2025-12-15 14:00:00,160.25
2025-12-15 15:00:00,175.5
2025-12-15 16:00:00,229.5
2025-12-15 17:00:00,233.25
2025-12-15 18:00:00,223.75
2025-12-15 19:00:00,218.0
2025-12-15 20:00:00,265.75
2025-12-15 21:00:00,264.5
2025-12-15 22:00:00,237.75
2025-12-15 23:00:00,203.5
2025-12-16 00:00:00,230.25
2025-12-16 01:00:00,211.75
2025-12-16 02:00:00,180.75
2025-12-16 03:00:00,158.5
2025-12-16 04:00:00,150.0
2025-12-16 05:00:00,188.25
2025-12-16 06:00:00,223.75
2025-12-16 07:00:00,189.25
2025-12-16 08:00:00,191.5
2025-12-16 09:00:00,164.75
2025-12-16 10:00:00,187.75
2025-12-16 11:00:00,174.75
2025-12-16 12:00:00,114.75
2025-12-16 13:00:00,106.75
2025-12-16 14:00:00,92.75
2025-12-16 15:00:00,81.0
2025-12-16 16:00:00,84.5
2025-12-16 17:00:00,99.0
2025-12-16 18:00:00,125.25
2025-12-16 19:00:00,145.25
2025-12-16 20:00:00,166.75
2025-12-16 21:00:00,204.75
2025-12-16 22:00:00,206.25
2025-12-16 23:00:00,207.75
2025-12-17 00:00:00,204.75
2025-12-17 01:00:00,216.75
2025-12-17 02:00:00,182.0
2025-12-17 03:00:00,171.75
2025-12-17 04:00:00,181.75
2025-12-17 05:00:00,189.0
2025-12-17 06:00:00,216.25
2025-12-17 07:00:00,195.25
2025-12-17 08:00:00,191.0
2025-12-17 09:00:00,195.0
2025-12-17 10:00:00,188.5
2025-12-17 11:00:00,187.5
2025-12-17 12:00:00,143.0
2025-12-17 13:00:00,130.5
2025-12-17 14:00:00,126.25
2025-12-17 15:00:00,109.75
2025-12-17 16:00:00,100.5
2025-12-17 17:00:00,102.25
2025-12-17 18:00:00,106.0
2025-12-17 19:00:00,147.25
2025-12-17 20:00:00,230.75
2025-12-17 21:00:00,387.75
2025-12-17 22:00:00,438.0
2025-12-17 23:00:00,422.75
2025-12-18 00:00:00,315.5
2025-12-18 01:00:00,331.75
2025-12-18 02:00:00,336.5
2025-12-18 03:00:00,248.25
2025-12-18 04:00:00,229.75
2025-12-18 05:00:00,179.75
2025-12-18 06:00:00,133.25
2025-12-18 07:00:00,123.25
2025-12-18 08:00:00,110.5
2025-12-18 09:00:00,126.0
2025-12-18 10:00:00,138.0
2025-12-18 11:00:00,170.5
2025-12-18 12:00:00,191.25
2025-12-18 13:00:00,191.5
2025-12-18 14:00:00,197.25
2025-12-18 15:00:00,193.25
2025-12-18 16:00:00,219.0
2025-12-18 17:00:00,220.75
2025-12-18 18:00:00,192.0
2025-12-18 19:00:00,180.75
2025-12-18 20:00:00,189.75
2025-12-18 21:00:00,222.5
2025-12-18 22:00:00,228.0
2025-12-18 23:00:00,219.5
2025-12-19 00:00:00,233.0
2025-12-19 01:00:00,256.0
2025-12-19 02:00:00,259.75
2025-12-19 03:00:00,198.75
2025-12-19 04:00:00,154.75
2025-12-19 05:00:00,123.0
2025-12-19 06:00:00,108.75
2025-12-19 07:00:00,176.75
2025-12-19 08:00:00,183.5
2025-12-19 09:00:00,175.25
2025-12-19 10:00:00,198.0
2025-12-19 11:00:00,237.0
2025-12-19 12:00:00,239.25
2025-12-19 13:00:00,228.25
2025-12-19 14:00:00,202.0
2025-12-19 15:00:00,138.75
2025-12-19 16:00:00,128.25
2025-12-19 17:00:00,158.75
2025-12-19 18:00:00,169.75
2025-12-19 19:00:00,176.25
2025-12-19 20:00:00,192.75
2025-12-19 21:00:00,234.0
2025-12-19 22:00:00,297.25
2025-12-19 23:00:00,311.75
2025-12-20 00:00:00,334.25
2025-12-20 01:00:00,370.5
2025-12-20 02:00:00,391.75
2025-12-20 03:00:00,385.75
2025-12-20 04:00:00,341.0
2025-12-20 05:00:00,266.25
2025-12-20 06:00:00,247.0
2025-12-20 07:00:00,386.75
2025-12-20 08:00:00,526.5
2025-12-20 09:00:00,378.5
2025-12-20 10:00:00,299.0
2025-12-20 11:00:00,281.0
2025-12-20 12:00:00,265.5
2025-12-20 13:00:00,216.5
2025-12-20 14:00:00,236.0
2025-12-20 15:00:00,258.75
2025-12-20 16:00:00,254.5
2025-12-20 17:00:00,250.25
2025-12-20 18:00:00,222.5
2025-12-20 19:00:00,208.0
2025-12-20 20:00:00,230.5
2025-12-20 21:00:00,222.0
2025-12-20 22:00:00,228.25
2025-12-20 23:00:00,242.0
2025-12-21 00:00:00,312.0
2025-12-21 01:00:00,271.25
2025-12-21 02:00:00,180.5
2025-12-21 03:00:00,172.5
2025-12-21 04:00:00,190.0
2025-12-21 05:00:00,168.5
2025-12-21 06:00:00,158.5
2025-12-21 07:00:00,154.75
2025-12-21 08:00:00,155.75
2025-12-21 09:00:00,169.25
2025-12-21 10:00:00,190.75
2025-12-21 11:00:00,195.75
2025-12-21 12:00:00,180.75
2025-12-21 13:00:00,196.5
2025-12-21 14:00:00,215.0
2025-12-21 15:00:00,237.25
2025-12-21 16:00:00,257.25
2025-12-21 17:00:00,230.25
2025-12-21 18:00:00,186.5
2025-12-21 19:00:00,157.75
2025-12-21 20:00:00,168.75
2025-12-21 21:00:00,217.75
2025-12-21 22:00:00,203.5
2025-12-21 23:00:00,171.0
2025-12-22 00:00:00,157.25
2025-12-22 01:00:00,160.25
2025-12-22 02:00:00,173.25
2025-12-22 03:00:00,180.75
2025-12-22 04:00:00,186.75
2025-12-22 05:00:00,182.75
2025-12-22 06:00:00,163.0
2025-12-22 07:00:00,160.5
2025-12-22 08:00:00,193.25
2025-12-22 09:00:00,186.75
2025-12-22 10:00:00,184.75
2025-12-22 11:00:00,212.75
2025-12-22 12:00:00,231.75
2025-12-22 13:00:00,236.0
2025-12-22 14:00:00,275.0
2025-12-22 15:00:00,333.25
2025-12-22 16:00:00,371.75
2025-12-22 17:00:00,337.25
2025-12-22 18:00:00,327.5
2025-12-22 19:00:00,282.5
2025-12-22 20:00:00,258.75
2025-12-22 21:00:00,310.5
2025-12-22 22:00:00,334.5
2025-12-22 23:00:00,304.25
2025-12-23 00:00:00,344.0
2025-12-23 01:00:00,330.5
2025-12-23 02:00:00,290.75
2025-12-23 03:00:00,263.0
2025-12-23 04:00:00,274.0
2025-12-23 05:00:00,255.5
2025-12-23 06:00:00,213.5
2025-12-23 07:00:00,195.25
2025-12-23 08:00:00,208.75
2025-12-23 09:00:00,179.0
2025-12-23 10:00:00,180.0
2025-12-23 11:00:00,216.25
2025-12-23 12:00:00,231.0
2025-12-23 13:00:00,207.25
2025-12-23 14:00:00,170.5
2025-12-23 15:00:00,124.25
2025-12-23 16:00:00,112.75
2025-12-23 17:00:00,140.0
2025-12-23 18:00:00,176.75
2025-12-23 19:00:00,217.75
2025-12-23 20:00:00,260.75
2025-12-23 21:00:00,229.0
2025-12-23 22:00:00,217.5
2025-12-23 23:00:00,164.0
2025-12-24 00:00:00,138.0
2025-12-24 01:00:00,116.5
2025-12-24 02:00:00,105.75
2025-12-24 03:00:00,99.75
2025-12-24 04:00:00,107.75
2025-12-24 05:00:00,124.75
2025-12-24 06:00:00,112.25
2025-12-24 07:00:00,87.25
2025-12-24 08:00:00,92.25
2025-12-24 09:00:00,86.5
2025-12-24 10:00:00,88.75
2025-12-24 11:00:00,89.5
2025-12-24 12:00:00,56.67
2025-12-24 13:00:00,63.5
2025-12-24 14:00:00,54.0
2025-12-24 15:00:00,43.75
2025-12-24 16:00:00,42.75
2025-12-24 17:00:00,44.0
2025-12-24 18:00:00,60.0
2025-12-24 19:00:00,85.5
2025-12-24 20:00:00,83.5
2025-12-24 21:00:00,128.0
2025-12-24 22:00:00,132.5
2025-12-24 23:00:00,123.25
2025-12-25 00:00:00,129.0
2025-12-25 01:00:00,160.5
2025-12-25 02:00:00,163.75
2025-12-25 03:00:00,138.25
2025-12-25 04:00:00,124.75
2025-12-25 05:00:00,99.0
2025-12-25 06:00:00,85.0
2025-12-25 07:00:00,70.25
2025-12-25 08:00:00,61.0
2025-12-25 09:00:00,53.0
2025-12-25 10:00:00,92.0
2025-12-25 11:00:00,103.75
2025-12-25 12:00:00,89.5
2025-12-25 13:00:00,82.0
2025-12-25 14:00:00,69.0
2025-12-25 15:00:00,63.25
2025-12-25 16:00:00,50.5
2025-12-25 17:00:00,58.0
2025-12-25 18:00:00,64.25
2025-12-25 19:00:00,107.0
2025-12-25 20:00:00,235.5
2025-12-25 21:00:00,387.25
2025-12-25 22:00:00,343.25
2025-12-25 23:00:00,318.75
2025-12-26 00:00:00,394.5
2025-12-26 01:00:00,398.5
2025-12-26 02:00:00,386.75
2025-12-26 03:00:00,381.0
2025-12-26 04:00:00,359.75
2025-12-26 05:00:00,377.25
2025-12-26 06:00:00,337.0
2025-12-26 07:00:00,203.0
2025-12-26 08:00:00,167.5
2025-12-26 09:00:00,195.5
2025-12-26 10:00:00,154.25
2025-12-26 11:00:00,126.25
2025-12-26 12:00:00,110.25
2025-12-26 13:00:00,98.0
2025-12-26 14:00:00,93.5
2025-12-26 15:00:00,102.25
2025-12-26 16:00:00,97.5
2025-12-26 17:00:00,124.5
2025-12-26 18:00:00,150.25
2025-12-26 19:00:00,145.5
2025-12-26 20:00:00,213.25
2025-12-26 21:00:00,274.75
2025-12-26 22:00:00,282.75
2025-12-26 23:00:00,297.5
2025-12-27 00:00:00,320.0
2025-12-27 01:00:00,320.5
2025-12-27 02:00:00,332.0
2025-12-27 03:00:00,360.5
2025-12-27 04:00:00,320.0
2025-12-27 05:00:00,288.0
2025-12-27 06:00:00,291.5
2025-12-27 07:00:00,240.5
2025-12-27 08:00:00,227.75
2025-12-27 09:00:00,236.75
2025-12-27 10:00:00,266.0
2025-12-27 11:00:00,244.25
2025-12-27 12:00:00,224.25
2025-12-27 13:00:00,154.5
2025-12-27 14:00:00,134.5
2025-12-27 15:00:00,96.75
2025-12-27 16:00:00,101.75
2025-12-27 17:00:00,116.25
2025-12-27 18:00:00,140.25
2025-12-27 19:00:00,152.75
2025-12-27 20:00:00,178.0
2025-12-27 21:00:00,197.25
2025-12-27 22:00:00,226.25
2025-12-27 23:00:00,301.75
2025-12-28 00:00:00,323.5
2025-12-28 01:00:00,303.75
2025-12-28 02:00:00,319.75
2025-12-28 03:00:00,347.75
2025-12-28 04:00:00,332.75
2025-12-28 05:00:00,346.75
2025-12-28 06:00:00,333.0
2025-12-28 07:00:00,316.75
2025-12-28 08:00:00,318.5
2025-12-28 09:00:00,289.5
2025-12-28 10:00:00,222.5
2025-12-28 11:00:00,225.5
2025-12-28 12:00:00,208.75
2025-12-28 13:00:00,173.0
2025-12-28 14:00:00,156.0
2025-12-28 15:00:00,195.0
2025-12-28 16:00:00,207.25
2025-12-28 17:00:00,223.5
2025-12-28 18:00:00,216.0
2025-12-28 19:00:00,223.75
2025-12-28 20:00:00,207.75
2025-12-28 21:00:00,246.0
2025-12-28 22:00:00,278.0
2025-12-28 23:00:00,319.5
2025-12-29 00:00:00,381.0
2025-12-29 01:00:00,411.75
2025-12-29 02:00:00,261.0
2025-12-29 03:00:00,386.25
2025-12-29 04:00:00,393.0
2025-12-29 05:00:00,265.0
2025-12-29 06:00:00,277.25
2025-12-29 07:00:00,268.25
2025-12-29 08:00:00,228.25
2025-12-29 09:00:00,185.25
2025-12-29 10:00:00,215.75
2025-12-29 11:00:00,230.75
2025-12-29 12:00:00,256.5
2025-12-29 13:00:00,248.0
2025-12-29 14:00:00,283.0
2025-12-29 15:00:00,382.75
2025-12-29 16:00:00,327.0
2025-12-29 17:00:00,322.25
2025-12-29 18:00:00,312.75
2025-12-29 19:00:00,296.0
2025-12-29 20:00:00,272.5
2025-12-29 21:00:00,258.0
2025-12-29 22:00:00,276.75
2025-12-29 23:00:00,263.5
2025-12-30 00:00:00,250.5
2025-12-30 01:00:00,296.75
2025-12-30 02:00:00,290.5
2025-12-30 03:00:00,255.5
2025-12-30 04:00:00,247.25
2025-12-30 05:00:00,278.0
2025-12-30 06:00:00,210.25
2025-12-30 07:00:00,182.5
2025-12-30 08:00:00,182.25
2025-12-30 09:00:00,216.5
2025-12-30 10:00:00,232.25
2025-12-30 11:00:00,318.5
2025-12-30 12:00:00,351.0
2025-12-30 13:00:00,342.75
2025-12-30 14:00:00,222.75
2025-12-30 15:00:00,151.5
2025-12-30 16:00:00,111.75
2025-12-30 17:00:00,134.75
2025-12-30 18:00:00,146.5
2025-12-30 19:00:00,195.5
2025-12-30 20:00:00,260.25
2025-12-30 21:00:00,277.25
2025-12-30 22:00:00,231.75
2025-12-30 23:00:00,197.75
2025-12-31 00:00:00,223.25
2025-12-31 01:00:00,260.25
2025-12-31 02:00:00,327.75
2025-12-31 03:00:00,341.0
2025-12-31 04:00:00,252.0
2025-12-31 05:00:00,164.0
2025-12-31 06:00:00,192.0
2025-12-31 07:00:00,238.5
2025-12-31 08:00:00,174.25
2025-12-31 09:00:00,130.0
2025-12-31 10:00:00,115.5
2025-12-31 11:00:00,143.25
2025-12-31 12:00:00,202.25
2025-12-31 13:00:00,195.25
2025-12-31 14:00:00,195.0
2026-01-02 11:00:00,70.67
2026-01-02 12:00:00,71.5
2026-01-02 13:00:00,66.75
2026-01-02 14:00:00,71.0
2026-01-02 15:00:00,68.5
2026-01-02 16:00:00,74.0
2026-01-02 17:00:00,71.25
2026-01-02 18:00:00,73.0
2026-01-02 19:00:00,90.25
2026-01-02 20:00:00,111.0
2026-01-02 21:00:00,109.25
2026-01-02 22:00:00,114.5
2026-01-02 23:00:00,143.5
2026-01-03 00:00:00,122.0
2026-01-03 01:00:00,99.25
2026-01-03 02:00:00,84.5
2026-01-03 03:00:00,89.25
2026-01-03 04:00:00,107.5
2026-01-03 05:00:00,125.0
2026-01-03 06:00:00,126.0
2026-01-03 07:00:00,128.0
2026-01-03 08:00:00,120.5
2026-01-03 09:00:00,100.75
2026-01-03 10:00:00,84.25
2026-01-03 11:00:00,101.5
2026-01-03 12:00:00,115.75
2026-01-03 13:00:00,106.25
2026-01-03 14:00:00,114.5
2026-01-03 15:00:00,106.25
2026-01-03 16:00:00,96.75
2026-01-03 17:00:00,97.5
2026-01-03 18:00:00,111.0
2026-01-03 19:00:00,116.5
2026-01-03 20:00:00,136.5
2026-01-03 21:00:00,124.75
2026-01-03 22:00:00,159.25
2026-01-03 23:00:00,162.25
2026-01-04 00:00:00,162.25
2026-01-04 01:00:00,176.5
2026-01-04 02:00:00,150.25
2026-01-04 03:00:00,133.5
2026-01-04 04:00:00,131.5
2026-01-04 05:00:00,144.5
2026-01-04 06:00:00,119.0
2026-01-04 07:00:00,120.25
2026-01-04 08:00:00,137.0
2026-01-04 09:00:00,148.75
2026-01-04 10:00:00,132.0
2026-01-04 11:00:00,127.0
2026-01-04 12:00:00,115.75
2026-01-04 13:00:00,118.25
2026-01-04 14:00:00,110.25
2026-01-04 15:00:00,110.0
2026-01-04 16:00:00,100.0
2026-01-04 17:00:00,103.25
2026-01-04 18:00:00,98.25
2026-01-04 19:00:00,72.25
2026-01-04 20:00:00,71.75
2026-01-04 21:00:00,96.25
2026-01-04 22:00:00,95.0
2026-01-04 23:00:00,81.25
2026-01-05 00:00:00,55.75
2026-01-05 01:00:00,85.75
2026-01-05 02:00:00,99.5
2026-01-05 03:00:00,99.25
2026-01-05 04:00:00,109.25
2026-01-05 05:00:00,119.25
2026-01-05 06:00:00,118.0
2026-01-05 07:00:00,104.0
2026-01-05 08:00:00,93.5
2026-01-05 09:00:00,103.0
2026-01-05 10:00:00,87.5
2026-01-05 11:00:00,98.0
2026-01-05 12:00:00,108.0
2026-01-05 13:00:00,96.25
2026-01-05 14:00:00,99.25
2026-01-05 15:00:00,86.75
2026-01-05 16:00:00,86.25
2026-01-05 17:00:00,101.75
2026-01-05 18:00:00,121.0
2026-01-05 19:00:00,138.25
2026-01-05 20:00:00,168.0
2026-01-05 21:00:00,177.5
2026-01-05 22:00:00,144.0
2026-01-05 23:00:00,139.75
2026-01-06 00:00:00,119.0
2026-01-06 01:00:00,102.5
2026-01-06 02:00:00,117.75
2026-01-06 03:00:00,92.5
2026-01-06 04:00:00,117.0
2026-01-06 05:00:00,123.5
2026-01-06 06:00:00,126.5
2026-01-06 07:00:00,116.25
2026-01-06 08:00:00,119.5
2026-01-06 09:00:00,143.0
2026-01-06 10:00:00,126.5
2026-01-06 11:00:00,146.25
2026-01-06 12:00:00,159.5
2026-01-06 13:00:00,164.25
2026-01-06 14:00:00,149.75
2026-01-06 15:00:00,138.25
2026-01-06 16:00:00,116.25
2026-01-06 17:00:00,135.5
2026-01-06 18:00:00,163.0
2026-01-06 19:00:00,153.75
2026-01-06 20:00:00,144.5
2026-01-06 21:00:00,146.5
2026-01-06 22:00:00,129.0
2026-01-06 23:00:00,118.5
2026-01-07 00:00:00,98.25
2026-01-07 01:00:00,93.5
2026-01-07 02:00:00,117.5
2026-01-07 03:00:00,100.25
2026-01-07 04:00:00,90.5
2026-01-07 05:00:00,86.0
2026-01-07 06:00:00,79.25
2026-01-07 07:00:00,77.25
2026-01-07 08:00:00,77.5
2026-01-07 09:00:00,89.0
2026-01-07 10:00:00,106.0
2026-01-07 11:00:00,134.0
2026-01-07 12:00:00,136.75
2026-01-07 13:00:00,140.75
2026-01-07 14:00:00,144.75
2026-01-07 15:00:00,131.75
2026-01-07 16:00:00,118.5
2026-01-07 17:00:00,116.5
2026-01-07 18:00:00,133.75
2026-01-07 19:00:00,170.0
2026-01-07 20:00:00,175.5
2026-01-07 21:00:00,169.0
2026-01-07 22:00:00,131.0
2026-01-07 23:00:00,125.75
2026-01-08 00:00:00,89.5
2026-01-08 01:00:00,54.75
2026-01-08 02:00:00,66.5
2026-01-08 03:00:00,96.25
2026-01-08 04:00:00,72.75
2026-01-08 05:00:00,68.0
2026-01-08 06:00:00,81.0
2026-01-08 07:00:00,68.5
2026-01-08 08:00:00,71.5
2026-01-08 09:00:00,84.5
2026-01-08 10:00:00,101.5
2026-01-08 11:00:00,115.25
2026-01-08 12:00:00,126.0
2026-01-08 13:00:00,125.0
2026-01-08 14:00:00,140.0
2026-01-08 15:00:00,159.5
2026-01-08 16:00:00,166.5
2026-01-08 17:00:00,174.25
2026-01-08 18:00:00,193.75
2026-01-08 19:00:00,190.5
2026-01-08 20:00:00,187.25
2026-01-08 21:00:00,173.75
2026-01-08 22:00:00,154.0
2026-01-08 23:00:00,107.5
2026-01-09 00:00:00,145.0
2026-01-09 01:00:00,149.0
2026-01-09 02:00:00,137.0
2026-01-09 03:00:00,115.5
2026-01-09 04:00:00,85.0
2026-01-09 05:00:00,59.5
2026-01-09 06:00:00,57.25
2026-01-09 07:00:00,62.25
2026-01-09 08:00:00,76.25
2026-01-09 09:00:00,95.75
2026-01-09 10:00:00,168.5
2026-01-09 11:00:00,229.5
2026-01-09 12:00:00,255.0
2026-01-09 13:00:00,240.5
2026-01-09 14:00:00,211.5
2026-01-09 15:00:00,174.25
2026-01-09 16:00:00,161.25
2026-01-09 17:00:00,149.75
2026-01-09 18:00:00,154.0
2026-01-09 19:00:00,179.0
2026-01-09 20:00:00,216.5
2026-01-09 21:00:00,252.75
2026-01-09 22:00:00,250.25
2026-01-09 23:00:00,203.25
2026-01-10 00:00:00,170.0
2026-01-10 01:00:00,152.0
2026-01-10 02:00:00,172.75
2026-01-10 03:00:00,176.25
2026-01-10 04:00:00,151.75
2026-01-10 05:00:00,133.5
2026-01-10 06:00:00,121.5
2026-01-10 07:00:00,135.25
2026-01-10 08:00:00,187.25
2026-01-10 09:00:00,243.25
2026-01-10 10:00:00,267.0
2026-01-10 11:00:00,253.75
2026-01-10 12:00:00,167.25
2026-01-10 13:00:00,122.25
2026-01-10 14:00:00,85.5
2026-01-10 15:00:00,56.75
2026-01-10 16:00:00,66.0
2026-01-10 17:00:00,52.25
2026-01-10 18:00:00,80.5
2026-01-10 19:00:00,126.75
2026-01-10 20:00:00,124.25
2026-01-10 21:00:00,151.0
2026-01-10 22:00:00,168.75
2026-01-10 23:00:00,148.25
2026-01-11 00:00:00,148.0
2026-01-11 01:00:00,205.75
2026-01-11 02:00:00,120.0
2026-01-11 03:00:00,132.5
2026-01-11 04:00:00,144.5
2026-01-11 05:00:00,131.0
2026-01-11 06:00:00,142.0
2026-01-11 07:00:00,128.5
2026-01-11 08:00:00,117.25
2026-01-11 09:00:00,114.5
2026-01-11 10:00:00,133.0
2026-01-11 11:00:00,160.5
2026-01-11 12:00:00,142.25
2026-01-11 13:00:00,127.75
2026-01-11 14:00:00,84.75
2026-01-11 15:00:00,60.75
2026-01-11 16:00:00,57.25
2026-01-11 17:00:00,65.75
2026-01-11 18:00:00,84.75
2026-01-11 19:00:00,136.75
2026-01-11 20:00:00,141.5
2026-01-11 21:00:00,150.75
2026-01-11 22:00:00,154.75
2026-01-11 23:00:00,121.75
2026-01-12 00:00:00,137.5
2026-01-12 01:00:00,121.0
2026-01-12 02:00:00,122.0
2026-01-12 03:00:00,107.75
2026-01-12 04:00:00,129.25
2026-01-12 05:00:00,142.0
2026-01-12 06:00:00,145.5
2026-01-12 07:00:00,143.25
2026-01-12 08:00:00,151.75
2026-01-12 09:00:00,159.5
2026-01-12 10:00:00,180.25
2026-01-12 11:00:00,210.25
2026-01-12 12:00:00,133.5
2026-01-12 13:00:00,114.0
2026-01-12 14:00:00,121.25
2026-01-12 15:00:00,89.75
2026-01-12 16:00:00,67.25
2026-01-12 17:00:00,72.25
2026-01-12 18:00:00,78.75
2026-01-12 19:00:00,89.75
2026-01-12 20:00:00,114.75
2026-01-12 21:00:00,153.25
2026-01-12 22:00:00,171.25
2026-01-12 23:00:00,205.0
2026-01-13 00:00:00,204.0
2026-01-13 01:00:00,213.25
2026-01-13 02:00:00,247.25
2026-01-13 03:00:00,235.25
2026-01-13 04:00:00,228.5
2026-01-13 05:00:00,204.25
2026-01-13 06:00:00,190.25
2026-01-13 07:00:00,219.25
2026-01-13 08:00:00,244.0
2026-01-13 09:00:00,294.25
2026-01-13 10:00:00,366.75
2026-01-13 11:00:00,402.5
2026-01-13 12:00:00,288.75
2026-01-13 13:00:00,102.0
2026-01-13 14:00:00,87.5
2026-01-13 15:00:00,68.0
2026-01-13 16:00:00,64.5
2026-01-13 17:00:00,63.75
2026-01-13 18:00:00,90.75
2026-01-13 19:00:00,131.0
2026-01-13 20:00:00,207.75
2026-01-13 21:00:00,267.5
2026-01-13 22:00:00,284.25
2026-01-13 23:00:00,313.0
2026-01-14 00:00:00,320.75
2026-01-14 01:00:00,286.0
2026-01-14 02:00:00,275.75
2026-01-14 03:00:00,262.5
2026-01-14 04:00:00,209.25
2026-01-14 05:00:00,192.25
2026-01-14 06:00:00,201.0
2026-01-14 07:00:00,231.0
2026-01-14 08:00:00,204.0
2026-01-14 09:00:00,183.0
2026-01-14 10:00:00,182.5
2026-01-14 11:00:00,206.0
2026-01-14 12:00:00,171.5
2026-01-14 13:00:00,161.75
2026-01-14 14:00:00,160.5
2026-01-14 15:00:00,150.0
2026-01-14 16:00:00,142.75
2026-01-14 17:00:00,148.5
2026-01-14 18:00:00,184.5
2026-01-14 19:00:00,210.75
2026-01-14 20:00:00,206.0
2026-01-14 21:00:00,197.5
2026-01-14 22:00:00,223.0
2026-01-14 23:00:00,249.5
2026-01-15 00:00:00,216.5
2026-01-15 01:00:00,183.75
2026-01-15 02:00:00,151.75
2026-01-15 03:00:00,166.0
2026-01-15 04:00:00,131.0
2026-01-15 05:00:00,96.25
2026-01-15 06:00:00,96.25
2026-01-15 07:00:00,111.5
2026-01-15 08:00:00,116.25
2026-01-15 09:00:00,118.75
2026-01-15 10:00:00,149.0
2026-01-15 11:00:00,168.25
2026-01-15 12:00:00,182.5
2026-01-15 13:00:00,183.0
2026-01-15 14:00:00,156.25
2026-01-15 15:00:00,139.25
2026-01-15 16:00:00,146.0
2026-01-15 17:00:00,148.0
2026-01-15 18:00:00,184.75
2026-01-15 19:00:00,203.5
2026-01-15 20:00:00,240.75
2026-01-15 21:00:00,290.5
2026-01-15 22:00:00,317.75
2026-01-15 23:00:00,263.5
2026-01-16 00:00:00,234.0
2026-01-16 01:00:00,225.0
2026-01-16 02:00:00,212.0
2026-01-16 03:00:00,190.25
2026-01-16 04:00:00,178.25
2026-01-16 05:00:00,121.25
2026-01-16 06:00:00,99.25
2026-01-16 07:00:00,143.25
2026-01-16 08:00:00,173.0
2026-01-16 09:00:00,197.5
2026-01-16 10:00:00,264.75
2026-01-16 11:00:00,332.75
2026-01-16 12:00:00,285.25
2026-01-16 13:00:00,205.75
2026-01-16 14:00:00,137.25
2026-01-16 15:00:00,163.5
2026-01-16 16:00:00,177.0
2026-01-16 17:00:00,125.25
2026-01-16 18:00:00,109.0
2026-01-16 19:00:00,122.5
2026-01-16 20:00:00,205.0
2026-01-16 21:00:00,278.5
2026-01-16 22:00:00,459.25
2026-01-16 23:00:00,513.5
2026-01-17 00:00:00,545.75
2026-01-17 01:00:00,525.5
2026-01-17 02:00:00,469.0
2026-01-17 03:00:00,397.5
2026-01-17 04:00:00,328.75
2026-01-17 05:00:00,267.75
2026-01-17 06:00:00,265.75
2026-01-17 07:00:00,217.25
2026-01-17 08:00:00,240.0
2026-01-17 09:00:00,312.75
2026-01-17 10:00:00,388.75
2026-01-17 11:00:00,446.0
2026-01-17 12:00:00,349.5
2026-01-17 13:00:00,408.0
2026-01-17 14:00:00,558.5
2026-01-17 15:00:00,476.25
2026-01-17 16:00:00,326.5
2026-01-17 17:00:00,241.0
2026-01-17 18:00:00,229.75
2026-01-17 19:00:00,239.0
2026-01-17 20:00:00,359.5
2026-01-17 21:00:00,420.0
2026-01-17 22:00:00,561.5
2026-01-17 23:00:00,538.5
2026-01-18 00:00:00,665.75
2026-01-18 01:00:00,653.25
2026-01-18 02:00:00,456.5
2026-01-18 03:00:00,467.25
2026-01-18 04:00:00,485.5
2026-01-18 05:00:00,478.75
2026-01-18 06:00:00,491.0
2026-01-18 07:00:00,588.25
2026-01-18 08:00:00,694.5
2026-01-18 09:00:00,685.0
2026-01-18 10:00:00,669.75
2026-01-18 11:00:00,492.5
2026-01-18 12:00:00,587.0
2026-01-18 13:00:00,395.5
2026-01-18 14:00:00,244.75
2026-01-18 15:00:00,231.5
2026-01-18 16:00:00,212.0
2026-01-18 17:00:00,224.75
2026-01-18 18:00:00,262.75
2026-01-18 19:00:00,246.0
2026-01-18 20:00:00,264.5
2026-01-18 21:00:00,299.5
2026-01-18 22:00:00,353.0
2026-01-18 23:00:00,461.5
2026-01-19 00:00:00,544.5
2026-01-19 01:00:00,500.0
2026-01-19 02:00:00,483.25
2026-01-19 03:00:00,412.0
2026-01-19 04:00:00,388.0
2026-01-19 05:00:00,344.0
2026-01-19 06:00:00,339.5
2026-01-19 07:00:00,342.25
2026-01-19 08:00:00,308.5
2026-01-19 09:00:00,392.5
2026-01-19 10:00:00,457.75
2026-01-19 11:00:00,400.25
2026-01-19 12:00:00,280.5
2026-01-19 13:00:00,272.75
2026-01-19 14:00:00,256.25
2026-01-19 15:00:00,192.5
2026-01-19 16:00:00,132.25
2026-01-19 17:00:00,144.0
2026-01-19 18:00:00,144.75
2026-01-19 19:00:00,155.75
2026-01-19 20:00:00,177.0
2026-01-19 21:00:00,254.75
2026-01-19 22:00:00,318.5
2026-01-19 23:00:00,332.75
2026-01-20 00:00:00,322.5
2026-01-20 01:00:00,301.5
2026-01-20 02:00:00,294.25
2026-01-20 03:00:00,299.0
2026-01-20 04:00:00,271.5
2026-01-20 05:00:00,252.25
2026-01-20 06:00:00,221.75
2026-01-20 07:00:00,236.5
2026-01-20 08:00:00,287.5
2026-01-20 09:00:00,283.0
2026-01-20 10:00:00,278.0
2026-01-20 11:00:00,327.5
2026-01-20 12:00:00,175.0
2026-01-20 13:00:00,151.25
2026-01-20 14:00:00,98.75
2026-01-20 15:00:00,66.75
2026-01-20 16:00:00,63.0
2026-01-20 17:00:00,83.0
2026-01-20 18:00:00,110.25
2026-01-20 19:00:00,126.0
2026-01-20 20:00:00,181.75
2026-01-20 21:00:00,210.25
2026-01-20 22:00:00,229.75
2026-01-20 23:00:00,248.75
2026-01-21 00:00:00,298.25
2026-01-21 01:00:00,295.5
2026-01-21 02:00:00,225.0
2026-01-21 03:00:00,187.75
2026-01-21 04:00:00,188.75
2026-01-21 05:00:00,176.25
2026-01-21 06:00:00,177.75
2026-01-21 07:00:00,190.5
2026-01-21 08:00:00,203.25
2026-01-21 09:00:00,238.25
2026-01-21 10:00:00,228.25
2026-01-21 11:00:00,191.0
2026-01-21 12:00:00,120.75
2026-01-21 13:00:00,96.75
2026-01-21 14:00:00,78.25
2026-01-21 15:00:00,73.25
2026-01-21 16:00:00,66.0
2026-01-21 17:00:00,58.75
2026-01-21 18:00:00,66.5
2026-01-21 19:00:00,91.25
2026-01-21 20:00:00,131.0
2026-01-21 21:00:00,165.0
2026-01-21 22:00:00,221.75
2026-01-21 23:00:00,215.75
2026-01-22 00:00:00,221.0
2026-01-22 01:00:00,202.0
2026-01-22 02:00:00,216.5
2026-01-22 03:00:00,209.25
2026-01-22 04:00:00,187.5
2026-01-22 05:00:00,169.75
2026-01-22 06:00:00,164.0
2026-01-22 07:00:00,168.0
2026-01-22 08:00:00,204.0
2026-01-22 09:00:00,236.0
2026-01-22 10:00:00,227.5
2026-01-22 11:00:00,192.5
2026-01-22 12:00:00,152.75
2026-01-22 13:00:00,124.25
2026-01-22 14:00:00,113.0
2026-01-22 15:00:00,116.0
2026-01-22 16:00:00,168.0
2026-01-22 17:00:00,137.0
2026-01-22 18:00:00,115.5
2026-01-22 19:00:00,111.25
2026-01-22 20:00:00,138.0
2026-01-22 21:00:00,140.25
2026-01-22 22:00:00,128.25
2026-01-22 23:00:00,128.25
2026-01-23 00:00:00,121.0
2026-01-23 01:00:00,107.75
2026-01-23 02:00:00,96.25
2026-01-23 03:00:00,92.0
2026-01-23 04:00:00,95.0
2026-01-23 05:00:00,85.25
2026-01-23 06:00:00,89.75
2026-01-23 07:00:00,95.5
2026-01-23 08:00:00,114.0
2026-01-23 09:00:00,116.5
2026-01-23 10:00:00,129.0
2026-01-23 11:00:00,135.75
2026-01-23 12:00:00,137.25
2026-01-23 13:00:00,145.5
2026-01-23 14:00:00,136.75
2026-01-23 15:00:00,129.75
2026-01-23 16:00:00,128.75
2026-01-23 17:00:00,119.25
2026-01-23 18:00:00,134.75
2026-01-23 19:00:00,129.67
2026-01-23 20:00:00,119.5
2026-01-23 21:00:00,130.5
2026-01-23 22:00:00,136.25
2026-01-23 23:00:00,145.0
2026-01-24 00:00:00,99.0
2026-01-24 01:00:00,84.25
2026-01-24 02:00:00,109.25
2026-01-24 03:00:00,94.0
2026-01-24 04:00:00,30.0
2026-01-24 05:00:00,33.5
2026-01-24 06:00:00,31.25
2026-01-24 07:00:00,40.25
2026-01-24 08:00:00,39.75
2026-01-24 09:00:00,39.75
2026-01-24 10:00:00,36.5
2026-01-24 11:00:00,33.25
2026-01-24 12:00:00,55.25
2026-01-24 13:00:00,51.25
2026-01-24 14:00:00,42.5
2026-01-24 15:00:00,41.25
2026-01-24 16:00:00,41.25
2026-01-24 17:00:00,41.25
2026-01-24 18:00:00,55.25
2026-01-24 19:00:00,68.75
2026-01-24 20:00:00,55.0
2026-01-24 21:00:00,39.75
2026-01-24 22:00:00,63.75
2026-01-24 23:00:00,55.75
2026-01-25 00:00:00,38.0
2026-01-25 01:00:00,38.75
2026-01-25 02:00:00,44.75
2026-01-25 03:00:00,54.0
2026-01-25 04:00:00,57.75
2026-01-25 05:00:00,62.25
2026-01-25 06:00:00,61.75
2026-01-25 07:00:00,67.0
2026-01-25 08:00:00,76.25
2026-01-25 09:00:00,73.25
2026-01-25 10:00:00,75.5
2026-01-25 11:00:00,72.0
2026-01-25 12:00:00,63.25
2026-01-25 13:00:00,72.75
2026-01-25 14:00:00,58.75
2026-01-25 15:00:00,55.5
2026-01-25 16:00:00,47.5
2026-01-25 17:00:00,58.25
2026-01-25 18:00:00,75.25
2026-01-25 19:00:00,83.25
2026-01-25 20:00:00,114.25
2026-01-25 21:00:00,126.75
2026-01-25 22:00:00,148.5
2026-01-25 23:00:00,158.25
2026-01-26 00:00:00,159.0
2026-01-26 01:00:00,167.0
2026-01-26 02:00:00,142.25
2026-01-26 03:00:00,113.75
2026-01-26 04:00:00,91.25
2026-01-26 05:00:00,81.75
2026-01-26 06:00:00,80.75
2026-01-26 07:00:00,89.5
2026-01-26 08:00:00,89.75
2026-01-26 09:00:00,92.0
2026-01-26 10:00:00,93.5
2026-01-26 11:00:00,101.5
2026-01-26 12:00:00,99.75
2026-01-26 13:00:00,101.0
2026-01-26 14:00:00,96.25
2026-01-26 15:00:00,88.75
2026-01-26 16:00:00,75.25
2026-01-26 17:00:00,94.25
2026-01-26 18:00:00,116.0
2026-01-26 19:00:00,114.25
2026-01-26 20:00:00,122.25
2026-01-26 21:00:00,164.5
2026-01-26 22:00:00,161.25
2026-01-26 23:00:00,150.5
2026-01-27 00:00:00,151.25
2026-01-27 01:00:00,192.75
2026-01-27 02:00:00,339.75
2026-01-27 03:00:00,303.0
2026-01-27 04:00:00,264.75
2026-01-27 05:00:00,278.0
2026-01-27 07:00:00,266.5
2026-01-27 08:00:00,281.5
2026-01-27 09:00:00,223.75
2026-01-27 10:00:00,176.0
2026-01-27 11:00:00,221.5
2026-01-27 12:00:00,152.75
2026-01-27 13:00:00,134.5
2026-01-27 14:00:00,154.75
2026-01-27 15:00:00,158.5
2026-01-27 16:00:00,122.5
2026-01-27 17:00:00,99.0
2026-01-27 18:00:00,85.25
2026-01-27 19:00:00,72.5
2026-01-27 20:00:00,89.0
2026-01-27 21:00:00,91.5
2026-01-27 22:00:00,93.75
2026-01-27 23:00:00,105.25
2026-01-28 00:00:00,103.25
2026-01-28 01:00:00,106.25
2026-01-28 02:00:00,99.75
2026-01-28 03:00:00,89.0
2026-01-28 04:00:00,95.0
2026-01-28 05:00:00,84.25
2026-01-28 06:00:00,90.33
2026-01-28 07:00:00,31.25
2026-01-28 08:00:00,114.25
2026-01-28 09:00:00,151.25
2026-01-28 10:00:00,170.25
2026-01-28 11:00:00,163.75
2026-01-28 12:00:00,168.75
2026-01-28 13:00:00,148.75
2026-01-28 14:00:00,143.75
2026-01-28 15:00:00,131.25
2026-01-28 16:00:00,129.75
2026-01-28 17:00:00,112.75
2026-01-28 18:00:00,138.75
2026-01-28 19:00:00,157.75
2026-01-28 20:00:00,116.75
2026-01-28 21:00:00,102.75
2026-01-28 22:00:00,145.0
2026-01-28 23:00:00,138.25
2026-01-29 00:00:00,115.5
2026-01-29 01:00:00,98.5
2026-01-29 02:00:00,101.5
2026-01-29 03:00:00,71.75
2026-01-29 04:00:00,45.75
2026-01-29 05:00:00,52.75
2026-01-29 06:00:00,67.5
2026-01-29 07:00:00,70.75
2026-01-29 08:00:00,70.5
2026-01-29 09:00:00,82.25
2026-01-29 10:00:00,71.75
2026-01-29 11:00:00,81.0
2026-01-29 12:00:00,84.5
2026-01-29 13:00:00,78.0
2026-01-29 14:00:00,73.75
2026-01-29 15:00:00,78.25
2026-01-29 16:00:00,83.5
2026-01-29 17:00:00,93.5
2026-01-29 18:00:00,111.5
2026-01-29 19:00:00,109.0
2026-01-29 20:00:00,127.0
2026-01-29 21:00:00,169.25
2026-01-29 22:00:00,187.25
2026-01-29 23:00:00,164.0
2026-01-30 00:00:00,163.75
2026-01-30 01:00:00,151.25
2026-01-30 02:00:00,123.5
2026-01-30 03:00:00,88.5
2026-01-30 04:00:00,110.0
2026-01-30 05:00:00,104.25
2026-01-30 06:00:00,88.75
2026-01-30 07:00:00,104.25
2026-01-30 08:00:00,142.25
2026-01-30 09:00:00,133.5
2026-01-30 10:00:00,110.25
2026-01-30 11:00:00,108.0
2026-01-30 12:00:00,98.75
2026-01-30 13:00:00,74.5
2026-01-30 14:00:00,76.5
2026-01-30 15:00:00,75.5
2026-01-30 16:00:00,63.25
2026-01-30 17:00:00,65.0
2026-01-30 18:00:00,60.75
2026-01-30 19:00:00,64.25
2026-01-30 20:00:00,89.75
2026-01-30 21:00:00,93.75
2026-01-30 22:00:00,118.5
2026-01-30 23:00:00,159.75
2026-01-31 00:00:00,151.75
2026-01-31 01:00:00,126.25
2026-01-31 02:00:00,103.25
2026-01-31 03:00:00,96.5
2026-01-31 04:00:00,93.0
2026-01-31 05:00:00,99.0
2026-01-31 06:00:00,127.5
2026-01-31 07:00:00,275.75
2026-01-31 08:00:00,395.25
2026-01-31 09:00:00,241.25
2026-01-31 10:00:00,294.0
2026-01-31 11:00:00,390.5
2026-01-31 12:00:00,288.5
2026-01-31 13:00:00,195.75
2026-01-31 14:00:00,154.75
2026-01-31 15:00:00,158.5
2026-01-31 16:00:00,182.75
2026-01-31 17:00:00,167.5
2026-01-31 18:00:00,163.75
2026-01-31 19:00:00,156.25
2026-01-31 20:00:00,123.5
2026-01-31 21:00:00,140.0
2026-01-31 22:00:00,170.25
2026-01-31 23:00:00,173.5
2026-02-01 00:00:00,147.25
2026-02-01 01:00:00,121.0
2026-02-01 02:00:00,114.5
2026-02-01 03:00:00,109.5
2026-02-01 04:00:00,130.0
2026-02-01 05:00:00,169.5
2026-02-01 06:00:00,128.75
2026-02-01 07:00:00,100.25
2026-02-01 08:00:00,91.75
2026-02-01 09:00:00,109.75
2026-02-01 10:00:00,82.75
2026-02-01 11:00:00,61.0
2026-02-01 12:00:00,45.67
2026-02-01 14:00:00,57.25
2026-02-01 15:00:00,52.75
2026-02-01 16:00:00,34.0
2026-02-01 17:00:00,41.25
2026-02-01 18:00:00,51.0
2026-02-01 19:00:00,57.25
2026-02-01 20:00:00,67.25
2026-02-01 21:00:00,71.75
2026-02-01 22:00:00,91.0
2026-02-01 23:00:00,125.75
2026-02-02 00:00:00,149.75
2026-02-02 01:00:00,174.5
2026-02-02 02:00:00,118.75
2026-02-02 03:00:00,77.0
2026-02-02 04:00:00,70.25
2026-02-02 05:00:00,54.0
2026-02-02 06:00:00,41.75
2026-02-02 07:00:00,46.0
2026-02-02 08:00:00,52.75
2026-02-02 09:00:00,66.25
2026-02-02 10:00:00,87.0
2026-02-02 11:00:00,130.75
2026-02-02 12:00:00,128.0
2026-02-02 13:00:00,120.75
2026-02-02 14:00:00,113.0
2026-02-02 15:00:00,99.25
2026-02-02 16:00:00,91.5
2026-02-02 17:00:00,106.5
2026-02-02 18:00:00,107.0
2026-02-02 19:00:00,124.25
2026-02-02 20:00:00,174.25
2026-02-02 21:00:00,170.5
2026-02-02 22:00:00,163.75
2026-02-02 23:00:00,140.75
2026-02-03 00:00:00,137.5
2026-02-03 01:00:00,121.75
2026-02-03 02:00:00,131.25
2026-02-03 03:00:00,122.5
2026-02-03 04:00:00,100.75
2026-02-03 05:00:00,100.5
2026-02-03 06:00:00,83.5
2026-02-03 07:00:00,59.5
2026-02-03 08:00:00,68.0
2026-02-03 09:00:00,90.25
2026-02-03 10:00:00,116.25
2026-02-03 11:00:00,168.5
2026-02-03 12:00:00,201.75
2026-02-03 13:00:00,201.25
2026-02-03 14:00:00,152.0
2026-02-03 15:00:00,127.0
2026-02-03 16:00:00,101.5
2026-02-03 17:00:00,143.75
2026-02-03 18:00:00,171.5
2026-02-03 19:00:00,164.75
2026-02-03 20:00:00,159.25
2026-02-03 21:00:00,180.5
2026-02-03 22:00:00,212.75
2026-02-03 23:00:00,259.25
2026-02-04 00:00:00,247.25
2026-02-04 01:00:00,234.25
2026-02-04 02:00:00,206.5
2026-02-04 03:00:00,234.0
2026-02-04 04:00:00,225.5
2026-02-04 05:00:00,210.25
2026-02-04 06:00:00,215.75
2026-02-04 07:00:00,271.75
2026-02-04 08:00:00,202.25
2026-02-04 09:00:00,163.25
2026-02-04 10:00:00,169.5
2026-02-04 11:00:00,201.25
2026-02-04 12:00:00,165.75
2026-02-04 13:00:00,122.75
2026-02-04 14:00:00,101.25
2026-02-04 15:00:00,74.5
2026-02-04 16:00:00,75.25
2026-02-04 17:00:00,65.75
2026-02-04 18:00:00,67.5
2026-02-04 19:00:00,52.5
2026-02-04 20:00:00,106.25
2026-02-04 21:00:00,128.25
2026-02-04 22:00:00,149.0
2026-02-04 23:00:00,118.0
2026-02-05 00:00:00,112.75
2026-02-05 01:00:00,105.75
2026-02-05 02:00:00,110.5
2026-02-05 03:00:00,87.75
2026-02-05 04:00:00,95.5
2026-02-05 05:00:00,86.5
2026-02-05 06:00:00,135.75
2026-02-05 07:00:00,130.25
2026-02-05 08:00:00,123.25
2026-02-05 09:00:00,99.25
2026-02-05 10:00:00,75.0
2026-02-05 11:00:00,88.25
2026-02-05 12:00:00,95.5
2026-02-05 13:00:00,87.75
2026-02-05 14:00:00,66.25
2026-02-05 15:00:00,46.0
2026-02-05 16:00:00,47.25
2026-02-05 17:00:00,53.5
2026-02-05 18:00:00,67.75
2026-02-05 19:00:00,86.0
2026-02-05 20:00:00,94.25
2026-02-05 21:00:00,103.0
2026-02-05 22:00:00,90.25
2026-02-05 23:00:00,92.25
2026-02-06 00:00:00,79.25
2026-02-06 01:00:00,86.75
2026-02-06 02:00:00,101.0
2026-02-06 03:00:00,85.25
2026-02-06 04:00:00,119.25
2026-02-06 05:00:00,134.5
2026-02-06 06:00:00,85.5
2026-02-06 07:00:00,95.75
2026-02-06 08:00:00,96.75
2026-02-06 09:00:00,100.5
2026-02-06 10:00:00,100.0
2026-02-06 11:00:00,91.5
2026-02-06 12:00:00,73.25
2026-02-06 13:00:00,66.75
2026-02-06 14:00:00,73.25
2026-02-06 15:00:00,64.5
2026-02-06 16:00:00,61.25
2026-02-06 17:00:00,70.0
2026-02-06 18:00:00,76.25
2026-02-06 19:00:00,84.0
2026-02-06 20:00:00,92.25
2026-02-06 21:00:00,96.75
2026-02-06 22:00:00,109.0
2026-02-06 23:00:00,93.5
2026-02-07 00:00:00,89.75
2026-02-07 01:00:00,85.25
2026-02-07 02:00:00,85.5
2026-02-07 03:00:00,93.25
2026-02-07 04:00:00,103.5
2026-02-07 05:00:00,76.75
2026-02-07 06:00:00,92.75
2026-02-07 07:00:00,100.75
2026-02-07 08:00:00,98.25
2026-02-07 09:00:00,94.25
2026-02-07 10:00:00,100.25
2026-02-07 11:00:00,110.5
2026-02-07 12:00:00,86.5
2026-02-07 13:00:00,75.25
2026-02-07 14:00:00,68.25
2026-02-07 15:00:00,55.5
2026-02-07 16:00:00,65.0
2026-02-07 17:00:00,63.5
2026-02-07 18:00:00,75.5
2026-02-07 19:00:00,96.0
2026-02-07 20:00:00,92.75
2026-02-07 21:00:00,91.0
2026-02-07 22:00:00,91.25
2026-02-07 23:00:00,111.5
2026-02-08 00:00:00,76.0
2026-02-08 01:00:00,56.5
2026-02-08 02:00:00,49.25
2026-02-08 03:00:00,64.5
2026-02-08 04:00:00,51.25
2026-02-08 05:00:00,68.75
2026-02-08 06:00:00,75.5
2026-02-08 07:00:00,76.0
2026-02-08 08:00:00,76.5
2026-02-08 09:00:00,74.25
2026-02-08 10:00:00,56.75
2026-02-08 11:00:00,61.25
2026-02-08 12:00:00,48.0
2026-02-08 13:00:00,51.5
2026-02-08 14:00:00,59.0
2026-02-08 15:00:00,39.0
2026-02-08 16:00:00,46.75
2026-02-08 17:00:00,51.25
2026-02-08 18:00:00,56.0
2026-02-08 19:00:00,68.0
2026-02-08 20:00:00,69.5
2026-02-08 21:00:00,91.25
2026-02-08 22:00:00,107.0
2026-02-08 23:00:00,121.5
2026-02-09 00:00:00,131.25
2026-02-09 01:00:00,161.5
2026-02-09 02:00:00,152.25
2026-02-09 03:00:00,145.5
2026-02-09 04:00:00,137.25
2026-02-09 05:00:00,114.5
2026-02-09 06:00:00,105.5
2026-02-09 07:00:00,99.75
2026-02-09 08:00:00,139.0
2026-02-09 09:00:00,160.5
2026-02-09 10:00:00,126.75
2026-02-09 11:00:00,131.75
2026-02-09 12:00:00,116.25
2026-02-09 13:00:00,99.0
2026-02-09 14:00:00,107.5
2026-02-09 15:00:00,69.75
2026-02-09 16:00:00,73.75
2026-02-09 17:00:00,76.5
2026-02-09 18:00:00,77.75
2026-02-09 19:00:00,52.0
2026-02-09 20:00:00,63.75
2026-02-09 21:00:00,92.0
2026-02-09 22:00:00,108.0
2026-02-09 23:00:00,109.5
2026-02-10 00:00:00,122.0
2026-02-10 01:00:00,126.5
2026-02-10 02:00:00,134.25
2026-02-10 03:00:00,126.5
2026-02-10 04:00:00,148.75
2026-02-10 05:00:00,252.5
2026-02-10 06:00:00,337.75
2026-02-10 07:00:00,299.75
2026-02-10 08:00:00,222.5
2026-02-10 09:00:00,202.25
2026-02-10 10:00:00,170.75
2026-02-10 11:00:00,164.75
2026-02-10 12:00:00,115.5
2026-02-10 13:00:00,79.75
2026-02-10 14:00:00,92.0
2026-02-10 15:00:00,84.75
2026-02-10 16:00:00,85.75
2026-02-10 17:00:00,86.0
2026-02-10 18:00:00,94.75
2026-02-10 19:00:00,133.5
2026-02-10 20:00:00,178.25
2026-02-10 21:00:00,229.0
2026-02-10 22:00:00,233.0
2026-02-10 23:00:00,252.25
2026-02-11 00:00:00,242.0
2026-02-11 01:00:00,234.0
2026-02-11 02:00:00,223.25
2026-02-11 03:00:00,276.75
2026-02-11 04:00:00,294.75
2026-02-11 05:00:00,228.75
2026-02-11 06:00:00,188.75
2026-02-11 07:00:00,167.25
2026-02-11 08:00:00,218.25
2026-02-11 09:00:00,243.25
2026-02-11 10:00:00,163.75
2026-02-11 11:00:00,112.75
2026-02-11 12:00:00,88.75
2026-02-11 13:00:00,90.0
2026-02-11 14:00:00,81.75
2026-02-11 15:00:00,63.0
2026-02-11 16:00:00,66.25
2026-02-11 17:00:00,61.25
2026-02-11 18:00:00,70.25
2026-02-11 19:00:00,77.0
2026-02-11 20:00:00,82.5
2026-02-11 21:00:00,76.25
2026-02-11 22:00:00,71.75
2026-02-11 23:00:00,67.75
2026-02-12 00:00:00,69.25
2026-02-12 01:00:00,67.75
2026-02-12 02:00:00,51.0
2026-02-12 03:00:00,62.25
2026-02-12 04:00:00,62.75
2026-02-12 05:00:00,55.0
2026-02-12 06:00:00,78.5
2026-02-12 07:00:00,47.25
2026-02-12 08:00:00,52.75
2026-02-12 09:00:00,62.0
2026-02-12 10:00:00,47.5
2026-02-12 11:00:00,76.5
2026-02-12 12:00:00,55.25
2026-02-12 13:00:00,42.25
2026-02-12 14:00:00,44.5
2026-02-12 15:00:00,23.25
2026-02-12 16:00:00,33.75
2026-02-12 17:00:00,41.75
2026-02-12 18:00:00,52.0
2026-02-12 19:00:00,58.75
2026-02-12 20:00:00,75.25
2026-02-12 21:00:00,90.25
2026-02-12 22:00:00,93.75
2026-02-12 23:00:00,85.25
2026-02-13 00:00:00,74.75
2026-02-13 01:00:00,73.5
2026-02-13 02:00:00,70.25
2026-02-13 03:00:00,89.75
2026-02-13 04:00:00,92.5
2026-02-13 05:00:00,95.25
2026-02-13 06:00:00,101.5
2026-02-13 07:00:00,82.0
2026-02-13 08:00:00,78.0
2026-02-13 09:00:00,75.75
2026-02-13 10:00:00,51.0
2026-02-13 11:00:00,62.75
2026-02-13 12:00:00,69.5
2026-02-13 13:00:00,49.75
2026-02-13 14:00:00,59.0
2026-02-13 15:00:00,44.5
2026-02-13 16:00:00,51.0
2026-02-13 17:00:00,53.0
2026-02-13 18:00:00,61.75
2026-02-13 19:00:00,58.0
2026-02-13 20:00:00,69.75
2026-02-13 21:00:00,103.25
2026-02-13 22:00:00,114.75
2026-02-13 23:00:00,119.0
2026-02-14 00:00:00,118.25
2026-02-14 01:00:00,161.0
2026-02-14 02:00:00,145.25
2026-02-14 03:00:00,134.75
2026-02-14 04:00:00,124.0
2026-02-14 05:00:00,119.25
2026-02-14 06:00:00,103.0
2026-02-14 07:00:00,124.5
2026-02-14 08:00:00,162.25
2026-02-14 09:00:00,112.0
2026-02-14 10:00:00,87.0
2026-02-14 11:00:00,96.75
2026-02-14 12:00:00,70.75
2026-02-14 13:00:00,61.5
2026-02-14 14:00:00,71.75
2026-02-14 15:00:00,50.25
2026-02-14 16:00:00,54.75
2026-02-14 17:00:00,61.0
2026-02-14 18:00:00,64.0
2026-02-14 19:00:00,71.0
2026-02-14 20:00:00,85.25
2026-02-14 21:00:00,91.25
2026-02-14 22:00:00,95.5
2026-02-14 23:00:00,104.5
2026-02-15 00:00:00,109.25
2026-02-15 01:00:00,114.25
2026-02-15 02:00:00,112.25
2026-02-15 03:00:00,121.5
2026-02-15 04:00:00,101.75
2026-02-15 05:00:00,79.25
2026-02-15 06:00:00,66.75
2026-02-15 07:00:00,72.0
2026-02-15 08:00:00,77.5
2026-02-15 09:00:00,80.75
2026-02-15 10:00:00,93.0
2026-02-15 11:00:00,126.75
2026-02-15 12:00:00,81.5
2026-02-15 13:00:00,68.75
2026-02-15 14:00:00,82.0
2026-02-15 15:00:00,51.5
2026-02-15 16:00:00,51.75
2026-02-15 17:00:00,62.75
2026-02-15 18:00:00,61.0
2026-02-15 19:00:00,73.5
2026-02-15 20:00:00,71.25
2026-02-15 21:00:00,90.75
2026-02-15 22:00:00,108.5
2026-02-15 23:00:00,139.75
2026-02-16 00:00:00,166.75
2026-02-16 01:00:00,154.25
2026-02-16 02:00:00,151.75
2026-02-16 03:00:00,140.5
2026-02-16 04:00:00,146.25
2026-02-16 05:00:00,138.0
2026-02-16 06:00:00,160.75
2026-02-16 07:00:00,144.75
2026-02-16 08:00:00,125.75
2026-02-16 09:00:00,125.5
2026-02-16 10:00:00,90.25
2026-02-16 11:00:00,90.75
2026-02-16 12:00:00,113.25
2026-02-16 13:00:00,128.25
2026-02-16 14:00:00,138.25
2026-02-16 15:00:00,130.25
2026-02-16 16:00:00,117.5
2026-02-16 17:00:00,89.75
2026-02-16 18:00:00,87.75
2026-02-16 19:00:00,80.25
2026-02-16 20:00:00,107.5
2026-02-16 21:00:00,147.75
2026-02-16 22:00:00,181.0
2026-02-16 23:00:00,179.5
2026-02-17 00:00:00,162.75
2026-02-17 01:00:00,173.75
2026-02-17 02:00:00,409.25
2026-02-17 03:00:00,275.5
2026-02-17 04:00:00,214.0
2026-02-17 05:00:00,215.5
2026-02-17 06:00:00,194.0
2026-02-17 07:00:00,169.25
2026-02-17 08:00:00,154.5
2026-02-17 09:00:00,125.0
2026-02-17 10:00:00,68.25
2026-02-17 11:00:00,72.0
2026-02-17 12:00:00,46.5
2026-02-17 13:00:00,56.5
2026-02-17 14:00:00,61.0
2026-02-17 15:00:00,40.5
2026-02-17 16:00:00,43.25
2026-02-17 17:00:00,42.75
2026-02-17 18:00:00,46.75
2026-02-17 19:00:00,65.0
2026-02-17 20:00:00,81.5
2026-02-17 21:00:00,102.0
2026-02-17 22:00:00,118.25
2026-02-17 23:00:00,117.75
2026-02-18 00:00:00,118.75
2026-02-18 01:00:00,158.75
2026-02-18 02:00:00,254.25
2026-02-18 03:00:00,241.75
2026-02-18 04:00:00,234.0
2026-02-18 05:00:00,225.5
2026-02-18 06:00:00,209.5
2026-02-18 07:00:00,152.75
2026-02-18 08:00:00,89.75
2026-02-18 09:00:00,84.25
2026-02-18 10:00:00,36.25
2026-02-18 11:00:00,42.25
2026-02-18 12:00:00,51.75
2026-02-18 13:00:00,55.75
2026-02-18 14:00:00,31.75
2026-02-18 15:00:00,33.25
2026-02-18 16:00:00,38.0
2026-02-18 17:00:00,37.75
2026-02-18 18:00:00,45.25
2026-02-18 19:00:00,39.25
2026-02-18 20:00:00,47.25
2026-02-18 21:00:00,67.5
2026-02-18 22:00:00,80.25
2026-02-18 23:00:00,86.5
2026-02-19 00:00:00,75.75
2026-02-19 01:00:00,62.0
2026-02-19 02:00:00,62.5
2026-02-19 03:00:00,54.0
2026-02-19 04:00:00,55.25
2026-02-19 05:00:00,77.5
2026-02-19 06:00:00,78.25
2026-02-19 07:00:00,84.5
2026-02-19 08:00:00,89.75
2026-02-19 09:00:00,157.5
2026-02-19 10:00:00,108.25
2026-02-19 11:00:00,108.0
2026-02-19 12:00:00,79.0
2026-02-19 13:00:00,49.0
2026-02-19 14:00:00,83.25
2026-02-19 15:00:00,84.25
2026-02-19 16:00:00,74.25
2026-02-19 17:00:00,56.5
2026-02-19 18:00:00,56.0
2026-02-19 19:00:00,77.5
2026-02-19 20:00:00,86.75
2026-02-19 21:00:00,88.25
2026-02-19 22:00:00,81.75
2026-02-19 23:00:00,83.0
2026-02-20 00:00:00,105.75
2026-02-20 01:00:00,92.75
2026-02-20 02:00:00,84.75
2026-02-20 03:00:00,86.0
2026-02-20 04:00:00,87.5
2026-02-20 05:00:00,92.75
2026-02-20 06:00:00,96.0
2026-02-20 07:00:00,104.25
2026-02-20 08:00:00,100.0
2026-02-20 09:00:00,110.25
2026-02-20 10:00:00,129.75
2026-02-20 11:00:00,113.25
2026-02-20 12:00:00,100.25
2026-02-20 13:00:00,111.0
2026-02-20 14:00:00,111.5
2026-02-20 15:00:00,75.75
2026-02-20 16:00:00,62.0
2026-02-20 17:00:00,57.25
2026-02-20 18:00:00,54.5
2026-02-20 19:00:00,52.0
2026-02-20 20:00:00,52.75
2026-02-20 21:00:00,60.75
2026-02-20 22:00:00,61.25
2026-02-20 23:00:00,67.5
2026-02-21 00:00:00,73.25
2026-02-21 01:00:00,69.75
2026-02-21 02:00:00,72.0
2026-02-21 03:00:00,81.25
2026-02-21 04:00:00,107.0
2026-02-21 05:00:00,110.25
2026-02-21 06:00:00,89.25
2026-02-21 07:00:00,92.25
2026-02-21 08:00:00,84.75
2026-02-21 09:00:00,103.0
2026-02-21 10:00:00,109.0
2026-02-21 11:00:00,126.75
2026-02-21 12:00:00,122.0
2026-02-21 13:00:00,97.25
2026-02-21 14:00:00,93.5
2026-02-21 15:00:00,61.5
2026-02-21 16:00:00,49.75
2026-02-21 17:00:00,53.5
2026-02-21 18:00:00,69.0
2026-02-21 19:00:00,104.75
2026-02-21 20:00:00,128.5
2026-02-21 21:00:00,111.5
2026-02-21 22:00:00,127.5
2026-02-21 23:00:00,148.25
2026-02-22 00:00:00,138.5
2026-02-22 01:00:00,128.0
2026-02-22 02:00:00,103.0
2026-02-22 03:00:00,103.5
2026-02-22 04:00:00,117.0
2026-02-22 05:00:00,114.0
2026-02-22 06:00:00,128.75
2026-02-22 07:00:00,99.75
2026-02-22 08:00:00,107.25
2026-02-22 09:00:00,106.75
2026-02-22 10:00:00,75.0
2026-02-22 11:00:00,84.5
2026-02-22 12:00:00,72.5
2026-02-22 13:00:00,55.5
2026-02-22 14:00:00,56.75
2026-02-22 15:00:00,39.75
2026-02-22 16:00:00,49.75
2026-02-22 17:00:00,43.5
2026-02-22 18:00:00,53.75
2026-02-22 19:00:00,63.75
2026-02-22 20:00:00,76.0
2026-02-22 21:00:00,86.75
2026-02-22 22:00:00,115.5
2026-02-22 23:00:00,96.5
2026-02-23 00:00:00,83.0
2026-02-23 01:00:00,93.25
2026-02-23 02:00:00,96.5
2026-02-23 03:00:00,105.25
2026-02-23 04:00:00,85.75
2026-02-23 05:00:00,83.75
2026-02-23 06:00:00,93.0
2026-02-23 07:00:00,93.25
2026-02-23 08:00:00,101.25
2026-02-23 09:00:00,119.25
2026-02-23 10:00:00,80.5
2026-02-23 11:00:00,92.5
2026-02-23 12:00:00,78.25
2026-02-23 13:00:00,65.25
2026-02-23 14:00:00,61.25
2026-02-23 15:00:00,49.75
2026-02-23 16:00:00,49.5
2026-02-23 17:00:00,45.25
2026-02-23 18:00:00,53.5
2026-02-23 19:00:00,58.25
2026-02-23 20:00:00,68.0
2026-02-23 21:00:00,80.75
2026-02-23 22:00:00,88.0
2026-02-23 23:00:00,113.0
2026-02-24 00:00:00,137.25
2026-02-24 01:00:00,166.25
2026-02-24 02:00:00,162.5
2026-02-24 03:00:00,140.5
2026-02-24 04:00:00,114.25
2026-02-24 05:00:00,110.5
2026-02-24 06:00:00,111.5
2026-02-24 07:00:00,101.0
2026-02-24 08:00:00,116.75
2026-02-24 09:00:00,166.25
2026-02-24 10:00:00,127.0
2026-02-24 11:00:00,128.25
2026-02-24 12:00:00,112.0
2026-02-24 13:00:00,94.5
2026-02-24 14:00:00,82.75
2026-02-24 15:00:00,59.5
2026-02-24 16:00:00,60.5
2026-02-24 17:00:00,67.0
2026-02-24 18:00:00,70.5
2026-02-24 19:00:00,83.5
2026-02-24 20:00:00,80.0
2026-02-24 21:00:00,95.5
2026-02-24 22:00:00,132.0
2026-02-24 23:00:00,141.25
2026-02-25 00:00:00,122.25
2026-02-25 01:00:00,115.5
2026-02-25 02:00:00,119.75
2026-02-25 03:00:00,120.5
2026-02-25 04:00:00,107.0
2026-02-25 05:00:00,109.0
2026-02-25 06:00:00,108.25
2026-02-25 07:00:00,137.25
2026-02-25 08:00:00,143.5
2026-02-25 09:00:00,133.25
2026-02-25 10:00:00,101.25
2026-02-25 11:00:00,114.0
2026-02-25 12:00:00,87.75
2026-02-25 13:00:00,68.25
2026-02-25 14:00:00,70.25
2026-02-25 15:00:00,52.75
2026-02-25 16:00:00,47.25
2026-02-25 17:00:00,50.0
2026-02-25 18:00:00,58.5
2026-02-25 19:00:00,68.0
2026-02-25 20:00:00,66.5
2026-02-25 21:00:00,103.75
2026-02-25 22:00:00,110.5
2026-02-25 23:00:00,101.75
2026-02-26 00:00:00,101.0
2026-02-26 01:00:00,99.25
2026-02-26 02:00:00,97.25
2026-02-26 03:00:00,89.25
2026-02-26 04:00:00,83.25
2026-02-26 05:00:00,83.75
2026-02-26 06:00:00,66.25
2026-02-26 07:00:00,84.75
2026-02-26 08:00:00,95.5
2026-02-26 09:00:00,86.75
2026-02-26 10:00:00,85.5
2026-02-26 11:00:00,109.25
2026-02-26 12:00:00,68.0
2026-02-26 13:00:00,50.75
2026-02-26 14:00:00,57.75
2026-02-26 15:00:00,45.5
2026-02-26 16:00:00,36.0
2026-02-26 17:00:00,42.0
2026-02-26 18:00:00,42.75
2026-02-26 19:00:00,58.5
2026-02-26 20:00:00,81.0
2026-02-26 21:00:00,96.5
2026-02-26 22:00:00,110.25
2026-02-26 23:00:00,96.5
2026-02-27 00:00:00,86.0
2026-02-27 01:00:00,77.5
2026-02-27 02:00:00,94.0
2026-02-27 03:00:00,88.5
2026-02-27 04:00:00,76.75
2026-02-27 05:00:00,81.75
2026-02-27 06:00:00,86.0
2026-02-27 07:00:00,77.0
2026-02-27 08:00:00,68.5
2026-02-27 09:00:00,80.5
2026-02-27 10:00:00,78.25
2026-02-27 11:00:00,91.25
2026-02-27 12:00:00,66.75
2026-02-27 13:00:00,53.5
2026-02-27 14:00:00,59.25
2026-02-27 15:00:00,53.0
2026-02-27 16:00:00,43.5
2026-02-27 17:00:00,44.25
2026-02-27 18:00:00,51.0
2026-02-27 19:00:00,53.5
2026-02-27 20:00:00,79.25
2026-02-27 21:00:00,95.75
2026-02-27 22:00:00,108.75
2026-02-27 23:00:00,129.5
2026-02-28 00:00:00,160.25
2026-02-28 01:00:00,191.5
2026-02-28 02:00:00,168.75
2026-02-28 03:00:00,159.75
2026-02-28 04:00:00,141.75
2026-02-28 05:00:00,118.0
2026-02-28 06:00:00,125.0
2026-02-28 07:00:00,126.25
2026-02-28 08:00:00,120.0
2026-02-28 09:00:00,100.75
2026-02-28 10:00:00,70.25
2026-02-28 11:00:00,84.0
2026-02-28 12:00:00,58.5
2026-02-28 13:00:00,60.75
2026-02-28 14:00:00,62.5
2026-02-28 15:00:00,62.0
2026-02-28 16:00:00,54.75
2026-02-28 17:00:00,49.0
2026-02-28 18:00:00,52.25
2026-02-28 19:00:00,58.75
2026-02-28 20:00:00,74.0
2026-02-28 21:00:00,84.75
2026-02-28 22:00:00,89.75
2026-02-28 23:00:00,77.25
2026-03-01 00:00:00,82.75
2026-03-01 01:00:00,86.25
2026-03-01 02:00:00,92.0
2026-03-01 03:00:00,77.5
2026-03-01 04:00:00,79.5
2026-03-01 05:00:00,98.5
2026-03-01 06:00:00,92.0
2026-03-01 07:00:00,74.75
2026-03-01 08:00:00,74.5
2026-03-01 09:00:00,88.0
2026-03-01 10:00:00,69.25
2026-03-01 11:00:00,99.5
2026-03-01 12:00:00,71.75
2026-03-01 13:00:00,62.0
2026-03-01 14:00:00,58.75
2026-03-01 15:00:00,59.0
2026-03-01 16:00:00,41.0
2026-03-01 17:00:00,44.75
2026-03-01 18:00:00,50.5
2026-03-01 19:00:00,53.25
2026-03-01 20:00:00,72.0
2026-03-01 21:00:00,74.75
2026-03-01 22:00:00,72.5
2026-03-01 23:00:00,67.0
2026-03-02 00:00:00,71.0
2026-03-02 01:00:00,70.75
2026-03-02 02:00:00,68.5
2026-03-02 03:00:00,76.5
2026-03-02 04:00:00,74.75
2026-03-02 05:00:00,83.75
2026-03-02 06:00:00,88.0
2026-03-02 07:00:00,80.5
2026-03-02 08:00:00,84.5
2026-03-02 09:00:00,89.75
2026-03-02 10:00:00,100.25
2026-03-02 11:00:00,108.25
2026-03-02 12:00:00,85.5
2026-03-02 13:00:00,68.25
2026-03-02 14:00:00,68.75
2026-03-02 15:00:00,60.25
2026-03-02 16:00:00,57.0
2026-03-02 17:00:00,62.25
2026-03-02 18:00:00,73.5
2026-03-02 19:00:00,86.75
2026-03-02 20:00:00,94.0
2026-03-02 21:00:00,116.5
2026-03-02 22:00:00,123.25
2026-03-02 23:00:00,113.75
2026-03-03 00:00:00,109.5
2026-03-03 01:00:00,91.75
2026-03-03 02:00:00,77.5
2026-03-03 03:00:00,68.5
2026-03-03 04:00:00,69.5
2026-03-03 05:00:00,74.0
2026-03-03 06:00:00,73.5
2026-03-03 07:00:00,94.0
2026-03-03 08:00:00,84.5
2026-03-03 09:00:00,66.0
2026-03-03 10:00:00,73.75
2026-03-03 11:00:00,83.5
2026-03-03 12:00:00,71.25
2026-03-03 13:00:00,73.25
2026-03-03 14:00:00,62.25
2026-03-03 15:00:00,60.25
2026-03-03 16:00:00,42.5
2026-03-03 17:00:00,50.25
2026-03-03 18:00:00,51.25
2026-03-03 19:00:00,63.75
2026-03-03 20:00:00,58.25
2026-03-03 21:00:00,61.0
2026-03-03 22:00:00,54.75
2026-03-03 23:00:00,49.75
2026-03-04 00:00:00,54.5
2026-03-04 01:00:00,77.0
2026-03-04 02:00:00,84.25
2026-03-04 03:00:00,91.75
2026-03-04 04:00:00,83.25
2026-03-04 05:00:00,83.75
2026-03-04 06:00:00,79.25
2026-03-04 07:00:00,68.5
2026-03-04 08:00:00,69.75
2026-03-04 09:00:00,60.5
2026-03-04 10:00:00,72.25
2026-03-04 11:00:00,84.5
2026-03-04 12:00:00,63.25
2026-03-04 13:00:00,64.25
2026-03-04 14:00:00,59.25
2026-03-04 15:00:00,46.5
2026-03-04 16:00:00,42.5
2026-03-04 17:00:00,56.25
2026-03-04 18:00:00,46.0
2026-03-04 19:00:00,54.0
2026-03-04 20:00:00,53.75
2026-03-04 21:00:00,49.75
2026-03-04 22:00:00,49.0
2026-03-04 23:00:00,42.0
2026-03-05 00:00:00,53.0
2026-03-05 01:00:00,50.25
2026-03-05 02:00:00,42.75
2026-03-05 03:00:00,42.25
2026-03-05 04:00:00,43.25
2026-03-05 05:00:00,72.5
2026-03-05 06:00:00,76.5
2026-03-05 07:00:00,58.75
2026-03-05 08:00:00,60.25
2026-03-05 09:00:00,56.5
2026-03-05 10:00:00,68.25
2026-03-05 11:00:00,57.5
2026-03-05 12:00:00,67.5
2026-03-05 13:00:00,54.0
2026-03-05 14:00:00,56.75
2026-03-05 15:00:00,62.25
2026-03-05 16:00:00,66.75
2026-03-05 17:00:00,64.25
2026-03-05 18:00:00,59.75
2026-03-05 19:00:00,56.0
2026-03-05 20:00:00,59.5
2026-03-05 21:00:00,62.5
2026-03-05 22:00:00,46.5
2026-03-05 23:00:00,44.0
2026-03-06 00:00:00,47.75
2026-03-06 01:00:00,45.75
2026-03-06 02:00:00,40.0
2026-03-06 03:00:00,41.5
2026-03-06 04:00:00,52.75
2026-03-06 05:00:00,62.75
2026-03-06 06:00:00,73.5
2026-03-06 07:00:00,75.0
2026-03-06 08:00:00,82.75
2026-03-06 09:00:00,89.5
2026-03-06 10:00:00,92.0
2026-03-06 11:00:00,103.5
2026-03-06 12:00:00,115.25
2026-03-06 13:00:00,120.0
2026-03-06 14:00:00,100.75
2026-03-06 15:00:00,90.0
2026-03-06 16:00:00,59.0
2026-03-06 17:00:00,55.75
2026-03-06 18:00:00,67.5
2026-03-06 19:00:00,71.0
2026-03-06 20:00:00,62.25
2026-03-06 21:00:00,80.5
2026-03-06 22:00:00,94.5
2026-03-06 23:00:00,102.5
2026-03-07 00:00:00,116.5
2026-03-07 01:00:00,142.75
2026-03-07 02:00:00,157.5
2026-03-07 03:00:00,138.25
2026-03-07 04:00:00,131.5
2026-03-07 05:00:00,109.25
2026-03-07 06:00:00,110.75
2026-03-07 07:00:00,126.25
2026-03-07 08:00:00,149.0
2026-03-07 09:00:00,153.5
2026-03-07 10:00:00,126.25
2026-03-07 11:00:00,140.5
2026-03-07 12:00:00,106.75
2026-03-07 13:00:00,73.0
2026-03-07 14:00:00,77.0
2026-03-07 15:00:00,59.5
2026-03-07 16:00:00,53.75
2026-03-07 17:00:00,53.75
2026-03-07 18:00:00,60.75
2026-03-07 19:00:00,63.75
2026-03-07 20:00:00,67.5
2026-03-07 21:00:00,91.0
2026-03-07 22:00:00,102.75
2026-03-07 23:00:00,118.5
2026-03-08 00:00:00,105.0
2026-03-08 01:00:00,86.75
2026-03-08 02:00:00,110.5
2026-03-08 03:00:00,139.75
2026-03-08 04:00:00,136.5
2026-03-08 05:00:00,121.0
2026-03-08 06:00:00,131.25
2026-03-08 07:00:00,124.25
2026-03-08 08:00:00,139.0
2026-03-08 09:00:00,156.25
2026-03-08 10:00:00,156.75
2026-03-08 11:00:00,126.75
2026-03-08 12:00:00,101.0
2026-03-08 13:00:00,68.25
2026-03-08 14:00:00,73.5
2026-03-08 15:00:00,65.75
2026-03-08 16:00:00,52.25
2026-03-08 17:00:00,58.0
2026-03-08 18:00:00,57.75
2026-03-08 19:00:00,73.25
2026-03-08 20:00:00,76.75
2026-03-08 21:00:00,79.25
2026-03-08 22:00:00,97.25
2026-03-08 23:00:00,80.5
2026-03-09 00:00:00,91.75
2026-03-09 01:00:00,102.75
2026-03-09 02:00:00,102.5
2026-03-09 03:00:00,88.25
2026-03-09 04:00:00,86.75
2026-03-09 05:00:00,88.0
2026-03-09 06:00:00,64.75
2026-03-09 07:00:00,68.75
2026-03-09 08:00:00,103.5
2026-03-09 09:00:00,106.25
2026-03-09 10:00:00,101.75
2026-03-09 11:00:00,100.5
2026-03-09 12:00:00,109.75
2026-03-09 13:00:00,94.5
2026-03-09 14:00:00,94.0
2026-03-09 15:00:00,76.75
2026-03-09 16:00:00,62.75
2026-03-09 17:00:00,68.75
2026-03-09 18:00:00,76.5
2026-03-09 19:00:00,93.75
2026-03-09 20:00:00,92.25
2026-03-09 21:00:00,95.75
2026-03-09 22:00:00,97.75
2026-03-09 23:00:00,107.5
2026-03-10 00:00:00,113.75
2026-03-10 01:00:00,99.0
2026-03-10 02:00:00,97.25
2026-03-10 03:00:00,89.0
2026-03-10 04:00:00,85.5
2026-03-10 05:00:00,86.0
2026-03-10 06:00:00,95.0
2026-03-10 07:00:00,99.0
2026-03-10 08:00:00,149.25
2026-03-10 09:00:00,230.25
2026-03-10 10:00:00,231.0
2026-03-10 11:00:00,273.25
2026-03-10 12:00:00,273.0
2026-03-10 13:00:00,168.25
2026-03-10 14:00:00,98.75
2026-03-10 15:00:00,104.25
2026-03-10 16:00:00,68.0
2026-03-10 17:00:00,55.5
2026-03-10 18:00:00,71.5
2026-03-10 19:00:00,76.25
2026-03-10 20:00:00,82.75
2026-03-10 21:00:00,102.25
2026-03-10 22:00:00,94.5
2026-03-10 23:00:00,95.25
2026-03-11 00:00:00,87.25
2026-03-11 01:00:00,86.0
2026-03-11 02:00:00,99.5
2026-03-11 03:00:00,103.0
2026-03-11 04:00:00,106.25
2026-03-11 05:00:00,141.75
2026-03-11 06:00:00,117.25
2026-03-11 07:00:00,102.75
2026-03-11 08:00:00,107.0
2026-03-11 09:00:00,116.5
2026-03-11 10:00:00,98.25
2026-03-11 11:00:00,84.5
2026-03-11 12:00:00,68.0
2026-03-11 13:00:00,74.0
2026-03-11 14:00:00,106.25
2026-03-11 15:00:00,46.75
2026-03-11 16:00:00,40.75
2026-03-11 17:00:00,21.25
2026-03-11 18:00:00,43.25
2026-03-11 19:00:00,55.5
2026-03-11 20:00:00,31.5
2026-03-11 21:00:00,52.25
2026-03-11 22:00:00,67.0
2026-03-11 23:00:00,66.75
2026-03-12 00:00:00,92.25
2026-03-12 01:00:00,90.25
2026-03-12 02:00:00,84.25
2026-03-12 03:00:00,83.25
2026-03-12 04:00:00,95.0
2026-03-12 05:00:00,82.75
2026-03-12 06:00:00,37.75
2026-03-12 07:00:00,47.25
2026-03-12 08:00:00,75.5
2026-03-12 09:00:00,97.0
2026-03-12 10:00:00,88.5
2026-03-12 11:00:00,78.75
2026-03-12 12:00:00,52.0
2026-03-12 13:00:00,34.75
2026-03-12 14:00:00,37.0
2026-03-12 15:00:00,34.25
2026-03-12 16:00:00,31.75
2026-03-12 17:00:00,54.25
2026-03-12 18:00:00,58.25
2026-03-12 19:00:00,76.0
2026-03-12 20:00:00,83.0
2026-03-12 21:00:00,60.0
2026-03-12 22:00:00,64.5
2026-03-12 23:00:00,78.5
2026-03-13 00:00:00,83.0
2026-03-13 01:00:00,106.75
2026-03-13 02:00:00,112.5
2026-03-13 03:00:00,100.75
2026-03-13 04:00:00,71.5
2026-03-13 05:00:00,64.0
2026-03-13 06:00:00,44.75
2026-03-13 07:00:00,55.0
2026-03-13 08:00:00,62.25
2026-03-13 09:00:00,62.0
2026-03-13 10:00:00,63.5
2026-03-13 11:00:00,76.75
2026-03-13 12:00:00,54.75
2026-03-13 13:00:00,34.75
2026-03-13 14:00:00,43.25
2026-03-13 15:00:00,43.5
2026-03-13 16:00:00,39.25
2026-03-13 17:00:00,28.5
2026-03-13 18:00:00,25.25
2026-03-13 19:00:00,36.25
2026-03-13 20:00:00,30.75
2026-03-13 21:00:00,18.5
2026-03-13 22:00:00,31.75
2026-03-13 23:00:00,27.5
2026-03-14 00:00:00,41.5
2026-03-14 01:00:00,68.5
2026-03-14 02:00:00,74.75
2026-03-14 03:00:00,64.25
2026-03-14 04:00:00,66.5
2026-03-14 05:00:00,41.25
2026-03-14 06:00:00,50.5
2026-03-14 07:00:00,73.25
2026-03-14 08:00:00,74.25
2026-03-14 09:00:00,69.25
2026-03-14 10:00:00,66.5
2026-03-14 11:00:00,74.0
2026-03-14 12:00:00,63.5
2026-03-14 13:00:00,43.0
2026-03-14 14:00:00,29.25
2026-03-14 15:00:00,23.75
2026-03-14 16:00:00,18.25
2026-03-14 17:00:00,44.0
2026-03-14 18:00:00,61.25
2026-03-14 19:00:00,60.0
2026-03-14 20:00:00,58.5
2026-03-14 21:00:00,66.25
2026-03-14 22:00:00,47.75
2026-03-14 23:00:00,54.75
2026-03-15 00:00:00,56.25
2026-03-15 01:00:00,69.0
2026-03-15 02:00:00,108.75
2026-03-15 03:00:00,142.0
2026-03-15 04:00:00,141.5
2026-03-15 05:00:00,103.75
2026-03-15 06:00:00,30.5
2026-03-15 07:00:00,7.75
2026-03-15 08:00:00,17.0
2026-03-15 09:00:00,11.0
2026-03-15 10:00:00,36.25
2026-03-15 11:00:00,61.0
2026-03-15 12:00:00,44.5
2026-03-15 13:00:00,46.75
2026-03-15 14:00:00,38.75
2026-03-15 15:00:00,26.75
2026-03-15 16:00:00,13.5
2026-03-15 17:00:00,10.0
2026-03-15 18:00:00,25.5
2026-03-15 19:00:00,42.75
2026-03-15 20:00:00,34.75
2026-03-15 21:00:00,30.0
2026-03-15 22:00:00,33.25
2026-03-15 23:00:00,7.5
2026-03-16 00:00:00,30.0
2026-03-16 01:00:00,31.5
2026-03-16 02:00:00,30.5
2026-03-16 03:00:00,37.5
2026-03-16 04:00:00,33.25
2026-03-16 05:00:00,24.0
2026-03-16 06:00:00,23.25
2026-03-16 07:00:00,14.67
2026-03-16 08:00:00,3.25
2026-03-16 09:00:00,12.0
2026-03-16 10:00:00,27.75
2026-03-16 11:00:00,47.0
2026-03-16 12:00:00,56.0
2026-03-16 13:00:00,54.0
2026-03-16 14:00:00,53.25
2026-03-16 15:00:00,45.0
2026-03-16 16:00:00,25.0
2026-03-16 17:00:00,20.0
2026-03-16 18:00:00,29.75
2026-03-16 19:00:00,44.5
2026-03-16 20:00:00,67.25
2026-03-16 21:00:00,105.5
2026-03-16 22:00:00,49.5
2026-03-16 23:00:00,29.0
2026-03-17 00:00:00,15.25
2026-03-17 01:00:00,12.0
2026-03-17 02:00:00,28.75
2026-03-17 03:00:00,31.0
2026-03-17 04:00:00,42.0
2026-03-17 05:00:00,61.67
2026-03-17 06:00:00,58.25
2026-03-17 07:00:00,62.75
2026-03-17 08:00:00,89.25
2026-03-17 09:00:00,83.25
2026-03-17 10:00:00,98.5
2026-03-17 11:00:00,119.0
2026-03-17 12:00:00,135.0
2026-03-17 13:00:00,92.5
2026-03-17 14:00:00,80.5
2026-03-17 15:00:00,89.75
2026-03-17 16:00:00,65.25
2026-03-17 17:00:00,33.0
2026-03-17 18:00:00,22.0
2026-03-17 19:00:00,46.25
2026-03-17 20:00:00,56.5
2026-03-17 21:00:00,95.25
2026-03-17 22:00:00,108.0
2026-03-17 23:00:00,104.0
2026-03-18 00:00:00,106.75
2026-03-18 01:00:00,91.0
2026-03-18 02:00:00,87.25
2026-03-18 03:00:00,69.5
2026-03-18 04:00:00,56.75
2026-03-18 05:00:00,68.5
2026-03-18 06:00:00,68.25
2026-03-18 07:00:00,72.0
2026-03-18 08:00:00,109.5
2026-03-18 09:00:00,139.25
2026-03-18 10:00:00,115.33
2026-03-18 13:00:00,134.0
2026-03-18 14:00:00,157.5
2026-03-18 15:00:00,136.25
2026-03-18 16:00:00,102.25
2026-03-18 17:00:00,68.0
2026-03-18 18:00:00,93.0
2026-03-18 19:00:00,96.0
2026-03-18 20:00:00,52.25
2026-03-18 21:00:00,40.75
2026-03-18 22:00:00,42.67
2026-03-18 23:00:00,20.0
2026-03-19 00:00:00,26.0
2026-03-19 01:00:00,101.0
2026-03-19 02:00:00,110.0
2026-03-19 03:00:00,64.5
2026-03-19 04:00:00,70.0
2026-03-19 05:00:00,65.25
2026-03-19 06:00:00,61.25
2026-03-19 07:00:00,43.0
2026-03-19 08:00:00,32.25
2026-03-19 09:00:00,51.75
2026-03-19 10:00:00,89.25
2026-03-19 11:00:00,88.25
2026-03-19 12:00:00,119.75
2026-03-19 13:00:00,115.0
2026-03-19 14:00:00,47.5
2026-03-19 15:00:00,67.0
2026-03-19 16:00:00,47.25
2026-03-19 17:00:00,64.67
2026-03-19 18:00:00,51.33
2026-03-19 19:00:00,35.5
2026-03-19 20:00:00,20.0
2026-03-19 21:00:00,20.25
2026-03-19 22:00:00,2.33
2026-03-19 23:00:00,19.0
2026-03-20 00:00:00,29.0
2026-03-20 01:00:00,31.5
2026-03-20 02:00:00,31.75
2026-03-20 03:00:00,30.25
2026-03-20 04:00:00,13.0
2026-03-20 05:00:00,64.5
2026-03-20 06:00:00,100.5
2026-03-20 07:00:00,24.75
2026-03-20 08:00:00,24.75
2026-03-20 09:00:00,34.0
2026-03-20 10:00:00,22.75
2026-03-20 11:00:00,20.0
2026-03-20 12:00:00,22.67
2026-03-20 13:00:00,4.0
2026-03-20 14:00:00,14.25
2026-03-20 15:00:00,17.33
2026-03-20 16:00:00,29.0
2026-03-20 17:00:00,42.75
2026-03-20 18:00:00,47.33
2026-03-20 19:00:00,40.0
2026-03-20 20:00:00,44.75
2026-03-20 21:00:00,29.5
2026-03-20 22:00:00,40.5
2026-03-20 23:00:00,37.25
2026-03-21 00:00:00,35.0
2026-03-21 01:00:00,47.5
2026-03-21 02:00:00,38.0
2026-03-21 03:00:00,38.25
2026-03-21 04:00:00,38.75
2026-03-21 05:00:00,37.25
2026-03-21 06:00:00,41.75
2026-03-21 07:00:00,38.75
2026-03-21 08:00:00,45.0
2026-03-21 09:00:00,83.25
2026-03-21 10:00:00,84.75
2026-03-21 11:00:00,68.5
2026-03-21 12:00:00,82.0
2026-03-21 13:00:00,53.25
2026-03-21 14:00:00,35.5
2026-03-21 15:00:00,29.75
2026-03-21 16:00:00,29.25
2026-03-21 17:00:00,28.0
2026-03-21 18:00:00,48.25
2026-03-21 19:00:00,57.25
2026-03-21 20:00:00,63.75
2026-03-21 21:00:00,65.5
2026-03-21 22:00:00,51.33
2026-03-21 23:00:00,65.67
2026-03-22 00:00:00,66.75
2026-03-22 01:00:00,56.75
2026-03-22 02:00:00,51.75
2026-03-22 03:00:00,60.0
2026-03-22 04:00:00,72.0
2026-03-22 05:00:00,91.0
2026-03-22 06:00:00,77.25
2026-03-22 07:00:00,59.0
2026-03-22 08:00:00,49.0
2026-03-22 09:00:00,48.5
2026-03-22 10:00:00,30.0
2026-03-22 11:00:00,50.75
2026-03-22 12:00:00,51.0
2026-03-22 13:00:00,49.75
2026-03-22 14:00:00,37.0
2026-03-22 15:00:00,27.5
2026-03-22 16:00:00,16.25
2026-03-22 17:00:00,21.75
2026-03-22 18:00:00,27.25
2026-03-22 19:00:00,51.5
2026-03-22 20:00:00,56.5
2026-03-22 21:00:00,68.5
2026-03-22 22:00:00,74.5
2026-03-22 23:00:00,55.5
2026-03-23 00:00:00,47.5
2026-03-23 01:00:00,36.0
2026-03-23 02:00:00,40.25
2026-03-23 03:00:00,44.75
2026-03-23 04:00:00,63.0
2026-03-23 05:00:00,59.25
2026-03-23 06:00:00,23.5
2026-03-23 07:00:00,26.5
2026-03-23 08:00:00,6.5
2026-03-23 09:00:00,11.25
2026-03-24 12:00:00,26.0
2026-03-24 14:00:00,133.0
2026-03-24 15:00:00,122.5
2026-03-24 16:00:00,97.0
2026-03-24 17:00:00,80.0
2026-03-24 18:00:00,50.5
2026-03-24 19:00:00,57.75
2026-03-24 20:00:00,74.75
2026-03-24 21:00:00,79.0
2026-03-24 22:00:00,102.5
2026-03-24 23:00:00,106.75
2026-03-25 00:00:00,108.0
2026-03-25 01:00:00,99.0
2026-03-25 02:00:00,77.67
2026-03-25 03:00:00,69.5
2026-03-25 04:00:00,65.75
2026-03-25 05:00:00,78.25
2026-03-25 06:00:00,97.75
2026-03-25 07:00:00,146.5
2026-03-25 08:00:00,149.5
2026-03-25 09:00:00,87.25
2026-03-25 10:00:00,35.25
2026-03-25 11:00:00,24.5
2026-03-25 12:00:00,41.25
2026-03-25 13:00:00,29.25
2026-03-25 14:00:00,32.75
2026-03-25 15:00:00,49.5
2026-03-25 16:00:00,34.75
2026-03-25 17:00:00,31.25
2026-03-25 18:00:00,35.25
2026-03-25 19:00:00,30.25
2026-03-25 20:00:00,41.0
2026-03-25 21:00:00,64.25
2026-03-25 22:00:00,66.0
2026-03-25 23:00:00,74.75
2026-03-26 00:00:00,84.5
2026-03-26 01:00:00,90.25
2026-03-26 02:00:00,77.75
2026-03-26 03:00:00,64.5
2026-03-26 04:00:00,78.0
2026-03-26 05:00:00,94.75
2026-03-26 06:00:00,85.5
2026-03-26 07:00:00,80.5
2026-03-26 08:00:00,87.5
2026-03-26 09:00:00,86.5
2026-03-26 10:00:00,106.0
2026-03-26 11:00:00,86.25
2026-03-26 12:00:00,51.25
2026-03-26 13:00:00,64.25
2026-03-26 14:00:00,60.75
2026-03-26 15:00:00,49.75
2026-03-26 16:00:00,48.25
2026-03-26 17:00:00,55.75
2026-03-26 18:00:00,54.0
2026-03-26 19:00:00,57.0
2026-03-26 20:00:00,53.75
2026-03-26 21:00:00,60.25
2026-03-26 22:00:00,45.25
2026-03-26 23:00:00,20.5
2026-03-27 00:00:00,34.75
2026-03-27 01:00:00,60.0
2026-03-27 02:00:00,60.5
2026-03-27 03:00:00,74.0
2026-03-27 04:00:00,62.5
2026-03-27 05:00:00,64.25
2026-03-27 06:00:00,69.0
2026-03-27 07:00:00,35.5
2026-03-27 08:00:00,34.75
2026-03-27 09:00:00,45.25
2026-03-27 10:00:00,63.25
2026-03-27 11:00:00,55.0
2026-03-27 12:00:00,43.25
2026-03-27 13:00:00,22.0
2026-03-27 14:00:00,21.75
2026-03-27 15:00:00,33.75
2026-03-27 16:00:00,28.0
2026-03-27 17:00:00,21.0
2026-03-27 18:00:00,40.25
2026-03-27 19:00:00,38.25
2026-03-27 20:00:00,51.0
2026-03-27 21:00:00,66.5
2026-03-27 22:00:00,46.5
2026-03-27 23:00:00,35.5
2026-03-28 00:00:00,44.25
2026-03-28 01:00:00,38.25
2026-03-28 02:00:00,55.0
2026-03-28 03:00:00,61.25
2026-03-28 04:00:00,54.25
2026-03-28 05:00:00,81.0
2026-03-28 06:00:00,112.25
2026-03-28 07:00:00,117.5
2026-03-28 08:00:00,88.0
2026-03-28 09:00:00,69.75
2026-03-28 10:00:00,65.5
2026-03-28 11:00:00,63.0
2026-03-28 12:00:00,58.0
2026-03-28 13:00:00,47.75
2026-03-28 14:00:00,60.0
2026-03-28 15:00:00,64.0
2026-03-28 16:00:00,36.25
2026-03-28 17:00:00,39.5
2026-03-28 18:00:00,17.75
2026-03-28 19:00:00,28.75
2026-03-28 20:00:00,37.0
2026-03-28 21:00:00,72.0
2026-03-28 22:00:00,102.0
2026-03-28 23:00:00,86.25
2026-03-29 00:00:00,95.0
2026-03-29 01:00:00,100.75
2026-03-29 02:00:00,115.25
2026-03-29 03:00:00,130.5
2026-03-29 04:00:00,109.0
2026-03-29 05:00:00,119.0
2026-03-29 06:00:00,106.5
2026-03-29 07:00:00,69.0
2026-03-29 08:00:00,53.0
2026-03-29 09:00:00,76.75
2026-03-29 10:00:00,78.5
2026-03-29 11:00:00,61.75
2026-03-29 12:00:00,65.75
2026-03-29 13:00:00,64.75
2026-03-29 14:00:00,57.0
2026-03-29 15:00:00,33.25
2026-03-29 16:00:00,22.0
2026-03-29 17:00:00,23.75
2026-03-29 18:00:00,48.5
2026-03-29 19:00:00,74.75
2026-03-29 20:00:00,92.5
2026-03-29 21:00:00,76.75
2026-03-29 22:00:00,68.25
2026-03-29 23:00:00,72.25
2026-03-30 00:00:00,44.25
2026-03-30 01:00:00,60.5
2026-03-30 02:00:00,53.0
2026-03-30 03:00:00,56.0
2026-03-30 04:00:00,86.5
2026-03-30 05:00:00,90.0
2026-03-30 06:00:00,101.0
2026-03-30 07:00:00,102.25
2026-03-30 08:00:00,75.0
2026-03-30 09:00:00,56.0
2026-03-30 10:00:00,70.75
2026-03-30 11:00:00,72.5
2026-03-30 12:00:00,43.25
2026-03-30 13:00:00,46.0
2026-03-30 14:00:00,52.75
2026-03-30 15:00:00,33.5
2026-03-30 16:00:00,33.5
2026-03-30 17:00:00,20.5
2026-03-30 18:00:00,5.5
2026-03-30 19:00:00,12.25
2026-03-30 20:00:00,38.0
2026-03-30 21:00:00,60.75
2026-03-30 22:00:00,69.75
2026-03-30 23:00:00,77.75
2026-03-31 00:00:00,84.0
2026-03-31 01:00:00,90.0
2026-03-31 02:00:00,111.0
2026-03-31 03:00:00,120.75
2026-03-31 04:00:00,152.5
2026-03-31 05:00:00,171.25
2026-03-31 06:00:00,108.0
2026-03-31 07:00:00,55.5
2026-03-31 08:00:00,40.5
2026-03-31 09:00:00,22.5
2026-03-31 10:00:00,34.0
2026-03-31 11:00:00,36.5
2026-03-31 12:00:00,36.5
2026-03-31 13:00:00,46.75
2026-03-31 14:00:00,52.75
2026-03-31 15:00:00,54.25
2026-03-31 16:00:00,37.5
2026-03-31 17:00:00,24.0
2026-03-31 18:00:00,0.0
2026-03-31 20:00:00,3.5
2026-03-31 21:00:00,15.33
2026-03-31 22:00:00,30.75
2026-03-31 23:00:00,42.0
2026-04-01 00:00:00,33.75
2026-04-01 01:00:00,24.75
2026-04-01 02:00:00,14.75
2026-04-01 03:00:00,15.25
2026-04-01 04:00:00,16.25
2026-04-01 05:00:00,14.25
2026-04-01 06:00:00,15.5
2026-04-01 07:00:00,34.5
2026-04-01 08:00:00,50.75
2026-04-01 09:00:00,62.5
2026-04-01 10:00:00,64.75
2026-04-01 11:00:00,46.25
2026-04-01 12:00:00,30.0
2026-04-01 13:00:00,36.5
2026-04-01 14:00:00,26.75
2026-04-01 15:00:00,42.5
2026-04-01 16:00:00,41.75
2026-04-01 17:00:00,40.75
2026-04-01 18:00:00,45.5
2026-04-01 19:00:00,28.0
2026-04-01 20:00:00,36.25
2026-04-01 21:00:00,62.25
2026-04-01 22:00:00,103.75
2026-04-01 23:00:00,119.25
2026-04-02 00:00:00,105.0
2026-04-02 01:00:00,92.75
2026-04-02 02:00:00,89.5
2026-04-02 03:00:00,86.25
2026-04-02 04:00:00,61.75
2026-04-02 05:00:00,56.0
2026-04-02 06:00:00,62.5
2026-04-02 07:00:00,73.75
2026-04-02 08:00:00,126.5
2026-04-02 09:00:00,141.25
2026-04-02 10:00:00,119.25
2026-04-02 11:00:00,72.25
2026-04-02 12:00:00,32.0
2026-04-02 13:00:00,30.25
2026-04-02 14:00:00,43.5
2026-04-02 15:00:00,44.0
2026-04-02 16:00:00,51.25
2026-04-02 17:00:00,57.75
2026-04-02 18:00:00,67.0
2026-04-02 19:00:00,72.0
2026-04-02 20:00:00,90.5
2026-04-02 21:00:00,101.75
2026-04-02 22:00:00,94.75
2026-04-02 23:00:00,122.0
2026-04-03 00:00:00,106.5
2026-04-03 01:00:00,136.75
2026-04-03 02:00:00,119.0
2026-04-03 03:00:00,112.75
2026-04-03 04:00:00,88.25
2026-04-03 05:00:00,136.25
2026-04-03 06:00:00,87.25
2026-04-03 07:00:00,122.5
2026-04-03 08:00:00,93.25
2026-04-03 09:00:00,101.5
2026-04-03 10:00:00,98.25
2026-04-03 11:00:00,75.5
2026-04-03 12:00:00,52.75
2026-04-03 13:00:00,40.75
2026-04-03 14:00:00,31.5
2026-04-03 15:00:00,33.25
2026-04-03 16:00:00,25.5
2026-04-03 17:00:00,36.25
2026-04-03 18:00:00,61.0
2026-04-03 19:00:00,52.25
2026-04-03 20:00:00,40.5
2026-04-03 21:00:00,20.33
2026-04-03 22:00:00,0.0
2026-04-03 23:00:00,8.5
2026-04-04 00:00:00,15.0
2026-04-04 01:00:00,26.5
2026-04-04 02:00:00,61.75
2026-04-04 03:00:00,50.75
2026-04-04 04:00:00,40.75
2026-04-04 05:00:00,46.0
2026-04-04 06:00:00,23.75
2026-04-04 07:00:00,26.5
2026-04-04 08:00:00,90.25
2026-04-04 09:00:00,88.25
2026-04-04 10:00:00,57.0
2026-04-04 11:00:00,38.25
2026-04-04 12:00:00,44.0
2026-04-04 13:00:00,40.0
2026-04-04 14:00:00,31.25
2026-04-04 15:00:00,21.75
2026-04-04 16:00:00,17.75
2026-04-04 17:00:00,16.75
2026-04-04 18:00:00,28.25
2026-04-04 19:00:00,48.75
2026-04-04 20:00:00,46.75
2026-04-04 21:00:00,46.75
2026-04-04 22:00:00,84.75
2026-04-04 23:00:00,41.25
2026-04-05 00:00:00,24.25
2026-04-05 01:00:00,93.0
2026-04-05 02:00:00,31.0
2026-04-05 03:00:00,58.5
2026-04-05 04:00:00,59.25
2026-04-05 05:00:00,48.25
2026-04-05 06:00:00,45.0
2026-04-05 07:00:00,28.0
2026-04-05 08:00:00,33.5
2026-04-05 09:00:00,63.5
2026-04-05 10:00:00,80.5
2026-04-05 11:00:00,81.75
2026-04-05 12:00:00,60.0
2026-04-05 13:00:00,51.25
2026-04-05 14:00:00,38.5
2026-04-05 15:00:00,25.5
2026-04-05 16:00:00,6.25
2026-04-05 17:00:00,3.0
2026-04-05 18:00:00,4.0
2026-04-05 19:00:00,28.25
2026-04-05 20:00:00,57.25
2026-04-05 21:00:00,62.75
2026-04-05 22:00:00,57.0
2026-04-05 23:00:00,45.5
2026-04-06 00:00:00,37.75
2026-04-06 01:00:00,25.75
2026-04-06 02:00:00,28.25
2026-04-06 03:00:00,38.25
2026-04-06 04:00:00,45.5
2026-04-06 05:00:00,59.5
2026-04-06 06:00:00,68.0
2026-04-06 07:00:00,74.0
2026-04-06 08:00:00,95.5
2026-04-06 09:00:00,74.0
2026-04-06 10:00:00,51.0
2026-04-06 11:00:00,32.5
2026-04-06 12:00:00,35.25
2026-04-06 13:00:00,44.5
2026-04-06 14:00:00,28.5
2026-04-06 15:00:00,34.5
2026-04-06 16:00:00,19.5
2026-04-06 17:00:00,7.67
2026-04-06 19:00:00,12.5
2026-04-06 20:00:00,21.5
2026-04-06 21:00:00,38.25
2026-04-06 22:00:00,36.0
2026-04-06 23:00:00,29.5
2026-04-07 00:00:00,35.75
2026-04-07 01:00:00,22.75
2026-04-07 02:00:00,8.0
2026-04-07 03:00:00,13.0
2026-04-07 04:00:00,12.25
2026-04-07 05:00:00,33.75
2026-04-07 06:00:00,75.0
2026-04-07 07:00:00,64.75
2026-04-07 08:00:00,52.75
2026-04-07 09:00:00,61.5
2026-04-07 10:00:00,54.0
2026-04-07 11:00:00,48.75
2026-04-07 12:00:00,32.75
2026-04-07 13:00:00,26.75
2026-04-07 14:00:00,47.5
2026-04-07 15:00:00,21.25
2026-04-07 16:00:00,29.75
2026-04-07 17:00:00,31.75
2026-04-07 18:00:00,33.0
2026-04-07 19:00:00,34.25
2026-04-07 20:00:00,74.5
2026-04-07 21:00:00,77.25
2026-04-07 22:00:00,41.5
2026-04-07 23:00:00,34.75
2026-04-08 00:00:00,30.5
2026-04-08 01:00:00,24.75
2026-04-08 02:00:00,18.0
2026-04-08 03:00:00,0.5
2026-04-08 04:00:00,0.0
2026-04-08 05:00:00,1.0
2026-04-08 06:00:00,10.0
2026-04-08 07:00:00,28.5
2026-04-08 08:00:00,37.5
2026-04-08 09:00:00,30.25
2026-04-08 10:00:00,38.75
2026-04-08 11:00:00,31.75
2026-04-08 12:00:00,38.75
2026-04-08 13:00:00,36.25
2026-04-08 14:00:00,31.5
2026-04-08 15:00:00,53.5
2026-04-08 16:00:00,58.25
2026-04-08 17:00:00,51.0
2026-04-08 18:00:00,40.75
2026-04-08 19:00:00,15.75
2026-04-08 20:00:00,9.0
2026-04-08 21:00:00,25.0
2026-04-08 22:00:00,26.25
2026-04-08 23:00:00,29.75
2026-04-09 00:00:00,43.75
2026-04-09 01:00:00,42.0
2026-04-09 02:00:00,39.33
2026-04-09 03:00:00,27.25
2026-04-09 04:00:00,1.0
2026-04-09 05:00:00,7.0
2026-04-09 06:00:00,14.5
2026-04-09 07:00:00,118.0
2026-04-09 08:00:00,87.25
2026-04-09 09:00:00,47.25
2026-04-09 10:00:00,43.75
2026-04-09 11:00:00,44.25
2026-04-09 12:00:00,108.67
2026-04-09 15:00:00,36.75
2026-04-09 16:00:00,25.75
2026-04-09 17:00:00,36.5
2026-04-09 18:00:00,36.75
2026-04-09 19:00:00,43.0
2026-04-09 20:00:00,46.0
2026-04-09 21:00:00,53.25
2026-04-09 22:00:00,94.25
2026-04-09 23:00:00,90.5
2026-04-10 00:00:00,50.5
2026-04-10 01:00:00,63.25
2026-04-10 02:00:00,73.5
2026-04-10 03:00:00,67.75
2026-04-10 04:00:00,70.0
2026-04-10 05:00:00,57.0
2026-04-10 06:00:00,106.75
2026-04-10 07:00:00,82.0
2026-04-10 08:00:00,44.75
2026-04-10 09:00:00,37.25
2026-04-10 10:00:00,21.0
2026-04-10 11:00:00,20.25
2026-04-10 12:00:00,40.5
2026-04-10 13:00:00,35.0
2026-04-10 14:00:00,31.75
2026-04-10 15:00:00,37.25
2026-04-10 16:00:00,29.75
2026-04-10 17:00:00,18.5
2026-04-10 18:00:00,4.0
2026-04-10 19:00:00,11.75
2026-04-10 20:00:00,16.25
2026-04-10 21:00:00,35.5
2026-04-10 22:00:00,54.0
2026-04-10 23:00:00,65.5
2026-04-11 00:00:00,55.0
2026-04-11 01:00:00,46.0
2026-04-11 02:00:00,33.25
2026-04-11 03:00:00,33.5
2026-04-11 04:00:00,36.25
2026-04-11 05:00:00,18.75
2026-04-11 06:00:00,39.0
2026-04-11 07:00:00,53.25
2026-04-11 08:00:00,62.5
2026-04-11 09:00:00,30.75
2026-04-11 10:00:00,31.25
2026-04-11 11:00:00,17.5
2026-04-11 12:00:00,23.0
2026-04-11 13:00:00,25.5
2026-04-11 14:00:00,25.5
2026-04-11 15:00:00,42.5
2026-04-11 16:00:00,38.25
2026-04-11 17:00:00,29.0
2026-04-11 18:00:00,40.25
2026-04-11 19:00:00,31.75
2026-04-11 20:00:00,30.0
2026-04-11 21:00:00,47.75
2026-04-11 22:00:00,59.5
2026-04-11 23:00:00,84.25
2026-04-12 00:00:00,101.75
2026-04-12 01:00:00,80.0
2026-04-12 02:00:00,58.5
2026-04-12 03:00:00,47.0
2026-04-12 04:00:00,24.0
2026-04-12 05:00:00,35.25
2026-04-12 06:00:00,56.0
2026-04-12 07:00:00,182.5
2026-04-12 08:00:00,101.75
2026-04-12 09:00:00,44.25
2026-04-12 10:00:00,45.75
2026-04-12 11:00:00,48.5
2026-04-12 12:00:00,33.0
2026-04-12 13:00:00,20.25
2026-04-12 14:00:00,18.75
2026-04-12 15:00:00,26.5
2026-04-12 16:00:00,16.75
2026-04-12 17:00:00,28.5
2026-04-12 18:00:00,30.5
2026-04-12 19:00:00,25.75
2026-04-12 20:00:00,19.25
2026-04-12 21:00:00,17.5
2026-04-12 22:00:00,28.0
2026-04-12 23:00:00,40.75
2026-04-13 00:00:00,50.0
2026-04-13 01:00:00,72.75
2026-04-13 02:00:00,57.5
2026-04-13 03:00:00,51.25
2026-04-13 04:00:00,49.0
2026-04-13 05:00:00,23.5
2026-04-13 06:00:00,44.5
2026-04-13 07:00:00,70.75
2026-04-13 08:00:00,129.0
2026-04-13 09:00:00,110.0
2026-04-13 10:00:00,99.25
2026-04-13 11:00:00,59.0
2026-04-13 12:00:00,32.75
2026-04-13 13:00:00,19.25
2026-04-13 14:00:00,12.75
2026-04-13 15:00:00,19.75
2026-04-13 16:00:00,10.0
2026-04-13 17:00:00,13.0
2026-04-13 18:00:00,37.5
2026-04-13 19:00:00,38.25
2026-04-13 20:00:00,49.5
2026-04-13 21:00:00,61.25
2026-04-13 22:00:00,57.75
2026-04-13 23:00:00,72.25
2026-04-14 00:00:00,60.0
2026-04-14 01:00:00,52.0
2026-04-14 02:00:00,54.0
2026-04-14 03:00:00,55.25
2026-04-14 04:00:00,43.25
2026-04-14 05:00:00,44.0
2026-04-14 06:00:00,31.75
2026-04-14 07:00:00,53.0
2026-04-14 08:00:00,78.25
2026-04-14 09:00:00,108.5
2026-04-14 10:00:00,135.0
2026-04-14 11:00:00,123.25
2026-04-14 12:00:00,87.0
2026-04-14 13:00:00,51.0
2026-04-14 14:00:00,26.75
2026-04-14 15:00:00,20.5
2026-04-14 16:00:00,7.5
2026-04-14 17:00:00,8.25
2026-04-14 18:00:00,25.25
2026-04-14 19:00:00,46.75
2026-04-14 20:00:00,59.5
2026-04-14 21:00:00,74.75
2026-04-14 22:00:00,80.25
2026-04-14 23:00:00,68.0
2026-04-15 00:00:00,81.25
2026-04-15 01:00:00,73.75
2026-04-15 02:00:00,73.75
2026-04-15 03:00:00,89.25
2026-04-15 04:00:00,91.0
2026-04-15 05:00:00,98.25
2026-04-15 06:00:00,96.0
2026-04-15 07:00:00,126.25
2026-04-15 08:00:00,183.75
2026-04-15 09:00:00,121.0
2026-04-15 10:00:00,86.25
2026-04-15 11:00:00,69.0
2026-04-15 12:00:00,48.25
2026-04-15 13:00:00,40.0
2026-04-15 14:00:00,32.25
2026-04-15 15:00:00,25.75
2026-04-15 16:00:00,3.0
2026-04-15 17:00:00,1.67
2026-04-15 18:00:00,10.25
2026-04-15 19:00:00,35.25
2026-04-15 20:00:00,51.0
2026-04-15 21:00:00,80.75
2026-04-15 22:00:00,87.0
2026-04-15 23:00:00,97.0
2026-04-16 00:00:00,95.0
2026-04-16 01:00:00,118.75
2026-04-16 02:00:00,107.5
2026-04-16 03:00:00,110.5
2026-04-16 04:00:00,135.0
2026-04-16 05:00:00,139.75
2026-04-16 06:00:00,132.75
2026-04-16 07:00:00,132.5
2026-04-16 08:00:00,159.25
2026-04-16 09:00:00,153.5
2026-04-16 10:00:00,121.5
2026-04-16 11:00:00,79.75
2026-04-16 12:00:00,53.0
2026-04-16 13:00:00,58.75
2026-04-16 14:00:00,53.5
2026-04-16 15:00:00,45.25
2026-04-16 16:00:00,26.5
2026-04-16 17:00:00,13.5
2026-04-16 18:00:00,23.25
2026-04-16 19:00:00,29.25
2026-04-16 20:00:00,52.5
2026-04-16 21:00:00,100.75
2026-04-16 22:00:00,138.0
2026-04-16 23:00:00,138.0
2026-04-17 00:00:00,138.75
2026-04-17 01:00:00,126.25
2026-04-17 02:00:00,117.5
2026-04-17 03:00:00,124.0
2026-04-17 04:00:00,167.25
2026-04-17 05:00:00,262.25
2026-04-17 06:00:00,223.5
2026-04-17 07:00:00,207.25
2026-04-17 08:00:00,189.5
2026-04-17 09:00:00,162.25
2026-04-17 10:00:00,133.25
2026-04-17 11:00:00,93.5
2026-04-17 12:00:00,67.75
2026-04-17 13:00:00,90.25
2026-04-17 14:00:00,90.0
2026-04-17 15:00:00,77.5
2026-04-17 16:00:00,68.0
2026-04-17 17:00:00,49.75
2026-04-17 18:00:00,45.5
2026-04-17 19:00:00,22.5
2026-04-17 20:00:00,7.75
2026-04-17 21:00:00,3.0
2026-04-17 22:00:00,12.5
2026-04-17 23:00:00,28.5
2026-04-18 00:00:00,31.75
2026-04-18 01:00:00,30.5
2026-04-18 02:00:00,20.0
2026-04-18 03:00:00,10.5
2026-04-18 04:00:00,30.5
2026-04-18 05:00:00,68.75
2026-04-18 06:00:00,103.25
2026-04-18 07:00:00,158.5
2026-04-18 08:00:00,227.25
2026-04-18 09:00:00,124.25
2026-04-18 10:00:00,69.0
2026-04-18 11:00:00,48.25
2026-04-18 12:00:00,50.75
2026-04-18 13:00:00,38.5
2026-04-18 14:00:00,31.75
2026-04-18 15:00:00,47.5
2026-04-18 16:00:00,38.75
2026-04-18 17:00:00,23.0
2026-04-18 18:00:00,39.25
2026-04-18 19:00:00,26.0
2026-04-18 20:00:00,17.5
2026-04-18 21:00:00,43.5
2026-04-18 22:00:00,68.0
2026-04-18 23:00:00,111.75
2026-04-19 00:00:00,144.25
2026-04-19 01:00:00,141.75
2026-04-19 02:00:00,167.5
2026-04-19 03:00:00,166.25
2026-04-19 04:00:00,174.25
2026-04-19 05:00:00,228.0
2026-04-19 06:00:00,237.5
2026-04-19 07:00:00,248.0
2026-04-19 08:00:00,289.25
2026-04-19 09:00:00,246.75
2026-04-19 10:00:00,187.75
2026-04-19 11:00:00,195.25
2026-04-19 12:00:00,88.5
2026-04-19 13:00:00,36.75
2026-04-19 14:00:00,9.75
2026-04-19 15:00:00,22.5
2026-04-19 16:00:00,29.25
2026-04-19 17:00:00,32.25
2026-04-19 18:00:00,38.75
2026-04-19 19:00:00,40.75
2026-04-19 20:00:00,43.25
2026-04-19 21:00:00,42.5
2026-04-19 22:00:00,37.75
2026-04-19 23:00:00,48.75
2026-04-20 00:00:00,53.25
2026-04-20 01:00:00,77.0
2026-04-20 02:00:00,65.75
2026-04-20 03:00:00,68.25
2026-04-20 04:00:00,70.75
2026-04-20 05:00:00,47.5
2026-04-20 06:00:00,77.25
2026-04-20 07:00:00,76.75
2026-04-20 08:00:00,68.25
2026-04-20 09:00:00,108.25
2026-04-20 10:00:00,126.0
2026-04-20 11:00:00,83.75
2026-04-20 12:00:00,51.75
2026-04-20 13:00:00,33.75
2026-04-20 14:00:00,49.0
2026-04-20 15:00:00,66.75
2026-04-20 16:00:00,26.5
2026-04-20 17:00:00,7.25
2026-04-20 18:00:00,20.75
2026-04-20 19:00:00,23.0
2026-04-20 20:00:00,31.0
2026-04-20 21:00:00,44.5
2026-04-20 22:00:00,44.0
2026-04-20 23:00:00,48.25
2026-04-21 00:00:00,49.75
2026-04-21 01:00:00,58.5
2026-04-21 02:00:00,72.0
2026-04-21 03:00:00,66.5
2026-04-21 04:00:00,53.5
2026-04-21 05:00:00,49.0
2026-04-21 06:00:00,30.75
2026-04-21 07:00:00,46.5
2026-04-21 08:00:00,137.0
2026-04-21 09:00:00,111.5
2026-04-21 10:00:00,104.25
2026-04-21 11:00:00,79.25
2026-04-21 12:00:00,47.25
2026-04-21 13:00:00,36.5
2026-04-21 14:00:00,36.0
2026-04-21 15:00:00,27.5
2026-04-21 16:00:00,28.5
2026-04-21 17:00:00,53.0
2026-04-21 18:00:00,101.0
2026-04-21 19:00:00,68.5
2026-04-21 20:00:00,43.25
2026-04-21 21:00:00,45.75
2026-04-21 22:00:00,67.25
2026-04-21 23:00:00,77.25
2026-04-22 00:00:00,90.0
2026-04-22 01:00:00,83.25
2026-04-22 02:00:00,78.5
2026-04-22 03:00:00,94.25
2026-04-22 04:00:00,127.0
2026-04-22 05:00:00,125.5
2026-04-22 06:00:00,108.25
2026-04-22 07:00:00,150.25
2026-04-22 08:00:00,144.25
2026-04-22 09:00:00,79.75
2026-04-22 10:00:00,51.75
2026-04-22 11:00:00,38.5
2026-04-22 12:00:00,64.0
2026-04-22 13:00:00,52.5
2026-04-22 14:00:00,50.0
2026-04-22 15:00:00,54.0
2026-04-22 16:00:00,37.0
2026-04-22 17:00:00,35.0
2026-04-22 18:00:00,40.75
2026-04-22 19:00:00,48.25
2026-04-22 20:00:00,62.5
2026-04-22 21:00:00,82.25
2026-04-22 22:00:00,91.5
2026-04-22 23:00:00,89.0
2026-04-23 00:00:00,74.25
2026-04-23 01:00:00,101.0
2026-04-23 02:00:00,135.67
2026-04-23 03:00:00,123.0
2026-04-23 04:00:00,114.0
2026-04-23 05:00:00,81.25
2026-04-23 06:00:00,44.0
2026-04-23 07:00:00,24.25
2026-04-23 08:00:00,19.75
2026-04-23 09:00:00,7.67
2026-04-23 10:00:00,26.5
2026-04-23 11:00:00,42.0
2026-04-23 12:00:00,38.0
2026-04-23 13:00:00,51.33
2026-04-23 14:00:00,49.5
2026-04-23 15:00:00,41.75
2026-04-23 16:00:00,39.75
2026-04-23 17:00:00,31.5
2026-04-23 18:00:00,36.5
2026-04-23 19:00:00,41.75
2026-04-23 20:00:00,45.0
2026-04-23 21:00:00,83.25
2026-04-23 22:00:00,116.5
2026-04-23 23:00:00,122.0
2026-04-24 00:00:00,155.5
2026-04-24 01:00:00,156.0
2026-04-24 02:00:00,134.0
2026-04-24 03:00:00,139.75
2026-04-24 04:00:00,132.0
2026-04-24 05:00:00,103.5
2026-04-24 06:00:00,99.5
2026-04-24 07:00:00,108.75
2026-04-24 08:00:00,59.5
2026-04-24 09:00:00,48.5
2026-04-24 10:00:00,62.0
2026-04-24 11:00:00,94.0
2026-04-24 12:00:00,73.5
2026-04-24 13:00:00,62.0
2026-04-24 14:00:00,76.0
2026-04-24 15:00:00,79.25
2026-04-24 16:00:00,60.0
2026-04-24 17:00:00,60.75
2026-04-24 18:00:00,61.25
2026-04-24 19:00:00,62.25
2026-04-24 20:00:00,54.75
2026-04-24 21:00:00,74.75
2026-04-24 22:00:00,122.25
2026-04-24 23:00:00,148.5
2026-04-25 00:00:00,156.75
2026-04-25 01:00:00,149.0
2026-04-25 02:00:00,177.75
2026-04-25 03:00:00,114.25
2026-04-25 04:00:00,72.5
2026-04-25 05:00:00,68.0
2026-04-25 06:00:00,73.75
2026-04-25 07:00:00,148.5
2026-04-25 08:00:00,205.25
2026-04-25 09:00:00,109.25
2026-04-25 10:00:00,85.25
2026-04-25 11:00:00,55.0
2026-04-25 12:00:00,59.0
2026-04-25 13:00:00,45.0
2026-04-25 14:00:00,51.5
2026-04-25 15:00:00,59.75
2026-04-25 16:00:00,56.5
2026-04-25 17:00:00,68.5
2026-04-25 18:00:00,54.5
2026-04-25 19:00:00,62.0
2026-04-25 20:00:00,61.0
2026-04-25 21:00:00,81.25
2026-04-25 22:00:00,97.75
2026-04-25 23:00:00,113.75
2026-04-26 00:00:00,123.75
2026-04-26 01:00:00,116.25
2026-04-26 02:00:00,90.25
2026-04-26 03:00:00,98.5
2026-04-26 04:00:00,73.0
2026-04-26 05:00:00,68.75
2026-04-26 06:00:00,89.75
2026-04-26 07:00:00,158.75
2026-04-26 08:00:00,158.0
2026-04-26 09:00:00,126.75
2026-04-26 10:00:00,139.0
2026-04-26 11:00:00,84.0
2026-04-26 12:00:00,70.0
2026-04-26 13:00:00,55.0
2026-04-26 14:00:00,59.25
2026-04-26 15:00:00,60.0
2026-04-26 16:00:00,58.25
2026-04-26 17:00:00,48.0
2026-04-26 18:00:00,45.0
2026-04-26 19:00:00,56.75
2026-04-26 20:00:00,67.75
2026-04-26 21:00:00,84.5
2026-04-26 22:00:00,85.75
2026-04-26 23:00:00,86.75
2026-04-27 00:00:00,94.25
2026-04-27 01:00:00,113.5
2026-04-27 02:00:00,97.25
2026-04-27 03:00:00,81.5
2026-04-27 04:00:00,88.5
2026-04-27 05:00:00,101.25
2026-04-27 06:00:00,95.5
2026-04-27 07:00:00,114.25
2026-04-27 08:00:00,167.5
2026-04-27 09:00:00,108.75
2026-04-27 10:00:00,124.5
2026-04-27 11:00:00,123.75
2026-04-27 12:00:00,71.0
2026-04-27 13:00:00,69.5
2026-04-27 14:00:00,85.0
2026-04-27 15:00:00,115.0
2026-04-27 16:00:00,132.75
2026-04-27 17:00:00,82.75
2026-04-27 18:00:00,94.5
2026-04-27 19:00:00,87.5
2026-04-27 20:00:00,100.75
2026-04-27 21:00:00,146.5
2026-04-27 22:00:00,58.25
2026-04-27 23:00:00,16.0
2026-04-28 00:00:00,3.5
2026-04-28 01:00:00,9.0
2026-04-28 02:00:00,55.75
2026-04-28 03:00:00,61.75
2026-04-28 04:00:00,52.25
2026-04-28 05:00:00,43.5
2026-04-28 06:00:00,40.0
2026-04-28 07:00:00,43.75
2026-04-28 08:00:00,62.5
2026-04-28 09:00:00,79.75
2026-04-28 10:00:00,78.0
2026-04-28 11:00:00,96.25
2026-04-28 12:00:00,96.0
2026-04-28 13:00:00,68.25
2026-04-28 14:00:00,64.0
2026-04-28 15:00:00,80.25
2026-04-28 16:00:00,60.75
2026-04-28 17:00:00,49.0
2026-04-28 18:00:00,51.75
2026-04-28 19:00:00,82.25
2026-04-28 20:00:00,92.5
2026-04-28 21:00:00,101.5
2026-04-28 22:00:00,92.75
2026-04-28 23:00:00,85.0
2026-04-29 00:00:00,79.25
2026-04-29 01:00:00,123.25
2026-04-29 02:00:00,105.5
2026-04-29 03:00:00,68.0
2026-04-29 04:00:00,42.75
2026-04-29 05:00:00,44.0
2026-04-29 06:00:00,43.75
2026-04-29 07:00:00,20.33
2026-04-29 08:00:00,1.0
2026-04-29 09:00:00,19.75
2026-04-29 10:00:00,27.0
2026-04-29 11:00:00,35.25
2026-04-29 12:00:00,74.5
2026-04-29 13:00:00,57.5
2026-04-29 14:00:00,61.25
2026-04-29 15:00:00,59.0
2026-04-29 16:00:00,91.0
2026-04-29 17:00:00,75.5
2026-04-29 18:00:00,44.0
2026-04-29 19:00:00,18.5
2026-04-29 20:00:00,39.5
2026-04-29 21:00:00,86.25
2026-04-29 22:00:00,83.75
2026-04-29 23:00:00,73.0
2026-04-30 00:00:00,65.75
2026-04-30 01:00:00,63.5
2026-04-30 02:00:00,55.25
2026-04-30 03:00:00,58.5
2026-04-30 04:00:00,63.75
2026-04-30 05:00:00,90.0
2026-04-30 06:00:00,85.25
2026-04-30 07:00:00,80.25
2026-04-30 08:00:00,79.75
2026-04-30 09:00:00,27.25
2026-04-30 10:00:00,30.25
2026-04-30 11:00:00,48.75
2026-04-30 12:00:00,63.5
2026-04-30 13:00:00,71.25
2026-04-30 14:00:00,75.25
2026-04-30 15:00:00,113.25
2026-04-30 16:00:00,37.5
2026-04-30 17:00:00,3.0
2026-04-30 18:00:00,6.33
2026-04-30 19:00:00,14.5
2026-04-30 20:00:00,12.5
2026-04-30 21:00:00,24.75
2026-04-30 22:00:00,31.25
2026-04-30 23:00:00,26.0
2026-05-01 00:00:00,24.75
2026-05-01 01:00:00,20.25
2026-05-01 02:00:00,7.25
2026-05-01 03:00:00,12.0
2026-05-01 04:00:00,25.5
2026-05-01 05:00:00,38.75
2026-05-01 06:00:00,53.75
2026-05-01 07:00:00,46.75
2026-05-01 08:00:00,42.0
2026-05-01 09:00:00,39.0
2026-05-01 10:00:00,21.5
2026-05-01 11:00:00,30.75
2026-05-01 12:00:00,36.75
2026-05-01 13:00:00,43.0
2026-05-01 14:00:00,63.75
2026-05-01 15:00:00,57.0
2026-05-01 16:00:00,48.75
2026-05-01 17:00:00,46.75
2026-05-01 18:00:00,36.0
2026-05-01 19:00:00,28.5
2026-05-01 20:00:00,27.25
2026-05-01 21:00:00,44.5
2026-05-01 22:00:00,63.0
2026-05-01 23:00:00,78.75
2026-05-02 00:00:00,57.5
2026-05-02 01:00:00,54.25
2026-05-02 02:00:00,56.0
2026-05-02 03:00:00,29.25
2026-05-02 04:00:00,25.5
2026-05-02 05:00:00,24.25
2026-05-02 06:00:00,29.25
2026-05-02 07:00:00,45.75
2026-05-02 08:00:00,41.25
2026-05-02 09:00:00,51.5
2026-05-02 10:00:00,59.75
2026-05-02 11:00:00,45.5
2026-05-02 12:00:00,51.5
2026-05-02 13:00:00,49.75
2026-05-02 14:00:00,67.0
2026-05-02 15:00:00,87.5
2026-05-02 16:00:00,87.25
2026-05-02 17:00:00,107.75
2026-05-02 18:00:00,93.25
2026-05-02 19:00:00,65.25
2026-05-02 20:00:00,37.25
2026-05-02 21:00:00,40.25
2026-05-02 22:00:00,35.25
2026-05-02 23:00:00,35.0
2026-05-03 00:00:00,28.75
2026-05-03 01:00:00,27.25
2026-05-03 02:00:00,33.75
2026-05-03 03:00:00,35.5
2026-05-03 04:00:00,18.5
2026-05-03 05:00:00,15.0
2026-05-03 06:00:00,13.5
2026-05-03 07:00:00,35.25
2026-05-03 08:00:00,56.5
2026-05-03 09:00:00,46.5
2026-05-03 10:00:00,55.25
2026-05-03 11:00:00,63.5
2026-05-03 12:00:00,55.75
2026-05-03 13:00:00,31.25
2026-05-03 14:00:00,31.75
2026-05-03 15:00:00,32.75
2026-05-03 16:00:00,28.5
2026-05-03 17:00:00,47.5
2026-05-03 18:00:00,47.5
2026-05-03 19:00:00,42.0
2026-05-03 20:00:00,40.0
2026-05-03 21:00:00,32.75
2026-05-03 22:00:00,21.75
2026-05-03 23:00:00,23.5
2026-05-04 00:00:00,27.5
2026-05-04 01:00:00,7.5
2026-05-04 02:00:00,14.75
2026-05-04 03:00:00,12.25
2026-05-04 04:00:00,13.75
2026-05-04 05:00:00,8.25
2026-05-04 06:00:00,7.75
2026-05-04 07:00:00,2.33
2026-05-04 08:00:00,1.75
2026-05-04 09:00:00,26.0
2026-05-04 10:00:00,29.0
2026-05-04 11:00:00,17.5
2026-05-04 12:00:00,32.0
2026-05-04 13:00:00,19.75
2026-05-04 14:00:00,19.25
2026-05-04 15:00:00,13.5
2026-05-04 16:00:00,11.5
2026-05-04 17:00:00,11.0
2026-05-04 18:00:00,21.25
2026-05-04 19:00:00,26.25
2026-05-04 20:00:00,22.25
2026-05-04 21:00:00,20.75
2026-05-04 22:00:00,21.5
2026-05-04 23:00:00,7.0
2026-05-05 01:00:00,0.0
2026-05-05 02:00:00,13.33
2026-05-05 03:00:00,40.5
2026-05-05 04:00:00,36.25
2026-05-05 05:00:00,61.0
2026-05-05 06:00:00,57.5
2026-05-05 07:00:00,33.0
2026-05-05 08:00:00,36.0
2026-05-05 09:00:00,21.5
2026-05-05 10:00:00,36.25
2026-05-05 11:00:00,50.0
2026-05-05 12:00:00,47.25
2026-05-05 13:00:00,48.25
2026-05-05 14:00:00,47.5
2026-05-05 15:00:00,33.0
2026-05-05 16:00:00,23.75
2026-05-05 17:00:00,21.5
2026-05-05 18:00:00,33.75
2026-05-05 19:00:00,54.5
2026-05-05 20:00:00,44.5
2026-05-05 21:00:00,21.5
2026-05-05 22:00:00,22.0
2026-05-05 23:00:00,25.25
2026-05-06 00:00:00,12.5
2026-05-06 01:00:00,26.5
2026-05-06 02:00:00,43.25
2026-05-06 03:00:00,26.5
2026-05-06 04:00:00,42.25
2026-05-06 05:00:00,54.0
2026-05-06 06:00:00,47.0
2026-05-06 07:00:00,50.0
2026-05-06 08:00:00,43.75
2026-05-06 09:00:00,45.0
2026-05-06 10:00:00,55.0
2026-05-06 11:00:00,53.25
2026-05-06 12:00:00,57.0
2026-05-06 13:00:00,56.75
2026-05-06 14:00:00,57.25
2026-05-06 15:00:00,55.5
2026-05-06 16:00:00,32.75
2026-05-06 17:00:00,32.0
2026-05-06 18:00:00,33.25
2026-05-06 19:00:00,42.0
2026-05-06 20:00:00,67.75
2026-05-06 21:00:00,91.25
2026-05-06 22:00:00,86.5
2026-05-06 23:00:00,50.5
2026-05-07 00:00:00,53.75
2026-05-07 01:00:00,25.5
2026-05-07 02:00:00,25.25
2026-05-07 03:00:00,31.25
2026-05-07 04:00:00,19.75
2026-05-07 05:00:00,35.25
2026-05-07 06:00:00,31.75
2026-05-07 07:00:00,26.75
2026-05-07 08:00:00,23.0
2026-05-07 09:00:00,34.25
2026-05-07 10:00:00,27.0
2026-05-07 11:00:00,34.0
2026-05-07 12:00:00,39.75
2026-05-07 13:00:00,29.5
2026-05-07 14:00:00,28.0
2026-05-07 15:00:00,41.25
2026-05-07 16:00:00,33.75
2026-05-07 17:00:00,33.75
2026-05-07 18:00:00,35.0
2026-05-07 19:00:00,9.5
2026-05-07 20:00:00,10.75
2026-05-07 21:00:00,21.75
2026-05-07 22:00:00,36.75
2026-05-07 23:00:00,41.75
2026-05-08 00:00:00,49.25
2026-05-08 01:00:00,46.75
2026-05-08 02:00:00,27.25
2026-05-08 03:00:00,22.0
2026-05-08 04:00:00,56.5
2026-05-08 05:00:00,49.25
2026-05-08 06:00:00,44.0
2026-05-08 07:00:00,38.75
2026-05-08 08:00:00,45.75
2026-05-08 09:00:00,34.0
2026-05-08 10:00:00,24.75
2026-05-08 11:00:00,30.5
2026-05-08 12:00:00,27.25
2026-05-08 13:00:00,26.75
2026-05-08 14:00:00,29.25
2026-05-08 15:00:00,38.5
2026-05-08 16:00:00,31.75
2026-05-08 17:00:00,30.75
2026-05-08 18:00:00,31.5
2026-05-08 19:00:00,20.0
2026-05-08 20:00:00,18.25
2026-05-08 21:00:00,24.25
2026-05-08 22:00:00,36.5
2026-05-08 23:00:00,51.75
2026-05-09 00:00:00,54.75
2026-05-09 01:00:00,44.5
2026-05-09 02:00:00,43.0
2026-05-09 03:00:00,32.5
2026-05-09 04:00:00,67.0
2026-05-09 05:00:00,55.25
2026-05-09 06:00:00,41.75
2026-05-09 07:00:00,53.5
2026-05-09 08:00:00,58.25
2026-05-09 09:00:00,46.25
2026-05-09 10:00:00,49.25
2026-05-09 11:00:00,45.25
2026-05-09 12:00:00,40.75
2026-05-09 13:00:00,31.5
2026-05-09 14:00:00,38.25
2026-05-09 15:00:00,44.25
2026-05-09 16:00:00,58.75
2026-05-09 17:00:00,57.25
2026-05-09 18:00:00,59.0
2026-05-09 19:00:00,60.5
2026-05-09 20:00:00,40.25
2026-05-09 21:00:00,35.0
2026-05-09 22:00:00,42.5
2026-05-09 23:00:00,37.5
2026-05-10 00:00:00,47.0
2026-05-10 01:00:00,55.5
2026-05-10 02:00:00,49.75
2026-05-10 03:00:00,61.5
2026-05-10 04:00:00,52.75
2026-05-10 05:00:00,30.5
2026-05-10 06:00:00,32.5
2026-05-10 07:00:00,36.25
2026-05-10 08:00:00,40.0
2026-05-10 09:00:00,63.0
2026-05-10 10:00:00,63.75
2026-05-10 11:00:00,58.75
2026-05-10 12:00:00,55.25
2026-05-10 13:00:00,37.5
2026-05-10 14:00:00,47.5
2026-05-10 15:00:00,36.5
2026-05-10 16:00:00,33.0
2026-05-10 17:00:00,61.0
2026-05-10 18:00:00,64.0
2026-05-10 19:00:00,67.0
2026-05-10 20:00:00,57.5
2026-05-10 21:00:00,43.25
2026-05-10 22:00:00,33.5
2026-05-10 23:00:00,24.5
2026-05-11 00:00:00,31.5
2026-05-11 01:00:00,38.0
2026-05-11 02:00:00,50.5
2026-05-11 03:00:00,38.75
2026-05-11 04:00:00,46.25
2026-05-11 05:00:00,40.25
2026-05-11 06:00:00,30.0
2026-05-11 07:00:00,45.5
2026-05-11 08:00:00,36.5
2026-05-11 09:00:00,45.25
2026-05-11 10:00:00,81.25
2026-05-11 11:00:00,77.0
2026-05-11 12:00:00,63.5
2026-05-11 13:00:00,61.25
2026-05-11 14:00:00,55.25
2026-05-11 15:00:00,49.75
2026-05-11 16:00:00,53.5
2026-05-11 17:00:00,57.25
2026-05-11 18:00:00,67.25
2026-05-11 19:00:00,90.5
2026-05-11 20:00:00,82.75
2026-05-11 21:00:00,97.0
2026-05-11 22:00:00,85.75
2026-05-11 23:00:00,72.75
2026-05-12 00:00:00,59.25
2026-05-12 01:00:00,67.5
2026-05-12 02:00:00,73.0
2026-05-12 03:00:00,80.5
2026-05-12 04:00:00,71.75
2026-05-12 05:00:00,63.5
2026-05-12 06:00:00,61.0
2026-05-12 07:00:00,40.75
2026-05-12 08:00:00,47.75
2026-05-12 09:00:00,61.75
2026-05-12 10:00:00,55.75
2026-05-12 11:00:00,68.75
2026-05-12 12:00:00,72.5
2026-05-12 13:00:00,87.25
2026-05-12 14:00:00,89.0
2026-05-12 15:00:00,73.25
2026-05-12 16:00:00,52.75
2026-05-12 17:00:00,48.5
2026-05-12 18:00:00,46.0
2026-05-12 19:00:00,56.0
2026-05-12 20:00:00,68.5
2026-05-12 21:00:00,59.25
2026-05-12 22:00:00,62.75
2026-05-12 23:00:00,44.75
2026-05-13 00:00:00,18.5
2026-05-13 01:00:00,51.5
2026-05-13 02:00:00,44.0
2026-05-13 03:00:00,63.0
2026-05-13 04:00:00,80.75
2026-05-13 05:00:00,76.0
2026-05-13 06:00:00,78.25
2026-05-13 07:00:00,75.75
2026-05-13 08:00:00,60.25
2026-05-13 09:00:00,82.25
2026-05-13 10:00:00,19.5
2026-05-13 11:00:00,27.25
2026-05-13 12:00:00,97.75
2026-05-13 13:00:00,112.25
2026-05-13 14:00:00,103.0
2026-05-13 15:00:00,57.75
2026-05-13 16:00:00,51.25
2026-05-13 17:00:00,62.25
2026-05-13 18:00:00,47.0
2026-05-13 19:00:00,35.0
2026-05-13 20:00:00,33.5
2026-05-13 21:00:00,25.5
2026-05-13 22:00:00,42.75
2026-05-13 23:00:00,42.75
2026-05-14 00:00:00,24.0
2026-05-14 01:00:00,26.0
2026-05-14 02:00:00,9.75
2026-05-14 03:00:00,13.0
2026-05-14 04:00:00,17.25
2026-05-14 05:00:00,42.0
2026-05-14 06:00:00,32.75
2026-05-14 07:00:00,32.75
2026-05-14 08:00:00,39.5
2026-05-14 09:00:00,20.75
2026-05-14 10:00:00,36.5
2026-05-14 11:00:00,48.25
2026-05-14 12:00:00,56.25
2026-05-14 13:00:00,67.75
2026-05-14 14:00:00,66.5
2026-05-14 15:00:00,77.5
2026-05-14 16:00:00,84.25
2026-05-14 17:00:00,78.75
2026-05-14 18:00:00,63.75
2026-05-14 19:00:00,37.75
2026-05-14 20:00:00,31.75
2026-05-14 21:00:00,38.0
2026-05-14 22:00:00,43.75
2026-05-14 23:00:00,54.25
2026-05-15 00:00:00,52.75
2026-05-15 01:00:00,48.0
2026-05-15 02:00:00,34.0
2026-05-15 03:00:00,24.0
2026-05-15 04:00:00,7.0
2026-05-15 05:00:00,0.67
2026-05-15 06:00:00,13.5
2026-05-15 07:00:00,38.25
2026-05-15 08:00:00,39.5
2026-05-15 09:00:00,40.75
2026-05-15 10:00:00,63.25
2026-05-15 11:00:00,59.75
2026-05-15 12:00:00,38.5
2026-05-15 13:00:00,31.5
2026-05-15 14:00:00,40.3
2026-05-15 15:00:00,38.1
2026-05-15 16:00:00,62.28
2026-05-15 17:00:00,63.93
2026-05-15 18:00:00,65.43
2026-05-15 19:00:00,70.58
2026-05-15 20:00:00,59.05
2026-05-15 21:00:00,45.13
2026-05-15 22:00:00,43.08
2026-05-15 23:00:00,59.95
2026-05-16 00:00:00,64.23
2026-05-16 01:00:00,78.9
2026-05-16 02:00:00,85.5
2026-05-16 03:00:00,113.23
2026-05-16 04:00:00,124.98
2026-05-16 05:00:00,94.53
2026-05-16 06:00:00,72.83
2026-05-16 07:00:00,67.9
2026-05-16 08:00:00,72.28
2026-05-16 09:00:00,90.78
2026-05-16 10:00:00,73.7
2026-05-16 11:00:00,81.43
2026-05-16 12:00:00,67.25
2026-05-16 13:00:00,40.88
2026-05-16 14:00:00,31.28
2026-05-16 15:00:00,35.25
2026-05-16 16:00:00,34.75
2026-05-16 17:00:00,49.0
2026-05-16 18:00:00,49.95
2026-05-16 19:00:00,54.28
2026-05-16 20:00:00,66.83
2026-05-16 21:00:00,66.05
2026-05-16 22:00:00,61.98
2026-05-16 23:00:00,50.35
2026-05-17 00:00:00,56.65
2026-05-17 01:00:00,59.98
2026-05-17 02:00:00,67.8
2026-05-17 03:00:00,72.7
2026-05-17 04:00:00,64.45
2026-05-17 05:00:00,77.83
2026-05-17 06:00:00,67.58
2026-05-17 07:00:00,73.7
2026-05-17 08:00:00,76.73
2026-05-17 09:00:00,53.18
2026-05-17 10:00:00,55.15
2026-05-17 11:00:00,58.48
2026-05-17 12:00:00,67.2
2026-05-17 13:00:00,68.05
2026-05-17 14:00:00,55.08
2026-05-17 15:00:00,46.63
2026-05-17 16:00:00,40.05
2026-05-17 17:00:00,36.1
2026-05-17 18:00:00,46.23
2026-05-17 19:00:00,54.2
2026-05-17 20:00:00,68.65
2026-05-17 21:00:00,68.1
2026-05-17 22:00:00,50.73
2026-05-17 23:00:00,40.38
2026-05-18 00:00:00,37.6
2026-05-18 01:00:00,25.38
2026-05-18 02:00:00,27.18
2026-05-18 03:00:00,56.93
2026-05-18 04:00:00,62.25
2026-05-18 05:00:00,50.55
2026-05-18 06:00:00,75.28
2026-05-18 07:00:00,62.55
2026-05-18 08:00:00,41.65
2026-05-18 09:00:00,55.9
2026-05-18 11:00:00,98.43
2026-05-18 12:00:00,62.75
2026-05-18 13:00:00,57.93
2026-05-18 14:00:00,56.78
2026-05-18 15:00:00,58.43
2026-05-18 16:00:00,55.05
2026-05-18 17:00:00,54.1
2026-05-18 18:00:00,40.8
2026-05-18 19:00:00,51.73
2026-05-18 20:00:00,57.43
2026-05-18 21:00:00,61.88
2026-05-18 22:00:00,62.13
2026-05-18 23:00:00,59.58
2026-05-19 00:00:00,39.85
2026-05-19 01:00:00,32.58
2026-05-19 02:00:00,22.15
2026-05-19 03:00:00,44.18
2026-05-19 04:00:00,62.33
2026-05-19 05:00:00,89.1
2026-05-19 06:00:00,100.0
2026-05-19 07:00:00,98.95
2026-05-19 08:00:00,105.35
2026-05-19 09:00:00,39.1
2026-05-19 10:00:00,38.05
2026-05-19 11:00:00,163.65
2026-05-19 12:00:00,99.9
2026-05-19 15:00:00,143.7
2026-05-19 16:00:00,119.93
2026-05-19 17:00:00,80.3
2026-05-19 18:00:00,42.15
2026-05-19 19:00:00,44.63
2026-05-19 20:00:00,43.23
2026-05-19 21:00:00,52.43
2026-05-19 22:00:00,72.45
2026-05-19 23:00:00,95.78
2026-05-20 00:00:00,80.58
2026-05-20 01:00:00,75.5
2026-05-20 02:00:00,50.45
2026-05-20 03:00:00,35.58
2026-05-20 04:00:00,39.88
2026-05-20 05:00:00,63.08
2026-05-20 06:00:00,62.03
2026-05-20 07:00:00,77.18
2026-05-20 08:00:00,82.83
2026-05-20 09:00:00,54.08
2026-05-20 10:00:00,42.23
2026-05-20 11:00:00,39.8
2026-05-20 12:00:00,52.8
2026-05-20 13:00:00,51.95
2026-05-20 14:00:00,68.05
2026-05-20 15:00:00,93.28
2026-05-20 16:00:00,115.43
2026-05-20 17:00:00,116.35
2026-05-20 18:00:00,69.9
2026-05-20 19:00:00,36.95
2026-05-20 20:00:00,9.8
2026-05-20 21:00:00,7.6
2026-05-20 22:00:00,10.55
2026-05-20 23:00:00,19.5
2026-05-21 00:00:00,20.98
2026-05-21 01:00:00,18.2
2026-05-21 02:00:00,26.9
2026-05-21 03:00:00,9.1
2026-05-21 04:00:00,10.53
2026-05-21 05:00:00,23.9
2026-05-21 06:00:00,25.98
2026-05-21 07:00:00,38.23
2026-05-21 08:00:00,64.1
2026-05-21 09:00:00,81.8
2026-05-21 10:00:00,96.88
2026-05-21 11:00:00,74.23
2026-05-21 12:00:00,64.35
2026-05-21 13:00:00,70.98
2026-05-21 14:00:00,69.78
2026-05-21 15:00:00,83.35
2026-05-21 16:00:00,81.85
2026-05-21 17:00:00,76.85
2026-05-21 18:00:00,78.23
2026-05-21 19:00:00,63.25
2026-05-21 20:00:00,56.03
2026-05-21 21:00:00,45.05
2026-05-21 22:00:00,29.7
2026-05-21 23:00:00,40.5
2026-05-22 00:00:00,41.8
2026-05-22 01:00:00,43.88
2026-05-22 02:00:00,40.55
2026-05-22 03:00:00,36.15
2026-05-22 04:00:00,25.08
2026-05-22 05:00:00,19.4
2026-05-22 06:00:00,19.73
2026-05-22 07:00:00,21.33
2026-05-22 08:00:00,49.63
2026-05-22 09:00:00,60.15
2026-05-22 10:00:00,89.33
2026-05-22 11:00:00,91.0
2026-05-22 12:00:00,83.08
2026-05-22 13:00:00,54.53
2026-05-22 14:00:00,59.03
2026-05-22 15:00:00,60.18
2026-05-22 16:00:00,64.95
2026-05-22 17:00:00,89.6
2026-05-22 18:00:00,84.93
2026-05-22 19:00:00,79.03
2026-05-22 20:00:00,62.85
2026-05-22 21:00:00,40.15
2026-05-22 22:00:00,45.5
2026-05-22 23:00:00,25.38
2026-05-23 00:00:00,40.65
2026-05-23 01:00:00,42.18
2026-05-23 02:00:00,59.45
2026-05-23 03:00:00,65.68
2026-05-23 04:00:00,69.33
2026-05-23 05:00:00,90.35
2026-05-23 06:00:00,76.63
2026-05-23 07:00:00,67.88
2026-05-23 08:00:00,69.98
2026-05-23 09:00:00,9.07
2026-05-23 10:00:00,13.8
2026-05-23 11:00:00,54.73
2026-05-23 12:00:00,72.0
2026-05-23 13:00:00,61.0
2026-05-23 14:00:00,63.5
2026-05-23 15:00:00,65.6
2026-05-23 16:00:00,52.1
2026-05-23 17:00:00,58.45
2026-05-23 18:00:00,64.45
2026-05-23 19:00:00,68.85
2026-05-23 20:00:00,70.55
2026-05-23 21:00:00,61.78
2026-05-23 22:00:00,40.7
2026-05-23 23:00:00,32.7
2026-05-24 00:00:00,41.68
2026-05-24 01:00:00,53.63
2026-05-24 02:00:00,62.05
2026-05-24 03:00:00,71.43
2026-05-24 04:00:00,100.88
2026-05-24 05:00:00,121.95
2026-05-24 06:00:00,82.45
2026-05-24 07:00:00,55.85
2026-05-24 08:00:00,54.55
2026-05-24 09:00:00,34.8
2026-05-24 10:00:00,42.58
2026-05-24 11:00:00,57.53
2026-05-24 12:00:00,58.0
2026-05-24 13:00:00,55.28
2026-05-24 14:00:00,60.25
2026-05-24 15:00:00,58.95
2026-05-24 16:00:00,48.8
2026-05-24 17:00:00,44.58
2026-05-24 18:00:00,52.55
2026-05-24 19:00:00,75.83
2026-05-24 20:00:00,79.03
2026-05-24 21:00:00,85.6
2026-05-24 22:00:00,83.88
2026-05-24 23:00:00,60.65
2026-05-25 00:00:00,41.2
2026-05-25 01:00:00,24.85
2026-05-25 02:00:00,30.08
2026-05-25 03:00:00,59.73
2026-05-25 04:00:00,84.2
2026-05-25 05:00:00,84.65
2026-05-25 06:00:00,78.7
2026-05-25 07:00:00,70.23
2026-05-25 08:00:00,52.5
2026-05-25 09:00:00,56.3
2026-05-25 10:00:00,73.93
2026-05-25 11:00:00,89.75
2026-05-25 12:00:00,103.0
2026-05-25 13:00:00,104.8
2026-05-25 14:00:00,107.98
2026-05-25 15:00:00,119.83
2026-05-25 16:00:00,90.43
2026-05-25 17:00:00,78.75
2026-05-25 18:00:00,75.65
2026-05-25 19:00:00,86.43
2026-05-25 20:00:00,86.28
2026-05-25 21:00:00,80.28
2026-05-25 22:00:00,93.55
2026-05-25 23:00:00,119.28
2026-05-26 00:00:00,115.83
2026-05-26 01:00:00,90.8
2026-05-26 02:00:00,77.35
2026-05-26 03:00:00,87.98
2026-05-26 04:00:00,71.25
2026-05-26 05:00:00,78.13
2026-05-26 06:00:00,83.58
2026-05-26 07:00:00,120.9
2026-05-26 08:00:00,85.13
2026-05-26 09:00:00,89.35
2026-05-26 10:00:00,52.1
2026-05-26 11:00:00,27.43
2026-05-26 12:00:00,48.0
2026-05-26 13:00:00,93.18
2026-05-26 14:00:00,119.73
2026-05-26 15:00:00,68.33
2026-05-26 16:00:00,48.2
2026-05-26 17:00:00,29.28
2026-05-26 18:00:00,22.03
2026-05-26 19:00:00,26.48
2026-05-26 20:00:00,22.58
2026-05-26 21:00:00,35.0
2026-05-26 22:00:00,58.43
2026-05-26 23:00:00,56.03
2026-05-27 00:00:00,52.7
2026-05-27 01:00:00,50.73
2026-05-27 02:00:00,34.37
2026-05-27 03:00:00,15.75
2026-05-27 04:00:00,75.15
2026-05-27 05:00:00,102.73
2026-05-27 06:00:00,103.15
2026-05-27 07:00:00,93.4
2026-05-27 08:00:00,65.28
2026-05-27 09:00:00,52.9
2026-05-27 10:00:00,83.95
2026-05-27 11:00:00,44.43
2026-05-27 12:00:00,65.73
2026-05-27 13:00:00,62.98
2026-05-27 14:00:00,71.58
2026-05-27 15:00:00,69.63
2026-05-27 16:00:00,62.43
2026-05-27 17:00:00,47.9
2026-05-27 18:00:00,46.13
2026-05-27 19:00:00,54.08
2026-05-27 20:00:00,50.48
2026-05-27 21:00:00,72.5
2026-05-27 22:00:00,87.13
2026-05-27 23:00:00,86.45
2026-05-28 00:00:00,134.88
2026-05-28 01:00:00,107.68
2026-05-28 02:00:00,86.85
2026-05-28 03:00:00,50.4
2026-05-28 04:00:00,59.03
2026-05-28 05:00:00,72.13
2026-05-28 06:00:00,89.98
2026-05-28 07:00:00,83.43
2026-05-28 08:00:00,71.88
2026-05-28 09:00:00,56.63
2026-05-28 10:00:00,55.9
2026-05-28 11:00:00,69.45
2026-05-28 12:00:00,64.5
2026-05-28 13:00:00,75.6
2026-05-28 14:00:00,84.83
2026-05-28 15:00:00,84.05
2026-05-28 16:00:00,75.5
2026-05-28 17:00:00,82.95
2026-05-28 18:00:00,55.38
2026-05-28 19:00:00,42.43
2026-05-28 21:00:00,22.48
2026-05-28 22:00:00,5.93
2026-05-28 23:00:00,25.18
2026-05-29 00:00:00,3.13
2026-05-29 01:00:00,3.25
2026-05-29 02:00:00,6.0
2026-05-29 03:00:00,15.2
2026-05-29 04:00:00,1.0
2026-05-29 05:00:00,9.0
2026-05-29 06:00:00,31.1
2026-05-29 07:00:00,43.25
2026-05-29 08:00:00,37.63
2026-05-29 09:00:00,32.0
2026-05-29 10:00:00,34.83
2026-05-29 11:00:00,11.13
2026-05-29 12:00:00,15.38
2026-05-29 13:00:00,27.4
2026-05-29 14:00:00,41.43
2026-05-29 15:00:00,54.95
2026-05-29 16:00:00,52.98
2026-05-29 17:00:00,35.28
2026-05-29 18:00:00,33.13
2026-05-29 19:00:00,16.23
2026-05-29 20:00:00,1.05
2026-05-29 21:00:00,0.6
2026-05-29 22:00:00,10.15
2026-05-29 23:00:00,23.55
2026-05-30 00:00:00,21.65
2026-05-30 01:00:00,12.53
2026-05-30 02:00:00,5.13
2026-05-30 03:00:00,0.9
2026-05-30 05:00:00,1.1
2026-05-30 06:00:00,2.65
2026-05-30 07:00:00,23.75
2026-05-30 08:00:00,39.65
2026-05-30 09:00:00,41.48
2026-05-30 10:00:00,51.08
2026-05-30 11:00:00,41.38
2026-05-30 12:00:00,16.38
2026-05-30 13:00:00,6.08
2026-05-30 14:00:00,11.15
2026-05-30 15:00:00,34.23
2026-05-30 16:00:00,84.6
2026-05-30 17:00:00,20.93
2026-05-30 18:00:00,25.13
2026-05-30 19:00:00,42.15
2026-05-30 20:00:00,22.95
2026-05-30 21:00:00,5.28
2026-05-30 22:00:00,10.8
2026-05-30 23:00:00,6.03
2026-05-31 00:00:00,27.15
2026-05-31 01:00:00,34.28
2026-05-31 02:00:00,25.45
2026-05-31 03:00:00,27.75
2026-05-31 04:00:00,10.5
2026-05-31 06:00:00,3.83
2026-05-31 07:00:00,5.38
2026-05-31 08:00:00,25.7
2026-05-31 09:00:00,42.65
2026-05-31 10:00:00,51.93
2026-05-31 11:00:00,36.53
2026-05-31 12:00:00,30.18
2026-05-31 13:00:00,12.0
2026-05-31 14:00:00,15.85
2026-05-31 15:00:00,18.33
2026-05-31 16:00:00,27.8
2026-05-31 17:00:00,59.23
2026-05-31 18:00:00,56.83
2026-05-31 19:00:00,39.8
2026-05-31 20:00:00,21.25
2026-05-31 21:00:00,6.35
2026-05-31 22:00:00,0.8
2026-05-31 23:00:00,0.47
2026-06-01 00:00:00,12.5
2026-06-01 01:00:00,39.68
2026-06-01 02:00:00,40.9
2026-06-01 03:00:00,81.38
2026-06-01 04:00:00,71.95
2026-06-01 05:00:00,21.95
2026-06-01 06:00:00,13.68
2026-06-01 07:00:00,17.2
2026-06-01 08:00:00,26.2
2026-06-01 09:00:00,28.88
2026-06-01 10:00:00,54.75
2026-06-01 11:00:00,60.98
2026-06-01 12:00:00,54.4
2026-06-01 13:00:00,53.58
2026-06-01 14:00:00,21.85
2026-06-01 15:00:00,15.48
2026-06-01 16:00:00,21.15
2026-06-01 17:00:00,31.98
2026-06-01 18:00:00,52.75
2026-06-01 19:00:00,55.55
2026-06-01 20:00:00,48.73
2026-06-01 21:00:00,39.48
2026-06-01 22:00:00,23.08
2026-06-01 23:00:00,11.63
2026-06-02 00:00:00,9.38
2026-06-02 01:00:00,8.83
2026-06-02 02:00:00,39.9
2026-06-02 03:00:00,51.68
2026-06-02 04:00:00,52.93
2026-06-02 05:00:00,48.5
2026-06-02 06:00:00,38.58
2026-06-02 07:00:00,38.8
2026-06-02 08:00:00,12.98
2026-06-02 09:00:00,21.63
2026-06-02 10:00:00,32.2
2026-06-02 11:00:00,67.83
2026-06-02 12:00:00,65.08
2026-06-02 13:00:00,65.2
2026-06-02 14:00:00,60.23
2026-06-02 15:00:00,54.73
2026-06-02 16:00:00,33.2
2026-06-02 17:00:00,66.5
2026-06-02 18:00:00,43.95
2026-06-02 19:00:00,28.98
2026-06-02 20:00:00,37.63
2026-06-02 21:00:00,41.75
2026-06-02 22:00:00,48.8
2026-06-02 23:00:00,33.78
2026-06-03 00:00:00,15.5
2026-06-03 01:00:00,9.55
2026-06-03 02:00:00,18.98
2026-06-03 03:00:00,33.0
2026-06-03 04:00:00,59.75
2026-06-03 05:00:00,48.38
2026-06-03 06:00:00,58.25
2026-06-03 07:00:00,53.83
2026-06-03 08:00:00,37.8
2026-06-03 09:00:00,50.08
2026-06-03 10:00:00,33.88
2026-06-03 11:00:00,48.18
2026-06-03 12:00:00,80.88
2026-06-03 13:00:00,85.95
2026-06-03 14:00:00,88.9
2026-06-03 15:00:00,92.18
2026-06-03 16:00:00,68.13
2026-06-03 17:00:00,53.83
2026-06-03 18:00:00,38.43
2026-06-03 19:00:00,38.08
2026-06-03 20:00:00,63.9
2026-06-03 21:00:00,80.18
2026-06-03 22:00:00,86.75
2026-06-03 23:00:00,70.55
2026-06-04 00:00:00,53.63
2026-06-04 01:00:00,51.58
2026-06-04 02:00:00,32.1
2026-06-04 03:00:00,31.35
2026-06-04 04:00:00,33.03
2026-06-04 05:00:00,48.8
2026-06-04 06:00:00,55.15
2026-06-04 07:00:00,58.53
2026-06-04 08:00:00,51.53
2026-06-04 09:00:00,72.3
2026-06-04 10:00:00,96.2
2026-06-04 11:00:00,74.93
2026-06-04 12:00:00,88.68
2026-06-04 13:00:00,98.33
2026-06-04 14:00:00,129.37
2026-06-04 16:00:00,9.3
2026-06-04 18:00:00,3.2
2026-06-04 19:00:00,2.57
2026-06-04 20:00:00,7.3
2026-06-04 21:00:00,22.53
2026-06-04 22:00:00,49.38
2026-06-04 23:00:00,48.83
2026-06-05 00:00:00,47.45
2026-06-05 01:00:00,18.63
2026-06-05 02:00:00,2.73
2026-06-05 03:00:00,7.38
2026-06-05 04:00:00,20.15
2026-06-05 05:00:00,16.35
2026-06-05 06:00:00,32.6
2026-06-05 07:00:00,39.3
2026-06-05 08:00:00,40.43
2026-06-05 09:00:00,42.28
2026-06-05 10:00:00,23.1
2026-06-05 11:00:00,29.0
2026-06-05 12:00:00,39.6
2026-06-05 13:00:00,47.03
2026-06-05 14:00:00,65.28
2026-06-05 15:00:00,67.05
2026-06-05 16:00:00,82.4
2026-06-05 17:00:00,103.58
2026-06-05 18:00:00,89.43
2026-06-05 19:00:00,68.8
2026-06-05 20:00:00,100.17
2026-06-05 21:00:00,78.0
2026-06-05 22:00:00,65.5
2026-06-05 23:00:00,113.23
2026-06-06 00:00:00,106.8
2026-06-06 01:00:00,80.2
2026-06-06 02:00:00,88.53
2026-06-06 03:00:00,73.43
2026-06-06 04:00:00,98.83
2026-06-06 05:00:00,87.13
2026-06-06 06:00:00,77.63
2026-06-06 07:00:00,110.83
2026-06-06 08:00:00,90.2
2026-06-06 09:00:00,77.55
2026-06-06 10:00:00,66.38
2026-06-06 11:00:00,46.7
2026-06-06 12:00:00,30.68
2026-06-06 13:00:00,26.65
2026-06-06 14:00:00,31.7
2026-06-06 15:00:00,65.98
2026-06-06 16:00:00,84.45
2026-06-06 17:00:00,82.33
2026-06-06 18:00:00,83.33
2026-06-06 19:00:00,56.45
2026-06-06 20:00:00,26.65
2026-06-06 21:00:00,4.23
2026-06-06 22:00:00,2.33
2026-06-06 23:00:00,6.63
2026-06-07 00:00:00,31.08
2026-06-07 01:00:00,36.35
2026-06-07 02:00:00,39.88
2026-06-07 03:00:00,30.25
2026-06-07 04:00:00,15.83
2026-06-07 05:00:00,0.8
2026-06-07 06:00:00,1.15
2026-06-07 07:00:00,2.4
2026-06-07 08:00:00,34.08
2026-06-07 09:00:00,76.88
2026-06-07 10:00:00,57.83
2026-06-07 11:00:00,62.48
2026-06-07 12:00:00,74.0
2026-06-07 13:00:00,43.6
2026-06-07 14:00:00,38.48
2026-06-07 15:00:00,42.13
2026-06-07 16:00:00,52.35
2026-06-07 17:00:00,74.6
2026-06-07 18:00:00,78.65
2026-06-07 19:00:00,73.38
2026-06-07 20:00:00,59.45
2026-06-07 21:00:00,23.93
2026-06-07 22:00:00,2.43
2026-06-07 23:00:00,1.7
2026-06-08 00:00:00,4.65
2026-06-08 01:00:00,18.33
2026-06-08 02:00:00,46.98
2026-06-08 03:00:00,38.83
2026-06-08 04:00:00,45.53
2026-06-08 05:00:00,28.53
2026-06-08 06:00:00,5.67
2026-06-08 07:00:00,2.63
2026-06-08 08:00:00,8.58
2026-06-08 09:00:00,30.98
2026-06-08 10:00:00,57.33
2026-06-08 11:00:00,72.13
2026-06-08 12:00:00,72.28
2026-06-08 13:00:00,73.23
2026-06-08 14:00:00,53.98
2026-06-08 15:00:00,31.88
2026-06-08 16:00:00,36.08
2026-06-08 17:00:00,57.28
2026-06-08 18:00:00,64.88
2026-06-08 19:00:00,80.7
2026-06-08 20:00:00,74.55
2026-06-08 21:00:00,68.93
2026-06-08 22:00:00,54.85
2026-06-08 23:00:00,29.93
2026-06-09 00:00:00,3.1
2026-06-09 01:00:00,7.45
2026-06-09 02:00:00,24.5
2026-06-09 03:00:00,53.63
2026-06-09 04:00:00,67.45
2026-06-09 05:00:00,52.75
2026-06-09 06:00:00,48.48
2026-06-09 07:00:00,20.43
2026-06-09 08:00:00,11.58
2026-06-09 09:00:00,26.13
2026-06-09 10:00:00,39.6
2026-06-09 12:00:00,69.65
2026-06-09 13:00:00,176.5
2026-06-09 14:00:00,159.43
2026-06-09 15:00:00,100.2
2026-06-09 16:00:00,75.93
2026-06-09 17:00:00,69.85
2026-06-09 18:00:00,66.88
2026-06-09 19:00:00,73.1
2026-06-09 20:00:00,52.05
2026-06-09 21:00:00,46.85
2026-06-09 22:00:00,36.35
2026-06-09 23:00:00,43.33
2026-06-10 00:00:00,9.78
2026-06-10 03:00:00,6.77
2026-06-10 04:00:00,35.73
2026-06-10 05:00:00,59.58
2026-06-10 06:00:00,45.65
2026-06-10 07:00:00,42.45
2026-06-10 08:00:00,19.75
2026-06-10 09:00:00,10.9
2026-06-10 10:00:00,30.65
2026-06-10 11:00:00,22.85
2026-06-10 12:00:00,21.3
2026-06-10 13:00:00,20.9
2026-06-10 16:00:00,111.48
2026-06-10 17:00:00,128.05
2026-06-10 18:00:00,89.53
2026-06-10 19:00:00,66.5
2026-06-10 20:00:00,69.78
2026-06-10 21:00:00,103.73
2026-06-10 22:00:00,108.55
2026-06-10 23:00:00,80.65
2026-06-11 00:00:00,73.5
2026-06-11 01:00:00,17.33
2026-06-11 02:00:00,0.2
2026-06-11 04:00:00,5.5
2026-06-11 05:00:00,29.58
2026-06-11 06:00:00,50.8
2026-06-11 07:00:00,61.23
2026-06-11 08:00:00,65.73
2026-06-11 09:00:00,23.13
2026-06-11 11:00:00,14.53
2026-06-11 12:00:00,12.6
2026-06-11 13:00:00,40.18
2026-06-11 14:00:00,70.53
2026-06-11 15:00:00,74.88
2026-06-11 16:00:00,86.4
2026-06-11 17:00:00,60.05
2026-06-11 18:00:00,13.33
2026-06-11 19:00:00,0.3
2026-06-11 20:00:00,0.4
2026-06-11 21:00:00,11.2
2026-06-11 22:00:00,46.0
2026-06-11 23:00:00,72.73
2026-06-12 18:00:00,11.0
2026-06-12 19:00:00,13.1
2026-06-12 20:00:00,17.7
2026-06-12 21:00:00,18.0
2026-06-12 22:00:00,23.85
2026-06-12 23:00:00,22.13
2026-06-13 00:00:00,27.9
2026-06-13 01:00:00,0.4
2026-06-13 02:00:00,2.15
2026-06-13 03:00:00,11.85
2026-06-13 04:00:00,10.98
2026-06-13 05:00:00,20.38
2026-06-13 06:00:00,20.35
2026-06-13 07:00:00,16.8
2026-06-13 08:00:00,25.53
2026-06-13 09:00:00,24.78
2026-06-13 10:00:00,48.25
2026-06-13 11:00:00,52.7
2026-06-13 12:00:00,50.65
2026-06-13 13:00:00,67.6
2026-06-13 14:00:00,77.88
2026-06-13 15:00:00,67.13
2026-06-13 16:00:00,59.45
2026-06-13 17:00:00,47.33
2026-06-13 18:00:00,42.2
2026-06-13 19:00:00,33.83
2026-06-13 20:00:00,35.2
2026-06-13 21:00:00,36.85
2026-06-13 22:00:00,46.1
2026-06-13 23:00:00,56.03
2026-06-14 00:00:00,61.5
2026-06-14 01:00:00,69.8
2026-06-14 02:00:00,96.63
2026-06-14 03:00:00,52.08
2026-06-14 04:00:00,24.4
2026-06-14 05:00:00,54.13
2026-06-14 06:00:00,72.23
2026-06-14 07:00:00,130.4
2026-06-14 08:00:00,140.88
2026-06-14 09:00:00,75.43
2026-06-14 10:00:00,24.73
2026-06-14 11:00:00,18.0
2026-06-14 12:00:00,40.1
2026-06-14 13:00:00,42.05
2026-06-14 14:00:00,46.58
2026-06-14 15:00:00,40.35
2026-06-14 16:00:00,54.05
2026-06-14 17:00:00,50.4
2026-06-14 18:00:00,49.3
2026-06-14 19:00:00,48.3
2026-06-14 20:00:00,46.85
2026-06-14 21:00:00,43.98
2026-06-14 22:00:00,52.45
2026-06-14 23:00:00,49.73
2026-06-15 00:00:00,25.3
2026-06-15 01:00:00,9.5
2026-06-15 02:00:00,14.83
2026-06-15 03:00:00,19.13
2026-06-15 04:00:00,22.45
2026-06-15 05:00:00,21.75
2026-06-15 06:00:00,28.65
2026-06-15 07:00:00,33.13
2026-06-15 08:00:00,39.88
2026-06-15 09:00:00,48.38
2026-06-15 10:00:00,22.63
2026-06-15 11:00:00,14.28
2026-06-15 12:00:00,43.38
2026-06-15 13:00:00,43.28
2026-06-15 14:00:00,55.18
2026-06-15 15:00:00,49.48
2026-06-15 16:00:00,4.8
2026-06-15 17:00:00,6.05
2026-06-15 18:00:00,23.6
2026-06-15 19:00:00,28.68
2026-06-15 20:00:00,25.23
2026-06-15 21:00:00,36.35
2026-06-15 22:00:00,34.0
2026-06-15 23:00:00,41.58
2026-06-16 00:00:00,39.53
2026-06-16 01:00:00,39.65
2026-06-16 02:00:00,43.3
2026-06-16 03:00:00,45.28
2026-06-16 04:00:00,46.18
2026-06-16 05:00:00,54.63
2026-06-16 06:00:00,60.4
2026-06-16 07:00:00,90.25
2026-06-16 08:00:00,82.45
2026-06-16 09:00:00,25.5
2026-06-16 10:00:00,2.47
2026-06-16 11:00:00,12.75
2026-06-16 12:00:00,28.45
2026-06-16 13:00:00,23.13
2026-06-16 14:00:00,33.68
2026-06-16 15:00:00,46.55
2026-06-16 16:00:00,34.98
2026-06-16 17:00:00,33.05
2026-06-16 18:00:00,14.93
2026-06-16 19:00:00,18.85
2026-06-16 20:00:00,9.53
2026-06-16 21:00:00,13.88
2026-06-16 22:00:00,15.9
2026-06-16 23:00:00,25.3
2026-06-17 00:00:00,21.23
2026-06-17 01:00:00,13.3
2026-06-17 02:00:00,16.23
2026-06-17 03:00:00,12.55
2026-06-17 04:00:00,19.48
2026-06-17 05:00:00,14.65
2026-06-17 06:00:00,29.75
2026-06-17 07:00:00,33.73
2026-06-17 08:00:00,71.43
2026-06-17 09:00:00,53.5
2026-06-17 10:00:00,40.65
2026-06-17 11:00:00,40.23
2026-06-17 12:00:00,42.6
2026-06-17 13:00:00,27.3
2026-06-17 14:00:00,35.15
2026-06-17 15:00:00,34.03
2026-06-17 16:00:00,34.0
2026-06-17 17:00:00,36.73
2026-06-17 18:00:00,36.88
2026-06-17 19:00:00,30.03
2026-06-17 20:00:00,27.4
2026-06-17 21:00:00,30.55
2026-06-17 22:00:00,39.88
2026-06-17 23:00:00,44.6
2026-06-18 00:00:00,36.03
2026-06-18 01:00:00,45.58
2026-06-18 02:00:00,77.2
2026-06-18 03:00:00,100.45
2026-06-18 04:00:00,47.08
2026-06-18 05:00:00,35.4
2026-06-18 06:00:00,34.38
2026-06-18 07:00:00,50.43
2026-06-18 08:00:00,51.28
2026-06-18 09:00:00,46.38
2026-06-18 10:00:00,62.45
2026-06-18 11:00:00,50.03
2026-06-18 12:00:00,44.45
2026-06-18 13:00:00,48.98
2026-06-18 14:00:00,88.25
2026-06-18 15:00:00,252.73
2026-06-18 17:00:00,86.73
2026-06-18 18:00:00,68.1
2026-06-18 19:00:00,20.78
2026-06-18 20:00:00,20.48
2026-06-18 21:00:00,28.45
2026-06-18 22:00:00,27.33
2026-06-18 23:00:00,35.58
2026-06-19 00:00:00,20.65
2026-06-19 01:00:00,8.3
2026-06-19 02:00:00,6.18
2026-06-19 03:00:00,15.78
2026-06-19 04:00:00,10.8
2026-06-19 05:00:00,40.2
2026-06-19 06:00:00,53.58
2026-06-19 07:00:00,41.05
2026-06-19 08:00:00,47.8
2026-06-19 09:00:00,37.98
2026-06-19 10:00:00,27.63
2026-06-19 11:00:00,58.33
2026-06-19 12:00:00,67.1
2026-06-19 13:00:00,65.73
2026-06-19 14:00:00,58.88
2026-06-19 15:00:00,59.15
2026-06-19 16:00:00,59.6
2026-06-19 17:00:00,59.53
2026-06-19 18:00:00,35.38
2026-06-19 19:00:00,31.15
2026-06-19 20:00:00,21.23
2026-06-19 21:00:00,28.6
2026-06-19 22:00:00,52.53
2026-06-19 23:00:00,48.73
2026-06-20 00:00:00,34.35
2026-06-20 01:00:00,30.95
2026-06-20 02:00:00,28.13
2026-06-20 03:00:00,24.25
2026-06-20 04:00:00,25.63
2026-06-20 05:00:00,30.38
2026-06-20 06:00:00,52.9
2026-06-20 07:00:00,73.93
2026-06-20 08:00:00,63.05
2026-06-20 09:00:00,59.2
2026-06-20 10:00:00,42.75
2026-06-20 11:00:00,30.93
2026-06-20 12:00:00,35.2
2026-06-20 13:00:00,42.03
2026-06-20 14:00:00,95.6
2026-06-20 15:00:00,57.45
2026-06-20 16:00:00,37.05
2026-06-20 17:00:00,32.95
2026-06-20 18:00:00,42.58
2026-06-20 19:00:00,33.0
2026-06-20 20:00:00,30.45
2026-06-20 21:00:00,42.13
2026-06-20 22:00:00,60.05
2026-06-20 23:00:00,89.6
2026-06-21 00:00:00,77.88
2026-06-21 01:00:00,45.2
2026-06-21 02:00:00,40.4
2026-06-21 03:00:00,31.85
2026-06-21 04:00:00,32.08
2026-06-21 05:00:00,3.75
2026-06-21 06:00:00,2.85
2026-06-21 07:00:00,29.5
2026-06-21 08:00:00,53.95
2026-06-21 09:00:00,36.75
2026-06-21 10:00:00,35.8
2026-06-21 11:00:00,31.65
2026-06-21 12:00:00,4.53
2026-06-21 13:00:00,12.53
2026-06-21 14:00:00,21.45
2026-06-21 15:00:00,32.48
2026-06-21 16:00:00,66.13
2026-06-21 17:00:00,57.45
2026-06-21 18:00:00,43.68
2026-06-21 19:00:00,33.38
2026-06-21 20:00:00,14.73
2026-06-21 21:00:00,4.4
2026-06-21 22:00:00,58.43
2026-06-21 23:00:00,103.7
2026-06-22 00:00:00,79.6
2026-06-22 01:00:00,65.23
2026-06-22 02:00:00,66.75
2026-06-22 03:00:00,58.38
2026-06-22 04:00:00,42.18
2026-06-22 05:00:00,9.65
2026-06-22 06:00:00,24.43
2026-06-22 07:00:00,28.58
2026-06-22 08:00:00,34.53
2026-06-22 09:00:00,54.13
2026-06-22 10:00:00,71.8
2026-06-22 11:00:00,53.73
2026-06-22 12:00:00,53.35
2026-06-22 13:00:00,67.5
2026-06-22 14:00:00,68.75
2026-06-22 15:00:00,59.25
2026-06-22 16:00:00,71.68
2026-06-22 17:00:00,23.15
2026-06-22 20:00:00,5.05
2026-06-22 21:00:00,22.58
2026-06-22 22:00:00,34.88
2026-06-22 23:00:00,31.0
2026-06-23 00:00:00,22.95
2026-06-23 01:00:00,41.63
2026-06-23 02:00:00,55.85
2026-06-23 03:00:00,70.73
2026-06-23 04:00:00,71.88
2026-06-23 05:00:00,45.33
2026-06-23 06:00:00,44.8
2026-06-23 07:00:00,56.7
2026-06-23 08:00:00,42.88
2026-06-23 09:00:00,28.43
2026-06-23 10:00:00,46.83
2026-06-23 11:00:00,64.23
2026-06-23 12:00:00,36.4
2026-06-23 13:00:00,29.3
2026-06-23 14:00:00,45.23
2026-06-23 15:00:00,87.53
2026-06-23 16:00:00,10.98
2026-06-23 17:00:00,2.98
2026-06-23 18:00:00,21.23
2026-06-23 19:00:00,28.0
2026-06-23 20:00:00,40.58
2026-06-23 21:00:00,21.88
2026-06-23 22:00:00,29.93
2026-06-23 23:00:00,18.48
2026-06-24 00:00:00,19.45
2026-06-24 01:00:00,13.83
2026-06-24 02:00:00,27.6
2026-06-24 03:00:00,37.75
2026-06-24 04:00:00,31.7
2026-06-24 05:00:00,32.83
2026-06-24 06:00:00,25.23
2026-06-24 07:00:00,31.98
2026-06-24 08:00:00,35.13
2026-06-24 09:00:00,37.58
2026-06-24 10:00:00,39.15
2026-06-24 11:00:00,48.53
2026-06-24 12:00:00,42.1
2026-06-24 13:00:00,31.98
2026-06-24 14:00:00,31.98
2026-06-24 15:00:00,36.7
2026-06-24 16:00:00,49.3
2026-06-24 17:00:00,39.43
2026-06-24 18:00:00,37.98
2026-06-24 19:00:00,48.83
2026-06-24 20:00:00,33.3
2026-06-24 21:00:00,5.28
2026-06-24 22:00:00,18.83
2026-06-24 23:00:00,28.8
2026-06-25 00:00:00,25.53
2026-06-25 01:00:00,23.43
2026-06-25 02:00:00,23.83
2026-06-25 03:00:00,22.1
2026-06-25 04:00:00,34.05
2026-06-25 05:00:00,30.55
2026-06-25 06:00:00,36.2
2026-06-25 07:00:00,41.98
2026-06-25 08:00:00,76.85
2026-06-25 09:00:00,73.3
2026-06-25 10:00:00,39.28
2026-06-25 11:00:00,27.98
2026-06-25 12:00:00,55.5
2026-06-25 13:00:00,46.33
2026-06-25 14:00:00,34.45
2026-06-25 15:00:00,48.55
2026-06-25 16:00:00,48.78
2026-06-25 17:00:00,13.18
2026-06-25 18:00:00,30.4
2026-06-25 19:00:00,51.53
2026-06-25 20:00:00,44.28
2026-06-25 21:00:00,44.63
2026-06-25 22:00:00,40.35
2026-06-25 23:00:00,25.33
2026-06-26 00:00:00,21.7
2026-06-26 01:00:00,20.73
2026-06-26 02:00:00,12.2
2026-06-26 03:00:00,7.53
2026-06-26 04:00:00,14.4
2026-06-26 05:00:00,29.1
2026-06-26 06:00:00,27.38
2026-06-26 07:00:00,22.38
2026-06-26 08:00:00,36.13
2026-06-26 09:00:00,38.15
2026-06-26 10:00:00,51.75
2026-06-26 11:00:00,48.25
2026-06-26 12:00:00,37.5
2026-06-26 13:00:00,43.28
2026-06-26 14:00:00,45.38
2026-06-26 15:00:00,41.23
2026-06-26 16:00:00,40.4
2026-06-26 17:00:00,46.83
2026-06-26 18:00:00,58.38
2026-06-26 19:00:00,54.63
2026-06-26 20:00:00,43.4
2026-06-26 21:00:00,17.33
2026-06-26 22:00:00,12.5
2026-06-26 23:00:00,11.7
2026-06-27 00:00:00,23.68
2026-06-27 01:00:00,29.08
2026-06-27 02:00:00,35.55
2026-06-27 03:00:00,51.73
2026-06-27 04:00:00,24.3
2026-06-27 05:00:00,24.1
2026-06-27 06:00:00,34.13
2026-06-27 07:00:00,36.18
2026-06-27 08:00:00,32.75
2026-06-27 09:00:00,47.25
2026-06-27 10:00:00,42.08
2026-06-27 11:00:00,65.28
2026-06-27 12:00:00,80.9
2026-06-27 13:00:00,69.95
2026-06-27 14:00:00,69.1
2026-06-27 15:00:00,66.43
2026-06-27 16:00:00,70.2
2026-06-27 17:00:00,73.23
2026-06-27 18:00:00,46.85
2026-06-27 19:00:00,61.05
2026-06-27 20:00:00,70.73
2026-06-27 21:00:00,65.33
2026-06-27 22:00:00,51.6
2026-06-27 23:00:00,49.9
2026-06-28 00:00:00,50.73
2026-06-28 01:00:00,45.33
2026-06-28 02:00:00,58.3
2026-06-28 03:00:00,67.9
2026-06-28 04:00:00,72.95
2026-06-28 05:00:00,46.48
2026-06-28 06:00:00,19.93
2026-06-28 07:00:00,24.98
2026-06-28 08:00:00,30.2
2026-06-28 09:00:00,28.05
2026-06-28 10:00:00,34.48
2026-06-28 11:00:00,32.3
2026-06-28 12:00:00,54.35
2026-06-28 13:00:00,58.78
2026-06-28 14:00:00,54.78
2026-06-28 15:00:00,56.25
2026-06-28 16:00:00,41.43
2026-06-28 17:00:00,46.85
2026-06-28 18:00:00,53.45
2026-06-28 19:00:00,39.98
2026-06-28 20:00:00,54.05
2026-06-28 21:00:00,68.83
2026-06-28 22:00:00,61.28
2026-06-28 23:00:00,54.53
2026-06-29 00:00:00,55.2
2026-06-29 01:00:00,58.33
2026-06-29 02:00:00,31.85
2026-06-29 03:00:00,22.33
2026-06-29 04:00:00,39.93
2026-06-29 05:00:00,38.58
2026-06-29 06:00:00,31.15
2026-06-29 07:00:00,27.18
2026-06-29 08:00:00,30.0
2026-06-29 09:00:00,30.08
2026-06-29 10:00:00,40.88
2026-06-29 11:00:00,41.85
2026-06-29 12:00:00,38.53
2026-06-29 13:00:00,53.48
2026-06-29 14:00:00,61.98
2026-06-29 15:00:00,50.78
2026-06-29 16:00:00,57.73
2026-06-29 17:00:00,47.25
2026-06-29 18:00:00,19.43
2026-06-29 19:00:00,18.38
2026-06-29 20:00:00,39.78
2026-06-29 21:00:00,45.65
2026-06-29 22:00:00,55.45
2026-06-29 23:00:00,51.2
2026-06-30 00:00:00,31.53
2026-06-30 01:00:00,26.13
2026-06-30 02:00:00,11.65
2026-06-30 03:00:00,11.47
2026-06-30 04:00:00,15.5
2026-06-30 05:00:00,37.18
2026-06-30 06:00:00,38.65
2026-06-30 07:00:00,23.6
2026-06-30 08:00:00,28.53
2026-06-30 09:00:00,31.93
2026-06-30 10:00:00,47.25
2026-06-30 11:00:00,34.98
2026-06-30 12:00:00,40.43
2026-06-30 13:00:00,41.9
2026-06-30 14:00:00,65.03
2026-06-30 15:00:00,79.93
2026-06-30 16:00:00,81.03
2026-06-30 17:00:00,86.88
2026-06-30 18:00:00,68.75
2026-06-30 19:00:00,54.6
2026-06-30 20:00:00,50.03
2026-06-30 21:00:00,54.38
2026-06-30 22:00:00,38.08
2026-06-30 23:00:00,45.43
